hetionet_gene_id	hetionet_gene_symbol	entrez_id	ensembl_id	gene_symbol
Gene::7105	TSPAN6	7105	ENSG00000000003	TSPAN6
Gene::64102	TNMD	64102	ENSG00000000005	TNMD
Gene::8813	DPM1	8813	ENSG00000000419	DPM1
Gene::57147	SCYL3	57147	ENSG00000000457	SCYL3
Gene::55732	C1orf112	55732	ENSG00000000460	FIRRM
Gene::2268	FGR	2268	ENSG00000000938	FGR
Gene::3075	CFH	3075	ENSG00000000971	CFH
Gene::2519	FUCA2	2519	ENSG00000001036	FUCA2
Gene::2729	GCLC	2729	ENSG00000001084	GCLC
Gene::4800	NFYA	4800	ENSG00000001167	NFYA
Gene::90529	STPG1	90529	ENSG00000001460	STPG1
Gene::57185	NIPAL3	57185	ENSG00000001461	NIPAL3
Gene::81887	LAS1L	81887	ENSG00000001497	LAS1L
Gene::22875	ENPP4	22875	ENSG00000001561	ENPP4
Gene::6405	SEMA3F	6405	ENSG00000001617	SEMA3F
Gene::1080	CFTR	1080	ENSG00000001626	CFTR
Gene::54467	ANKIB1	54467	ENSG00000001629	ANKIB1
Gene::1595	CYP51A1	1595	ENSG00000001630	CYP51A1
Gene::889	KRIT1	889	ENSG00000001631	KRIT1
Gene::5893	RAD52	5893	ENSG00000002016	RAD52
Gene::572	BAD	572	ENSG00000002330	BAD
Gene::51056	LAP3	51056	ENSG00000002549	LAP3
Gene::4267	CD99	4267	ENSG00000002586	CD99
Gene::9957	HS3ST1	9957	ENSG00000002587	HS3ST1
Gene::26	AOC1	26	ENSG00000002726	AOC1
Gene::51384	WNT16	51384	ENSG00000002745	WNT16
Gene::23072	HECW1	23072	ENSG00000002746	HECW1
Gene::8379	MAD1L1	8379	ENSG00000002822	MAD1L1
Gene::3927	LASP1	3927	ENSG00000002834	LASP1
Gene::29916	SNX11	29916	ENSG00000002919	SNX11
Gene::55365	TMEM176A	55365	ENSG00000002933	TMEM176A
Gene::4074	M6PR	4074	ENSG00000003056	M6PR
Gene::90293	KLHL13	90293	ENSG00000003096	KLHL13
Gene::56603	CYP26B1	56603	ENSG00000003137	CYP26B1
Gene::3382	ICA1	3382	ENSG00000003147	ICA1
Gene::79007	DBNDD1	79007	ENSG00000003249	DBNDD1
Gene::57679	ALS2	57679	ENSG00000003393	ALS2
Gene::843	CASP10	843	ENSG00000003400	CASP10
Gene::8837	CFLAR	8837	ENSG00000003402	CFLAR
Gene::7035	TFPI	7035	ENSG00000003436	TFPI
Gene::55471	NDUFAF7	55471	ENSG00000003509	NDUFAF7
Gene::10181	RBM5	10181	ENSG00000003756	RBM5
Gene::9108	MTMR7	9108	ENSG00000003987	MTMR7
Gene::6542	SLC7A2	6542	ENSG00000003989	SLC7A2
Gene::381	ARF5	381	ENSG00000004059	ARF5
Gene::23098	SARM1	23098	ENSG00000004139	SARM1
Gene::26073	POLDIP2	26073	ENSG00000004142	POLDIP2
Gene::23129	PLXND1	23129	ENSG00000004399	PLXND1
Gene::204	AK2	204	ENSG00000004455	AK2
Gene::952	CD38	952	ENSG00000004468	CD38
Gene::2288	FKBP4	2288	ENSG00000004478	FKBP4
Gene::23028	KDM1A	23028	ENSG00000004487	KDM1A
Gene::10180	RBM6	10180	ENSG00000004534	RBM6
Gene::84254	CAMKK1	84254	ENSG00000004660	CAMKK1
Gene::5965	RECQL	5965	ENSG00000004700	RECQL
Gene::55610	CCDC132	55610	ENSG00000004766	VPS50
Gene::126393	HSPB6	126393	ENSG00000004776	HSPB6
Gene::115703	ARHGAP33	115703	ENSG00000004777	ARHGAP33
Gene::4706	NDUFAB1	4706	ENSG00000004779	NDUFAB1
Gene::5166	PDK4	5166	ENSG00000004799	PDK4
Gene::85413	SLC22A16	85413	ENSG00000004809	SLC22A16
Gene::51364	ZMYND10	51364	ENSG00000004838	ZMYND10
Gene::340273	ABCB5	340273	ENSG00000004846	ABCB5
Gene::170302	ARX	170302	ENSG00000004848	ARX
Gene::10165	SLC25A13	10165	ENSG00000004864	SLC25A13
Gene::7982	ST7	7982	ENSG00000004866	ST7
Gene::996	CDC27	996	ENSG00000004897	CDC27
Gene::6521	SLC4A1	6521	ENSG00000004939	SLC4A1
Gene::799	CALCR	799	ENSG00000004948	CALCR
Gene::3052	HCCS	3052	ENSG00000004961	HCCS
Gene::1856	DVL2	1856	ENSG00000004975	DVL2
Gene::64063	PRSS22	64063	ENSG00000005001	PRSS22
Gene::5976	UPF1	5976	ENSG00000005007	UPF1
Gene::8935	SKAP2	8935	ENSG00000005020	SKAP2
Gene::292	SLC25A5	292	ENSG00000005022	SLC25A5
Gene::55013	CCDC109B	55013	ENSG00000005059	MCUB
Gene::3207	HOXA11	3207	ENSG00000005073	HOXA11
Gene::5439	POLR2J	5439	ENSG00000005075	POLR2J
Gene::56919	DHX33	56919	ENSG00000005100	DHX33
Gene::4222	MEOX1	4222	ENSG00000005102	MEOX1
Gene::221981	THSD7A	221981	ENSG00000005108	THSD7A
Gene::3980	LIG3	3980	ENSG00000005156	LIG3
Gene::79657	RPAP3	79657	ENSG00000005175	RPAP3
Gene::6296	ACSM3	6296	ENSG00000005187	ACSM3
Gene::81691	LOC81691	81691	ENSG00000005189	REXO5
Gene::57019	CIAPIN1	57019	ENSG00000005194	CIAPIN1
Gene::56928	SPPL2B	56928	ENSG00000005206	SPPL2B
Gene::80256	FAM214B	80256	ENSG00000005238	ATOSB
Gene::51226	COPZ2	51226	ENSG00000005243	COPZ2
Gene::5577	PRKAR2B	5577	ENSG00000005249	PRKAR2B
Gene::10943	MSL3	10943	ENSG00000005302	MSL3
Gene::1387	CREBBP	1387	ENSG00000005339	CREBBP
Gene::9256	BZRAP1	9256	ENSG00000005379	TSPOAP1
Gene::4353	MPO	4353	ENSG00000005381	MPO
Gene::5444	PON1	5444	ENSG00000005421	PON1
Gene::6936	GCFC2	6936	ENSG00000005436	GCFC2
Gene::84058	WDR54	84058	ENSG00000005448	WDR54
Gene::54677	CROT	54677	ENSG00000005469	CROT
Gene::5244	ABCB4	5244	ENSG00000005471	ABCB4
Gene::55904	KMT2E	55904	ENSG00000005483	KMT2E
Gene::57414	RHBDD2	57414	ENSG00000005486	RHBDD2
Gene::30812	SOX8	30812	ENSG00000005513	SOX8
Gene::25998	IBTK	25998	ENSG00000005700	IBTK
Gene::7748	ZNF195	7748	ENSG00000005801	ZNF195
Gene::23077	MYCBP2	23077	ENSG00000005810	MYCBP2
Gene::26224	FBXL3	26224	ENSG00000005812	FBXL3
Gene::3683	ITGAL	3683	ENSG00000005844	ITGAL
Gene::5164	PDK2	5164	ENSG00000005882	PDK2
Gene::3675	ITGA3	3675	ENSG00000005884	ITGA3
Gene::7543	ZFX	7543	ENSG00000005889	ZFX
Gene::3920	LAMP2	3920	ENSG00000005893	LAMP2
Gene::3674	ITGA2B	3674	ENSG00000005961	ITGA2B
Gene::51666	ASB4	51666	ENSG00000005981	ASB4
Gene::51573	GDE1	51573	ENSG00000006007	GDE1
Gene::55049	C19orf60	55049	ENSG00000006015	REX1BD
Gene::9244	CRLF1	9244	ENSG00000006016	CRLF1
Gene::114881	OSBPL7	114881	ENSG00000006025	OSBPL7
Gene::26022	TMEM98	26022	ENSG00000006042	TMEM98
Gene::51087	YBX2	51087	ENSG00000006047	YBX2
Gene::3883	KRT33A	3883	ENSG00000006059	KRT33A
Gene::9020	MAP3K14	9020	ENSG00000006062	MAP3K14
Gene::6833	ABCC8	6833	ENSG00000006071	ABCC8
Gene::10368	CACNG3	10368	ENSG00000006116	CACNG3
Gene::54972	TMEM132A	54972	ENSG00000006118	TMEM132A
Gene::163	AP2B1	163	ENSG00000006125	AP2B1
Gene::6863	TAC1	6863	ENSG00000006128	TAC1
Gene::10127	ZNF263	10127	ENSG00000006194	ZNF263
Gene::6376	CX3CL1	6376	ENSG00000006210	CX3CL1
Gene::64847	SPATA20	64847	ENSG00000006282	SPATA20
Gene::8913	CACNA1G	8913	ENSG00000006283	CACNA1G
Gene::51330	TNFRSF12A	51330	ENSG00000006327	TNFRSF12A
Gene::1750	DLX6	1750	ENSG00000006377	DLX6
Gene::4293	MAP3K9	4293	ENSG00000006432	MAP3K9
Gene::5898	RALA	5898	ENSG00000006451	RALA
Gene::55971	BAIAP2L1	55971	ENSG00000006453	BAIAP2L1
Gene::80853	KDM7A	80853	ENSG00000006459	KDM7A
Gene::2115	ETV1	2115	ENSG00000006468	ETV1
Gene::55750	AGK	55750	ENSG00000006530	AGK
Gene::221	ALDH3B1	221	ENSG00000006534	ALDH3B1
Gene::55001	TTC22	55001	ENSG00000006555	TTC22
Gene::57157	PHTF2	57157	ENSG00000006576	PHTF2
Gene::10344	CCL26	10344	ENSG00000006606	CCL26
Gene::9855	FARP2	9855	ENSG00000006607	FARP2
Gene::10083	USH1C	10083	ENSG00000006611	USH1C
Gene::79017	GGCT	79017	ENSG00000006625	GGCT
Gene::10926	DBF4	10926	ENSG00000006634	DBF4
Gene::6915	TBXA2R	6915	ENSG00000006638	TBXA2R
Gene::3475	IFRD1	3475	ENSG00000006652	IFRD1
Gene::56891	LGALS14	56891	ENSG00000006659	LGALS14
Gene::1352	COX10	1352	ENSG00000006695	COX10
Gene::9569	GTF2IRD1	9569	ENSG00000006704	GTF2IRD1
Gene::54623	PAF1	54623	ENSG00000006712	PAF1
Gene::27072	VPS41	27072	ENSG00000006715	VPS41
Gene::9912	ARHGAP44	9912	ENSG00000006740	ARHGAP44
Gene::60528	ELAC2	60528	ENSG00000006744	ELAC2
Gene::85477	SCIN	85477	ENSG00000006747	SCIN
Gene::414	ARSD	414	ENSG00000006756	ARSD
Gene::8228	PNPLA4	8228	ENSG00000006757	PNPLA4
Gene::8735	MYH13	8735	ENSG00000006788	MYH13
Gene::79602	ADIPOR2	79602	ENSG00000006831	ADIPOR2
Gene::51265	CDKL3	51265	ENSG00000006837	CDKL3
Gene::151531	UPP2	151531	ENSG00000007001	UPP2
Gene::10942	PRSS21	10942	ENSG00000007038	PRSS21
Gene::57787	MARK4	57787	ENSG00000007047	MARK4
Gene::8842	PROM1	8842	ENSG00000007062	PROM1
Gene::115098	CCDC124	115098	ENSG00000007080	CCDC124
Gene::90273	CEACAM21	90273	ENSG00000007129	CEACAM21
Gene::5048	PAFAH1B1	5048	ENSG00000007168	PAFAH1B1
Gene::4843	NOS2	4843	ENSG00000007171	NOS2
Gene::1770	DNAH9	1770	ENSG00000007174	DNAH9
Gene::9703	KIAA0100	9703	ENSG00000007202	BLTP2
Gene::9058	SLC13A2	9058	ENSG00000007216	SLC13A2
Gene::8522	GAS7	8522	ENSG00000007237	GAS7
Gene::79090	TRAPPC6A	79090	ENSG00000007255	TRAPPC6A
Gene::4145	MATK	4145	ENSG00000007264	MATK
Gene::1087	CEACAM7	1087	ENSG00000007306	CEACAM7
Gene::974	CD79B	974	ENSG00000007312	CD79B
Gene::6329	SCN4A	6329	ENSG00000007314	SCN4A
Gene::54879	ST7L	54879	ENSG00000007341	ST7L
Gene::8277	TKTL1	8277	ENSG00000007350	TKTL1
Gene::5080	PAX6	5080	ENSG00000007372	PAX6
Gene::113000	RPUSD1	113000	ENSG00000007376	RPUSD1
Gene::64285	RHBDF1	64285	ENSG00000007384	RHBDF1
Gene::55692	LUC7L	55692	ENSG00000007392	LUC7L
Gene::9254	CACNA2D2	9254	ENSG00000007402	CACNA2D2
Gene::8938	BAIAP3	8938	ENSG00000007516	BAIAP3
Gene::115939	TSR3	115939	ENSG00000007520	TSR3
Gene::9091	PIGQ	9091	ENSG00000007541	PIGQ
Gene::57585	CRAMP1L	57585	ENSG00000007545	CRAMP1
Gene::7005	TEAD3	7005	ENSG00000007866	TEAD3
Gene::6401	SELE	6401	ENSG00000007908	SELE
Gene::55735	DNAJC11	55735	ENSG00000007923	DNAJC11
Gene::2328	FMO3	2328	ENSG00000007933	FMO3
Gene::29116	MYLIP	29116	ENSG00000007944	MYLIP
Gene::27035	NOX1	27035	ENSG00000007952	NOX1
Gene::1870	E2F2	1870	ENSG00000007968	E2F2
Gene::5689	PSMB1	5689	ENSG00000008018	PSMB1
Gene::6853	SYN1	6853	ENSG00000008056	SYN1
Gene::3720	JARID2	3720	ENSG00000008083	JARID2
Gene::6792	CDKL5	6792	ENSG00000008086	CDKL5
Gene::57172	CAMK1G	57172	ENSG00000008118	CAMK1G
Gene::728642	CDK11A	728642	ENSG00000008128	CDK11A
Gene::65220	NADK	65220	ENSG00000008130	NADK
Gene::7021	TFAP2B	7021	ENSG00000008196	TFAP2B
Gene::83741	TFAP2D	83741	ENSG00000008197	TFAP2D
Gene::9940	DLEC1	9940	ENSG00000008226	DLEC1
Gene::9265	CYTH3	9265	ENSG00000008256	CYTH3
Gene::53616	ADAM22	53616	ENSG00000008277	ADAM22
Gene::6856	SYPL1	6856	ENSG00000008282	SYPL1
Gene::1534	CYB561	1534	ENSG00000008283	CYB561
Gene::9043	SPAG9	9043	ENSG00000008294	SPAG9
Gene::1951	CELSR3	1951	ENSG00000008300	CELSR3
Gene::10157	AASS	10157	ENSG00000008311	AASS
Gene::55200	PLEKHG6	55200	ENSG00000008323	PLEKHG6
Gene::51188	SS18L2	51188	ENSG00000008324	SS18L2
Gene::84954	MPND	84954	ENSG00000008382	MPND
Gene::4257	MGST1	4257	ENSG00000008394	MGST1
Gene::1407	CRY1	1407	ENSG00000008405	CRY1
Gene::8993	PGLYRP1	8993	ENSG00000008438	PGLYRP1
Gene::4784	NFIX	4784	ENSG00000008441	NFIX
Gene::6482	ST3GAL1	6482	ENSG00000008513	ST3GAL1
Gene::64386	MMP25	64386	ENSG00000008516	MMP25
Gene::9235	IL32	9235	ENSG00000008517	IL32
Gene::5310	PKD1	5310	ENSG00000008710	PKD1
Gene::23542	MAPK8IP2	23542	ENSG00000008735	MAPK8IP2
Gene::9862	MED24	9862	ENSG00000008838	MED24
Gene::23221	RHOBTB2	23221	ENSG00000008853	RHOBTB2
Gene::54497	HEATR5B	54497	ENSG00000008869	HEATR5B
Gene::7095	SEC62	7095	ENSG00000008952	SEC62
Gene::6224	RPS20	6224	ENSG00000008988	RPS20
Gene::7812	CSDE1	7812	ENSG00000009307	CSDE1
Gene::9690	UBE3C	9690	ENSG00000009335	UBE3C
Gene::5980	REV3L	5980	ENSG00000009413	REV3L
Gene::10178	TENM1	10178	ENSG00000009694	TENM1
Gene::5081	PAX7	5081	ENSG00000009709	PAX7
Gene::10747	MASP2	10747	ENSG00000009724	MASP2
Gene::389434	IYD	389434	ENSG00000009765	IYD
Gene::199870	FAM76A	199870	ENSG00000009780	FAM76A
Gene::80342	TRAF3IP3	80342	ENSG00000009790	TRAF3IP3
Gene::29954	POMT2	29954	ENSG00000009830	POMT2
Gene::51534	VTA1	51534	ENSG00000009844	VTA1
Gene::51085	MLXIPL	51085	ENSG00000009950	MLXIPL
Gene::9031	BAZ1B	9031	ENSG00000009954	BAZ1B
Gene::10048	RANBP9	10048	ENSG00000010017	RANBP9
Gene::51513	ETV7	51513	ENSG00000010030	ETV7
Gene::83932	SPRTN	83932	ENSG00000010072	SPRTN
Gene::51603	METTL13	51603	ENSG00000010165	METTL13
Gene::8798	DYRK4	8798	ENSG00000010219	DYRK4
Gene::7756	ZNF207	7756	ENSG00000010244	ZNF207
Gene::7384	UQCRC1	7384	ENSG00000010256	UQCRC1
Gene::83930	STARD3NL	83930	ENSG00000010270	STARD3NL
Gene::928	CD9	928	ENSG00000010278	CD9
Gene::57467	HHATL	57467	ENSG00000010282	HHATL
Gene::9918	NCAPD2	9918	ENSG00000010292	NCAPD2
Gene::25900	IFFO1	25900	ENSG00000010295	IFFO1
Gene::2696	GIPR	2696	ENSG00000010310	GIPR
Gene::51533	PHF7	51533	ENSG00000010318	PHF7
Gene::56920	SEMA3G	56920	ENSG00000010319	SEMA3G
Gene::11188	NISCH	11188	ENSG00000010322	NISCH
Gene::23166	STAB1	23166	ENSG00000010327	STAB1
Gene::80199	FUZ	80199	ENSG00000010361	FUZ
Gene::6540	SLC6A13	6540	ENSG00000010379	SLC6A13
Gene::3423	IDS	3423	ENSG00000010404	IDS
Gene::5646	PRSS3	5646	ENSG00000010438	PRSS3
Gene::7752	ZNF200	7752	ENSG00000010539	ZNF200
Gene::920	CD4	920	ENSG00000010610	CD4
Gene::10233	LRRC23	10233	ENSG00000010626	LRRC23
Gene::695	BTK	695	ENSG00000010671	BTK
Gene::3077	HFE	3077	ENSG00000010704	HFE
Gene::22955	SCMH1	22955	ENSG00000010803	SCMH1
Gene::2534	FYN	2534	ENSG00000010810	FYN
Gene::3097	HIVEP2	3097	ENSG00000010818	HIVEP2
Gene::2326	FMO1	2326	ENSG00000010932	FMO1
Gene::6924	TCEB3	6924	ENSG00000011007	ELOA
Gene::11313	LYPLA2	11313	ENSG00000011009	LYPLA2
Gene::1185	CLCN6	1185	ENSG00000011021	CLCN6
Gene::9902	MRC2	9902	ENSG00000011028	MRC2
Gene::654364	NME1-NME2	654364	ENSG00000011052	NME1-NME2
Gene::6534	SLC6A7	6534	ENSG00000011083	SLC6A7
Gene::10867	TSPAN9	10867	ENSG00000011105	TSPAN9
Gene::55727	BTBD7	55727	ENSG00000011114	BTBD7
Gene::9546	APBA3	9546	ENSG00000011132	APBA3
Gene::54903	MKS1	54903	ENSG00000011143	MKS1
Gene::51099	ABHD5	51099	ENSG00000011198	ABHD5
Gene::3730	ANOS1	3730	ENSG00000011201	ANOS1
Gene::26993	AKAP8L	26993	ENSG00000011243	AKAP8L
Gene::54799	MBTD1	54799	ENSG00000011258	MBTD1
Gene::51096	UTP18	51096	ENSG00000011260	UTP18
Gene::54476	RNF216	54476	ENSG00000011275	RNF216
Gene::54902	TTC19	54902	ENSG00000011295	TTC19
Gene::5725	PTBP1	5725	ENSG00000011304	PTBP1
Gene::8193	DPF1	8193	ENSG00000011332	DPF1
Gene::9066	SYT7	9066	ENSG00000011347	SYT7
Gene::23395	LARS2	23395	ENSG00000011376	LARS2
Gene::5286	PIK3C2A	5286	ENSG00000011405	PIK3C2A
Gene::5329	PLAUR	5329	ENSG00000011422	PLAUR
Gene::54443	ANLN	54443	ENSG00000011426	ANLN
Gene::58525	WIZ	58525	ENSG00000011451	WIZ
Gene::23637	RABGAP1	23637	ENSG00000011454	RABGAP1
Gene::1634	DCN	1634	ENSG00000011465	DCN
Gene::54814	QPCTL	54814	ENSG00000011478	QPCTL
Gene::5536	PPP5C	5536	ENSG00000011485	PPP5C
Gene::23177	CEP68	23177	ENSG00000011523	CEP68
Gene::8491	MAP4K3	8491	ENSG00000011566	MAP4K3
Gene::27033	ZBTB32	27033	ENSG00000011590	ZBTB32
Gene::7305	TYROBP	7305	ENSG00000011600	TYROBP
Gene::57146	TMEM159	57146	ENSG00000011638	LDAF1
Gene::2556	GABRA3	2556	ENSG00000011677	GABRA3
Gene::672	BRCA1	672	ENSG00000012048	BRCA1
Gene::2067	ERCC1	2067	ENSG00000012061	ERCC1
Gene::933	CD22	933	ENSG00000012124	CD22
Gene::7869	SEMA3B	7869	ENSG00000012171	SEMA3B
Gene::51360	MBTPS2	51360	ENSG00000012174	MBTPS2
Gene::4007	PRICKLE3	4007	ENSG00000012211	PRICKLE3
Gene::4057	LTF	4057	ENSG00000012223	LTF
Gene::2137	EXTL3	2137	ENSG00000012232	EXTL3
Gene::9971	NR1H4	9971	ENSG00000012504	NR1H4
Gene::60481	ELOVL5	60481	ENSG00000012660	ELOVL5
Gene::240	ALOX5	240	ENSG00000012779	ALOX5
Gene::8284	KDM5D	8284	ENSG00000012817	KDM5D
Gene::57658	CALCOCO1	57658	ENSG00000012822	CALCOCO1
Gene::55148	UBR7	55148	ENSG00000012963	UBR7
Gene::11183	MAP4K5	11183	ENSG00000012983	MAP4K5
Gene::30845	EHD3	30845	ENSG00000013016	EHD3
Gene::5704	PSMC4	5704	ENSG00000013275	PSMC4
Gene::23324	MAN2B2	23324	ENSG00000013288	MAN2B2
Gene::57709	SLC7A14	57709	ENSG00000013293	SLC7A14
Gene::5010	CLDN11	5010	ENSG00000013297	CLDN11
Gene::51629	SLC25A39	51629	ENSG00000013306	SLC25A39
Gene::9961	MVP	9961	ENSG00000013364	MVP
Gene::51667	NUB1	51667	ENSG00000013374	NUB1
Gene::5238	PGM3	5238	ENSG00000013375	PGM3
Gene::112611	RWDD2A	112611	ENSG00000013392	RWDD2A
Gene::1195	CLK1	1195	ENSG00000013441	CLK1
Gene::55703	POLR3B	55703	ENSG00000013503	POLR3B
Gene::23357	ANGEL1	23357	ENSG00000013523	ANGEL1
Gene::9604	RNF14	9604	ENSG00000013561	RNF14
Gene::1774	DNASE1L1	1774	ENSG00000013563	DNASE1L1
Gene::1663	DDX11	1663	ENSG00000013573	DDX11
Gene::50865	HEBP1	50865	ENSG00000013583	HEBP1
Gene::9052	GPRC5A	9052	ENSG00000013588	GPRC5A
Gene::10046	MAMLD1	10046	ENSG00000013619	MAMLD1
Gene::923	CD6	923	ENSG00000013725	CD6
Gene::10460	TACC3	10460	ENSG00000013810	TACC3
Gene::23376	UFL1	23376	ENSG00000014123	UFL1
Gene::23649	POLA2	23649	ENSG00000014138	POLA2
Gene::23144	ZC3H3	23144	ENSG00000014164	ZC3H3
Gene::823	CAPN1	823	ENSG00000014216	CAPN1
Gene::55	ACPP	55	ENSG00000014257	ACP3
Gene::4190	MDH1	4190	ENSG00000014641	MDH1
Gene::10463	SLC30A9	10463	ENSG00000014824	SLC30A9
Gene::10903	MTMR11	10903	ENSG00000014914	MTMR11
Gene::1355	COX15	1355	ENSG00000014919	COX15
Gene::440193	CCDC88C	440193	ENSG00000015133	CCDC88C
Gene::10138	YAF2	10138	ENSG00000015153	YAF2
Gene::10771	ZMYND11	10771	ENSG00000015171	ZMYND11
Gene::7454	WAS	7454	ENSG00000015285	WAS
Gene::1800	DPEP1	1800	ENSG00000015413	DPEP1
Gene::637	BID	637	ENSG00000015475	BID
Gene::9782	MATR3	9782	ENSG00000015479	MATR3
Gene::29881	NPC1L1	29881	ENSG00000015520	NPC1L1
Gene::64132	XYLT2	64132	ENSG00000015532	XYLT2
Gene::84220	RGPD5	84220	ENSG00000015568	RGPD5
Gene::81551	STMN4	81551	ENSG00000015592	STMN4
Gene::23386	NUDCD3	23386	ENSG00000015676	NUDCD3
Gene::3670	ISL1	3670	ENSG00000016082	ISL1
Gene::55349	CHDH	55349	ENSG00000016391	CHDH
Gene::53832	IL20RA	53832	ENSG00000016402	IL20RA
Gene::1179	CLCA1	1179	ENSG00000016490	CLCA1
Gene::22802	CLCA4	22802	ENSG00000016602	CLCA4
Gene::55830	GLT8D1	55830	ENSG00000016864	GLT8D1
Gene::27032	ATP2C1	27032	ENSG00000017260	ATP2C1
Gene::3479	IGF1	3479	ENSG00000017427	IGF1
Gene::92745	SLC38A5	92745	ENSG00000017483	SLC38A5
Gene::10928	RALBP1	10928	ENSG00000017797	RALBP1
Gene::22902	RUFY3	22902	ENSG00000018189	RUFY3
Gene::1272	CNTN1	1272	ENSG00000018236	CNTN1
Gene::6556	SLC11A1	6556	ENSG00000018280	SLC11A1
Gene::25937	WWTR1	25937	ENSG00000018408	WWTR1
Gene::8540	AGPS	8540	ENSG00000018510	AGPS
Gene::646915	ZNF806	646915	ENSG00000018607	ZNF285CP
Gene::63932	CXorf56	63932	ENSG00000018610	STEEP1
Gene::477	ATP1A2	477	ENSG00000018625	ATP1A2
Gene::55622	TTC27	55622	ENSG00000018699	TTC27
Gene::147948	ZNF582	147948	ENSG00000018869	ZNF582
Gene::23584	VSIG2	23584	ENSG00000019102	VSIG2
Gene::23187	PHLDB1	23187	ENSG00000019144	PHLDB1
Gene::8685	MARCO	8685	ENSG00000019169	MARCO
Gene::1591	CYP24A1	1591	ENSG00000019186	CYP24A1
Gene::56981	PRDM11	56981	ENSG00000019485	PRDM11
Gene::57586	SYT13	57586	ENSG00000019505	SYT13
Gene::6591	SNAI2	6591	ENSG00000019549	SNAI2
Gene::972	CD74	972	ENSG00000019582	CD74
Gene::3082	HGF	3082	ENSG00000019991	HGF
Gene::54764	ZRANB1	54764	ENSG00000019995	ZRANB1
Gene::23154	NCDN	23154	ENSG00000020129	NCDN
Gene::25960	ADGRA2	25960	ENSG00000020181	ADGRA2
Gene::55734	ZFP64	55734	ENSG00000020256	ZFP64
Gene::4331	MNAT1	4331	ENSG00000020426	MNAT1
Gene::23034	SAMD4A	23034	ENSG00000020577	SAMD4A
Gene::864	RUNX3	864	ENSG00000020633	RUNX3
Gene::4361	MRE11A	4361	ENSG00000020922	MRE11
Gene::58473	PLEKHB1	58473	ENSG00000021300	PLEKHB1
Gene::1992	SERPINB1	1992	ENSG00000021355	SERPINB1
Gene::64816	CYP3A43	64816	ENSG00000021461	CYP3A43
Gene::11136	SLC7A9	11136	ENSG00000021488	SLC7A9
Gene::6683	SPAST	6683	ENSG00000021574	SPAST
Gene::9369	NRXN3	9369	ENSG00000021645	NRXN3
Gene::114879	OSBPL5	114879	ENSG00000021762	OSBPL5
Gene::9716	AQR	9716	ENSG00000021776	AQR
Gene::1373	CPS1	1373	ENSG00000021826	CPS1
Gene::732	C8B	732	ENSG00000021852	C8B
Gene::2273	FHL1	2273	ENSG00000022267	FHL1
Gene::51507	RTFDC1	51507	ENSG00000022277	RTF2
Gene::2554	GABRA1	2554	ENSG00000022355	GABRA1
Gene::55655	NLRP2	55655	ENSG00000022556	NLRP2
Gene::57210	SLC45A4	57210	ENSG00000022567	SLC45A4
Gene::9921	RNF10	9921	ENSG00000022840	RNF10
Gene::55778	ZNF839	55778	ENSG00000022976	ZNF839
Gene::64429	ZDHHC6	64429	ENSG00000023041	ZDHHC6
Gene::57476	GRAMD1B	57476	ENSG00000023171	GRAMD1B
Gene::6050	RNH1	6050	ENSG00000023191	RNH1
Gene::4719	NDUFS1	4719	ENSG00000023228	NDUFS1
Gene::9821	RB1CC1	9821	ENSG00000023287	RB1CC1
Gene::23071	ERP44	23071	ENSG00000023318	ERP44
Gene::211	ALAS1	211	ENSG00000023330	ALAS1
Gene::330	BIRC3	330	ENSG00000023445	BIRC3
Gene::11215	AKAP11	11215	ENSG00000023516	AKAP11
Gene::51022	GLRX2	51022	ENSG00000023572	GLRX2
Gene::6617	SNAPC1	6617	ENSG00000023608	SNAPC1
Gene::51071	DERA	51071	ENSG00000023697	DERA
Gene::11171	STRAP	11171	ENSG00000023734	STRAP
Gene::1244	ABCC2	1244	ENSG00000023839	ABCC2
Gene::50619	DEF6	50619	ENSG00000023892	DEF6
Gene::51177	PLEKHO1	51177	ENSG00000023902	PLEKHO1
Gene::2730	GCLM	2730	ENSG00000023909	GCLM
Gene::23304	UBR2	23304	ENSG00000024048	UBR2
Gene::30846	EHD2	30846	ENSG00000024422	EHD2
Gene::55635	DEPDC1	55635	ENSG00000024526	DEPDC1
Gene::25901	CCDC28A	25901	ENSG00000024862	CCDC28A
Gene::58528	RRAGD	58528	ENSG00000025039	RRAGD
Gene::3298	HSF2	3298	ENSG00000025156	HSF2
Gene::51230	PHF20	51230	ENSG00000025293	PHF20
Gene::8630	HSD17B6	8630	ENSG00000025423	HSD17B6
Gene::10062	NR1H3	10062	ENSG00000025434	NR1H3
Gene::1890	TYMP	1890	ENSG00000025708	TYMP
Gene::29781	NCAPH2	29781	ENSG00000025770	NCAPH2
Gene::10953	TOMM34	10953	ENSG00000025772	TOMM34
Gene::11231	SEC63	11231	ENSG00000025796	SEC63
Gene::23633	KPNA6	23633	ENSG00000025800	KPNA6
Gene::7431	VIM	7431	ENSG00000026025	VIM
Gene::355	FAS	355	ENSG00000026103	FAS
Gene::8635	RNASET2	8635	ENSG00000026297	RNASET2
Gene::960	CD44	960	ENSG00000026508	CD44
Gene::3755	KCNG1	3755	ENSG00000026559	KCNG1
Gene::56895	AGPAT4	56895	ENSG00000026652	AGPAT4
Gene::57823	SLAMF7	57823	ENSG00000026751	SLAMF7
Gene::11119	BTN3A1	11119	ENSG00000026950	BTN3A1
Gene::4285	MIPEP	4285	ENSG00000027001	MIPEP
Gene::5583	PRKCH	5583	ENSG00000027075	PRKCH
Gene::3645	INSRR	3645	ENSG00000027644	INSRR
Gene::3459	IFNGR1	3459	ENSG00000027697	IFNGR1
Gene::11285	B4GALT7	11285	ENSG00000027847	B4GALT7
Gene::9047	SH2D2A	9047	ENSG00000027869	SH2D2A
Gene::7444	VRK2	7444	ENSG00000028116	VRK2
Gene::7133	TNFRSF1B	7133	ENSG00000028137	TNFRSF1B
Gene::55591	VEZT	55591	ENSG00000028203	VEZT
Gene::5452	POU2F2	5452	ENSG00000028277	POU2F2
Gene::65980	BRD9	65980	ENSG00000028310	BRD9
Gene::6642	SNX1	6642	ENSG00000028528	SNX1
Gene::9519	TBPL1	9519	ENSG00000028839	TBPL1
Gene::56938	ARNTL2	56938	ENSG00000029153	BMAL2
Gene::9774	BCLAF1	9774	ENSG00000029363	BCLAF1
Gene::55334	SLC39A9	55334	ENSG00000029364	SLC39A9
Gene::286	ANK1	286	ENSG00000029534	ANK1
Gene::3381	IBSP	3381	ENSG00000029559	IBSP
Gene::51106	TFB1M	51106	ENSG00000029639	TFB1M
Gene::9135	RABEP1	9135	ENSG00000029725	RABEP1
Gene::3149	HMGB3	3149	ENSG00000029993	HMGB3
Gene::23279	NUP160	23279	ENSG00000030066	NUP160
Gene::578	BAK1	578	ENSG00000030110	BAK1
Gene::4593	MUSK	4593	ENSG00000030304	MUSK
Gene::22807	IKZF2	22807	ENSG00000030419	IKZF2
Gene::2896	GRN	2896	ENSG00000030582	GRN
Gene::51306	FAM13B	51306	ENSG00000031003	FAM13B
Gene::57514	ARHGAP31	57514	ENSG00000031081	ARHGAP31
Gene::55166	CENPQ	55166	ENSG00000031691	CENPQ
Gene::6301	SARS	6301	ENSG00000031698	SARS1
Gene::8498	RANBP3	8498	ENSG00000031823	RANBP3
Gene::5926	ARID4A	5926	ENSG00000032219	ARID4A
Gene::7260	TSSC1	7260	ENSG00000032389	EIPR1
Gene::10908	PNPLA6	10908	ENSG00000032444	PNPLA6
Gene::8100	IFT88	8100	ENSG00000032742	IFT88
Gene::56052	ALG1	56052	ENSG00000033011	ALG1
Gene::55596	ZCCHC8	55596	ENSG00000033030	ZCCHC8
Gene::10061	ABCF2	10061	ENSG00000033050	ABCF2
Gene::54480	CHPF2	54480	ENSG00000033100	CHPF2
Gene::57554	LRRC7	57554	ENSG00000033122	LRRC7
Gene::2530	FUT8	2530	ENSG00000033170	FUT8
Gene::55236	UBA6	55236	ENSG00000033178	UBA6
Gene::9846	GAB2	9846	ENSG00000033327	GAB2
Gene::535	ATP6V0A1	535	ENSG00000033627	ATP6V0A1
Gene::8554	PIAS1	8554	ENSG00000033800	PIAS1
Gene::9497	SLC4A7	9497	ENSG00000033867	SLC4A7
Gene::321	APBA2	321	ENSG00000034053	APBA2
Gene::5606	MAP2K3	5606	ENSG00000034152	MAP2K3
Gene::79645	EFCAB1	79645	ENSG00000034239	CLXN
Gene::9168	TMSB10	9168	ENSG00000034510	TMSB10
Gene::28990	ASTE1	28990	ENSG00000034533	ASTE1
Gene::25897	RNF19A	25897	ENSG00000034677	RNF19A
Gene::8504	PEX3	8504	ENSG00000034693	PEX3
Gene::11345	GABARAPL2	11345	ENSG00000034713	GABARAPL2
Gene::4653	MYOC	4653	ENSG00000034971	MYOC
Gene::26751	SH3YL1	26751	ENSG00000035115	SH3YL1
Gene::84908	FAM136A	84908	ENSG00000035141	TIMCC
Gene::7414	VCL	7414	ENSG00000035403	VCL
Gene::55789	DEPDC1B	55789	ENSG00000035499	DEPDC1B
Gene::23604	DAPK2	23604	ENSG00000035664	DAPK2
Gene::8439	NSMAF	8439	ENSG00000035681	NSMAF
Gene::159	ADSS	159	ENSG00000035687	ADSS2
Gene::26228	STAP1	26228	ENSG00000035720	STAP1
Gene::7077	TIMP2	7077	ENSG00000035862	TIMP2
Gene::5981	RFC1	5981	ENSG00000035928	RFC1
Gene::55773	TBC1D23	55773	ENSG00000036054	TBC1D23
Gene::8452	CUL3	8452	ENSG00000036257	CUL3
Gene::9172	MYOM2	9172	ENSG00000036448	MYOM2
Gene::5009	OTC	5009	ENSG00000036473	OTC
Gene::10858	CYP46A1	10858	ENSG00000036530	CYP46A1
Gene::26009	ZZZ3	26009	ENSG00000036549	ZZZ3
Gene::6570	SLC18A1	6570	ENSG00000036565	SLC18A1
Gene::9099	USP2	9099	ENSG00000036672	USP2
Gene::846	CASR	846	ENSG00000036828	CASR
Gene::27175	TUBG2	27175	ENSG00000037042	TUBG2
Gene::51121	RPL26L1	51121	ENSG00000037241	RPL26L1
Gene::2324	FLT4	2324	ENSG00000037280	FLT4
Gene::54888	NSUN2	54888	ENSG00000037474	NSUN2
Gene::54455	FBXO42	54455	ENSG00000037637	FBXO42
Gene::4238	MFAP3	4238	ENSG00000037749	MFAP3
Gene::84245	MRI1	84245	ENSG00000037757	MRI1
Gene::4234	METTL1	4234	ENSG00000037897	METTL1
Gene::3224	HOXC8	3224	ENSG00000037965	HOXC8
Gene::175	AGA	175	ENSG00000038002	AGA
Gene::55300	PI4K2B	55300	ENSG00000038210	PI4K2B
Gene::259282	BOD1L1	259282	ENSG00000038219	BOD1L1
Gene::27430	MAT2B	27430	ENSG00000038274	MAT2B
Gene::7092	TLL1	7092	ENSG00000038295	TLL1
Gene::23644	EDC4	23644	ENSG00000038358	EDC4
Gene::7204	TRIO	7204	ENSG00000038382	TRIO
Gene::1462	VCAN	1462	ENSG00000038427	VCAN
Gene::23274	CLEC16A	23274	ENSG00000038532	CLEC16A
Gene::4481	MSR1	4481	ENSG00000038945	MSR1
Gene::999	CDH1	999	ENSG00000039068	CDH1
Gene::23517	SKIV2L2	23517	ENSG00000039123	MTREX
Gene::1767	DNAH5	1767	ENSG00000039139	DNAH5
Gene::9765	ZFYVE16	9765	ENSG00000039319	ZFYVE16
Gene::79567	FAM65A	79567	ENSG00000039523	RIPOR1
Gene::729	C6	729	ENSG00000039537	C6
Gene::26064	RAI14	26064	ENSG00000039560	RAI14
Gene::11063	SOX30	11063	ENSG00000039600	SOX30
Gene::11284	PNKP	11284	ENSG00000039650	PNKP
Gene::54831	BEST2	54831	ENSG00000039987	BEST2
Gene::23035	PHLPP2	23035	ENSG00000040199	PHLPP2
Gene::54908	SPDL1	54908	ENSG00000040275	SPDL1
Gene::27067	STAU2	27067	ENSG00000040341	STAU2
Gene::54896	PQLC2	54896	ENSG00000040487	SLC66A1
Gene::1497	CTNS	1497	ENSG00000040531	CTNS
Gene::65078	RTN4R	65078	ENSG00000040608	RTN4R
Gene::79142	PHF23	79142	ENSG00000040633	PHF23
Gene::1008	CDH10	1008	ENSG00000040731	CDH10
Gene::3631	INPP4A	3631	ENSG00000040933	INPP4A
Gene::5874	RAB27B	5874	ENSG00000041353	RAB27B
Gene::5685	PSMA4	5685	ENSG00000041357	PSMA4
Gene::23026	MYO16	23026	ENSG00000041515	MYO16
Gene::55341	LSG1	55341	ENSG00000041802	LSG1
Gene::10039	PARP3	10039	ENSG00000041880	PARP3
Gene::3371	TNC	3371	ENSG00000041982	TNC
Gene::90326	THAP3	90326	ENSG00000041988	THAP3
Gene::140876	FAM65C	140876	ENSG00000042062	RIPOR3
Gene::55775	TDP1	55775	ENSG00000042088	TDP1
Gene::84883	AIFM2	84883	ENSG00000042286	AIFM2
Gene::56918	C2orf83	56918	ENSG00000042304	SLC19A4P
Gene::55812	SPATA7	55812	ENSG00000042317	SPATA7
Gene::9440	MED17	9440	ENSG00000042429	MED17
Gene::54884	RETSAT	54884	ENSG00000042445	RETSAT
Gene::822	CAPG	822	ENSG00000042493	CAPG
Gene::1175	AP2S1	1175	ENSG00000042753	AP2S1
Gene::7399	USH2A	7399	ENSG00000042781	USH2A
Gene::11055	ZPBP	11055	ENSG00000042813	ZPBP
Gene::7038	TG	7038	ENSG00000042832	TG
Gene::10863	ADAM28	10863	ENSG00000042980	ADAM28
Gene::8538	BARX2	8538	ENSG00000043039	BARX2
Gene::54165	DCUN1D1	54165	ENSG00000043093	DCUN1D1
Gene::23338	JADE2	23338	ENSG00000043143	JADE2
Gene::7546	ZIC2	7546	ENSG00000043355	ZIC2
Gene::3937	LCP2	3937	ENSG00000043462	LCP2
Gene::54802	TRIT1	54802	ENSG00000043514	TRIT1
Gene::153	ADRB1	153	ENSG00000043591	ADRB1
Gene::2981	GUCA2B	2981	ENSG00000044012	GUCA2B
Gene::9820	CUL7	9820	ENSG00000044090	CUL7
Gene::1495	CTNNA1	1495	ENSG00000044115	CTNNA1
Gene::5256	PHKA2	5256	ENSG00000044446	PHKA2
Gene::54875	CNTLN	54875	ENSG00000044459	CNTLN
Gene::2042	EPHA3	2042	ENSG00000044524	EPHA3
Gene::3309	HSPA5	3309	ENSG00000044574	HSPA5
Gene::1829	DSG2	1829	ENSG00000046604	DSG2
Gene::54960	GEMIN8	54960	ENSG00000046647	GEMIN8
Gene::8481	OFD1	8481	ENSG00000046651	OFD1
Gene::2824	GPM6B	2824	ENSG00000046653	GPM6B
Gene::51438	MAGEC2	51438	ENSG00000046774	MAGEC2
Gene::80243	PREX2	80243	ENSG00000046889	PREX2
Gene::22884	WDR37	22884	ENSG00000047056	WDR37
Gene::64848	YTHDC2	64848	ENSG00000047188	YTHDC2
Gene::56474	CTPS2	56474	ENSG00000047230	CTPS2
Gene::51606	ATP6V1H	51606	ENSG00000047249	ATP6V1H
Gene::5431	POLR2B	5431	ENSG00000047315	POLR2B
Gene::56204	FAM214A	56204	ENSG00000047346	ATOSA
Gene::116984	ARAP2	116984	ENSG00000047365	ARAP2
Gene::7175	TPR	7175	ENSG00000047410	TPR
Gene::1356	CP	1356	ENSG00000047457	CP
Gene::23247	KIAA0556	23247	ENSG00000047578	KATNIP
Gene::84062	DTNBP1	84062	ENSG00000047579	DTNBP1
Gene::7504	XK	7504	ENSG00000047597	XK
Gene::57101	ANO2	57101	ENSG00000047617	ANO2
Gene::57102	C12orf4	57102	ENSG00000047621	FERRY3
Gene::6322	SCML1	6322	ENSG00000047634	SCML1
Gene::55841	WWC3	55841	ENSG00000047644	WWC3
Gene::395	ARHGAP6	395	ENSG00000047648	ARHGAP6
Gene::27146	FAM184B	27146	ENSG00000047662	FAM184B
Gene::4134	MAP4	4134	ENSG00000047849	MAP4
Gene::57120	GOPC	57120	ENSG00000047932	GOPC
Gene::6098	ROS1	6098	ENSG00000047936	ROS1
Gene::57646	USP28	57646	ENSG00000048028	USP28
Gene::9734	HDAC9	9734	ENSG00000048052	HDAC9
Gene::26262	TSPAN17	26262	ENSG00000048140	TSPAN17
Gene::51491	NOP16	51491	ENSG00000048162	NOP16
Gene::57545	CC2D2A	57545	ENSG00000048342	CC2D2A
Gene::50484	RRM2B	50484	ENSG00000048392	RRM2B
Gene::168850	ZNF800	168850	ENSG00000048405	ZNF800
Gene::608	TNFRSF17	608	ENSG00000048462	TNFRSF17
Gene::92017	SNX29	92017	ENSG00000048471	SNX29
Gene::55885	LMO3	55885	ENSG00000048540	LMO3
Gene::55173	MRPS10	55173	ENSG00000048544	MRPS10
Gene::2978	GUCA1A	2978	ENSG00000048545	GUCA1A
Gene::51773	RSF1	51773	ENSG00000048649	RSF1
Gene::55187	VPS13D	55187	ENSG00000048707	VPS13D
Gene::10659	CELF2	10659	ENSG00000048740	CELF2
Gene::23196	FAM120A	23196	ENSG00000048828	FAM120A
Gene::23518	R3HDM1	23518	ENSG00000048991	R3HDM1
Gene::1298	COL9A2	1298	ENSG00000049089	COL9A2
Gene::4254	KITLG	4254	ENSG00000049130	KITLG
Gene::1161	ERCC8	1161	ENSG00000049167	ERCC8
Gene::11174	ADAMTS6	11174	ENSG00000049192	ADAMTS6
Gene::9563	H6PD	9563	ENSG00000049239	H6PD
Gene::9341	VAMP3	9341	ENSG00000049245	VAMP3
Gene::8863	PER3	8863	ENSG00000049246	PER3
Gene::10911	UTS2	10911	ENSG00000049247	UTS2
Gene::3604	TNFRSF9	3604	ENSG00000049249	TNFRSF9
Gene::55040	EPN3	55040	ENSG00000049283	EPN3
Gene::4052	LTBP1	4052	ENSG00000049323	LTBP1
Gene::5954	RCN1	5954	ENSG00000049449	RCN1
Gene::2006	ELN	2006	ENSG00000049540	ELN
Gene::5982	RFC2	5982	ENSG00000049541	RFC2
Gene::57492	ARID1B	57492	ENSG00000049618	ARID1B
Gene::81037	CLPTM1L	81037	ENSG00000049656	CLPTM1L
Gene::23327	NEDD4L	23327	ENSG00000049759	NEDD4L
Gene::50943	FOXP3	50943	ENSG00000049768	FOXP3
Gene::89801	PPP1R3F	89801	ENSG00000049769	PPP1R3F
Gene::3074	HEXB	3074	ENSG00000049860	HEXB
Gene::79810	PTCD2	79810	ENSG00000049883	PTCD2
Gene::340533	KIAA2022	340533	ENSG00000050030	NEXMIF
Gene::51528	JKAMP	51528	ENSG00000050130	JKAMP
Gene::27122	DKK3	27122	ENSG00000050165	DKK3
Gene::7984	ARHGEF5	7984	ENSG00000050327	ARHGEF5
Gene::9603	NFE2L3	9603	ENSG00000050344	NFE2L3
Gene::63933	MCUR1	63933	ENSG00000050393	MCUR1
Gene::51474	LIMA1	51474	ENSG00000050405	LIMA1
Gene::25875	LETMD1	25875	ENSG00000050426	LETMD1
Gene::9498	SLC4A8	9498	ENSG00000050438	SLC4A8
Gene::10319	LAMC3	10319	ENSG00000050555	LAMC3
Gene::5733	PTGER3	5733	ENSG00000050628	PTGER3
Gene::79931	TNIP3	79931	ENSG00000050730	TNIP3
Gene::5601	MAPK9	5601	ENSG00000050748	MAPK9
Gene::91522	COL23A1	91522	ENSG00000050767	COL23A1
Gene::9564	BCAR1	9564	ENSG00000050820	BCAR1
Gene::84067	FAM160A2	84067	ENSG00000051009	FHIP1B
Gene::9709	HERPUD1	9709	ENSG00000051108	HERPUD1
Gene::9454	HOMER3	9454	ENSG00000051128	HOMER3
Gene::5888	RAD51	5888	ENSG00000051180	RAD51
Gene::10721	POLQ	10721	ENSG00000051341	POLQ
Gene::5291	PIK3CB	5291	ENSG00000051382	PIK3CB
Gene::1535	CYBA	1535	ENSG00000051523	CYBA
Gene::84321	THOC3	84321	ENSG00000051596	THOC3
Gene::23593	HEBP2	23593	ENSG00000051620	HEBP2
Gene::10198	MPHOSPH9	10198	ENSG00000051825	MPHOSPH9
Gene::54477	PLEKHA5	54477	ENSG00000052126	PLEKHA5
Gene::5652	PRSS8	5652	ENSG00000052344	PRSS8
Gene::80143	SIKE1	80143	ENSG00000052723	SIKE1
Gene::23223	RRP12	23223	ENSG00000052749	RRP12
Gene::57600	FNIP2	57600	ENSG00000052795	FNIP2
Gene::6307	MSMO1	6307	ENSG00000052802	MSMO1
Gene::55761	TTC17	55761	ENSG00000052841	TTC17
Gene::60529	ALX4	60529	ENSG00000052850	ALX4
Gene::23105	FSTL4	23105	ENSG00000053108	FSTL4
Gene::1112	FOXN3	1112	ENSG00000053254	FOXN3
Gene::728464	METTL24	728464	ENSG00000053328	METTL24
Gene::8574	AKR7A2	8574	ENSG00000053371	AKR7A2
Gene::51154	MRTO4	51154	ENSG00000053372	MRTO4
Gene::4826	NNAT	4826	ENSG00000053438	NNAT
Gene::55850	USE1	55850	ENSG00000053501	USE1
Gene::23101	MCF2L2	23101	ENSG00000053524	MCF2L2
Gene::83714	NRIP2	83714	ENSG00000053702	NRIP2
Gene::3909	LAMA3	3909	ENSG00000053747	LAMA3
Gene::55745	AP5M1	55745	ENSG00000053770	AP5M1
Gene::29945	ANAPC4	29945	ENSG00000053900	ANAPC4
Gene::3784	KCNQ1	3784	ENSG00000053918	KCNQ1
Gene::27095	TRAPPC3	27095	ENSG00000054116	TRAPPC3
Gene::9967	THRAP3	9967	ENSG00000054118	THRAP3
Gene::29085	PHPT1	29085	ENSG00000054148	PHPT1
Gene::954	ENTPD2	954	ENSG00000054179	ENTPD2
Gene::4065	LY75	4065	ENSG00000054219	LY75
Gene::51742	ARID4B	51742	ENSG00000054267	ARID4B
Gene::23596	OPN3	23596	ENSG00000054277	OPN3
Gene::10806	SDCCAG8	10806	ENSG00000054282	SDCCAG8
Gene::5798	PTPRN	5798	ENSG00000054356	PTPRN
Gene::55733	HHAT	55733	ENSG00000054392	HHAT
Gene::23095	KIF1B	23095	ENSG00000054523	KIF1B
Gene::2296	FOXC1	2296	ENSG00000054598	FOXC1
Gene::25771	TBC1D22A	25771	ENSG00000054611	TBC1D22A
Gene::23224	SYNE2	23224	ENSG00000054654	SYNE2
Gene::57475	PLEKHH1	57475	ENSG00000054690	PLEKHH1
Gene::10079	ATP9A	10079	ENSG00000054793	ATP9A
Gene::23626	SPO11	23626	ENSG00000054796	SPO11
Gene::140689	CBLN4	140689	ENSG00000054803	CBLN4
Gene::25884	CHRDL2	25884	ENSG00000054938	CHRDL2
Gene::23201	FAM168A	23201	ENSG00000054965	FAM168A
Gene::84957	RELT	84957	ENSG00000054967	RELT
Gene::2581	GALC	2581	ENSG00000054983	GALC
Gene::51602	NOP58	51602	ENSG00000055044	NOP58
Gene::26099	SZRD1	26099	ENSG00000055070	SZRD1
Gene::3757	KCNH2	3757	ENSG00000055118	KCNH2
Gene::8454	CUL1	8454	ENSG00000055130	CUL1
Gene::10827	FAM114A2	10827	ENSG00000055147	FAM114A2
Gene::26999	CYFIP2	26999	ENSG00000055163	CYFIP2
Gene::23118	TAB2	23118	ENSG00000055208	TAB2
Gene::116254	GINM1	116254	ENSG00000055211	GINM1
Gene::5610	EIF2AK2	5610	ENSG00000055332	EIF2AK2
Gene::57602	USP36	57602	ENSG00000055483	USP36
Gene::58508	KMT2C	58508	ENSG00000055609	KMT2C
Gene::55283	MCOLN3	55283	ENSG00000055732	MCOLN3
Gene::114800	CCDC85A	114800	ENSG00000055813	CCDC85A
Gene::23369	PUM2	23369	ENSG00000055917	PUM2
Gene::84545	MRPL43	84545	ENSG00000055950	MRPL43
Gene::3700	ITIH4	3700	ENSG00000055955	ITIH4
Gene::3697	ITIH1	3697	ENSG00000055957	ITIH1
Gene::54969	C4orf27	54969	ENSG00000056050	HPF1
Gene::51663	ZFR	51663	ENSG00000056097	ZFR
Gene::55609	ZNF280C	55609	ENSG00000056277	ZNF280C
Gene::10886	NPFFR2	10886	ENSG00000056291	NPFFR2
Gene::112885	PHF21B	112885	ENSG00000056487	PHF21B
Gene::7185	TRAF1	7185	ENSG00000056558	TRAF1
Gene::54542	RC3H2	54542	ENSG00000056586	RC3H2
Gene::55540	IL17RB	55540	ENSG00000056736	IL17RB
Gene::10758	TRAF3IP2	10758	ENSG00000056972	TRAF3IP2
Gene::8908	GYG2	8908	ENSG00000056998	GYG2
Gene::131566	DCBLD2	131566	ENSG00000057019	DCBLD2
Gene::6317	SERPINB3	6317	ENSG00000057149	SERPINB3
Gene::6646	SOAT1	6646	ENSG00000057252	SOAT1
Gene::5318	PKP2	5318	ENSG00000057294	PKP2
Gene::4438	MSH4	4438	ENSG00000057468	MSH4
Gene::2155	F7	2155	ENSG00000057593	F7
Gene::2665	GDI2	2665	ENSG00000057608	GDI2
Gene::639	PRDM1	639	ENSG00000057657	PRDM1
Gene::9474	ATG5	9474	ENSG00000057663	ATG5
Gene::57458	TMCC3	57458	ENSG00000057704	TMCC3
Gene::57095	PITHD1	57095	ENSG00000057757	PITHD1
Gene::57504	MTA3	57504	ENSG00000057935	MTA3
Gene::8975	USP13	8975	ENSG00000058056	USP13
Gene::23200	ATP11B	23200	ENSG00000058063	ATP11B
Gene::3918	LAMC2	3918	ENSG00000058085	LAMC2
Gene::5218	CDK14	5218	ENSG00000058091	CDK14
Gene::29927	SEC61A1	29927	ENSG00000058262	SEC61A1
Gene::4659	PPP1R12A	4659	ENSG00000058272	PPP1R12A
Gene::5923	RASGRF1	5923	ENSG00000058335	RASGRF1
Gene::816	CAMK2B	816	ENSG00000058404	CAMK2B
Gene::9696	CROCC	9696	ENSG00000058453	CROCC
Gene::55718	POLR3E	55718	ENSG00000058600	POLR3E
Gene::493	ATP2B4	493	ENSG00000058668	ATP2B4
Gene::9877	ZC3H11A	9877	ENSG00000058673	ZC3H11A
Gene::55781	RIOK2	55781	ENSG00000058729	RIOK2
Gene::54432	YIPF1	54432	ENSG00000058799	YIPF1
Gene::55706	NDC1	55706	ENSG00000058804	NDC1
Gene::1608	DGKG	1608	ENSG00000058866	DGKG
Gene::84256	FLYWCH1	84256	ENSG00000059122	FLYWCH1
Gene::64718	UNKL	64718	ENSG00000059145	UNKL
Gene::6916	TBXAS1	6916	ENSG00000059377	TBXAS1
Gene::64761	PARP12	64761	ENSG00000059378	PARP12
Gene::5832	ALDH18A1	5832	ENSG00000059573	ALDH18A1
Gene::6894	TARBP1	6894	ENSG00000059588	TARBP1
Gene::5188	GATB	5188	ENSG00000059691	GATB
Gene::4084	MXD1	4084	ENSG00000059728	MXD1
Gene::5128	CDK17	5128	ENSG00000059758	CDK17
Gene::548645	DNAJC25	548645	ENSG00000059769	DNAJC25
Gene::6515	SLC2A3	6515	ENSG00000059804	SLC2A3
Gene::5662	PSD	5662	ENSG00000059915	PSD
Gene::9150	CTDP1	9150	ENSG00000060069	CTDP1
Gene::8531	YBX3	8531	ENSG00000060138	YBX3
Gene::55359	STYK1	55359	ENSG00000060140	STYK1
Gene::65125	WNK1	65125	ENSG00000060237	WNK1
Gene::55749	CCAR1	55749	ENSG00000060339	CCAR1
Gene::11054	OGFR	11054	ENSG00000060491	OGFR
Gene::2769	GNA15	2769	ENSG00000060558	GNA15
Gene::84699	CREB3L3	84699	ENSG00000060566	CREB3L3
Gene::55650	PIGV	55650	ENSG00000060642	PIGV
Gene::10076	PTPRU	10076	ENSG00000060656	PTPRU
Gene::9410	SNRNP40	9410	ENSG00000060688	SNRNP40
Gene::23504	RIMBP2	23504	ENSG00000060709	RIMBP2
Gene::1301	COL11A1	1301	ENSG00000060718	COL11A1
Gene::79832	QSER1	79832	ENSG00000060749	QSER1
Gene::51660	MPC1	51660	ENSG00000060762	MPC1
Gene::30	ACAA1	30	ENSG00000060971	ACAA1
Gene::586	BCAT1	586	ENSG00000060982	BCAT1
Gene::51564	HDAC7	51564	ENSG00000061273	HDAC7
Gene::11178	LZTS1	11178	ENSG00000061337	LZTS1
Gene::93166	PRDM6	93166	ENSG00000061455	PRDM6
Gene::7478	WNT8A	7478	ENSG00000061492	WNT8A
Gene::6676	SPAG4	6676	ENSG00000061656	SPAG4
Gene::10787	NCKAP1	10787	ENSG00000061676	NCKAP1
Gene::60488	MRPS35	60488	ENSG00000061794	MRPS35
Gene::2983	GUCY1B3	2983	ENSG00000061918	GUCY1B1
Gene::6433	SFSWAP	6433	ENSG00000061936	SFSWAP
Gene::10188	TNK2	10188	ENSG00000061938	TNK2
Gene::23041	MON2	23041	ENSG00000061987	MON2
Gene::1001	CDH3	1001	ENSG00000062038	CDH3
Gene::416	ARSF	416	ENSG00000062096	ARSF
Gene::65056	GPBP1	65056	ENSG00000062194	GPBP1
Gene::84649	DGAT2	84649	ENSG00000062282	DGAT2
Gene::7771	ZNF112	7771	ENSG00000062370	ZNF112
Gene::1431	CS	1431	ENSG00000062485	CS
Gene::4058	LTK	4058	ENSG00000062524	LTK
Gene::64951	MRPS24	64951	ENSG00000062582	MRPS24
Gene::63916	ELMO2	63916	ENSG00000062598	ELMO2
Gene::23063	WAPAL	23063	ENSG00000062650	WAPL
Gene::81671	VMP1	81671	ENSG00000062716	VMP1
Gene::10513	APPBP2	10513	ENSG00000062725	APPBP2
Gene::5424	POLD1	5424	ENSG00000062822	POLD1
Gene::124925	SEZ6	124925	ENSG00000063015	SEZ6
Gene::1975	EIF4B	1975	ENSG00000063046	EIF4B
Gene::28968	SLC6A16	28968	ENSG00000063127	SLC6A16
Gene::29998	GLTSCR1	29998	ENSG00000063169	BICRA
Gene::56848	SPHK2	56848	ENSG00000063176	SPHK2
Gene::6141	RPL18	6141	ENSG00000063177	RPL18
Gene::770	CA11	770	ENSG00000063180	CA11
Gene::79763	ISOC2	79763	ENSG00000063241	ISOC2
Gene::11338	U2AF2	11338	ENSG00000063244	U2AF2
Gene::29924	EPN1	29924	ENSG00000063245	EPN1
Gene::55588	MED29	55588	ENSG00000063322	MED29
Gene::57491	AHRR	57491	ENSG00000063438	AHRR
Gene::2928	GSC2	2928	ENSG00000063515	GSC2
Gene::10838	ZNF275	10838	ENSG00000063587	ZNF275
Gene::8776	MTMR1	8776	ENSG00000063601	MTMR1
Gene::2817	GPC1	2817	ENSG00000063660	GPC1
Gene::57143	ADCK1	57143	ENSG00000063761	ADCK1
Gene::3029	HAGH	3029	ENSG00000063854	HAGH
Gene::6047	RNF4	6047	ENSG00000063978	RNF4
Gene::841	CASP8	841	ENSG00000064012	CASP8
Gene::22998	LIMCH1	22998	ENSG00000064042	LIMCH1
Gene::55726	ASUN	55726	ENSG00000064102	INTS13
Gene::51768	TM7SF3	51768	ENSG00000064115	TM7SF3
Gene::1747	DLX3	1747	ENSG00000064195	DLX3
Gene::53340	SPA17	53340	ENSG00000064199	SPA17
Gene::10077	TSPAN32	10077	ENSG00000064201	TSPAN32
Gene::8839	WISP2	8839	ENSG00000064205	CCN5
Gene::58524	DMRT3	58524	ENSG00000064218	DMRT3
Gene::10402	ST3GAL6	10402	ENSG00000064225	ST3GAL6
Gene::9914	ATP2C2	9914	ENSG00000064270	ATP2C2
Gene::4804	NGFR	4804	ENSG00000064300	NGFR
Gene::50937	CDON	50937	ENSG00000064309	CDON
Gene::6873	TAF2	6873	ENSG00000064313	TAF2
Gene::28996	HIPK2	28996	ENSG00000064393	HIPK2
Gene::23534	TNPO3	23534	ENSG00000064419	TNPO3
Gene::4207	MEF2BNB-MEF2B	4207	ENSG00000064489	BORCS8-MEF2B
Gene::8625	RFXANK	8625	ENSG00000064490	RFXANK
Gene::54929	TMEM161A	54929	ENSG00000064545	TMEM161A
Gene::9170	LPAR2	9170	ENSG00000064547	LPAR2
Gene::5476	CTSA	5476	ENSG00000064601	CTSA
Gene::10147	SUGP2	10147	ENSG00000064607	SUGP2
Gene::6558	SLC12A2	6558	ENSG00000064651	SLC12A2
Gene::28966	SNX24	28966	ENSG00000064652	SNX24
Gene::2139	EYA2	2139	ENSG00000064655	EYA2
Gene::1265	CNN2	1265	ENSG00000064666	CNN2
Gene::10347	ABCA7	10347	ENSG00000064687	ABCA7
Gene::9627	SNCAIP	9627	ENSG00000064692	SNCAIP
Gene::11218	DDX20	11218	ENSG00000064703	DDX20
Gene::53339	BTBD1	53339	ENSG00000064726	BTBD1
Gene::55711	FAR2	55711	ENSG00000064763	FAR2
Gene::8537	BCAS1	8537	ENSG00000064787	BCAS1
Gene::5449	POU1F1	5449	ENSG00000064835	POU1F1
Gene::1117	CHI3L2	1117	ENSG00000064886	CHI3L2
Gene::22904	SBNO2	22904	ENSG00000064932	SBNO2
Gene::5378	PMS1	5378	ENSG00000064933	PMS1
Gene::10362	HMG20B	10362	ENSG00000064961	HMG20B
Gene::10203	CALCRL	10203	ENSG00000064989	CALCRL
Gene::6882	TAF11	6882	ENSG00000064995	TAF11
Gene::23294	ANKS1A	23294	ENSG00000064999	ANKS1A
Gene::8943	AP3D1	8943	ENSG00000065000	AP3D1
Gene::7629	ZNF76	7629	ENSG00000065029	ZNF76
Gene::9351	SLC9A3R2	9351	ENSG00000065054	NHERF2
Gene::4913	NTHL1	4913	ENSG00000065057	NTHL1
Gene::54887	UHRF1BP1	54887	ENSG00000065060	BLTP3A
Gene::2773	GNAI3	2773	ENSG00000065135	GNAI3
Gene::3843	IPO5	3843	ENSG00000065150	IPO5
Gene::4942	OAT	4942	ENSG00000065154	OAT
Gene::10885	WDR3	10885	ENSG00000065183	WDR3
Gene::5586	PKN2	5586	ENSG00000065243	PKN2
Gene::57418	WDR18	57418	ENSG00000065268	WDR18
Gene::9697	TRAM2	9697	ENSG00000065308	TRAM2
Gene::9423	NTN1	9423	ENSG00000065320	NTN1
Gene::9340	GLP2R	9340	ENSG00000065325	GLP2R
Gene::55388	MCM10	55388	ENSG00000065328	MCM10
Gene::1606	DGKA	1606	ENSG00000065357	DGKA
Gene::2065	ERBB3	2065	ENSG00000065361	ERBB3
Gene::54763	ROPN1	54763	ENSG00000065371	ROPN1
Gene::91526	ANKRD44	91526	ENSG00000065413	ANKRD44
Gene::3735	KARS	3735	ENSG00000065427	KARS1
Gene::23536	ADAT1	23536	ENSG00000065457	ADAT1
Gene::10954	PDIA5	10954	ENSG00000065485	PDIA5
Gene::55633	TBC1D22B	55633	ENSG00000065491	TBC1D22B
Gene::4710	NDUFB4	4710	ENSG00000065518	NDUFB4
Gene::23013	SPEN	23013	ENSG00000065526	SPEN
Gene::4638	MYLK	4638	ENSG00000065534	MYLK
Gene::55854	ZC3H15	55854	ENSG00000065548	ZC3H15
Gene::6416	MAP2K4	6416	ENSG00000065559	MAP2K4
Gene::55248	TMEM206	55248	ENSG00000065600	PACC1
Gene::9892	SNAP91	9892	ENSG00000065609	SNAP91
Gene::9748	SLK	9748	ENSG00000065613	SLK
Gene::51167	CYB5R4	51167	ENSG00000065615	CYB5R4
Gene::1308	COL17A1	1308	ENSG00000065618	COL17A1
Gene::119391	GSTO2	119391	ENSG00000065621	GSTO2
Gene::55176	SEC61A2	55176	ENSG00000065665	SEC61A2
Gene::5588	PRKCQ	5588	ENSG00000065675	PRKCQ
Gene::7089	TLE2	7089	ENSG00000065717	TLE2
Gene::51665	ASB1	51665	ENSG00000065802	ASB1
Gene::83641	FAM107B	83641	ENSG00000065809	FAM107B
Gene::4199	ME1	4199	ENSG00000065833	ME1
Gene::23216	TBC1D1	23216	ENSG00000065882	TBC1D1
Gene::8621	CDK13	8621	ENSG00000065883	CDK13
Gene::10797	MTHFD2	10797	ENSG00000065911	MTHFD2
Gene::84679	SLC9A7	84679	ENSG00000065923	SLC9A7
Gene::55810	FOXJ2	55810	ENSG00000065970	FOXJ2
Gene::4904	YBX1	4904	ENSG00000065978	YBX1
Gene::5141	PDE4A	5141	ENSG00000065989	PDE4A
Gene::5525	PPP2R5A	5525	ENSG00000066027	PPP2R5A
Gene::1496	CTNNA2	1496	ENSG00000066032	CTNNA2
Gene::1994	ELAVL1	1994	ENSG00000066044	ELAVL1
Gene::7075	TIE1	7075	ENSG00000066056	TIE1
Gene::57609	DIP2B	57609	ENSG00000066084	DIP2B
Gene::6602	SMARCD1	6602	ENSG00000066117	SMARCD1
Gene::9682	KDM4A	9682	ENSG00000066135	KDM4A
Gene::4802	NFYC	4802	ENSG00000066136	NFYC
Gene::84217	ZMYND12	84217	ENSG00000066185	ZMYND12
Gene::6550	SLC9A3	6550	ENSG00000066230	SLC9A3
Gene::25791	NGEF	25791	ENSG00000066248	NGEF
Gene::259266	ASPM	259266	ENSG00000066279	ASPM
Gene::8832	CD84	8832	ENSG00000066294	CD84
Gene::64834	ELOVL1	64834	ENSG00000066322	ELOVL1
Gene::6688	SPI1	6688	ENSG00000066336	SPI1
Gene::30834	ZNRD1	30834	ENSG00000066379	POLR1H
Gene::744	MPPED2	744	ENSG00000066382	MPPED2
Gene::51208	CLDN18	51208	ENSG00000066405	CLDN18
Gene::27107	ZBTB11	27107	ENSG00000066422	ZBTB11
Gene::4287	ATXN3	4287	ENSG00000066427	ATXN3
Gene::9950	GOLGA5	9950	ENSG00000066455	GOLGA5
Gene::2263	FGFR2	2263	ENSG00000066468	FGFR2
Gene::55631	LRRC40	55631	ENSG00000066557	LRRC40
Gene::51015	ISOC1	51015	ENSG00000066583	ISOC1
Gene::2009	EML1	2009	ENSG00000066629	EML1
Gene::60487	TRMT11	60487	ENSG00000066651	TRMT11
Gene::55623	THUMPD1	55623	ENSG00000066654	THUMPD1
Gene::91283	MSANTD3	91283	ENSG00000066697	MSANTD3
Gene::26153	KIF26A	26153	ENSG00000066735	KIF26A
Gene::55102	ATG2B	55102	ENSG00000066739	ATG2B
Gene::10565	ARFGEF1	10565	ENSG00000066777	ARFGEF1
Gene::348158	ACSM2B	348158	ENSG00000066813	ACSM2B
Gene::57623	ZFAT	57623	ENSG00000066827	ZFAT
Gene::9650	MTFR1	9650	ENSG00000066855	MTFR1
Gene::10734	STAG3	10734	ENSG00000066923	STAG3
Gene::2235	FECH	2235	ENSG00000066926	FECH
Gene::4649	MYO9A	4649	ENSG00000066933	MYO9A
Gene::8653	DDX3Y	8653	ENSG00000067048	DDX3Y
Gene::5214	PFKP	5214	ENSG00000067057	PFKP
Gene::3422	IDI1	3422	ENSG00000067064	IDI1
Gene::6672	SP100	6672	ENSG00000067066	SP100
Gene::1316	KLF6	1316	ENSG00000067082	KLF6
Gene::8611	PPAP2A	8611	ENSG00000067113	PLPP1
Gene::4756	NEO1	4756	ENSG00000067141	NEO1
Gene::23471	TRAM1	23471	ENSG00000067167	TRAM1
Gene::5255	PHKA1	5255	ENSG00000067177	PHKA1
Gene::7132	TNFRSF1A	7132	ENSG00000067182	TNFRSF1A
Gene::782	CACNB1	782	ENSG00000067191	CACNB1
Gene::7813	EVI5	7813	ENSG00000067208	EVI5
Gene::9399	STOML1	9399	ENSG00000067221	STOML1
Gene::5315	PKM	5315	ENSG00000067225	PKM
Gene::54505	DHX29	54505	ENSG00000067248	DHX29
Gene::30836	DNTTIP2	30836	ENSG00000067334	DNTTIP2
Gene::79091	METTL22	79091	ENSG00000067365	METTL22
Gene::7158	TP53BP1	7158	ENSG00000067369	TP53BP1
Gene::7216	TRO	7216	ENSG00000067445	TRO
Gene::51018	RRP15	51018	ENSG00000067533	RRP15
Gene::387	RHOA	387	ENSG00000067560	RHOA
Gene::1659	DHX8	1659	ENSG00000067596	DHX8
Gene::5590	PRKCZ	5590	ENSG00000067606	PRKCZ
Gene::7544	ZFY	7544	ENSG00000067646	ZFY
Gene::55699	IARS2	55699	ENSG00000067704	IARS2
Gene::6857	SYT1	6857	ENSG00000067715	SYT1
Gene::89795	NAV3	89795	ENSG00000067798	NAV3
Gene::3421	IDH3G	3421	ENSG00000067829	IDH3G
Gene::79641	ROGDI	79641	ENSG00000067836	ROGDI
Gene::57595	PDZD4	57595	ENSG00000067840	PDZD4
Gene::492	ATP2B3	492	ENSG00000067842	ATP2B3
Gene::6093	ROCK1	6093	ENSG00000067900	ROCK1
Gene::865	CBFB	865	ENSG00000067955	CBFB
Gene::5165	PDK3	5165	ENSG00000067992	PDK3
Gene::8692	HYAL2	8692	ENSG00000068001	HYAL2
Gene::9759	HDAC4	9759	ENSG00000068024	HDAC4
Gene::11186	RASSF1	11186	ENSG00000068028	RASSF1
Gene::2261	FGFR3	2261	ENSG00000068078	FGFR3
Gene::3430	IFI35	3430	ENSG00000068079	IFI35
Gene::63897	HEATR6	63897	ENSG00000068097	HEATR6
Gene::80347	COASY	80347	ENSG00000068120	COASY
Gene::79990	PLEKHH3	79990	ENSG00000068137	PLEKHH3
Gene::4205	MEF2A	4205	ENSG00000068305	MEF2A
Gene::55593	OTUD5	55593	ENSG00000068308	OTUD5
Gene::7030	TFE3	7030	ENSG00000068323	TFE3
Gene::4943	TBC1D25	4943	ENSG00000068354	TBC1D25
Gene::2182	ACSL4	2182	ENSG00000068366	ACSL4
Gene::3632	INPP5A	3632	ENSG00000068383	INPP5A
Gene::27238	GPKOW	27238	ENSG00000068394	GPKOW
Gene::56850	GRIPAP1	56850	ENSG00000068400	GRIPAP1
Gene::24140	FTSJ1	24140	ENSG00000068438	FTSJ1
Gene::55771	PRR11	55771	ENSG00000068489	PRR11
Gene::65055	REEP1	65055	ENSG00000068615	REEP1
Gene::23250	ATP11A	23250	ENSG00000068650	ATP11A
Gene::25885	POLR1A	25885	ENSG00000068654	POLR1A
Gene::9741	LAPTM4A	9741	ENSG00000068697	LAPTM4A
Gene::57217	TTC7A	57217	ENSG00000068724	TTC7A
Gene::51447	IP6K2	51447	ENSG00000068745	IP6K2
Gene::286749	STON1-GTF2A1L	286749	ENSG00000068781	STON1-GTF2A1L
Gene::55133	SRBD1	55133	ENSG00000068784	SRBD1
Gene::3796	KIF2A	3796	ENSG00000068796	KIF2A
Gene::10235	RASGRP2	10235	ENSG00000068831	RASGRP2
Gene::23198	PSME4	23198	ENSG00000068878	PSME4
Gene::57560	IFT80	57560	ENSG00000068885	IFT80
Gene::22933	SIRT2	22933	ENSG00000068903	SIRT2
Gene::27248	ERLEC1	27248	ENSG00000068912	ERLEC1
Gene::5526	PPP2R5B	5526	ENSG00000068971	PPP2R5B
Gene::5837	PYGM	5837	ENSG00000068976	PYGM
Gene::8712	PAGE1	8712	ENSG00000068985	PAGE1
Gene::5307	PITX1	5307	ENSG00000069011	PITX1
Gene::57113	TRPC7	57113	ENSG00000069018	TRPC7
Gene::375449	MAST4	375449	ENSG00000069020	MAST4
Gene::221395	ADGRF5	221395	ENSG00000069122	ADGRF5
Gene::54549	SDK2	54549	ENSG00000069188	SDK2
Gene::8756	ADAM7	8756	ENSG00000069206	ADAM7
Gene::55746	NUP133	55746	ENSG00000069248	NUP133
Gene::64710	NUCKS1	64710	ENSG00000069275	NUCKS1
Gene::55737	VPS35	55737	ENSG00000069329	VPS35
Gene::10294	DNAJA2	10294	ENSG00000069345	DNAJA2
Gene::602	BCL3	602	ENSG00000069399	BCL3
Gene::8514	KCNAB2	8514	ENSG00000069424	KCNAB2
Gene::10060	ABCC9	10060	ENSG00000069431	ABCC9
Gene::51083	GAL	51083	ENSG00000069482	GAL
Gene::29121	CLEC2D	29121	ENSG00000069493	CLEC2D
Gene::139341	FUNDC1	139341	ENSG00000069509	FUNDC1
Gene::4129	MAOB	4129	ENSG00000069535	MAOB
Gene::6095	RORA	6095	ENSG00000069667	RORA
Gene::1815	DRD4	1815	ENSG00000069696	DRD4
Gene::7049	TGFBR3	7049	ENSG00000069702	TGFBR3
Gene::8399	PLA2G10	8399	ENSG00000069764	PLA2G10
Gene::54626	HES2	54626	ENSG00000069812	HES2
Gene::483	ATP1B3	483	ENSG00000069849	ATP1B3
Gene::4734	NEDD4	4734	ENSG00000069869	NEDD4
Gene::9488	PIGB	9488	ENSG00000069943	PIGB
Gene::5597	MAPK6	5597	ENSG00000069956	MAPK6
Gene::10681	GNB5	10681	ENSG00000069966	GNB5
Gene::5873	RAB27A	5873	ENSG00000069974	RAB27A
Gene::27440	CECR5	27440	ENSG00000069998	HDHD5
Gene::7353	UFD1L	7353	ENSG00000070010	UFD1
Gene::4040	LRP6	4040	ENSG00000070018	LRP6
Gene::2984	GUCY2C	2984	ENSG00000070019	GUCY2C
Gene::6343	SCT	6343	ENSG00000070031	SCT
Gene::57661	PHRF1	57661	ENSG00000070047	PHRF1
Gene::8518	IKBKAP	8518	ENSG00000070061	ELP1
Gene::4925	NUCB2	4925	ENSG00000070081	NUCB2
Gene::5217	PFN2	5217	ENSG00000070087	PFN2
Gene::5774	PTPN3	5774	ENSG00000070159	PTPN3
Gene::6710	SPTB	6710	ENSG00000070182	SPTB
Gene::27071	DAPP1	27071	ENSG00000070190	DAPP1
Gene::2255	FGF10	2255	ENSG00000070193	FGF10
Gene::23446	SLC44A1	23446	ENSG00000070214	SLC44A1
Gene::54916	TMEM260	54916	ENSG00000070269	TMEM260
Gene::23293	SMG6	23293	ENSG00000070366	SMG6
Gene::10640	EXOC5	10640	ENSG00000070367	EXOC5
Gene::8218	CLTCL1	8218	ENSG00000070371	CLTCL1
Gene::27006	FGF22	27006	ENSG00000070388	FGF22
Gene::10272	FSTL3	10272	ENSG00000070404	FSTL3
Gene::9993	DGCR2	9993	ENSG00000070413	DGCR2
Gene::55658	RNF126	55658	ENSG00000070423	RNF126
Gene::4335	MNT	4335	ENSG00000070444	MNT
Gene::79364	ZXDC	79364	ENSG00000070476	ZXDC
Gene::23210	JMJD6	23210	ENSG00000070495	JMJD6
Gene::5423	POLB	5423	ENSG00000070501	POLB
Gene::55808	ST6GALNAC1	55808	ENSG00000070526	ST6GALNAC1
Gene::55062	WIPI1	55062	ENSG00000070540	WIPI1
Gene::22844	FRMPD1	22844	ENSG00000070601	FRMPD1
Gene::57704	GBA2	57704	ENSG00000070610	GBA2
Gene::3340	NDST1	3340	ENSG00000070614	NDST1
Gene::440	ASNS	440	ENSG00000070669	ASNS
Gene::10947	AP3M2	10947	ENSG00000070718	AP3M2
Gene::1258	CNGB1	1258	ENSG00000070729	CNGB1
Gene::10610	ST6GALNAC2	10610	ENSG00000070731	ST6GALNAC2
Gene::1103	CHAT	1103	ENSG00000070748	CHAT
Gene::26986	PABPC1	26986	ENSG00000070756	PABPC1
Gene::10420	TESK2	10420	ENSG00000070759	TESK2
Gene::29105	CFAP20	29105	ENSG00000070761	CFAP20
Gene::1459	CSNK2A2	1459	ENSG00000070770	CSNK2A2
Gene::11099	PTPN21	11099	ENSG00000070778	PTPN21
Gene::8891	EIF2B3	8891	ENSG00000070785	EIF2B3
Gene::815	CAMK2A	815	ENSG00000070808	CAMK2A
Gene::6949	TCOF1	6949	ENSG00000070814	TCOF1
Gene::998	CDC42	998	ENSG00000070831	CDC42
Gene::26031	OSBPL3	26031	ENSG00000070882	OSBPL3
Gene::2046	EPHA8	2046	ENSG00000070886	EPHA8
Gene::6559	SLC12A3	6559	ENSG00000070915	SLC12A3
Gene::56852	RAD18	56852	ENSG00000070950	RAD18
Gene::490	ATP2B1	490	ENSG00000070961	ATP2B1
Gene::29850	TRPM5	29850	ENSG00000070985	TRPM5
Gene::8440	NCK2	8440	ENSG00000071051	NCK2
Gene::9448	MAP4K4	9448	ENSG00000071054	MAP4K4
Gene::11320	MGAT4A	11320	ENSG00000071073	MGAT4A
Gene::6160	RPL31	6160	ENSG00000071082	RPL31
Gene::9948	WDR1	9948	ENSG00000071127	WDR1
Gene::23161	SNX13	23161	ENSG00000071189	SNX13
Gene::54860	MS4A12	54860	ENSG00000071203	MS4A12
Gene::79658	ARHGAP10	79658	ENSG00000071205	ARHGAP10
Gene::6196	RPS6KA2	6196	ENSG00000071242	RPS6KA2
Gene::54556	ING3	54556	ENSG00000071243	ING3
Gene::22846	VASH1	22846	ENSG00000071246	VASH1
Gene::29995	LMCD1	29995	ENSG00000071282	LMCD1
Gene::114049	WBSCR22	114049	ENSG00000071462	BUD23
Gene::6400	SEL1L	6400	ENSG00000071537	SEL1L
Gene::9319	TRIP13	9319	ENSG00000071539	TRIP13
Gene::537	ATP6AP1	537	ENSG00000071553	ATP6AP1
Gene::6929	TCF3	6929	ENSG00000071564	TCF3
Gene::28951	TRIB2	28951	ENSG00000071575	TRIB2
Gene::26528	DAZAP1	26528	ENSG00000071626	DAZAP1
Gene::53615	MBD3	53615	ENSG00000071655	MBD3
Gene::51052	PRLH	51052	ENSG00000071677	PRLH
Gene::6596	HLTF	6596	ENSG00000071794	HLTF
Gene::9130	FAM50A	9130	ENSG00000071859	FAM50A
Gene::60343	FAM3A	60343	ENSG00000071889	FAM3A
Gene::29894	CPSF1	29894	ENSG00000071894	CPSF1
Gene::140469	MYO3B	140469	ENSG00000071909	MYO3B
Gene::79901	CYBRD1	79901	ENSG00000071967	CYBRD1
Gene::28513	CDH19	28513	ENSG00000071991	CDH19
Gene::5134	PDCD2	5134	ENSG00000071994	PDCD2
Gene::55117	SLC6A15	55117	ENSG00000072041	SLC6A15
Gene::51109	RDH11	51109	ENSG00000072042	RDH11
Gene::5566	PRKACA	5566	ENSG00000072062	PRKACA
Gene::22859	ADGRL1	22859	ENSG00000072071	ADGRL1
Gene::6694	SPP2	6694	ENSG00000072080	SPP2
Gene::87	ACTN1	87	ENSG00000072110	ACTN1
Gene::23503	ZFYVE26	23503	ENSG00000072121	ZFYVE26
Gene::27330	RPS6KA6	27330	ENSG00000072133	RPS6KA6
Gene::22905	EPN2	22905	ENSG00000072134	EPN2
Gene::26469	PTPN18	26469	ENSG00000072135	PTPN18
Gene::55679	LIMS2	55679	ENSG00000072163	LIMS2
Gene::55515	ASIC4	55515	ENSG00000072182	ASIC4
Gene::10290	SPEG	10290	ENSG00000072195	SPEG
Gene::84708	LNX1	84708	ENSG00000072201	LNX1
Gene::224	ALDH3A2	224	ENSG00000072210	ALDH3A2
Gene::7037	TFRC	7037	ENSG00000072274	TFRC
Gene::6720	SREBF1	6720	ENSG00000072310	SREBF1
Gene::7224	TRPC5	7224	ENSG00000072315	TRPC5
Gene::27125	AFF4	27125	ENSG00000072364	AFF4
Gene::7321	UBE2D1	7321	ENSG00000072401	UBE2D1
Gene::64398	MPP5	64398	ENSG00000072415	PALS1
Gene::9886	RHOBTB1	9886	ENSG00000072422	RHOBTB1
Gene::8243	SMC1A	8243	ENSG00000072501	SMC1A
Gene::3028	HSD17B10	3028	ENSG00000072506	HSD17B10
Gene::2011	MARK2	2011	ENSG00000072518	MARK2
Gene::3161	HMMR	3161	ENSG00000072571	HMMR
Gene::55743	CHFR	55743	ENSG00000072609	CHFR
Gene::29953	TRHDE	29953	ENSG00000072657	TRHDE
Gene::8974	P4HA2	8974	ENSG00000072682	P4HA2
Gene::2213	FCGR2B	2213	ENSG00000072694	FCGR2B
Gene::4775	NFATC3	4775	ENSG00000072736	NFATC3
Gene::51095	TRNT1	51095	ENSG00000072756	TRNT1
Gene::37	ACADVL	37	ENSG00000072778	ACADVL
Gene::6793	STK10	6793	ENSG00000072786	STK10
Gene::23291	FBXW11	23291	ENSG00000072803	FBXW11
Gene::9744	ACAP1	9744	ENSG00000072818	ACAP1
Gene::1400	CRMP1	1400	ENSG00000072832	CRMP1
Gene::2121	EVC	2121	ENSG00000072840	EVC
Gene::51009	DERL2	51009	ENSG00000072849	DERL2
Gene::54847	SIDT1	54847	ENSG00000072858	SIDT1
Gene::54820	NDE1	54820	ENSG00000072864	NDE1
Gene::10335	MRVI1	10335	ENSG00000072952	IRAG1
Gene::79041	TMEM38A	79041	ENSG00000072954	TMEM38A
Gene::8907	AP1M1	8907	ENSG00000072958	AP1M1
Gene::5817	PVR	5817	ENSG00000073008	PVR
Gene::7515	XRCC1	7515	ENSG00000073050	XRCC1
Gene::949	SCARB1	949	ENSG00000073060	SCARB1
Gene::54905	CYP2W1	54905	ENSG00000073067	CYP2W1
Gene::4171	MCM2	4171	ENSG00000073111	MCM2
Gene::54456	MOV10L1	54456	ENSG00000073146	MOV10L1
Gene::56666	PANX2	56666	ENSG00000073150	PANX2
Gene::83642	SELO	83642	ENSG00000073169	SELENOO
Gene::8626	TP63	8626	ENSG00000073282	TP63
Gene::80216	ALPK1	80216	ENSG00000073331	ALPK1
Gene::3993	LLGL2	3993	ENSG00000073350	LLGL2
Gene::5151	PDE8A	5151	ENSG00000073417	PDE8A
Gene::1183	CLCN4	1183	ENSG00000073464	CLCN4
Gene::54475	NLE1	54475	ENSG00000073536	NLE1
Gene::6389	SDHA	6389	ENSG00000073578	SDHA
Gene::6605	SMARCE1	6605	ENSG00000073584	SMARCE1
Gene::54752	FNDC8	54752	ENSG00000073598	FNDC8
Gene::55876	GSDMB	55876	ENSG00000073605	GSDMB
Gene::5927	KDM5A	5927	ENSG00000073614	KDM5A
Gene::4185	ADAM11	4185	ENSG00000073670	ADAM11
Gene::5523	PPP2R3A	5523	ENSG00000073711	PPP2R3A
Gene::10979	FERMT2	10979	ENSG00000073712	FERMT2
Gene::8647	ABCB11	8647	ENSG00000073734	ABCB11
Gene::10170	DHRS9	10170	ENSG00000073737	DHRS9
Gene::922	CD5L	922	ENSG00000073754	CD5L
Gene::5743	PTGS2	5743	ENSG00000073756	PTGS2
Gene::10644	IGF2BP2	10644	ENSG00000073792	IGF2BP2
Gene::9175	MAP3K13	9175	ENSG00000073803	MAP3K13
Gene::6480	ST6GAL1	6480	ENSG00000073849	ST6GAL1
Gene::30009	TBX21	30009	ENSG00000073861	TBX21
Gene::10129	FRY	10129	ENSG00000073910	FRY
Gene::8301	PICALM	8301	ENSG00000073921	PICALM
Gene::4905	NSF	4905	ENSG00000073969	NSF
Gene::2736	GLI2	2736	ENSG00000074047	GLI2
Gene::23332	CLASP1	23332	ENSG00000074054	CLASP1
Gene::65993	MRPS34	65993	ENSG00000074071	MRPS34
Gene::4854	NOTCH3	4854	ENSG00000074181	NOTCH3
Gene::1207	CLNS1A	1207	ENSG00000074201	CLNS1A
Gene::5522	PPP2R2C	5522	ENSG00000074211	PPP2R2C
Gene::8463	TEAD2	8463	ENSG00000074219	TEAD2
Gene::8726	EED	8726	ENSG00000074266	EED
Gene::54825	CDHR2	54825	ENSG00000074276	CDHR2
Gene::6620	SNCB	6620	ENSG00000074317	SNCB
Gene::7251	TSG101	7251	ENSG00000074319	TSG101
Gene::55421	C17orf85	55421	ENSG00000074356	NCBP3
Gene::489	ATP2A3	489	ENSG00000074370	ATP2A3
Gene::771	CA12	771	ENSG00000074410	CA12
Gene::11343	MGLL	11343	ENSG00000074416	MGLL
Gene::59277	NTN4	59277	ENSG00000074527	NTN4
Gene::617	BCS1L	617	ENSG00000074582	BCS1L
Gene::9891	NUAK1	9891	ENSG00000074590	NUAK1
Gene::54878	DPP8	54878	ENSG00000074603	DPP8
Gene::9187	SLC24A1	9187	ENSG00000074621	SLC24A1
Gene::55205	ZNF532	55205	ENSG00000074657	ZNF532
Gene::8578	SCARF1	8578	ENSG00000074660	SCARF1
Gene::3998	LMAN1	3998	ENSG00000074695	LMAN1
Gene::51495	HACD3	51495	ENSG00000074696	HACD3
Gene::26034	IPCEF1	26034	ENSG00000074706	IPCEF1
Gene::23140	ZZEF1	23140	ENSG00000074755	ZZEF1
Gene::50508	NOX3	50508	ENSG00000074771	NOX3
Gene::2023	ENO1	2023	ENSG00000074800	ENO1
Gene::6557	SLC12A1	6557	ENSG00000074803	SLC12A1
Gene::56005	MYDGF	56005	ENSG00000074842	MYDGF
Gene::57719	ANO8	57719	ENSG00000074855	ANO8
Gene::51175	TUBE1	51175	ENSG00000074935	TUBE1
Gene::55160	ARHGEF10L	55160	ENSG00000074964	ARHGEF10L
Gene::7294	TXK	7294	ENSG00000074966	TXK
Gene::9671	WSCD2	9671	ENSG00000075035	WSCD2
Gene::3785	KCNQ2	3785	ENSG00000075043	KCNQ2
Gene::6865	TACR2	6865	ENSG00000075073	TACR2
Gene::64431	ACTR6	64431	ENSG00000075089	ACTR6
Gene::54962	TIPIN	54962	ENSG00000075131	TIPIN
Gene::6717	SRI	6717	ENSG00000075142	SRI
Gene::8672	EIF4G3	8672	ENSG00000075151	EIF4G3
Gene::79023	NUP37	79023	ENSG00000075188	NUP37
Gene::10371	SEMA3A	10371	ENSG00000075213	SEMA3A
Gene::51512	GTSE1	51512	ENSG00000075218	GTSE1
Gene::10512	SEMA3C	10512	ENSG00000075223	SEMA3C
Gene::55020	TTC38	55020	ENSG00000075234	TTC38
Gene::38	ACAT1	38	ENSG00000075239	ACAT1
Gene::23151	GRAMD4	23151	ENSG00000075240	GRAMD4
Gene::9620	CELSR1	9620	ENSG00000075275	CELSR1
Gene::7479	WNT8B	7479	ENSG00000075290	WNT8B
Gene::27332	ZNF638	27332	ENSG00000075292	ZNF638
Gene::55972	SLC25A40	55972	ENSG00000075303	SLC25A40
Gene::29090	TIMM21	29090	ENSG00000075336	TIMM21
Gene::119	ADD2	119	ENSG00000075340	ADD2
Gene::2249	FGF4	2249	ENSG00000075388	FGF4
Gene::9462	RASAL2	9462	ENSG00000075391	RASAL2
Gene::9605	VPS9D1	9605	ENSG00000075399	VPS9D1
Gene::7587	ZNF37A	7587	ENSG00000075407	ZNF37A
Gene::4140	MARK3	4140	ENSG00000075413	MARK3
Gene::5250	SLC25A3	5250	ENSG00000075415	SLC25A3
Gene::64778	FNDC3B	64778	ENSG00000075420	FNDC3B
Gene::2355	FOSL2	2355	ENSG00000075426	FOSL2
Gene::27091	CACNG5	27091	ENSG00000075429	CACNG5
Gene::27092	CACNG4	27092	ENSG00000075461	CACNG4
Gene::285527	FRYL	285527	ENSG00000075539	FRYL
Gene::23505	TMEM131	23505	ENSG00000075568	TMEM131
Gene::6624	FSCN1	6624	ENSG00000075618	FSCN1
Gene::60	ACTB	60	ENSG00000075624	ACTB
Gene::55034	MOCOS	55034	ENSG00000075643	MOCOS
Gene::5337	PLD1	5337	ENSG00000075651	PLD1
Gene::479	ATP12A	479	ENSG00000075673	ATP12A
Gene::284403	WDR62	284403	ENSG00000075702	WDR62
Gene::1739	DLG1	1739	ENSG00000075711	DLG1
Gene::7879	RAB7A	7879	ENSG00000075785	RAB7A
Gene::55973	BCAP29	55973	ENSG00000075790	BCAP29
Gene::25956	SEC31B	25956	ENSG00000075826	SEC31B
Gene::9733	SART3	9733	ENSG00000075856	SART3
Gene::55843	ARHGAP15	55843	ENSG00000075884	ARHGAP15
Gene::113457	TUBA3D	113457	ENSG00000075886	TUBA3D
Gene::5076	PAX2	5076	ENSG00000075891	PAX2
Gene::23016	EXOSC7	23016	ENSG00000075914	EXOSC7
Gene::22920	KIFAP3	22920	ENSG00000075945	KIFAP3
Gene::23609	MKRN2	23609	ENSG00000075975	MKRN2
Gene::4175	MCM6	4175	ENSG00000076003	MCM6
Gene::25996	REXO2	25996	ENSG00000076043	REXO2
Gene::10179	RBM7	10179	ENSG00000076053	RBM7
Gene::5939	RBMS2	5939	ENSG00000076067	RBMS2
Gene::11176	BAZ2A	11176	ENSG00000076108	BAZ2A
Gene::25930	PTPN23	25930	ENSG00000076201	PTPN23
Gene::4292	MLH1	4292	ENSG00000076242	MLH1
Gene::7374	UNG	7374	ENSG00000076248	UNG
Gene::2329	FMO4	2329	ENSG00000076258	FMO4
Gene::27252	KLHL20	27252	ENSG00000076321	KLHL20
Gene::8786	RGS11	8786	ENSG00000076344	RGS11
Gene::113235	SLC46A1	113235	ENSG00000076351	SLC46A1
Gene::5362	PLXNA2	5362	ENSG00000076356	PLXNA2
Gene::10615	SPAG5	10615	ENSG00000076382	SPAG5
Gene::88455	ANKRD13A	88455	ENSG00000076513	ANKRD13A
Gene::7163	TPD52	7163	ENSG00000076554	TPD52
Gene::32	ACACB	32	ENSG00000076555	ACACB
Gene::9618	TRAF4	9618	ENSG00000076604	TRAF4
Gene::55824	PAG1	55824	ENSG00000076641	PAG1
Gene::55094	GPATCH1	55094	ENSG00000076650	GPATCH1
Gene::3385	ICAM3	3385	ENSG00000076662	ICAM3
Gene::22978	NT5C2	22978	ENSG00000076685	NT5C2
Gene::4162	MCAM	4162	ENSG00000076706	MCAM
Gene::2239	GPC4	2239	ENSG00000076716	GPC4
Gene::55796	MBNL3	55796	ENSG00000076770	MBNL3
Gene::57662	CAMSAP3	57662	ENSG00000076826	CAMSAP3
Gene::5909	RAP1GAP	5909	ENSG00000076864	RAP1GAP
Gene::56949	XAB2	56949	ENSG00000076924	XAB2
Gene::9138	ARHGEF1	9138	ENSG00000076928	ARHGEF1
Gene::6813	STXBP2	6813	ENSG00000076944	STXBP2
Gene::5609	MAP2K7	5609	ENSG00000076984	MAP2K7
Gene::27231	NMRK2	27231	ENSG00000077009	NMRK2
Gene::8527	DGKD	8527	ENSG00000077044	DGKD
Gene::83992	CTTNBP2	83992	ENSG00000077063	CTTNBP2
Gene::51412	ACTL6B	51412	ENSG00000077080	ACTL6B
Gene::5915	RARB	5915	ENSG00000077092	RARB
Gene::7155	TOP2B	7155	ENSG00000077097	TOP2B
Gene::56889	TM9SF3	56889	ENSG00000077147	TM9SF3
Gene::4791	NFKB2	4791	ENSG00000077150	NFKB2
Gene::29089	UBE2T	29089	ENSG00000077152	UBE2T
Gene::4660	PPP1R12B	4660	ENSG00000077157	PPP1R12B
Gene::54431	DNAJC10	54431	ENSG00000077232	DNAJC10
Gene::2975	GTF3C1	2975	ENSG00000077235	GTF3C1
Gene::3566	IL4R	3566	ENSG00000077238	IL4R
Gene::23032	USP33	23032	ENSG00000077254	USP33
Gene::5063	PAK3	5063	ENSG00000077264	PAK3
Gene::827	CAPN6	827	ENSG00000077274	CAPN6
Gene::1641	DCX	1641	ENSG00000077279	DCX
Gene::6626	SNRPA	6626	ENSG00000077312	SNRPA
Gene::9576	SPAG6	9576	ENSG00000077327	SPAG6
Gene::56915	EXOSC5	56915	ENSG00000077348	EXOSC5
Gene::1781	DYNC1I2	1781	ENSG00000077380	DYNC1I2
Gene::54518	APBB1IP	54518	ENSG00000077420	APBB1IP
Gene::4034	LRCH4	4034	ENSG00000077454	LRCH4
Gene::143684	FAM76B	143684	ENSG00000077458	FAM76B
Gene::51548	SIRT6	51548	ENSG00000077463	SIRT6
Gene::7299	TYR	7299	ENSG00000077498	TYR
Gene::10714	POLD3	10714	ENSG00000077514	POLD3
Gene::88	ACTN2	88	ENSG00000077522	ACTN2
Gene::832	CAPZB	832	ENSG00000077549	CAPZB
Gene::7107	GPR137B	7107	ENSG00000077585	GPR137B
Gene::10003	NAALAD2	10003	ENSG00000077616	NAALAD2
Gene::79960	JADE1	79960	ENSG00000077684	JADE1
Gene::203427	SLC25A43	203427	ENSG00000077713	SLC25A43
Gene::7319	UBE2A	7319	ENSG00000077721	UBE2A
Gene::2260	FGFR1	2260	ENSG00000077782	FGFR1
Gene::8468	FKBP6	8468	ENSG00000077800	FKBP6
Gene::27127	SMC1B	27127	ENSG00000077935	SMC1B
Gene::2192	FBLN1	2192	ENSG00000077942	FBLN1
Gene::8516	ITGA8	8516	ENSG00000077943	ITGA8
Gene::8530	CST7	8530	ENSG00000077984	CST7
Gene::4133	MAP2	4133	ENSG00000078018	MAP2
Gene::9063	PIAS2	9063	ENSG00000078043	PIAS2
Gene::273	AMPH	273	ENSG00000078053	AMPH
Gene::369	ARAF	369	ENSG00000078061	ARAF
Gene::56922	MCCC1	56922	ENSG00000078070	MCCC1
Gene::27074	LAMP3	27074	ENSG00000078081	LAMP3
Gene::2191	FAP	2191	ENSG00000078098	FAP
Gene::10529	NEBL	10529	ENSG00000078114	NEBL
Gene::55331	ACER3	55331	ENSG00000078124	ACER3
Gene::3093	UBE2K	3093	ENSG00000078140	UBE2K
Gene::5289	PIK3C3	5289	ENSG00000078142	PIK3C3
Gene::55728	N4BP2	55728	ENSG00000078177	N4BP2
Gene::57103	TIGAR	57103	ENSG00000078237	TIGAR
Gene::7289	TULP3	7289	ENSG00000078246	TULP3
Gene::8871	SYNJ2	8871	ENSG00000078269	SYNJ2
Gene::108	ADCY2	108	ENSG00000078295	ADCY2
Gene::5527	PPP2R5C	5527	ENSG00000078304	PPP2R5C
Gene::54715	RBFOX1	54715	ENSG00000078328	RBFOX1
Gene::2782	GNB1	2782	ENSG00000078369	GNB1
Gene::3205	HOXA9	3205	ENSG00000078399	HOXA9
Gene::1906	EDN1	1906	ENSG00000078401	EDN1
Gene::8028	MLLT10	8028	ENSG00000078403	MLLT10
Gene::55063	ZCWPW1	55063	ENSG00000078487	ZCWPW1
Gene::117	ADCYAP1R1	117	ENSG00000078549	ADCYAP1R1
Gene::26281	FGF20	26281	ENSG00000078579	FGF20
Gene::27334	P2RY10	27334	ENSG00000078589	P2RY10
Gene::9452	ITM2A	9452	ENSG00000078596	ITM2A
Gene::4898	NRD1	4898	ENSG00000078618	NRDC
Gene::7419	VDAC3	7419	ENSG00000078668	VDAC3
Gene::5108	PCM1	5108	ENSG00000078674	PCM1
Gene::57690	TNRC6C	57690	ENSG00000078687	TNRC6C
Gene::9139	CBFA2T2	9139	ENSG00000078699	CBFA2T2
Gene::1620	BRINP1	1620	ENSG00000078725	BRINP1
Gene::83737	ITCH	83737	ENSG00000078747	ITCH
Gene::27039	PKD2L2	27039	ENSG00000078795	PKD2L2
Gene::58476	TP53INP2	58476	ENSG00000078804	TP53INP2
Gene::51150	SDF4	51150	ENSG00000078808	SDF4
Gene::57644	MYH7B	57644	ENSG00000078814	MYH7B
Gene::80341	BPIFB2	80341	ENSG00000078898	BPIFB2
Gene::7161	TP73	7161	ENSG00000078900	TP73
Gene::54472	TOLLIP	54472	ENSG00000078902	TOLLIP
Gene::51619	UBE2D4	51619	ENSG00000078967	UBE2D4
Gene::27098	CLUL1	27098	ENSG00000079101	CLUL1
Gene::862	RUNX1T1	862	ENSG00000079102	RUNX1T1
Gene::1015	CDH17	1015	ENSG00000079112	CDH17
Gene::9984	THOC1	9984	ENSG00000079134	THOC1
Gene::51661	FKBP7	51661	ENSG00000079150	FKBP7
Gene::114880	OSBPL6	114880	ENSG00000079156	OSBPL6
Gene::6507	SLC1A3	6507	ENSG00000079215	SLC1A3
Gene::7520	XRCC5	7520	ENSG00000079246	XRCC5
Gene::56925	LXN	56925	ENSG00000079257	LXN
Gene::11262	SP140	11262	ENSG00000079263	SP140
Gene::8569	MKNK1	8569	ENSG00000079277	MKNK1
Gene::7145	TNS1	7145	ENSG00000079308	TNS1
Gene::57455	REXO1	57455	ENSG00000079313	REXO1
Gene::56681	SAR1A	56681	ENSG00000079332	SAR1A
Gene::8556	CDC14A	8556	ENSG00000079335	CDC14A
Gene::10411	RAPGEF3	10411	ENSG00000079337	RAPGEF3
Gene::634	CEACAM1	634	ENSG00000079385	CEACAM1
Gene::29843	SENP1	29843	ENSG00000079387	SENP1
Gene::51207	DUSP13	51207	ENSG00000079393	DUSP13B
Gene::23152	CIC	23152	ENSG00000079432	CIC
Gene::3991	LIPE	3991	ENSG00000079435	LIPE
Gene::2222	FDFT1	2222	ENSG00000079459	FDFT1
Gene::5050	PAFAH1B3	5050	ENSG00000079462	PAFAH1B3
Gene::4983	OPHN1	4983	ENSG00000079482	OPHN1
Gene::173	AFM	173	ENSG00000079557	AFM
Gene::3835	KIF22	3835	ENSG00000079616	KIF22
Gene::10590	SCGN	10590	ENSG00000079689	SCGN
Gene::55604	LRRC16A	55604	ENSG00000079691	CARMIL1
Gene::5236	PGM1	5236	ENSG00000079739	PGM1
Gene::1653	DDX1	1653	ENSG00000079785	DDX1
Gene::1785	DNM2	1785	ENSG00000079805	DNM2
Gene::2037	EPB41L2	2037	ENSG00000079819	EPB41L2
Gene::22999	RIMS1	22999	ENSG00000079841	RIMS1
Gene::26002	MOXD1	26002	ENSG00000079931	MOXD1
Gene::8417	STX7	8417	ENSG00000079950	STX7
Gene::11158	RABL2B	11158	ENSG00000079974	RABL2B
Gene::9817	KEAP1	9817	ENSG00000079999	KEAP1
Gene::55510	DDX43	55510	ENSG00000080007	DDX43
Gene::5794	PTPRH	5794	ENSG00000080031	PTPRH
Gene::1638	DCT	1638	ENSG00000080166	DCT
Gene::51006	SLC35C2	51006	ENSG00000080189	SLC35H1
Gene::131544	CRYBG3	131544	ENSG00000080200	CRYBG3
Gene::285220	EPHA6	285220	ENSG00000080224	EPHA6
Gene::6344	SCTR	6344	ENSG00000080293	SCTR
Gene::5991	RFX3	5991	ENSG00000080298	RFX3
Gene::55183	RIF1	55183	ENSG00000080345	RIF1
Gene::23011	RAB21	23011	ENSG00000080371	RAB21
Gene::8671	SLC4A4	8671	ENSG00000080493	SLC4A4
Gene::6595	SMARCA2	6595	ENSG00000080503	SMARCA2
Gene::50700	RDH8	50700	ENSG00000080511	RDH8
Gene::27244	SESN1	27244	ENSG00000080546	SESN1
Gene::11043	MID2	11043	ENSG00000080561	MID2
Gene::139212	PIH1D3	139212	ENSG00000080572	DNAAF6
Gene::50509	COL5A3	50509	ENSG00000080573	COL5A3
Gene::10847	SRCAP	10847	ENSG00000080603	SRCAP
Gene::9933	KIAA0020	9933	ENSG00000080608	PUM3
Gene::1361	CPB2	1361	ENSG00000080618	CPB2
Gene::1136	CHRNA3	1136	ENSG00000080644	CHRNA3
Gene::3781	KCNN2	3781	ENSG00000080709	KCNN2
Gene::4850	CNOT4	4850	ENSG00000080802	CNOT4
Gene::5663	PSEN1	5663	ENSG00000080815	PSEN1
Gene::1371	CPOX	1371	ENSG00000080819	CPOX
Gene::56650	CLDND1	56650	ENSG00000080822	CLDND1
Gene::5891	MOK	5891	ENSG00000080823	MOK
Gene::3320	HSP90AA1	3320	ENSG00000080824	HSP90AA1
Gene::5933	RBL1	5933	ENSG00000080839	RBL1
Gene::22839	DLGAP4	22839	ENSG00000080845	DLGAP4
Gene::22997	IGSF9B	22997	ENSG00000080854	IGSF9B
Gene::3080	CFHR2	3080	ENSG00000080910	CFHR2
Gene::10403	NDC80	10403	ENSG00000080986	NDC80
Gene::23431	AP4E1	23431	ENSG00000081014	AP4E1
Gene::54665	RSBN1	54665	ENSG00000081019	RSBN1
Gene::260425	MAGI3	260425	ENSG00000081026	MAGI3
Gene::2920	CXCL2	2920	ENSG00000081041	CXCL2
Gene::174	AFP	174	ENSG00000081051	AFP
Gene::1286	COL4A4	1286	ENSG00000081052	COL4A4
Gene::6932	TCF7	6932	ENSG00000081059	TCF7
Gene::28962	OSTM1	28962	ENSG00000081087	OSTM1
Gene::1005	CDH7	1005	ENSG00000081138	CDH7
Gene::50939	IMPG2	50939	ENSG00000081148	IMPG2
Gene::57092	PCNP	57092	ENSG00000081154	PCNP
Gene::55218	EXD2	55218	ENSG00000081177	EXD2
Gene::384	ARG2	384	ENSG00000081181	ARG2
Gene::4208	MEF2C	4208	ENSG00000081189	MEF2C
Gene::5788	PTPRC	5788	ENSG00000081237	PTPRC
Gene::779	CACNA1S	779	ENSG00000081248	CACNA1S
Gene::5317	PKP1	5317	ENSG00000081277	PKP1
Gene::79876	UBA5	79876	ENSG00000081307	UBA5
Gene::9262	STK17B	9262	ENSG00000081320	STK17B
Gene::8555	CDC14B	8555	ENSG00000081377	CDC14B
Gene::22869	ZNF510	22869	ENSG00000081386	ZNF510
Gene::4036	LRP2	4036	ENSG00000081479	LRP2
Gene::440515	ZNF506	440515	ENSG00000081665	ZNF506
Gene::65094	JMJD4	65094	ENSG00000081692	JMJD4
Gene::11266	DUSP12	11266	ENSG00000081721	DUSP12
Gene::65985	AACS	65985	ENSG00000081760	AACS
Gene::9812	KIAA0141	9812	ENSG00000081791	DELE1
Gene::6561	SLC13A1	6561	ENSG00000081800	SLC13A1
Gene::93664	CADPS2	93664	ENSG00000081803	CADPS2
Gene::56131	PCDHB4	56131	ENSG00000081818	PCDHB4
Gene::56142	PCDHA6	56142	ENSG00000081842	PCDHA6
Gene::56113	PCDHGA2	56113	ENSG00000081853	PCDHGA2
Gene::51668	HSPB11	51668	ENSG00000081870	IFT25
Gene::23239	PHLPP1	23239	ENSG00000081913	PHLPP1
Gene::5205	ATP8B1	5205	ENSG00000081923	ATP8B1
Gene::3595	IL12RB2	3595	ENSG00000081985	IL12RB2
Gene::6604	SMARCD3	6604	ENSG00000082014	SMARCD3
Gene::55100	WDR70	55100	ENSG00000082068	WDR70
Gene::2533	FYB	2533	ENSG00000082074	FYB1
Gene::58538	MPP4	58538	ENSG00000082126	MPP4
Gene::55437	STRADB	55437	ENSG00000082146	STRADB
Gene::9689	BZW1	9689	ENSG00000082153	BZW1
Gene::5241	PGR	5241	ENSG00000082175	PGR
Gene::114899	C1QTNF3	114899	ENSG00000082196	C1QTNF3
Gene::4200	ME2	4200	ENSG00000082212	ME2
Gene::55322	C5orf22	55322	ENSG00000082213	C5orf22
Gene::905	CCNT2	905	ENSG00000082258	CCNT2
Gene::57579	FAM135A	57579	ENSG00000082269	FAM135A
Gene::1310	COL19A1	1310	ENSG00000082293	COL19A1
Gene::23136	EPB41L3	23136	ENSG00000082397	EPB41L3
Gene::22837	COBLL1	22837	ENSG00000082438	COBLL1
Gene::1741	DLG3	1741	ENSG00000082458	DLG3
Gene::3776	KCNK2	3776	ENSG00000082482	KCNK2
Gene::56256	SERTAD4	56256	ENSG00000082497	SERTAD4
Gene::7188	TRAF5	7188	ENSG00000082512	TRAF5
Gene::29093	MRPL22	29093	ENSG00000082515	MRPL22
Gene::25929	GEMIN5	25929	ENSG00000082516	GEMIN5
Gene::4986	OPRK1	4986	ENSG00000082556	OPRK1
Gene::4779	NFE2L1	4779	ENSG00000082641	NFE2L1
Gene::54437	SEMA5B	54437	ENSG00000082684	SEMA5B
Gene::2932	GSK3B	2932	ENSG00000082701	GSK3B
Gene::3693	ITGB5	3693	ENSG00000082781	ITGB5
Gene::23085	ERC1	23085	ENSG00000082805	ERC1
Gene::7514	XPO1	7514	ENSG00000082898	XPO1
Gene::11342	RNF13	11342	ENSG00000082996	RNF13
Gene::80036	TRPM3	80036	ENSG00000083067	TRPM3
Gene::79728	PALB2	79728	ENSG00000083093	PALB2
Gene::23033	DOPEY1	23033	ENSG00000083097	DOP1A
Gene::57226	LYRM2	57226	ENSG00000083099	LYRM2
Gene::594	BCKDHB	594	ENSG00000083123	BCKDHB
Gene::7994	KAT6A	7994	ENSG00000083168	KAT6A
Gene::79670	ZCCHC6	79670	ENSG00000083223	TUT7
Gene::9706	ULK2	9706	ENSG00000083290	ULK2
Gene::79977	GRHL2	79977	ENSG00000083307	GRHL2
Gene::3842	TNPO1	3842	ENSG00000083312	TNPO1
Gene::5351	PLOD1	5351	ENSG00000083444	PLOD1
Gene::5026	P2RX5	5026	ENSG00000083454	P2RX5
Gene::3682	ITGAE	3682	ENSG00000083457	ITGAE
Gene::22894	DIS3	22894	ENSG00000083520	DIS3
Gene::10464	PIBF1	10464	ENSG00000083535	PIBF1
Gene::81550	TDRD3	81550	ENSG00000083544	TDRD3
Gene::26747	NUFIP1	26747	ENSG00000083635	NUFIP1
Gene::23047	PDS5B	23047	ENSG00000083642	PDS5B
Gene::5019	OXCT1	5019	ENSG00000083720	OXCT1
Gene::10325	RRAGB	10325	ENSG00000083750	RRAGB
Gene::1833	EPYC	1833	ENSG00000083782	EPYC
Gene::1540	CYLD	1540	ENSG00000083799	CYLD
Gene::10998	SLC27A5	10998	ENSG00000083807	SLC27A5
Gene::25799	ZNF324	25799	ENSG00000083812	ZNF324
Gene::79891	ZNF671	79891	ENSG00000083814	ZNF671
Gene::55659	ZNF416	55659	ENSG00000083817	ZNF416
Gene::54807	ZNF586	54807	ENSG00000083828	ZNF586
Gene::55663	ZNF446	55663	ENSG00000083838	ZNF446
Gene::9422	ZNF264	9422	ENSG00000083844	ZNF264
Gene::6193	RPS5	6193	ENSG00000083845	RPS5
Gene::2195	FAT1	2195	ENSG00000083857	FAT1
Gene::91746	YTHDC1	91746	ENSG00000083896	YTHDC1
Gene::25978	CHMP2B	25978	ENSG00000083937	CHMP2B
Gene::64744	SMAP2	64744	ENSG00000084070	SMAP2
Gene::10450	PPIE	10450	ENSG00000084072	PPIE
Gene::10269	ZMPSTE24	10269	ENSG00000084073	ZMPSTE24
Gene::56910	STARD7	56910	ENSG00000084090	STARD7
Gene::84273	NOA1	84273	ENSG00000084092	NOA1
Gene::5978	REST	5978	ENSG00000084093	REST
Gene::3034	HAL	3034	ENSG00000084110	HAL
Gene::54434	SSH1	54434	ENSG00000084112	SSH1
Gene::2950	GSTP1	2950	ENSG00000084207	GSTP1
Gene::334	APLP2	334	ENSG00000084234	APLP2
Gene::57613	KIAA1467	57613	ENSG00000084444	FAM234B
Gene::6579	SLCO1A2	6579	ENSG00000084453	SLCO1A2
Gene::51729	WBP11	51729	ENSG00000084463	WBP11
Gene::8668	EIF3I	8668	ENSG00000084623	EIF3I
Gene::79570	NKAIN1	79570	ENSG00000084628	NKAIN1
Gene::1307	COL16A1	1307	ENSG00000084636	COL16A1
Gene::200081	TXLNA	200081	ENSG00000084652	TXLNA
Gene::338	APOB	338	ENSG00000084674	APOB
Gene::8648	NCOA1	8648	ENSG00000084676	NCOA1
Gene::60509	AGBL5	60509	ENSG00000084693	AGBL5
Gene::22979	EFR3B	22979	ENSG00000084710	EFR3B
Gene::3797	KIF3C	3797	ENSG00000084731	KIF3C
Gene::10890	RAB10	10890	ENSG00000084733	RAB10
Gene::2646	GCKR	2646	ENSG00000084734	GCKR
Gene::3030	HADHA	3030	ENSG00000084754	HADHA
Gene::22924	MAPRE3	22924	ENSG00000084764	MAPRE3
Gene::790	CAD	790	ENSG00000084774	CAD
Gene::966	CD59	966	ENSG00000085063	CD59
Gene::3732	CD82	3732	ENSG00000085117	CD82
Gene::63035	BCORL1	63035	ENSG00000085185	BCORL1
Gene::546	ATRX	546	ENSG00000085224	ATRX
Gene::102157402	AK6	102157402	ENSG00000085231	AK6
Gene::2219	FCN1	2219	ENSG00000085265	FCN1
Gene::55892	MYNN	55892	ENSG00000085274	MYNN
Gene::2122	MECOM	2122	ENSG00000085276	MECOM
Gene::9522	SCAMP1	9522	ENSG00000085365	SCAMP1
Gene::5550	PREP	5550	ENSG00000085377	PREP
Gene::57531	HACE1	57531	ENSG00000085382	HACE1
Gene::81929	SEH1L	81929	ENSG00000085415	SEH1L
Gene::22911	WDR47	22911	ENSG00000085433	WDR47
Gene::57590	WDFY1	57590	ENSG00000085449	WDFY1
Gene::5016	OVGP1	5016	ENSG00000085465	OVGP1
Gene::29957	SLC25A24	29957	ENSG00000085491	SLC25A24
Gene::4216	MAP3K4	4216	ENSG00000085511	MAP3K4
Gene::29992	PILRA	29992	ENSG00000085514	PILRA
Gene::57549	IGSF9	57549	ENSG00000085552	IGSF9
Gene::5243	ABCB1	5243	ENSG00000085563	ABCB1
Gene::7760	ZNF213	7760	ENSG00000085644	ZNF213
Gene::231	AKR1B1	231	ENSG00000085662	AKR1B1
Gene::8895	CPNE3	8895	ENSG00000085719	CPNE3
Gene::54700	RRN3	54700	ENSG00000085721	RRN3
Gene::2017	CTTN	2017	ENSG00000085733	CTTN
Gene::7481	WNT11	7481	ENSG00000085741	WNT11
Gene::4528	MTIF2	4528	ENSG00000085760	MTIF2
Gene::23259	DDHD2	23259	ENSG00000085788	DDHD2
Gene::22996	TTC39A	22996	ENSG00000085831	TTC39A
Gene::2060	EPS15	2060	ENSG00000085832	EPS15
Gene::4998	ORC1	4998	ENSG00000085840	ORC1
Gene::4258	MGST2	4258	ENSG00000085871	MGST2
Gene::10523	CHERP	10523	ENSG00000085872	CHERP
Gene::55054	ATG16L1	55054	ENSG00000085978	ATG16L1
Gene::55230	USP40	55230	ENSG00000085982	USP40
Gene::55624	POMGNT1	55624	ENSG00000085998	POMGNT1
Gene::8438	RAD54L	8438	ENSG00000085999	RAD54L
Gene::23139	MAST2	23139	ENSG00000086015	MAST2
Gene::3301	DNAJA1	3301	ENSG00000086061	DNAJA1
Gene::2683	B4GALT1	2683	ENSG00000086062	B4GALT1
Gene::51510	CHMP5	51510	ENSG00000086065	CHMP5
Gene::4799	NFX1	4799	ENSG00000086102	NFX1
Gene::363	AQP6	363	ENSG00000086159	AQP6
Gene::27292	DIMT1	27292	ENSG00000086189	DIMT1
Gene::51194	IPO11	51194	ENSG00000086200	IPO11
Gene::2346	FOLH1	2346	ENSG00000086205	FOLH1
Gene::27102	EIF2AK1	27102	ENSG00000086232	EIF2AK1
Gene::51314	NME8	51314	ENSG00000086288	NME8
Gene::54749	EPDR1	54749	ENSG00000086289	EPDR1
Gene::29887	SNX10	29887	ENSG00000086300	SNX10
Gene::22929	SEPHS1	22929	ENSG00000086475	SEPHS1
Gene::10573	MRPL28	10573	ENSG00000086504	MRPL28
Gene::3049	HBQ1	3049	ENSG00000086506	HBQ1
Gene::80271	ITPKC	80271	ENSG00000086544	ITPKC
Gene::4680	CEACAM6	4680	ENSG00000086548	CEACAM6
Gene::2196	FAT2	2196	ENSG00000086570	FAT2
Gene::55696	RBM22	55696	ENSG00000086589	RBM22
Gene::10959	TMED2	10959	ENSG00000086598	TMED2
Gene::56605	ERO1LB	56605	ENSG00000086619	ERO1B
Gene::54469	ZFAND6	54469	ENSG00000086666	ZFAND6
Gene::3294	HSD17B2	3294	ENSG00000086696	HSD17B2
Gene::55787	TXLNG	55787	ENSG00000086712	TXLNG
Gene::5475	PPEF1	5475	ENSG00000086717	PPEF1
Gene::7462	LAT2	7462	ENSG00000086730	LAT2
Gene::10075	HUWE1	10075	ENSG00000086758	HUWE1
Gene::9183	ZW10	9183	ENSG00000086827	ZW10
Gene::79796	ALG9	79796	ENSG00000086848	ALG9
Gene::4606	MYBPC2	4606	ENSG00000086967	MYBPC2
Gene::50507	NOX4	50507	ENSG00000086991	NOX4
Gene::8310	ACOX3	8310	ENSG00000087008	ACOX3
Gene::8898	MTMR2	8898	ENSG00000087053	MTMR2
Gene::23645	PPP1R15A	23645	ENSG00000087074	PPP1R15A
Gene::51171	HSD17B14	51171	ENSG00000087076	HSD17B14
Gene::7205	TRIP6	7205	ENSG00000087077	TRIP6
Gene::43	ACHE	43	ENSG00000087085	ACHE
Gene::2512	FTL	2512	ENSG00000087086	FTL
Gene::51593	SRRT	51593	ENSG00000087087	SRRT
Gene::581	BAX	581	ENSG00000087088	BAX
Gene::51701	NLK	51701	ENSG00000087095	NLK
Gene::94005	PIGS	94005	ENSG00000087111	PIGS
Gene::9509	ADAMTS2	9509	ENSG00000087116	ADAMTS2
Gene::28983	TMPRSS11E	28983	ENSG00000087128	TMPRSS11E
Gene::56970	ATXN7L3	56970	ENSG00000087152	ATXN7L3
Gene::9489	PGS1	9489	ENSG00000087157	PGS1
Gene::5705	PSMC5	5705	ENSG00000087191	PSMC5
Gene::51720	UIMC1	51720	ENSG00000087206	UIMC1
Gene::1071	CETP	1071	ENSG00000087237	CETP
Gene::4313	MMP2	4313	ENSG00000087245	MMP2
Gene::4504	MT3	4504	ENSG00000087250	MT3
Gene::54947	LPCAT2	54947	ENSG00000087253	LPCAT2
Gene::2775	GNAO1	2775	ENSG00000087258	GNAO1
Gene::55239	OGFOD1	55239	ENSG00000087263	OGFOD1
Gene::6452	SH3BP2	6452	ENSG00000087266	SH3BP2
Gene::8602	NOP14	8602	ENSG00000087269	NOP14
Gene::118	ADD1	118	ENSG00000087274	ADD1
Gene::79944	L2HGDH	79944	ENSG00000087299	L2HGDH
Gene::57544	TXNDC16	57544	ENSG00000087301	TXNDC16
Gene::51637	C14orf166	51637	ENSG00000087302	RTRAF
Gene::22795	NID2	22795	ENSG00000087303	NID2
Gene::64395	GMCL1	64395	ENSG00000087338	GMCL1
Gene::10992	SF3B2	10992	ENSG00000087365	SF3B2
Gene::57542	KLHL42	57542	ENSG00000087448	KLHL42
Gene::2778	GNAS	2778	ENSG00000087460	GNAS
Gene::10059	DNM1L	10059	ENSG00000087470	DNM1L
Gene::5744	PTHLH	5744	ENSG00000087494	PTHLH
Gene::116154	PHACTR3	116154	ENSG00000087495	PHACTR3
Gene::51290	ERGIC2	51290	ENSG00000087502	ERGIC2
Gene::7022	TFAP2C	7022	ENSG00000087510	TFAP2C
Gene::6790	AURKA	6790	ENSG00000087586	AURKA
Gene::57091	CASS4	57091	ENSG00000087589	CASS4
Gene::8544	PIR	8544	ENSG00000087842	PIR
Gene::28971	AAMDC	28971	ENSG00000087884	AAMDC
Gene::5990	RFX2	5990	ENSG00000087903	RFX2
Gene::339175	METTL2A	339175	ENSG00000087995	METTL2A
Gene::6820	SULT2B1	6820	ENSG00000088002	SULT2B1
Gene::29929	ALG6	29929	ENSG00000088035	ALG6
Gene::4849	CNOT3	4849	ENSG00000088038	CNOT3
Gene::51206	GP6	51206	ENSG00000088053	GP6
Gene::5775	PTPN4	5775	ENSG00000088179	PTPN4
Gene::8886	DDX18	8886	ENSG00000088205	DDX18
Gene::8570	KHSRP	8570	ENSG00000088247	KHSRP
Gene::2767	GNA11	2767	ENSG00000088256	GNA11
Gene::55616	ASAP3	55616	ENSG00000088280	ASAP3
Gene::55741	EDEM2	55741	ENSG00000088298	EDEM2
Gene::1789	DNMT3B	1789	ENSG00000088305	DNMT3B
Gene::28954	REM1	28954	ENSG00000088320	REM1
Gene::22974	TPX2	22974	ENSG00000088325	TPX2
Gene::81572	PDRG1	81572	ENSG00000088356	PDRG1
Gene::2036	EPB41L1	2036	ENSG00000088367	EPB41L1
Gene::6564	SLC15A1	6564	ENSG00000088386	SLC15A1
Gene::23348	DOCK9	23348	ENSG00000088387	DOCK9
Gene::55608	ANKRD10	55608	ENSG00000088448	ANKRD10
Gene::23483	TGDS	23483	ENSG00000088451	TGDS
Gene::1795	DOCK3	1795	ENSG00000088538	DOCK3
Gene::51161	C3orf18	51161	ENSG00000088543	C3orf18
Gene::57017	COQ9	57017	ENSG00000088682	COQ9
Gene::55287	TMEM40	55287	ENSG00000088726	TMEM40
Gene::64147	KIF9	64147	ENSG00000088727	KIF9
Gene::79822	ARHGAP28	79822	ENSG00000088756	ARHGAP28
Gene::54675	CRLS1	54675	ENSG00000088766	CRLS1
Gene::140850	DEFB127	140850	ENSG00000088782	DEFB127
Gene::23368	PPP1R13B	23368	ENSG00000088808	PPP1R13B
Gene::8455	ATRN	8455	ENSG00000088812	ATRN
Gene::54498	SMOX	54498	ENSG00000088826	SMOX
Gene::6614	SIGLEC1	6614	ENSG00000088827	SIGLEC1
Gene::2280	FKBP1A	2280	ENSG00000088832	FKBP1A
Gene::55968	NSFL1C	55968	ENSG00000088833	NSFL1C
Gene::83959	SLC4A11	83959	ENSG00000088836	SLC4A11
Gene::25943	C20orf194	25943	ENSG00000088854	DNAAF9
Gene::79175	ZNF343	79175	ENSG00000088876	ZNF343
Gene::57593	EBF4	57593	ENSG00000088881	EBF4
Gene::56265	CPXM1	56265	ENSG00000088882	CPXM1
Gene::57506	MAVS	57506	ENSG00000088888	MAVS
Gene::9762	LZTS3	9762	ENSG00000088899	LZTS3
Gene::2160	F11	2160	ENSG00000088926	F11
Gene::22803	XRN2	22803	ENSG00000088930	XRN2
Gene::55857	KIZ	55857	ENSG00000088970	KIZ
Gene::8655	DYNLL1	8655	ENSG00000088986	DYNLL1
Gene::54997	TESC	54997	ENSG00000088992	TESC
Gene::27131	SNX5	27131	ENSG00000089006	SNX5
Gene::6128	RPL6	6128	ENSG00000089009	RPL6
Gene::55423	SIRPG	55423	ENSG00000089012	SIRPG
Gene::8550	MAPKAPK5	8550	ENSG00000089022	MAPKAPK5
Gene::5027	P2RX7	5027	ENSG00000089041	P2RX7
Gene::51575	ESF1	51575	ENSG00000089048	ESF1
Gene::10741	RBBP9	10741	ENSG00000089050	RBBP9
Gene::51433	ANAPC5	51433	ENSG00000089053	ANAPC5
Gene::9962	SLC23A2	9962	ENSG00000089057	SLC23A2
Gene::80024	SLC8B1	80024	ENSG00000089060	SLC8B1
Gene::29058	TMEM230	29058	ENSG00000089063	TMEM230
Gene::55184	DZANK1	55184	ENSG00000089091	DZANK1
Gene::84678	KDM2B	84678	ENSG00000089094	KDM2B
Gene::26074	CFAP61	26074	ENSG00000089101	CFAP61
Gene::64211	LHX5	64211	ENSG00000089116	LHX5
Gene::55617	TASP1	55617	ENSG00000089123	TASP1
Gene::4938	OAS1	4938	ENSG00000089127	OAS1
Gene::10985	GCN1L1	10985	ENSG00000089154	GCN1
Gene::6175	RPLP0	6175	ENSG00000089157	RPLP0
Gene::5829	PXN	5829	ENSG00000089159	PXN
Gene::23409	SIRT4	23409	ENSG00000089163	SIRT4
Gene::22895	RPH3A	22895	ENSG00000089169	RPH3A
Gene::55614	KIF16B	55614	ENSG00000089177	KIF16B
Gene::51605	TRMT6	51605	ENSG00000089195	TRMT6
Gene::1114	CHGB	1114	ENSG00000089199	CHGB
Gene::5037	PEBP1	5037	ENSG00000089220	PEBP1
Gene::6910	TBX5	6910	ENSG00000089225	TBX5
Gene::8315	BRAP	8315	ENSG00000089234	BRAP
Gene::10961	ERP29	10961	ENSG00000089248	ERP29
Gene::4842	NOS1	4842	ENSG00000089250	NOS1
Gene::2521	FUS	2521	ENSG00000089280	FUS
Gene::3476	IGBP1	3476	ENSG00000089289	IGBP1
Gene::53827	FXYD5	53827	ENSG00000089327	FXYD5
Gene::55900	ZNF302	55900	ENSG00000089335	ZNF302
Gene::57655	GRAMD1A	57655	ENSG00000089351	GRAMD1A
Gene::5349	FXYD3	5349	ENSG00000089356	FXYD3
Gene::9843	HEPH	9843	ENSG00000089472	HEPH
Gene::29965	CDIP1	29965	ENSG00000089486	CDIP1
Gene::113540	CMTM1	113540	ENSG00000089505	CMTM1
Gene::23415	KCNH4	23415	ENSG00000089558	KCNH4
Gene::23193	GANAB	23193	ENSG00000089597	GANAB
Gene::51291	GMIP	51291	ENSG00000089639	GMIP
Gene::55285	RBM41	55285	ENSG00000089682	RBM41
Gene::332	BIRC5	332	ENSG00000089685	BIRC5
Gene::3902	LAG3	3902	ENSG00000089692	LAG3
Gene::8079	MLF2	8079	ENSG00000089693	MLF2
Gene::78990	OTUB2	78990	ENSG00000089723	OTUB2
Gene::57062	DDX24	57062	ENSG00000089737	DDX24
Gene::7597	ZBTB25	7597	ENSG00000089775	ZBTB25
Gene::25977	NECAP1	25977	ENSG00000089818	NECAP1
Gene::393	ARHGAP4	393	ENSG00000089820	ARHGAP4
Gene::170961	ANKRD24	170961	ENSG00000089847	ANKRD24
Gene::55760	DHX32	55760	ENSG00000089876	DHX32
Gene::23186	RCOR1	23186	ENSG00000089902	RCOR1
Gene::55668	GPATCH2L	55668	ENSG00000089916	GPATCH2L
Gene::8425	LTBP4	8425	ENSG00000090006	LTBP4
Gene::645	BLVRB	645	ENSG00000090013	BLVRB
Gene::6548	SLC9A1	6548	ENSG00000090020	SLC9A1
Gene::10558	SPTLC1	10558	ENSG00000090054	SPTLC1
Gene::10914	PAPOLA	10914	ENSG00000090060	PAPOLA
Gene::8812	CCNK	8812	ENSG00000090061	CCNK
Gene::57060	PCBP4	57060	ENSG00000090097	PCBP4
Gene::5996	RGS1	5996	ENSG00000090104	RGS1
Gene::83719	YPEL3	83719	ENSG00000090238	YPEL3
Gene::51650	MRPS33	51650	ENSG00000090263	MRPS33
Gene::4708	NDUFB2	4708	ENSG00000090266	NDUFB2
Gene::10726	NUDC	10726	ENSG00000090273	NUDC
Gene::10296	MAEA	10296	ENSG00000090316	MAEA
Gene::3383	ICAM1	3383	ENSG00000090339	ICAM1
Gene::29888	STRN4	29888	ENSG00000090372	STRN4
Gene::11213	IRAK3	11213	ENSG00000090376	IRAK3
Gene::4069	LYZ	4069	ENSG00000090382	LYZ
Gene::6476	SI	6476	ENSG00000090402	SI
Gene::79594	MUL1	79594	ENSG00000090432	MUL1
Gene::7023	TFAP4	7023	ENSG00000090447	TFAP4
Gene::10081	PDCD7	10081	ENSG00000090470	PDCD7
Gene::51324	SPG21	51324	ENSG00000090487	SPG21
Gene::26998	FETUB	26998	ENSG00000090512	FETUB
Gene::51726	DNAJB11	51726	ENSG00000090520	DNAJB11
Gene::55214	P3H2	55214	ENSG00000090530	P3H2
Gene::7066	THPO	7066	ENSG00000090534	THPO
Gene::8646	CHRD	8646	ENSG00000090539	CHRD
Gene::2323	FLT3LG	2323	ENSG00000090554	FLT3LG
Gene::9727	RAB11FIP3	9727	ENSG00000090565	RAB11FIP3
Gene::84572	GNPTG	84572	ENSG00000090581	GNPTG
Gene::10795	ZNF268	10795	ENSG00000090612	ZNF268
Gene::2802	GOLGA3	2802	ENSG00000090615	GOLGA3
Gene::8761	PABPC4	8761	ENSG00000090621	PABPC4
Gene::30835	CD209	30835	ENSG00000090659	CD209
Gene::79603	CERS4	79603	ENSG00000090661	CERS4
Gene::57192	MCOLN1	57192	ENSG00000090674	MCOLN1
Gene::84196	USP48	84196	ENSG00000090686	USP48
Gene::1947	EFNB1	1947	ENSG00000090776	EFNB1
Gene::55066	PDPR	55066	ENSG00000090857	PDPR
Gene::16	AARS	16	ENSG00000090861	AARS1
Gene::2734	GLG1	2734	ENSG00000090863	GLG1
Gene::24137	KIF4A	24137	ENSG00000090889	KIF4A
Gene::27327	TNRC6A	27327	ENSG00000090905	TNRC6A
Gene::64857	PLEKHG2	64857	ENSG00000090924	PLEKHG2
Gene::10683	DLL3	10683	ENSG00000090932	DLL3
Gene::57106	NAT14	57106	ENSG00000090971	NAT14
Gene::57605	PITPNM2	57605	ENSG00000090975	PITPNM2
Gene::55763	EXOC1	55763	ENSG00000090989	EXOC1
Gene::54439	RBM27	54439	ENSG00000091009	RBM27
Gene::5459	POU4F3	5459	ENSG00000091010	POU4F3
Gene::114882	OSBPL8	114882	ENSG00000091039	OSBPL8
Gene::113878	DTX2	113878	ENSG00000091073	DTX2
Gene::58484	NLRC4	58484	ENSG00000091106	NLRC4
Gene::54517	PUS7	54517	ENSG00000091127	PUS7
Gene::22798	LAMB4	22798	ENSG00000091128	LAMB4
Gene::4897	NRCAM	4897	ENSG00000091129	NRCAM
Gene::3912	LAMB1	3912	ENSG00000091136	LAMB1
Gene::5172	SLC26A4	5172	ENSG00000091137	SLC26A4
Gene::1811	SLC26A3	1811	ENSG00000091138	SLC26A3
Gene::1738	DLD	1738	ENSG00000091140	DLD
Gene::23335	WDR7	23335	ENSG00000091157	WDR7
Gene::9352	TXNL1	9352	ENSG00000091164	TXNL1
Gene::3568	IL5RA	3568	ENSG00000091181	IL5RA
Gene::368	ABCC6	368	ENSG00000091262	ABCC6
Gene::54918	CMTM6	54918	ENSG00000091317	CMTM6
Gene::3655	ITGA6	3655	ENSG00000091409	ITGA6
Gene::11069	RAPGEF4	11069	ENSG00000091428	RAPGEF4
Gene::51776	ZAK	51776	ENSG00000091436	MAP3K20
Gene::23676	SMPX	23676	ENSG00000091482	SMPX
Gene::2271	FH	2271	ENSG00000091483	FH
Gene::23231	SEL1L3	23231	ENSG00000091490	SEL1L3
Gene::7018	TF	7018	ENSG00000091513	TF
Gene::55573	CDV3	55573	ENSG00000091527	CDV3
Gene::51168	MYO15A	51168	ENSG00000091536	MYO15A
Gene::54890	ALKBH5	54890	ENSG00000091542	ALKBH5
Gene::350	APOH	350	ENSG00000091583	APOH
Gene::22861	NLRP1	22861	ENSG00000091592	NLRP1
Gene::83394	PITPNM3	83394	ENSG00000091622	PITPNM3
Gene::9552	SPAG7	9552	ENSG00000091640	SPAG7
Gene::23594	ORC6	23594	ENSG00000091651	ORC6
Gene::79776	ZFHX4	79776	ENSG00000091656	ZFHX4
Gene::57084	SLC17A6	57084	ENSG00000091664	SLC17A6
Gene::1357	CPA1	1357	ENSG00000091704	CPA1
Gene::51530	ZC3HC1	51530	ENSG00000091732	ZC3HC1
Gene::2099	ESR1	2099	ENSG00000091831	ESR1
Gene::26575	RGS17	26575	ENSG00000091844	RGS17
Gene::285	ANGPT2	285	ENSG00000091879	ANGPT2
Gene::84336	TMEM101	84336	ENSG00000091947	TMEM101
Gene::4345	CD200	4345	ENSG00000091972	CD200
Gene::151887	CCDC80	151887	ENSG00000091986	CCDC80
Gene::1215	CMA1	1215	ENSG00000092009	CMA1
Gene::5720	PSME1	5720	ENSG00000092010	PSME1
Gene::55012	PPP2R3C	55012	ENSG00000092020	PPP2R3C
Gene::54930	HAUS4	54930	ENSG00000092036	HAUS4
Gene::84502	JPH4	84502	ENSG00000092051	JPH4
Gene::4625	MYH7	4625	ENSG00000092054	MYH7
Gene::1053	CEBPE	1053	ENSG00000092067	CEBPE
Gene::23428	SLC7A8	23428	ENSG00000092068	SLC7A8
Gene::55644	OSGEP	55644	ENSG00000092094	OSGEP
Gene::51310	SLC22A17	51310	ENSG00000092096	SLC22A17
Gene::55072	RNF31	55072	ENSG00000092098	RNF31
Gene::23256	SCFD1	23256	ENSG00000092108	SCFD1
Gene::55632	G2E3	55632	ENSG00000092140	G2E3
Gene::25831	HECTD1	25831	ENSG00000092148	HECTD1
Gene::3183	HNRNPC	3183	ENSG00000092199	HNRNPC
Gene::57096	RPGRIP1	57096	ENSG00000092200	RPGRIP1
Gene::11198	SUPT16H	11198	ENSG00000092201	SUPT16H
Gene::9878	TOX4	9878	ENSG00000092203	TOX4
Gene::8487	GEMIN2	8487	ENSG00000092208	GEMIN2
Gene::7051	TGM1	7051	ENSG00000092295	TGM1
Gene::26277	TINF2	26277	ENSG00000092330	TINF2
Gene::1618	DAZL	1618	ENSG00000092345	DAZL
Gene::90665	TBL1Y	90665	ENSG00000092377	TBL1Y
Gene::57556	SEMA6A	57556	ENSG00000092421	SEMA6A
Gene::54822	TRPM7	54822	ENSG00000092439	TRPM7
Gene::7301	TYRO3	7301	ENSG00000092445	TYRO3
Gene::79968	WDR76	79968	ENSG00000092470	WDR76
Gene::825	CAPN3	825	ENSG00000092529	CAPN3
Gene::8773	SNAP23	8773	ENSG00000092531	SNAP23
Gene::6913	TBX15	6913	ENSG00000092607	TBX15
Gene::26227	PHGDH	26227	ENSG00000092621	PHGDH
Gene::1299	COL9A3	1299	ENSG00000092758	COL9A3
Gene::7430	EZR	7430	ENSG00000092820	EZR
Gene::4637	MYL6	4637	ENSG00000092841	MYL6
Gene::26523	AGO1	26523	ENSG00000092847	AGO1
Gene::27285	TEKT2	27285	ENSG00000092850	TEKT2
Gene::63967	CLSPN	63967	ENSG00000092853	CLSPN
Gene::117584	RFFL	117584	ENSG00000092871	RFFL
Gene::201294	UNC13D	201294	ENSG00000092929	UNC13D
Gene::79157	MFSD11	79157	ENSG00000092931	MFSD11
Gene::1808	DPYSL2	1808	ENSG00000092964	DPYSL2
Gene::7042	TGFB2	7042	ENSG00000092969	TGFB2
Gene::55105	GPATCH2	55105	ENSG00000092978	GPATCH2
Gene::10762	NUP50	10762	ENSG00000093000	NUP50
Gene::8318	CDC45	8318	ENSG00000093009	CDC45
Gene::1312	COMT	1312	ENSG00000093010	COMT
Gene::51816	CECR1	51816	ENSG00000093072	ADA2
Gene::55350	VNN3	55350	ENSG00000093134	VNN3P
Gene::55862	ECHDC1	55862	ENSG00000093144	ECHDC1
Gene::9209	LRRFIP2	9209	ENSG00000093167	LRRFIP2
Gene::9117	SEC22C	9117	ENSG00000093183	SEC22C
Gene::9942	XYLB	9942	ENSG00000093217	XYLB
Gene::10013	HDAC6	10013	ENSG00000094631	HDAC6
Gene::126370	OR1I1	126370	ENSG00000094661	OR1I1
Gene::2568	GABRP	2568	ENSG00000094755	GABRP
Gene::3881	KRT31	3881	ENSG00000094796	KRT31
Gene::990	CDC6	990	ENSG00000094804	CDC6
Gene::139596	UPRT	139596	ENSG00000094841	UPRT
Gene::8697	CDC23	8697	ENSG00000094880	CDC23
Gene::8086	AAAS	8086	ENSG00000094914	AAAS
Gene::23468	CBX5	23468	ENSG00000094916	CBX5
Gene::2327	FMO2	2327	ENSG00000094963	FMO2
Gene::51430	SUCO	51430	ENSG00000094975	SUCO
Gene::4436	MSH2	4436	ENSG00000095002	MSH2
Gene::4214	MAP3K1	4214	ENSG00000095015	MAP3K1
Gene::1725	DHPS	1725	ENSG00000095059	DHPS
Gene::29911	HOOK2	29911	ENSG00000095066	HOOK2
Gene::120400	NXPE1	120400	ENSG00000095110	NXPE1
Gene::372	ARCN1	372	ENSG00000095139	ARCN1
Gene::54566	EPB41L4B	54566	ENSG00000095203	EPB41L4B
Gene::55151	TMEM38B	55151	ENSG00000095209	TMEM38B
Gene::5711	PSMD5	5711	ENSG00000095261	PSMD5
Gene::5742	PTGS1	5742	ENSG00000095303	PTGS1
Gene::23511	NUP188	23511	ENSG00000095319	NUP188
Gene::1384	CRAT	1384	ENSG00000095321	CRAT
Gene::10044	SH2D3C	10044	ENSG00000095370	SH2D3C
Gene::54187	NANS	54187	ENSG00000095380	NANS
Gene::55357	TBC1D2	55357	ENSG00000095383	TBC1D2
Gene::25861	DFNB31	25861	ENSG00000095397	WHRN
Gene::5146	PDE6C	5146	ENSG00000095464	PDE6C
Gene::55280	CWF19L1	55280	ENSG00000095485	CWF19L1
Gene::57715	SEMA4G	57715	ENSG00000095539	SEMA4G
Gene::9044	BTAF1	9044	ENSG00000095564	BTAF1
Gene::64376	IKZF5	64376	ENSG00000095574	IKZF5
Gene::29760	BLNK	29760	ENSG00000095585	BLNK
Gene::7093	TLL2	7093	ENSG00000095587	TLL2
Gene::1592	CYP26A1	1592	ENSG00000095596	CYP26A1
Gene::56165	TDRD1	56165	ENSG00000095627	TDRD1
Gene::10580	SORBS1	10580	ENSG00000095637	SORBS1
Gene::55118	CRTAC1	55118	ENSG00000095713	CRTAC1
Gene::25805	BAMBI	25805	ENSG00000095739	BAMBI
Gene::3589	IL11	3589	ENSG00000095752	IL11
Gene::53904	MYO3A	53904	ENSG00000095777	MYO3A
Gene::51322	WAC	51322	ENSG00000095787	WAC
Gene::1390	CREM	1390	ENSG00000095794	CREM
Gene::10101	NUBP2	10101	ENSG00000095906	NUBP2
Gene::23430	TPSD1	23430	ENSG00000095917	TPSD1
Gene::284422	SMIM24	284422	ENSG00000095932	SMIM24
Gene::3096	HIVEP1	3096	ENSG00000095951	HIVEP1
Gene::54209	TREM2	54209	ENSG00000095970	TREM2
Gene::83795	KCNK16	83795	ENSG00000095981	KCNK16
Gene::10321	CRISP3	10321	ENSG00000096006	CRISP3
Gene::2289	FKBP5	2289	ENSG00000096060	FKBP5
Gene::6732	SRPK1	6732	ENSG00000096063	SRPK1
Gene::27154	BRPF3	27154	ENSG00000096070	BRPF3
Gene::55168	MRPS18A	55168	ENSG00000096080	MRPS18A
Gene::5225	PGC	5225	ENSG00000096088	PGC
Gene::28978	TMEM14A	28978	ENSG00000096092	TMEM14A
Gene::114327	EFHC1	114327	ENSG00000096093	EFHC1
Gene::9436	NCR2	9436	ENSG00000096264	NCR2
Gene::3326	HSP90AB1	3326	ENSG00000096384	HSP90AB1
Gene::4295	MLN	4295	ENSG00000096395	MLN
Gene::988	CDC5L	988	ENSG00000096401	CDC5L
Gene::3710	ITPR3	3710	ENSG00000096433	ITPR3
Gene::7738	ZNF184	7738	ENSG00000096654	ZNF184
Gene::1832	DSP	1832	ENSG00000096696	DSP
Gene::23411	SIRT1	23411	ENSG00000096717	SIRT1
Gene::3189	HNRNPH3	3189	ENSG00000096746	HNRNPH3
Gene::80173	IFT74	80173	ENSG00000096872	IFT74
Gene::3717	JAK2	3717	ENSG00000096968	JAK2
Gene::3594	IL12RB1	3594	ENSG00000096996	IL12RB1
Gene::25	ABL1	25	ENSG00000097007	ABL1
Gene::11332	ACOT7	11332	ENSG00000097021	ACOT7
Gene::51100	SH3GLB1	51100	ENSG00000097033	SH3GLB1
Gene::8317	CDC7	8317	ENSG00000097046	CDC7
Gene::84144	SYDE2	84144	ENSG00000097096	SYDE2
Gene::5125	PCSK5	5125	ENSG00000099139	PCSK5
Gene::6319	SCD	6319	ENSG00000099194	SCD
Gene::11018	TMED1	11018	ENSG00000099203	TMED1
Gene::3983	ABLIM1	3983	ENSG00000099204	ABLIM1
Gene::79956	ERMP1	79956	ENSG00000099219	ERMP1
Gene::22931	RAB18	22931	ENSG00000099246	RAB18
Gene::8829	NRP1	8829	ENSG00000099250	NRP1
Gene::56952	PRTFDC1	56952	ENSG00000099256	PRTFDC1
Gene::54873	PALMD	54873	ENSG00000099260	PALMD
Gene::23555	TSPAN15	23555	ENSG00000099282	TSPAN15
Gene::55506	H2AFY2	55506	ENSG00000099284	MACROH2A2
Gene::387680	FAM21A	387680	ENSG00000099290	WASHC2A
Gene::23031	MAST3	23031	ENSG00000099308	MAST3
Gene::7593	MZF1	7593	ENSG00000099326	MZF1
Gene::79629	OCEL1	79629	ENSG00000099330	OCEL1
Gene::4650	MYO9B	4650	ENSG00000099331	MYO9B
Gene::9424	KCNK6	9424	ENSG00000099337	KCNK6
Gene::57828	CATSPERG	57828	ENSG00000099338	CATSPERG
Gene::5714	PSMD8	5714	ENSG00000099341	PSMD8
Gene::54620	FBXL19	54620	ENSG00000099364	FBXL19
Gene::112755	STX1B	112755	ENSG00000099365	STX1B
Gene::80270	HSD3B7	80270	ENSG00000099377	HSD3B7
Gene::9739	SETD1A	9739	ENSG00000099381	SETD1A
Gene::9274	BCL7C	9274	ENSG00000099385	BCL7C
Gene::4113	MAGEB2	4113	ENSG00000099399	MAGEB2
Gene::1943	EFNA2	1943	ENSG00000099617	EFNA2
Gene::1153	CIRBP	1153	ENSG00000099622	CIRBP
Gene::513	ATP5D	513	ENSG00000099624	ATP5F1D
Gene::255057	C19orf26	255057	ENSG00000099625	CBARP
Gene::83259	PCDH11Y	83259	ENSG00000099715	PCDH11Y
Gene::266	AMELY	266	ENSG00000099721	AMELY
Gene::3483	IGFALS	3483	ENSG00000099769	IGFALS
Gene::4670	HNRNPM	4670	ENSG00000099783	HNRNPM
Gene::51257	MARCH2	51257	ENSG00000099785	MARCHF2
Gene::4713	NDUFB7	4713	ENSG00000099795	NDUFB7
Gene::9524	TECR	9524	ENSG00000099797	TECR
Gene::26517	TIMM13	26517	ENSG00000099800	TIMM13
Gene::997	CDC34	997	ENSG00000099804	CDC34
Gene::4507	MTAP	4507	ENSG00000099810	MTAP
Gene::126353	MISP	126353	ENSG00000099812	MISP
Gene::283638	CEP170B	283638	ENSG00000099814	CEP170B
Gene::5434	POLR2E	5434	ENSG00000099817	POLR2E
Gene::5442	POLRMT	5442	ENSG00000099821	POLRMT
Gene::610	HCN2	610	ENSG00000099822	HCN2
Gene::53841	CDHR5	53841	ENSG00000099834	CDHR5
Gene::113177	IZUMO4	113177	ENSG00000099840	IZUMO4
Gene::8045	RASSF7	8045	ENSG00000099849	RASSF7
Gene::4616	GADD45B	4616	ENSG00000099860	GADD45B
Gene::5064	PALM	5064	ENSG00000099864	PALM
Gene::8174	MADCAM1	8174	ENSG00000099866	MADCAM1
Gene::2872	MKNK2	2872	ENSG00000099875	MKNK2
Gene::421	ARVCF	421	ENSG00000099889	ARVCF
Gene::27037	TRMT2A	27037	ENSG00000099899	TRMT2A
Gene::5902	RANBP1	5902	ENSG00000099901	RANBP1
Gene::29801	ZDHHC8	29801	ENSG00000099904	ZDHHC8
Gene::84861	KLHL22	84861	ENSG00000099910	KLHL22
Gene::51586	MED15	51586	ENSG00000099917	MED15
Gene::3053	SERPIND1	3053	ENSG00000099937	SERPIND1
Gene::9342	SNAP29	9342	ENSG00000099940	SNAP29
Gene::1399	CRKL	1399	ENSG00000099942	CRKL
Gene::8216	LZTR1	8216	ENSG00000099949	LZTR1
Gene::4320	MMP11	4320	ENSG00000099953	MMP11
Gene::27443	CECR2	27443	ENSG00000099954	CECR2
Gene::6598	SMARCB1	6598	ENSG00000099956	SMARCB1
Gene::9127	P2RX6	9127	ENSG00000099957	P2RX6
Gene::91319	DERL3	91319	ENSG00000099958	DERL3
Gene::6545	SLC7A4	6545	ENSG00000099960	SLC7A4
Gene::23786	BCL2L13	23786	ENSG00000099968	BCL2L13
Gene::100037417	DDTL	100037417	ENSG00000099974	DDTL
Gene::1652	DDT	1652	ENSG00000099977	DDT
Gene::2953	GSTT2	2953	ENSG00000099984	GSTT2
Gene::5008	OSM	5008	ENSG00000099985	OSM
Gene::23523	CABIN1	23523	ENSG00000099991	CABIN1
Gene::83874	TBC1D10A	83874	ENSG00000099992	TBC1D10A
Gene::56241	SUSD2	56241	ENSG00000099994	SUSD2
Gene::10291	SF3A1	10291	ENSG00000099995	SF3A1
Gene::2687	GGT5	2687	ENSG00000099998	GGT5
Gene::200312	RNF215	200312	ENSG00000099999	RNF215
Gene::23541	SEC14L2	23541	ENSG00000100003	SEC14L2
Gene::266629	SEC14L3	266629	ENSG00000100012	SEC14L3
Gene::23384	SPECC1L	23384	ENSG00000100014	SPECC1L
Gene::23759	PPIL2	23759	ENSG00000100023	PPIL2
Gene::51733	UPB1	51733	ENSG00000100024	UPB1
Gene::29799	YPEL1	29799	ENSG00000100027	YPEL1
Gene::6634	SNRPD3	6634	ENSG00000100028	SNRPD3
Gene::23481	PES1	23481	ENSG00000100029	PES1
Gene::5594	MAPK1	5594	ENSG00000100030	MAPK1
Gene::2678	GGT1	2678	ENSG00000100031	GGT1
Gene::5625	PRODH	5625	ENSG00000100033	PRODH
Gene::9647	PPM1F	9647	ENSG00000100034	PPM1F
Gene::339665	SLC35E4	339665	ENSG00000100036	SLC35E4
Gene::8940	TOP3B	8940	ENSG00000100038	TOP3B
Gene::1417	CRYBB3	1417	ENSG00000100053	CRYBB3
Gene::27128	CYTH4	27128	ENSG00000100055	CYTH4
Gene::8220	DGCR14	8220	ENSG00000100056	ESS2
Gene::4242	MFNG	4242	ENSG00000100060	MFNG
Gene::29775	CARD10	29775	ENSG00000100065	CARD10
Gene::91355	LRP5L	91355	ENSG00000100068	LRP5L
Gene::6576	SLC25A1	6576	ENSG00000100075	SLC25A1
Gene::157	ADRBK2	157	ENSG00000100077	GRK3
Gene::50487	PLA2G3	50487	ENSG00000100078	PLA2G3
Gene::3957	LGALS2	3957	ENSG00000100079	LGALS2
Gene::26088	GGA1	26088	ENSG00000100083	GGA1
Gene::7290	HIRA	7290	ENSG00000100084	HIRA
Gene::23616	SH3BP1	23616	ENSG00000100092	SH3BP1
Gene::23544	SEZ6L	23544	ENSG00000100095	SEZ6L
Gene::3956	LGALS1	3956	ENSG00000100097	LGALS1
Gene::89781	HPS4	89781	ENSG00000100099	HPS4
Gene::113791	PIK3IP1	113791	ENSG00000100100	PIK3IP1
Gene::402055	SRRD	402055	ENSG00000100104	SRRD
Gene::23598	PATZ1	23598	ENSG00000100105	PATZ1
Gene::11078	TRIOBP	11078	ENSG00000100106	TRIOBP
Gene::24144	TFIP11	24144	ENSG00000100109	TFIP11
Gene::23464	GCAT	23464	ENSG00000100116	GCAT
Gene::91227	GGTLC2	91227	ENSG00000100121	GGTLC2
Gene::1414	CRYBB1	1414	ENSG00000100122	CRYBB1
Gene::129138	ANKRD54	129138	ENSG00000100124	ANKRD54
Gene::51386	EIF3L	51386	ENSG00000100129	EIF3L
Gene::4809	NHP2L1	4809	ENSG00000100138	SNU13
Gene::85377	MICALL1	85377	ENSG00000100139	MICALL1
Gene::5435	POLR2F	5435	ENSG00000100142	POLR2F
Gene::6663	SOX10	6663	ENSG00000100146	SOX10
Gene::79879	CCDC134	79879	ENSG00000100147	CCDC134
Gene::9681	DEPDC5	9681	ENSG00000100150	DEPDC5
Gene::9463	PICK1	9463	ENSG00000100151	PICK1
Gene::23331	TTC28	23331	ENSG00000100154	TTC28
Gene::23539	SLC16A8	23539	ENSG00000100156	SLC16A8
Gene::79019	CENPM	79019	ENSG00000100162	CENPM
Gene::55964	SEPT3	55964	ENSG00000100167	SEPTIN3
Gene::6523	SLC5A1	6523	ENSG00000100170	SLC5A1
Gene::6527	SLC5A4	6527	ENSG00000100191	SLC5A4
Gene::11015	KDELR3	11015	ENSG00000100196	KDELR3
Gene::1565	CYP2D6	1565	ENSG00000100197	CYP2D6
Gene::10521	DDX17	10521	ENSG00000100201	DDX17
Gene::11144	DMC1	11144	ENSG00000100206	DMC1
Gene::6942	TCF20	6942	ENSG00000100207	TCF20
Gene::150274	HSCB	150274	ENSG00000100209	HSCB
Gene::25776	CBY1	25776	ENSG00000100211	CBY1
Gene::56993	TOMM22	56993	ENSG00000100216	TOMM22
Gene::27156	RSPH14	27156	ENSG00000100218	RSPH14
Gene::7494	XBP1	7494	ENSG00000100219	XBP1
Gene::51493	RTCB	51493	ENSG00000100220	RTCB
Gene::9929	JOSD1	9929	ENSG00000100221	JOSD1
Gene::25793	FBXO7	25793	ENSG00000100225	FBXO7
Gene::9567	GTPBP1	9567	ENSG00000100226	GTPBP1
Gene::84271	POLDIP3	84271	ENSG00000100227	POLDIP3
Gene::9609	RAB36	9609	ENSG00000100228	RAB36
Gene::7078	TIMP3	7078	ENSG00000100234	TIMP3
Gene::9701	PPP6R2	9701	ENSG00000100239	PPP6R2
Gene::6305	SBF1	6305	ENSG00000100241	SBF1
Gene::25777	SUN2	25777	ENSG00000100242	SUN2
Gene::1727	CYB5R3	1727	ENSG00000100243	CYB5R3
Gene::10126	DNAL4	10126	ENSG00000100246	DNAL4
Gene::25770	C22orf31	25770	ENSG00000100249	C22orf31
Gene::55586	MIOX	55586	ENSG00000100253	MIOX
Gene::91289	LMF2	91289	ENSG00000100258	LMF2
Gene::25807	RHBDD3	25807	ENSG00000100263	RHBDD3
Gene::11252	PACSIN2	11252	ENSG00000100266	PACSIN2
Gene::25809	TTLL1	25809	ENSG00000100271	TTLL1
Gene::10633	RASL10A	10633	ENSG00000100276	RASL10A
Gene::162	AP1B1	162	ENSG00000100280	AP1B1
Gene::10042	HMGXB4	10042	ENSG00000100281	HMGXB4
Gene::10043	TOM1	10043	ENSG00000100284	TOM1
Gene::4744	NEFH	4744	ENSG00000100285	NEFH
Gene::1120	CHKB	1120	ENSG00000100288	CHKB
Gene::638	BIK	638	ENSG00000100290	BIK
Gene::3162	HMOX1	3162	ENSG00000100292	HMOX1
Gene::27349	MCAT	27349	ENSG00000100294	MCAT
Gene::8563	THOC5	8563	ENSG00000100296	THOC5
Gene::4174	MCM5	4174	ENSG00000100297	MCM5
Gene::164668	APOBEC3H	164668	ENSG00000100298	APOBEC3H
Gene::410	ARSA	410	ENSG00000100299	ARSA
Gene::706	TSPO	706	ENSG00000100300	TSPO
Gene::23551	RASD2	23551	ENSG00000100302	RASD2
Gene::23170	TTLL12	23170	ENSG00000100304	TTLL12
Gene::23492	CBX7	23492	ENSG00000100307	CBX7
Gene::5155	PDGFB	5155	ENSG00000100311	PDGFB
Gene::49	ACR	49	ENSG00000100312	ACR
Gene::164633	CABP7	164633	ENSG00000100314	CABP7
Gene::6122	RPL3	6122	ENSG00000100316	RPL3
Gene::55954	ZMAT5	55954	ENSG00000100319	ZMAT5
Gene::23543	RBFOX2	23543	ENSG00000100320	RBFOX2
Gene::9145	SYNGR1	9145	ENSG00000100321	SYNGR1
Gene::10454	TAB1	10454	ENSG00000100324	TAB1
Gene::84164	ASCC2	84164	ENSG00000100325	ASCC2
Gene::8897	MTMR3	8897	ENSG00000100330	MTMR3
Gene::54471	MIEF1	54471	ENSG00000100335	MIEF1
Gene::80832	APOL4	80832	ENSG00000100336	APOL4
Gene::150379	PNPLA5	150379	ENSG00000100341	PNPLA5
Gene::8542	APOL1	8542	ENSG00000100342	APOL1
Gene::80339	PNPLA3	80339	ENSG00000100344	PNPLA3
Gene::4627	MYH9	4627	ENSG00000100345	MYH9
Gene::8911	CACNA1I	8911	ENSG00000100346	CACNA1I
Gene::25813	SAMM50	25813	ENSG00000100347	SAMM50
Gene::25828	TXN2	25828	ENSG00000100348	TXN2
Gene::80020	FOXRED2	80020	ENSG00000100350	FOXRED2
Gene::9402	GRAP2	9402	ENSG00000100351	GRAP2
Gene::8664	EIF3D	8664	ENSG00000100353	EIF3D
Gene::23112	TNRC6B	23112	ENSG00000100354	TNRC6B
Gene::27352	SGSM3	27352	ENSG00000100359	SGSM3
Gene::11020	IFT27	11020	ENSG00000100360	IFT27
Gene::5816	PVALB	5816	ENSG00000100362	PVALB
Gene::23313	KIAA0930	23313	ENSG00000100364	KIAA0930
Gene::4689	NCF4	4689	ENSG00000100365	NCF4
Gene::1439	CSF2RB	1439	ENSG00000100368	CSF2RB
Gene::10478	SLC25A17	10478	ENSG00000100372	SLC25A17
Gene::7380	UPK3A	7380	ENSG00000100373	UPK3A
Gene::55007	FAM118A	55007	ENSG00000100376	SIRAL2
Gene::79734	KCTD17	79734	ENSG00000100379	KCTD17
Gene::6767	ST13	6767	ENSG00000100380	ST13
Gene::3560	IL2RB	3560	ENSG00000100385	IL2RB
Gene::9978	RBX1	9978	ENSG00000100387	RBX1
Gene::2033	EP300	2033	ENSG00000100393	EP300
Gene::83746	L3MBTL2	83746	ENSG00000100395	L3MBTL2
Gene::150356	CHADL	150356	ENSG00000100399	CHADL
Gene::5905	RANGAP1	5905	ENSG00000100401	RANGAP1
Gene::23264	ZC3H7B	23264	ENSG00000100403	ZC3H7B
Gene::84844	PHF5A	84844	ENSG00000100410	PHF5A
Gene::50	ACO2	50	ENSG00000100412	ACO2
Gene::171568	POLR3H	171568	ENSG00000100413	POLR3H
Gene::55687	TRMU	55687	ENSG00000100416	TRMU
Gene::5372	PMM1	5372	ENSG00000100417	PMM1
Gene::27351	DESI1	27351	ENSG00000100418	DESI1
Gene::64781	CERK	64781	ENSG00000100422	CERK
Gene::23774	BRD1	23774	ENSG00000100425	BRD1
Gene::9889	ZBED4	9889	ENSG00000100426	ZBED4
Gene::23209	MLC1	23209	ENSG00000100427	MLC1
Gene::83933	HDAC10	83933	ENSG00000100429	HDAC10
Gene::54207	KCNK10	54207	ENSG00000100433	KCNK10
Gene::63874	ABHD4	63874	ENSG00000100439	ABHD4
Gene::23351	KHNYN	23351	ENSG00000100441	KHNYN
Gene::2287	FKBP3	2287	ENSG00000100442	FKBP3
Gene::56948	SDR39U1	56948	ENSG00000100445	SDR39U1
Gene::1511	CTSG	1511	ENSG00000100448	CTSG
Gene::2999	GZMH	2999	ENSG00000100450	GZMH
Gene::3002	GZMB	3002	ENSG00000100453	GZMB
Gene::55147	RBM23	55147	ENSG00000100461	RBM23
Gene::10419	PRMT5	10419	ENSG00000100462	PRMT5
Gene::1690	COCH	1690	ENSG00000100473	COCH
Gene::11154	AP4S1	11154	ENSG00000100478	AP4S1
Gene::5427	POLE2	5427	ENSG00000100479	POLE2
Gene::79609	VCPKMT	79609	ENSG00000100483	VCPKMT
Gene::6655	SOS2	6655	ENSG00000100485	SOS2
Gene::8814	CDKL1	8814	ENSG00000100490	CDKL1
Gene::51199	NIN	51199	ENSG00000100503	NIN
Gene::5836	PYGL	5836	ENSG00000100504	PYGL
Gene::114088	TRIM9	114088	ENSG00000100505	TRIM9
Gene::5706	PSMC6	5706	ENSG00000100519	PSMC6
Gene::64841	GNPNAT1	64841	ENSG00000100522	GNPNAT1
Gene::80821	DDHD1	80821	ENSG00000100523	DDHD1
Gene::1033	CDKN3	1033	ENSG00000100526	CDKN3
Gene::10175	CNIH1	10175	ENSG00000100528	CNIH1
Gene::10668	CGRRF1	10668	ENSG00000100532	CGRRF1
Gene::51382	ATP6V1D	51382	ENSG00000100554	ATP6V1D
Gene::55195	C14orf105	55195	ENSG00000100557	CCDC198
Gene::26499	PLEK2	26499	ENSG00000100558	PLEK2
Gene::5283	PIGH	5283	ENSG00000100564	PIGH
Gene::145497	LRRC74A	145497	ENSG00000100565	LRRC74A
Gene::5684	PSMA3	5684	ENSG00000100567	PSMA3
Gene::10490	VTI1B	10490	ENSG00000100568	VTI1B
Gene::26520	TIMM9	26520	ENSG00000100575	TIMM9
Gene::2954	GSTZ1	2954	ENSG00000100577	GSTZ1
Gene::9786	KIAA0586	9786	ENSG00000100578	KIAA0586
Gene::283578	TMED8	283578	ENSG00000100580	TMED8
Gene::161394	SAMD15	161394	ENSG00000100583	SAMD15
Gene::10598	AHSA1	10598	ENSG00000100591	AHSA1
Gene::23002	DAAM1	23002	ENSG00000100592	DAAM1
Gene::145501	ISM2	145501	ENSG00000100593	ISM2
Gene::9517	SPTLC2	9517	ENSG00000100596	SPTLC2
Gene::79890	RIN3	79890	ENSG00000100599	RIN3
Gene::5641	LGMN	5641	ENSG00000100600	LGMN
Gene::8846	ALKBH1	8846	ENSG00000100601	ALKBH1
Gene::22938	SNW1	22938	ENSG00000100603	SNW1
Gene::1113	CHGA	1113	ENSG00000100604	CHGA
Gene::3705	ITPK1	3705	ENSG00000100605	ITPK1
Gene::51635	DHRS7	51635	ENSG00000100612	DHRS7
Gene::5494	PPM1A	5494	ENSG00000100614	PPM1A
Gene::51804	SIX4	51804	ENSG00000100625	SIX4
Gene::57452	GALNT16	57452	ENSG00000100626	GALNT16
Gene::51676	ASB2	51676	ENSG00000100628	ASB2
Gene::145508	CEP128	145508	ENSG00000100629	CEP128
Gene::2079	ERH	2079	ENSG00000100632	ERH
Gene::3091	HIF1A	3091	ENSG00000100644	HIF1A
Gene::9766	SUSD6	9766	ENSG00000100647	SUSD6
Gene::6430	SRSF5	6430	ENSG00000100650	SRSF5
Gene::6554	SLC10A1	6554	ENSG00000100652	SLC10A1
Gene::1983	EIF5	1983	ENSG00000100664	EIF5
Gene::5267	SERPINA4	5267	ENSG00000100665	SERPINA4
Gene::6547	SLC8A3	6547	ENSG00000100678	SLC8A3
Gene::23405	DICER1	23405	ENSG00000100697	DICER1
Gene::79038	ZFYVE21	79038	ENSG00000100711	ZFYVE21
Gene::4522	MTHFD1	4522	ENSG00000100714	MTHFD1
Gene::8115	TCL1A	8115	ENSG00000100721	TCL1A
Gene::79882	ZC3H14	79882	ENSG00000100722	ZC3H14
Gene::9894	TELO2	9894	ENSG00000100726	TELO2
Gene::22990	PCNX	22990	ENSG00000100731	PCNX1
Gene::623	BDKRB1	623	ENSG00000100739	BDKRB1
Gene::51527	GSKIP	51527	ENSG00000100744	GSKIP
Gene::7443	VRK1	7443	ENSG00000100749	VRK1
Gene::5700	PSMC1	5700	ENSG00000100764	PSMC1
Gene::89932	PAPLN	89932	ENSG00000100767	PAPLN
Gene::9252	RPS6KA5	9252	ENSG00000100784	RPS6KA5
Gene::55671	SMEK1	55671	ENSG00000100796	PPP4R3A
Gene::60686	C14orf93	60686	ENSG00000100802	C14orf93
Gene::5693	PSMB5	5693	ENSG00000100804	PSMB5
Gene::7528	YY1	7528	ENSG00000100811	YY1
Gene::22985	ACIN1	22985	ENSG00000100813	ACIN1
Gene::57820	CCNB1IP1	57820	ENSG00000100814	CCNB1IP1
Gene::9321	TRIP11	9321	ENSG00000100815	TRIP11
Gene::328	APEX1	328	ENSG00000100823	APEX1
Gene::8106	PABPN1	8106	ENSG00000100836	PABPN1
Gene::10278	EFS	10278	ENSG00000100842	EFS
Gene::394	ARHGAP5	394	ENSG00000100852	ARHGAP5
Gene::51550	CINP	51550	ENSG00000100865	CINP
Gene::10202	DHRS2	10202	ENSG00000100867	DHRS2
Gene::6729	SRP54	6729	ENSG00000100883	SRP54
Gene::9362	CPNE6	9362	ENSG00000100884	CPNE6
Gene::57680	CHD8	57680	ENSG00000100888	CHD8
Gene::5106	PCK2	5106	ENSG00000100889	PCK2
Gene::9692	KIAA0391	9692	ENSG00000100890	PRORP
Gene::80344	DCAF11	80344	ENSG00000100897	DCAF11
Gene::5687	PSMA6	5687	ENSG00000100902	PSMA6
Gene::4792	NFKBIA	4792	ENSG00000100906	NFKBIA
Gene::51016	EMC9	51016	ENSG00000100908	EMC9
Gene::5721	PSME2	5721	ENSG00000100911	PSME2
Gene::84312	BRMS1L	84312	ENSG00000100916	BRMS1L
Gene::9985	REC8	9985	ENSG00000100918	REC8
Gene::10548	TM9SF1	10548	ENSG00000100926	TM9SF1
Gene::10484	SEC23A	10484	ENSG00000100934	SEC23A
Gene::51292	GMPR2	51292	ENSG00000100938	GMPR2
Gene::5411	PNN	5411	ENSG00000100941	PNN
Gene::5875	RABGGTA	5875	ENSG00000100949	RABGGTA
Gene::4776	NFATC4	4776	ENSG00000100968	NFATC4
Gene::5360	PLTP	5360	ENSG00000100979	PLTP
Gene::63935	PCIF1	63935	ENSG00000100982	PCIF1
Gene::2937	GSS	2937	ENSG00000100983	GSS
Gene::4318	MMP9	4318	ENSG00000100985	MMP9
Gene::30813	VSX1	30813	ENSG00000100987	VSX1
Gene::26133	TRPC4AP	26133	ENSG00000100991	TRPC4AP
Gene::5834	PYGB	5834	ENSG00000100994	PYGB
Gene::26090	ABHD12	26090	ENSG00000100997	ABHD12
Gene::10544	PROCR	10544	ENSG00000101000	PROCR
Gene::9837	GINS1	9837	ENSG00000101003	GINS1
Gene::22981	NINL	22981	ENSG00000101004	NINL
Gene::958	CD40	958	ENSG00000101017	CD40
Gene::55245	UQCC1	55245	ENSG00000101019	UQCC1
Gene::23613	ZMYND8	23613	ENSG00000101040	ZMYND8
Gene::10110	SGK2	10110	ENSG00000101049	SGK2
Gene::51098	IFT52	51098	ENSG00000101052	IFT52
Gene::4605	MYBL2	4605	ENSG00000101057	MYBL2
Gene::140902	R3HDML	140902	ENSG00000101074	R3HDML
Gene::3172	HNF4A	3172	ENSG00000101076	HNF4A
Gene::57446	NDRG3	57446	ENSG00000101079	NDRG3
Gene::84174	SLA2	84174	ENSG00000101082	SLA2
Gene::55969	C20orf24	55969	ENSG00000101084	RAB5IF
Gene::4773	NFATC2	4773	ENSG00000101096	NFATC2
Gene::140730	RIMS4	140730	ENSG00000101098	RIMS4
Gene::80336	PABPC1L	80336	ENSG00000101104	PABPC1L
Gene::6789	STK4	6789	ENSG00000101109	STK4
Gene::57167	SALL4	57167	ENSG00000101115	SALL4
Gene::23394	ADNP	23394	ENSG00000101126	ADNP
Gene::5203	PFDN4	5203	ENSG00000101132	PFDN4
Gene::55816	DOK5	55816	ENSG00000101134	DOK5
Gene::1477	CSTF1	1477	ENSG00000101138	CSTF1
Gene::655	BMP7	655	ENSG00000101144	BMP7
Gene::8480	RAE1	8480	ENSG00000101146	RAE1
Gene::7165	TPD52L2	7165	ENSG00000101150	TPD52L2
Gene::80331	DNAJC5	80331	ENSG00000101152	DNAJC5
Gene::51497	NELFCD	51497	ENSG00000101158	NELFCD
Gene::1522	CTSZ	1522	ENSG00000101160	CTSZ
Gene::24148	PRPF6	24148	ENSG00000101161	PRPF6
Gene::81027	TUBB1	81027	ENSG00000101162	TUBB1
Gene::51012	SLMO2	51012	ENSG00000101166	PRELID3B
Gene::11255	HRH3	11255	ENSG00000101180	HRH3
Gene::26164	MTG2	26164	ENSG00000101181	MTG2
Gene::5688	PSMA7	5688	ENSG00000101182	PSMA7
Gene::28231	SLCO4A1	28231	ENSG00000101187	SLCO4A1
Gene::4923	NTSR1	4923	ENSG00000101188	NTSR1
Gene::55257	MRGBP	55257	ENSG00000101189	MRGBP
Gene::10732	TCFL5	10732	ENSG00000101190	TCFL5
Gene::11083	DIDO1	11083	ENSG00000101191	DIDO1
Gene::54994	GID8	54994	ENSG00000101193	GID8
Gene::63910	SLC17A9	63910	ENSG00000101194	SLC17A9
Gene::79444	BIRC7	79444	ENSG00000101197	BIRC7
Gene::128414	NKAIN4	128414	ENSG00000101198	NKAIN4
Gene::55738	ARFGAP1	55738	ENSG00000101199	ARFGAP1
Gene::551	AVP	551	ENSG00000101200	AVP
Gene::57642	COL20A1	57642	ENSG00000101203	COL20A1
Gene::1137	CHRNA4	1137	ENSG00000101204	CHRNA4
Gene::1917	EEF1A2	1917	ENSG00000101210	EEF1A2
Gene::5753	PTK6	5753	ENSG00000101213	PTK6
Gene::26205	GMEB2	26205	ENSG00000101216	GMEB2
Gene::54976	C20orf27	54976	ENSG00000101220	ADISSP
Gene::25876	SPEF1	25876	ENSG00000101222	SPEF1
Gene::994	CDC25B	994	ENSG00000101224	CDC25B
Gene::140862	ISM1	140862	ENSG00000101230	ISM1
Gene::11237	RNF24	11237	ENSG00000101236	RNF24
Gene::10139	ARFRP1	10139	ENSG00000101246	ARFRP1
Gene::79133	NDUFAF5	79133	ENSG00000101247	NDUFAF5
Gene::80343	SEL1L2	80343	ENSG00000101251	SEL1L2
Gene::57761	TRIB3	57761	ENSG00000101255	TRIB3
Gene::9770	RASSF2	9770	ENSG00000101265	RASSF2
Gene::1457	CSNK2A1	1457	ENSG00000101266	CSNK2A1
Gene::113278	SLC52A3	113278	ENSG00000101276	SLC52A3
Gene::51378	ANGPT4	51378	ENSG00000101280	ANGPT4
Gene::343637	RSPO4	343637	ENSG00000101282	RSPO4
Gene::8760	CDS2	8760	ENSG00000101290	CDS2
Gene::128674	PROKR2	128674	ENSG00000101292	PROKR2
Gene::81502	HM13	81502	ENSG00000101294	HM13
Gene::9751	SNPH	9751	ENSG00000101298	SNPH
Gene::85366	MYLK2	85366	ENSG00000101306	MYLK2
Gene::10326	SIRPB1	10326	ENSG00000101307	SIRPB1
Gene::10483	SEC23B	10483	ENSG00000101310	SEC23B
Gene::55612	FERMT1	55612	ENSG00000101311	FERMT1
Gene::54363	HAO1	54363	ENSG00000101323	HAO1
Gene::5173	PDYN	5173	ENSG00000101327	PDYN
Gene::140706	CCM2L	140706	ENSG00000101331	CCM2L
Gene::5332	PLCB4	5332	ENSG00000101333	PLCB4
Gene::10398	MYL9	10398	ENSG00000101335	MYL9
Gene::3055	HCK	3055	ENSG00000101336	HCK
Gene::9777	TM9SF4	9777	ENSG00000101337	TM9SF4
Gene::140711	TLDC2	140711	ENSG00000101342	TLDC2
Gene::51340	CRNKL1	51340	ENSG00000101343	CRNKL1
Gene::23509	POFUT1	23509	ENSG00000101346	POFUT1
Gene::25939	SAMHD1	25939	ENSG00000101347	SAMHD1
Gene::57144	PAK7	57144	ENSG00000101349	PAK5
Gene::9371	KIF3B	9371	ENSG00000101350	KIF3B
Gene::140699	MROH8	140699	ENSG00000101353	MROH8
Gene::10528	NOP56	10528	ENSG00000101361	NOP56
Gene::63905	MANBAL	63905	ENSG00000101363	MANBAL
Gene::3420	IDH3B	3420	ENSG00000101365	IDH3B
Gene::22919	MAPRE1	22919	ENSG00000101367	MAPRE1
Gene::182	JAG1	182	ENSG00000101384	JAG1
Gene::51654	CDK5RAP1	51654	ENSG00000101391	CDK5RAP1
Gene::6640	SNTA1	6640	ENSG00000101400	SNTA1
Gene::5020	OXT	5020	ENSG00000101405	OXT
Gene::9675	TTI1	9675	ENSG00000101407	TTI1
Gene::1869	E2F1	1869	ENSG00000101412	E2F1
Gene::58490	RPRD1B	58490	ENSG00000101413	RPRD1B
Gene::11264	PXMP4	11264	ENSG00000101417	PXMP4
Gene::128866	CHMP4B	128866	ENSG00000101421	CHMP4B
Gene::671	BPI	671	ENSG00000101425	BPI
Gene::128821	CST9L	128821	ENSG00000101435	CST9L
Gene::140679	SLC32A1	140679	ENSG00000101438	SLC32A1
Gene::1471	CST3	1471	ENSG00000101439	CST3
Gene::434	ASIP	434	ENSG00000101440	ASIP
Gene::1472	CST4	1472	ENSG00000101441	CST4
Gene::79913	ACTR5	79913	ENSG00000101442	ACTR5
Gene::10406	WFDC2	10406	ENSG00000101443	WFDC2
Gene::191	AHCY	191	ENSG00000101444	AHCY
Gene::26051	PPP1R16B	26051	ENSG00000101445	PPP1R16B
Gene::10816	SPINT3	10816	ENSG00000101446	SPINT3
Gene::81610	FAM83D	81610	ENSG00000101447	SACK1D
Gene::57119	EPPIN	57119	ENSG00000101448	EPPIN
Gene::60625	DHX35	60625	ENSG00000101452	DHX35
Gene::116092	DNTTIP1	116092	ENSG00000101457	DNTTIP1
Gene::84557	MAP1LC3A	84557	ENSG00000101460	MAP1LC3A
Gene::79953	SYNDIG1	79953	ENSG00000101463	SYNDIG1
Gene::128869	PIGU	128869	ENSG00000101464	PIGU
Gene::7125	TNNC2	7125	ENSG00000101470	TNNC2
Gene::10005	ACOT8	10005	ENSG00000101473	ACOT8
Gene::57136	APMAP	57136	ENSG00000101474	APMAP
Gene::56853	CELF4	56853	ENSG00000101489	CELF4
Gene::9658	ZNF516	9658	ENSG00000101493	ZNF516
Gene::28316	CDH20	28316	ENSG00000101542	CDH20
Gene::22850	ADNP2	22850	ENSG00000101544	ADNP2
Gene::79863	RBFA	79863	ENSG00000101546	RBFA
Gene::9097	USP14	9097	ENSG00000101557	USP14
Gene::9218	VAPA	9218	ENSG00000101558	VAPA
Gene::64863	METTL4	64863	ENSG00000101574	METTL4
Gene::9663	LPIN2	9663	ENSG00000101577	LPIN2
Gene::23347	SMCHD1	23347	ENSG00000101596	SMCHD1
Gene::8736	MYOM1	8736	ENSG00000101605	MYOM1
Gene::10627	MYL12A	10627	ENSG00000101608	MYL12A
Gene::79959	CEP76	79959	ENSG00000101624	CEP76
Gene::29906	ST8SIA5	29906	ENSG00000101638	ST8SIA5
Gene::55125	CEP192	55125	ENSG00000101639	CEP192
Gene::8731	RNMT	8731	ENSG00000101654	RNMT
Gene::4092	SMAD7	4092	ENSG00000101665	SMAD7
Gene::9388	LIPG	9388	ENSG00000101670	LIPG
Gene::284217	LAMA1	284217	ENSG00000101680	LAMA1
Gene::54941	RNF125	54941	ENSG00000101695	RNF125
Gene::23253	ANKRD12	23253	ENSG00000101745	ANKRD12
Gene::8715	NOL4	8715	ENSG00000101746	NOL4
Gene::11201	POLI	11201	ENSG00000101751	POLI
Gene::57534	MIB1	57534	ENSG00000101752	MIB1
Gene::5932	RBBP8	5932	ENSG00000101773	RBBP8
Gene::8780	RIOK3	8780	ENSG00000101782	RIOK3
Gene::1478	CSTF2	1478	ENSG00000101811	CSTF2
Gene::286436	H2BFM	286436	ENSG00000101812	H2BW2
Gene::25878	MXRA5	25878	ENSG00000101825	MXRA5
Gene::340547	VSIG1	340547	ENSG00000101842	VSIG1
Gene::5716	PSMD10	5716	ENSG00000101843	PSMD10
Gene::115201	ATG4A	115201	ENSG00000101844	ATG4A
Gene::412	STS	412	ENSG00000101846	STS
Gene::6907	TBL1X	6907	ENSG00000101849	TBL1X
Gene::4935	GPR143	4935	ENSG00000101850	GPR143
Gene::10857	PGRMC1	10857	ENSG00000101856	PGRMC1
Gene::5422	POLA1	5422	ENSG00000101868	POLA1
Gene::4281	MID1	4281	ENSG00000101871	MID1
Gene::79576	NKAP	79576	ENSG00000101882	NKAP
Gene::158800	RHOXF1	158800	ENSG00000101883	RHOXF1
Gene::55916	NXT2	55916	ENSG00000101888	NXT2
Gene::2986	GUCY2F	2986	ENSG00000101890	GUCY2F
Gene::23439	ATP1B4	23439	ENSG00000101892	ATP1B4
Gene::79868	ALG13	79868	ENSG00000101901	ALG13
Gene::5634	PRPS2	5634	ENSG00000101911	PRPS2
Gene::51311	TLR8	51311	ENSG00000101916	TLR8
Gene::56180	MOSPD1	56180	ENSG00000101928	MOSPD1
Gene::9949	AMMECR1	9949	ENSG00000101935	AMMECR1
Gene::91851	CHRDL1	91851	ENSG00000101938	CHRDL1
Gene::64743	WDR13	64743	ENSG00000101940	WDR13
Gene::6839	SUV39H1	6839	ENSG00000101945	SUV39H1
Gene::9506	PAGE4	9506	ENSG00000101951	PAGE4
Gene::8406	SRPX	8406	ENSG00000101955	SRPX
Gene::2742	GLRA2	2742	ENSG00000101958	GLRA2
Gene::331	XIAP	331	ENSG00000101966	XIAP
Gene::10735	STAG2	10735	ENSG00000101972	STAG2
Gene::286410	ATP11C	286410	ENSG00000101974	ATP11C
Gene::4168	MCF2	4168	ENSG00000101977	MCF2
Gene::2158	F9	2158	ENSG00000101981	F9
Gene::215	ABCD1	215	ENSG00000101986	ABCD1
Gene::28952	CCDC22	28952	ENSG00000101997	CCDC22
Gene::778	CACNA1F	778	ENSG00000102001	CACNA1F
Gene::6855	SYP	6855	ENSG00000102003	SYP
Gene::5355	PLP2	5355	ENSG00000102007	PLP2
Gene::660	BMX	660	ENSG00000102010	BMX
Gene::51213	LUZP4	51213	ENSG00000102021	LUZP4
Gene::5358	PLS3	5358	ENSG00000102024	PLS3
Gene::8260	NAA10	8260	ENSG00000102030	NAA10
Gene::5973	RENBP	5973	ENSG00000102032	RENBP
Gene::2000	ELF4	2000	ENSG00000102034	ELF4
Gene::6594	SMARCA1	6594	ENSG00000102038	SMARCA1
Gene::55613	MTMR8	55613	ENSG00000102043	MTMR8
Gene::140462	ASB9	140462	ENSG00000102048	ASB9
Gene::340554	ZC3H12B	340554	ENSG00000102053	ZC3H12B
Gene::5931	RBBP7	5931	ENSG00000102054	RBBP7
Gene::3750	KCND1	3750	ENSG00000102057	KCND1
Gene::5956	OPN1LW	5956	ENSG00000102076	OPN1LW
Gene::9016	SLC25A14	9016	ENSG00000102078	SLC25A14
Gene::2332	FMR1	2332	ENSG00000102081	FMR1
Gene::11040	PIM2	11040	ENSG00000102096	PIM2
Gene::10389	SCML2	10389	ENSG00000102098	SCML2
Gene::7355	SLC35A2	7355	ENSG00000102100	SLC35A2
Gene::10084	PQBP1	10084	ENSG00000102103	PQBP1
Gene::6247	RS1	6247	ENSG00000102104	RS1
Gene::27344	PCSK1N	27344	ENSG00000102109	PCSK1N
Gene::2010	EMD	2010	ENSG00000102119	EMD
Gene::6901	TAZ	6901	ENSG00000102125	TAFAZZIN
Gene::282808	RAB40AL	282808	ENSG00000102128	RAB40AL
Gene::5230	PGK1	5230	ENSG00000102144	PGK1
Gene::2623	GATA1	2623	ENSG00000102145	GATA1
Gene::84061	MAGT1	84061	ENSG00000102158	MAGT1
Gene::6611	SMS	6611	ENSG00000102172	SMS
Gene::5251	PHEX	5251	ENSG00000102174	PHEX
Gene::8266	UBL4A	8266	ENSG00000102178	UBL4A
Gene::83692	CD99L2	83692	ENSG00000102181	CD99L2
Gene::8411	EEA1	8411	ENSG00000102189	EEA1
Gene::9248	GPR50	9248	ENSG00000102195	GPR50
Gene::6102	RP2	6102	ENSG00000102218	RP2
Gene::9767	JADE3	9767	ENSG00000102221	JADE3
Gene::5127	CDK16	5127	ENSG00000102225	CDK16
Gene::8237	USP11	8237	ENSG00000102226	USP11
Gene::9468	PCYT1B	9468	ENSG00000102230	PCYT1B
Gene::680	BRS3	680	ENSG00000102239	BRS3
Gene::27336	HTATSF1	27336	ENSG00000102241	HTATSF1
Gene::51442	VGLL1	51442	ENSG00000102243	VGLL1
Gene::959	CD40LG	959	ENSG00000102245	CD40LG
Gene::7076	TIMP1	7076	ENSG00000102265	TIMP1
Gene::56062	KLHL4	56062	ENSG00000102271	KLHL4
Gene::2564	GABRE	2564	ENSG00000102287	GABRE
Gene::27328	PCDH11X	27328	ENSG00000102290	PCDH11X
Gene::2245	FGD1	2245	ENSG00000102302	FGD1
Gene::5303	PIN4	5303	ENSG00000102309	PIN4
Gene::64840	PORCN	64840	ENSG00000102312	PORCN
Gene::347365	ITIH6	347365	ENSG00000102313	ITIH6
Gene::10916	MAGED2	10916	ENSG00000102316	MAGED2
Gene::5935	RBM3	5935	ENSG00000102317	RBM3
Gene::11279	KLF8	11279	ENSG00000102349	KLF8
Gene::27286	SRPX2	27286	ENSG00000102359	SRPX2
Gene::94121	SYTL4	94121	ENSG00000102362	SYTL4
Gene::158866	ZDHHC15	158866	ENSG00000102383	ZDHHC15
Gene::2491	CENPI	2491	ENSG00000102384	CENPI
Gene::1821	DRP2	1821	ENSG00000102385	DRP2
Gene::54457	TAF7L	54457	ENSG00000102387	TAF7L
Gene::51260	PBDC1	51260	ENSG00000102390	PBDC1
Gene::2717	GLA	2717	ENSG00000102393	GLA
Gene::51566	ARMCX3	51566	ENSG00000102401	ARMCX3
Gene::56271	BEX4	56271	ENSG00000102409	BEX4
Gene::80183	KIAA0226L	80183	ENSG00000102445	RUBCNL
Gene::259232	NALCN	259232	ENSG00000102452	NALCN
Gene::2259	FGF14	2259	ENSG00000102466	FGF14
Gene::3356	HTR2A	3356	ENSG00000102468	HTR2A
Gene::54602	NDFIP2	54602	ENSG00000102471	NDFIP2
Gene::10673	TNFSF13B	10673	ENSG00000102524	TNFSF13B
Gene::22862	FNDC3A	22862	ENSG00000102531	FNDC3A
Gene::2862	MLNR	2862	ENSG00000102539	MLNR
Gene::81602	CDADC1	81602	ENSG00000102543	CDADC1
Gene::81617	CAB39L	81617	ENSG00000102547	CAB39L
Gene::688	KLF5	688	ENSG00000102554	KLF5
Gene::8428	STK24	8428	ENSG00000102572	STK24
Gene::54	ACP5	54	ENSG00000102575	ACP5
Gene::5611	DNAJC3	5611	ENSG00000102580	DNAJC3
Gene::55757	UGGT2	55757	ENSG00000102595	UGGT2
Gene::8874	ARHGEF7	8874	ENSG00000102606	ARHGEF7
Gene::2254	FGF9	2254	ENSG00000102678	FGF9
Gene::6445	SGCG	6445	ENSG00000102683	SGCG
Gene::143	PARP4	143	ENSG00000102699	PARP4
Gene::55578	SUPT20H	55578	ENSG00000102710	SUPT20H
Gene::10240	MRPS31	10240	ENSG00000102738	MRPS31
Gene::10166	SLC25A15	10166	ENSG00000102743	SLC25A15
Gene::3839	KPNA3	3839	ENSG00000102753	KPNA3
Gene::2321	FLT1	2321	ENSG00000102755	FLT1
Gene::28984	RGCC	28984	ENSG00000102760	RGCC
Gene::23078	VWA8	23078	ENSG00000102763	VWA8
Gene::160851	DGKH	160851	ENSG00000102780	DGKH
Gene::84056	KATNAL1	84056	ENSG00000102781	KATNAL1
Gene::26512	INTS6	26512	ENSG00000102786	INTS6
Gene::730249	IRG1	730249	ENSG00000102794	ACOD1
Gene::79758	DHRS12	79758	ENSG00000102796	DHRS12
Gene::84935	MEDAG	84935	ENSG00000102802	MEDAG
Gene::8848	TSC22D1	8848	ENSG00000102804	TSC22D1
Gene::1203	CLN5	1203	ENSG00000102805	CLN5
Gene::10562	OLFM4	10562	ENSG00000102837	OLFM4
Gene::10232	MSLN	10232	ENSG00000102854	MSLN
Gene::23295	MGRN1	23295	ENSG00000102858	MGRN1
Gene::23361	ZNF629	23361	ENSG00000102870	ZNF629
Gene::8717	TRADD	8717	ENSG00000102871	TRADD
Gene::3299	HSF4	3299	ENSG00000102878	HSF4
Gene::11151	CORO1A	11151	ENSG00000102879	CORO1A
Gene::5595	MAPK3	5595	ENSG00000102882	MAPK3
Gene::79153	GDPD3	79153	ENSG00000102886	GDPD3
Gene::79767	ELMO3	79767	ENSG00000102890	ELMO3
Gene::84560	MT4	84560	ENSG00000102891	MT4
Gene::5257	PHKB	5257	ENSG00000102893	PHKB
Gene::57149	LYRM1	57149	ENSG00000102897	LYRM1
Gene::10204	NUTF2	10204	ENSG00000102898	NUTF2
Gene::9688	NUP93	9688	ENSG00000102900	NUP93
Gene::80152	CENPT	80152	ENSG00000102901	CENPT
Gene::55815	TSNAXIP1	55815	ENSG00000102904	TSNAXIP1
Gene::10725	NFAT5	10725	ENSG00000102908	NFAT5
Gene::83752	LONP2	83752	ENSG00000102910	LONP2
Gene::9683	N4BP1	9683	ENSG00000102921	N4BP1
Gene::869	CBLN1	869	ENSG00000102924	CBLN1
Gene::23568	ARL2BP	23568	ENSG00000102931	ARL2BP
Gene::51090	PLLP	51090	ENSG00000102934	PLLP
Gene::23090	ZNF423	23090	ENSG00000102935	ZNF423
Gene::6367	CCL22	6367	ENSG00000102962	CCL22
Gene::1723	DHODH	1723	ENSG00000102967	DHODH
Gene::6361	CCL17	6361	ENSG00000102970	CCL17
Gene::10664	CTCF	10664	ENSG00000102974	CTCF
Gene::65057	ACD	65057	ENSG00000102977	ACD
Gene::5432	POLR2C	5432	ENSG00000102978	POLR2C
Gene::50855	PARD6A	50855	ENSG00000102981	PARD6A
Gene::55565	ZNF821	55565	ENSG00000102984	ZNF821
Gene::4324	MMP15	4324	ENSG00000102996	MMP15
Gene::79650	USB1	79650	ENSG00000103005	USB1
Gene::80777	CYB5B	80777	ENSG00000103018	CYB5B
Gene::29070	CCDC113	29070	ENSG00000103021	CFAP263
Gene::221191	PRSS54	221191	ENSG00000103023	PRSS54
Gene::4832	NME3	4832	ENSG00000103024	NME3
Gene::65009	NDRG4	65009	ENSG00000103034	NDRG4
Gene::5713	PSMD7	5713	ENSG00000103035	PSMD7
Gene::79918	SETD6	79918	ENSG00000103037	SETD6
Gene::55238	SLC38A7	55238	ENSG00000103042	SLC38A7
Gene::55697	VAC14	55697	ENSG00000103043	VAC14
Gene::3038	HAS3	3038	ENSG00000103044	HAS3
Gene::79613	TANGO6	79613	ENSG00000103047	TANGO6
Gene::25839	COG4	25839	ENSG00000103051	COG4
Gene::55512	SMPD3	55512	ENSG00000103056	SMPD3
Gene::84138	SLC7A6OS	84138	ENSG00000103061	SLC7A6OS
Gene::9057	SLC7A6	9057	ENSG00000103064	SLC7A6
Gene::23659	PLA2G15	23659	ENSG00000103066	PLA2G15
Gene::80004	ESRP2	80004	ENSG00000103067	ESRP2
Gene::79152	FA2H	79152	ENSG00000103089	FA2H
Gene::79726	WDR59	79726	ENSG00000103091	WDR59
Gene::22879	MON1B	22879	ENSG00000103111	MON1B
Gene::56942	CMC2	56942	ENSG00000103121	CMC2
Gene::8312	AXIN1	8312	ENSG00000103126	AXIN1
Gene::54985	HCFC1R1	54985	ENSG00000103145	HCFC1R1
Gene::8131	NPRL3	8131	ENSG00000103148	NPRL3
Gene::23417	MLYCD	23417	ENSG00000103150	MLYCD
Gene::4350	MPG	4350	ENSG00000103152	MPG
Gene::54550	NECAB2	54550	ENSG00000103154	NECAB2
Gene::83693	HSDL1	83693	ENSG00000103160	HSDL1
Gene::9013	TAF1C	9013	ENSG00000103168	TAF1C
Gene::51172	NAGPA	51172	ENSG00000103174	NAGPA
Gene::58189	WFDC1	58189	ENSG00000103175	WFDC1
Gene::9717	SEC14L5	9717	ENSG00000103184	SEC14L5
Gene::23406	COTL1	23406	ENSG00000103187	COTL1
Gene::9100	USP10	9100	ENSG00000103194	USP10
Gene::83716	CRISPLD2	83716	ENSG00000103196	CRISPLD2
Gene::7249	TSC2	7249	ENSG00000103197	TSC2
Gene::26048	ZNF500	26048	ENSG00000103199	ZNF500
Gene::4833	NME4	4833	ENSG00000103202	NME4
Gene::4363	ABCC1	4363	ENSG00000103222	ABCC1
Gene::408050	NOMO3	408050	ENSG00000103226	NOMO3
Gene::64788	LMF1	64788	ENSG00000103227	LMF1
Gene::2294	FOXF1	2294	ENSG00000103241	FOXF1
Gene::64428	NARFL	64428	ENSG00000103245	CIAO3
Gene::64779	MTHFSD	64779	ENSG00000103248	MTHFSD
Gene::1186	CLCN7	1186	ENSG00000103249	CLCN7
Gene::84264	HAGHL	84264	ENSG00000103253	HAGHL
Gene::65990	FAM173A	65990	ENSG00000103254	ANTKMT
Gene::8140	SLC7A5	8140	ENSG00000103257	SLC7A5
Gene::79006	METRN	79006	ENSG00000103260	METRN
Gene::79791	FBXO31	79791	ENSG00000103264	FBXO31
Gene::10273	STUB1	10273	ENSG00000103266	STUB1
Gene::9028	RHBDL1	9028	ENSG00000103269	RHBDL1
Gene::4682	NUBP1	4682	ENSG00000103274	NUBP1
Gene::7329	UBE2I	7329	ENSG00000103275	UBE2I
Gene::7783	ZP2	7783	ENSG00000103310	ZP2
Gene::4210	MEFV	4210	ENSG00000103313	MEFV
Gene::1428	CRYM	1428	ENSG00000103316	CRYM
Gene::29904	EEF2K	29904	ENSG00000103319	EEF2K
Gene::6650	CAPN15	6650	ENSG00000103326	CAPN15
Gene::9780	PIEZO1	9780	ENSG00000103335	PIEZO1
Gene::2935	GSPT1	2935	ENSG00000103342	GSPT1
Gene::7727	ZNF174	7727	ENSG00000103343	ZNF174
Gene::23059	CLUAP1	23059	ENSG00000103351	IFT38
Gene::56061	UBFD1	56061	ENSG00000103353	UBFD1
Gene::260429	PRSS33	260429	ENSG00000103355	PRSS33
Gene::124454	EARS2	124454	ENSG00000103356	EARS2
Gene::6923	TCEB2	6923	ENSG00000103363	ELOB
Gene::23062	GGA2	23062	ENSG00000103365	GGA2
Gene::343	AQP8	343	ENSG00000103375	AQP8
Gene::55313	CPPED1	55313	ENSG00000103381	CPPED1
Gene::57478	USP31	57478	ENSG00000103404	USP31
Gene::3163	HMOX2	3163	ENSG00000103415	HMOX2
Gene::9093	DNAJA3	9093	ENSG00000103423	DNAJA3
Gene::100529144	CORO7-PAM16	100529144	ENSG00000103426	CORO7-PAM16
Gene::51283	BFAR	51283	ENSG00000103429	BFAR
Gene::6299	SALL1	6299	ENSG00000103449	SALL1
Gene::27324	TOX3	27324	ENSG00000103460	TOX3
Gene::5934	RBL2	5934	ENSG00000103479	RBL2
Gene::23475	QPRT	23475	ENSG00000103485	QPRT
Gene::64131	XYLT1	64131	ENSG00000103489	XYLT1
Gene::29108	PYCARD	29108	ENSG00000103490	PYCARD
Gene::23322	RPGRIP1L	23322	ENSG00000103494	RPGRIP1L
Gene::4150	MAZ	4150	ENSG00000103495	MAZ
Gene::6810	STX4	6810	ENSG00000103496	STX4
Gene::10423	CDIPT	10423	ENSG00000103502	CDIPT
Gene::10295	BCKDK	10295	ENSG00000103507	BCKDK
Gene::84148	KAT8	84148	ENSG00000103510	KAT8
Gene::23420	NOMO1	23420	ENSG00000103512	NOMO1
Gene::50615	IL21R	50615	ENSG00000103522	IL21R
Gene::51760	SYT17	51760	ENSG00000103528	SYT17
Gene::79838	TMC5	79838	ENSG00000103534	TMC5
Gene::9738	CCP110	9738	ENSG00000103540	CCP110
Gene::57020	C16orf62	57020	ENSG00000103544	VPS35L
Gene::6530	SLC6A2	6530	ENSG00000103546	SLC6A2
Gene::9810	RNF40	9810	ENSG00000103549	RNF40
Gene::400506	KNOP1	400506	ENSG00000103550	KNOP1
Gene::366	AQP9	366	ENSG00000103569	AQP9
Gene::79719	AAGAB	79719	ENSG00000103591	AAGAB
Gene::64799	IQCH	64799	ENSG00000103599	IQCH
Gene::114294	LACTB	114294	ENSG00000103642	LACTB
Gene::10391	CORO2B	10391	ENSG00000103647	CORO2B
Gene::1445	CSK	1445	ENSG00000103653	CSK
Gene::8925	HERC1	8925	ENSG00000103657	HERC1
Gene::9325	TRIP4	9325	ENSG00000103671	TRIP4
Gene::123263	MTFMT	123263	ENSG00000103707	MTFMT
Gene::51285	RASL12	51285	ENSG00000103710	RASL12
Gene::8120	AP3B2	8120	ENSG00000103723	AP3B2
Gene::23205	ACSBG1	23205	ENSG00000103740	ACSBG1
Gene::57722	IGDCC4	57722	ENSG00000103742	IGDCC4
Gene::8766	RAB11A	8766	ENSG00000103769	RAB11A
Gene::1512	CTSH	1512	ENSG00000103811	CTSH
Gene::64927	TTC23	64927	ENSG00000103852	TTC23
Gene::80381	CD276	80381	ENSG00000103855	CD276
Gene::2184	FAH	2184	ENSG00000103876	FAH
Gene::57214	CEMIP	57214	ENSG00000103888	CEMIP
Gene::26015	RPAP1	26015	ENSG00000103932	RPAP1
Gene::9455	HOMER2	9455	ENSG00000103942	HOMER2
Gene::30844	EHD4	30844	ENSG00000103966	EHD4
Gene::25963	TMEM87A	25963	ENSG00000103978	TMEM87A
Gene::64397	ZNF106	64397	ENSG00000103994	ZNF106
Gene::22995	CEP152	22995	ENSG00000103995	CEP152
Gene::79895	ATP8B4	79895	ENSG00000104043	ATP8B4
Gene::4948	OCA2	4948	ENSG00000104044	OCA2
Gene::56986	DTWD1	56986	ENSG00000104047	DTWD1
Gene::9333	TGM5	9333	ENSG00000104055	TGM5
Gene::23359	FAM189A1	23359	ENSG00000104059	ENTREP2
Gene::2553	GABPB1	2553	ENSG00000104064	GABPB1
Gene::7082	TJP1	7082	ENSG00000104067	TJP1
Gene::90427	BMF	90427	ENSG00000104081	BMF
Gene::23312	DMXL2	23312	ENSG00000104093	DMXL2
Gene::29106	SCG3	29106	ENSG00000104112	SCG3
Gene::55192	DNAJC17	55192	ENSG00000104129	DNAJC17
Gene::8669	EIF3J	8669	ENSG00000104131	EIF3J
Gene::80208	SPG11	80208	ENSG00000104133	SPG11
Gene::171177	RHOV	171177	ENSG00000104140	RHOV
Gene::57617	VPS18	57617	ENSG00000104142	VPS18
Gene::11339	OIP5	11339	ENSG00000104147	OIP5
Gene::7782	SLC30A4	7782	ENSG00000104154	SLC30A4
Gene::26258	BLOC1S6	26258	ENSG00000104164	BLOC1S6
Gene::50804	MYEF2	50804	ENSG00000104177	MYEF2
Gene::23678	SGK3	23678	ENSG00000104205	SGK3
Gene::5157	PDGFRL	5157	ENSG00000104213	PDGFRL
Gene::79848	CSPP1	79848	ENSG00000104218	CSPP1
Gene::51201	ZDHHC2	51201	ENSG00000104219	ZDHHC2
Gene::55290	BRF2	55290	ENSG00000104221	BRF2
Gene::23087	TRIM35	23087	ENSG00000104228	TRIM35
Gene::79752	ZFAND1	79752	ENSG00000104231	ZFAND1
Gene::6101	RP1	6101	ENSG00000104237	RP1
Gene::760	CA2	760	ENSG00000104267	CA2
Gene::7976	FZD3	7976	ENSG00000104290	FZD3
Gene::55756	INTS9	55756	ENSG00000104299	INTS9
Gene::8767	RIPK2	8767	ENSG00000104312	RIPK2
Gene::2138	EYA1	2138	ENSG00000104313	EYA1
Gene::4683	NBN	4683	ENSG00000104320	NBN
Gene::8989	TRPA1	8989	ENSG00000104321	TRPA1
Gene::10404	CPQ	10404	ENSG00000104324	CPQ
Gene::1666	DECR1	1666	ENSG00000104325	DECR1
Gene::793	CALB1	793	ENSG00000104327	CALB1
Gene::54928	IMPAD1	54928	ENSG00000104331	BPNT2
Gene::6422	SFRP1	6422	ENSG00000104332	SFRP1
Gene::55353	LAPTM4B	55353	ENSG00000104341	LAPTM4B
Gene::55284	UBE2W	55284	ENSG00000104343	UBE2W
Gene::10940	POP1	10940	ENSG00000104356	POP1
Gene::79815	NIPAL2	79815	ENSG00000104361	NIPAL2
Gene::3551	IKBKB	3551	ENSG00000104365	IKBKB
Gene::5327	PLAT	5327	ENSG00000104368	PLAT
Gene::56704	JPH1	56704	ENSG00000104369	JPH1
Gene::27121	DKK4	27121	ENSG00000104371	DKK4
Gene::6788	STK3	6788	ENSG00000104375	STK3
Gene::54332	GDAP1	54332	ENSG00000104381	GDAP1
Gene::5862	RAB2A	5862	ENSG00000104388	RAB2A
Gene::3646	EIF3E	3646	ENSG00000104408	EIF3E
Gene::9694	EMC2	9694	ENSG00000104412	EMC2
Gene::54845	ESRP1	54845	ENSG00000104413	ESRP1
Gene::8840	WISP1	8840	ENSG00000104415	CCN4
Gene::10397	NDRG1	10397	ENSG00000104419	NDRG1
Gene::51101	ZC2HC1A	51101	ENSG00000104427	ZC2HC1A
Gene::3574	IL7	3574	ENSG00000104432	IL7
Gene::11075	STMN2	11075	ENSG00000104435	STMN2
Gene::55156	ARMC1	55156	ENSG00000104442	ARMC1
Gene::7227	TRPS1	7227	ENSG00000104447	TRPS1
Gene::6674	SPAG1	6674	ENSG00000104450	SPAG1
Gene::54108	CHRAC1	54108	ENSG00000104472	CHRAC1
Gene::83988	NCALD	83988	ENSG00000104490	NCALD
Gene::64089	SNX16	64089	ENSG00000104497	SNX16
Gene::2765	GML	2765	ENSG00000104499	GML
Gene::51366	UBR5	51366	ENSG00000104517	UBR5
Gene::79792	GSDMD	79792	ENSG00000104518	GSDMD
Gene::7264	TSTA3	7264	ENSG00000104522	GFUS
Gene::65263	PYCRL	65263	ENSG00000104524	PYCR3
Gene::1936	EEF1D	1936	ENSG00000104529	EEF1D
Gene::312	ANXA13	312	ENSG00000104537	ANXA13
Gene::6713	SQLE	6713	ENSG00000104549	SQLE
Gene::63898	SH2D4A	63898	ENSG00000104611	SH2D4A
Gene::55174	INTS10	55174	ENSG00000104613	INTS10
Gene::90459	ERI1	90459	ENSG00000104626	ERI1
Gene::23516	SLC39A14	23516	ENSG00000104635	SLC39A14
Gene::66036	MTMR9	66036	ENSG00000104643	MTMR9
Gene::23484	LEPROTL1	23484	ENSG00000104660	LEPROTL1
Gene::10671	DCTN6	10671	ENSG00000104671	DCTN6
Gene::203069	R3HCC1	203069	ENSG00000104679	R3HCC1
Gene::2936	GSR	2936	ENSG00000104687	GSR
Gene::8797	TNFRSF10A	8797	ENSG00000104689	TNFRSF10A
Gene::7993	UBXN8	7993	ENSG00000104691	UBXN8
Gene::5516	PPP2CB	5516	ENSG00000104695	PPP2CB
Gene::157697	ERICH1	157697	ENSG00000104714	ERICH1
Gene::4741	NEFM	4741	ENSG00000104722	NEFM
Gene::7991	TUSC3	7991	ENSG00000104723	TUSC3
Gene::9639	ARHGEF10	9639	ENSG00000104728	ARHGEF10
Gene::54758	KLHDC4	54758	ENSG00000104731	KLHDC4
Gene::4173	MCM4	4173	ENSG00000104738	MCM4
Gene::2515	ADAM2	2515	ENSG00000104755	ADAM2
Gene::54793	KCTD9	54793	ENSG00000104756	KCTD9
Gene::2267	FGL1	2267	ENSG00000104760	FGL1
Gene::427	ASAH1	427	ENSG00000104763	ASAH1
Gene::665	BNIP3L	665	ENSG00000104765	BNIP3L
Gene::4125	MAN2B1	4125	ENSG00000104774	MAN2B1
Gene::3783	KCNN4	3783	ENSG00000104783	KCNN4
Gene::7288	TULP2	7288	ENSG00000104804	TULP2
Gene::4924	NUCB1	4924	ENSG00000104805	NUCB1
Gene::27294	DHDH	27294	ENSG00000104808	DHDH
Gene::2997	GYS1	2997	ENSG00000104812	GYS1
Gene::11184	MAP4K1	11184	ENSG00000104814	MAP4K1
Gene::114336	CGB2	114336	ENSG00000104818	CGB2
Gene::1891	ECH1	1891	ENSG00000104823	ECH1
Gene::3191	HNRNPL	3191	ENSG00000104824	HNRNPL
Gene::4793	NFKBIB	4793	ENSG00000104825	NFKBIB
Gene::3972	LHB	3972	ENSG00000104826	LHB
Gene::1082	CGB	1082	ENSG00000104827	CGB3
Gene::10382	TUBB4A	10382	ENSG00000104833	TUBB4A
Gene::54938	SARS2	54938	ENSG00000104835	SARS2
Gene::3743	KCNA7	3743	ENSG00000104848	KCNA7
Gene::6625	SNRNP70	6625	ENSG00000104852	SNRNP70
Gene::1209	CLPTM1	1209	ENSG00000104853	CLPTM1
Gene::5971	RELB	5971	ENSG00000104856	RELB
Gene::11129	CLASRP	11129	ENSG00000104859	CLASRP
Gene::64130	LIN7B	64130	ENSG00000104863	LIN7B
Gene::284352	PPP1R37	284352	ENSG00000104866	PPP1R37
Gene::2217	FCGRT	2217	ENSG00000104870	FCGRT
Gene::55011	PIH1D1	55011	ENSG00000104872	PIH1D1
Gene::1158	CKM	1158	ENSG00000104879	CKM
Gene::23370	ARHGEF18	23370	ENSG00000104880	ARHGEF18
Gene::10848	PPP1R13L	10848	ENSG00000104881	PPP1R13L
Gene::92960	PEX11G	92960	ENSG00000104883	PEX11G
Gene::2068	ERCC2	2068	ENSG00000104884	ERCC2
Gene::84444	DOT1L	84444	ENSG00000104885	DOT1L
Gene::55111	PLEKHJ1	55111	ENSG00000104886	PLEKHJ1
Gene::57030	SLC17A7	57030	ENSG00000104888	SLC17A7
Gene::10535	RNASEH2A	10535	ENSG00000104889	RNASEH2A
Gene::147700	KLC3	147700	ENSG00000104892	KLC3
Gene::951	CD37	951	ENSG00000104894	CD37
Gene::8175	SF3A2	8175	ENSG00000104897	SF3A2
Gene::268	AMH	268	ENSG00000104899	AMH
Gene::27120	DKKL1	27120	ENSG00000104901	DKKL1
Gene::4066	LYL1	4066	ENSG00000104903	LYL1
Gene::4946	OAZ1	4946	ENSG00000104904	OAZ1
Gene::55621	TRMT1	55621	ENSG00000104907	TRMT1
Gene::8677	STX10	8677	ENSG00000104915	STX10
Gene::56729	RETN	56729	ENSG00000104918	RETN
Gene::2208	FCER2	2208	ENSG00000104921	FCER2
Gene::1760	DMPK	1760	ENSG00000104936	DMPK
Gene::10332	CLEC4M	10332	ENSG00000104938	CLEC4M
Gene::81492	RSPH6A	81492	ENSG00000104941	RSPH6A
Gene::79735	TBC1D17	79735	ENSG00000104946	TBC1D17
Gene::259307	IL4I1	259307	ENSG00000104951	IL4I1
Gene::79816	TLE6	79816	ENSG00000104953	TLE6
Gene::81576	CCDC130	81576	ENSG00000104957	YJU2B
Gene::53635	PTOV1	53635	ENSG00000104960	PTOV1
Gene::166	AES	166	ENSG00000104964	TLE5
Gene::4858	NOVA2	4858	ENSG00000104967	NOVA2
Gene::6449	SGTA	6449	ENSG00000104969	SGTA
Gene::10859	LILRB1	10859	ENSG00000104972	LILRB1
Gene::81857	MED25	81857	ENSG00000104973	MED25
Gene::11024	LILRA1	11024	ENSG00000104974	LILRA1
Gene::6618	SNAPC2	6618	ENSG00000104976	SNAPC2
Gene::28974	C19orf53	28974	ENSG00000104979	C19orf53
Gene::10469	TIMM44	10469	ENSG00000104980	TIMM44
Gene::729440	CCDC61	729440	ENSG00000104983	CCDC61
Gene::9466	IL27RA	9466	ENSG00000104998	IL27RA
Gene::55723	ASF1B	55723	ENSG00000105011	ASF1B
Gene::7138	TNNT1	7138	ENSG00000105048	TNNT1
Gene::51231	VRK3	51231	ENSG00000105053	VRK3
Gene::26017	FAM32A	26017	ENSG00000105058	FAM32A
Gene::22870	PPP6R1	22870	ENSG00000105063	PPP6R1
Gene::84167	C19orf44	84167	ENSG00000105072	C19orf44
Gene::9441	MED26	9441	ENSG00000105085	MED26
Gene::93145	OLFM2	93145	ENSG00000105088	OLFM2
Gene::64926	RASAL3	64926	ENSG00000105122	RASAL3
Gene::10270	AKAP8	10270	ENSG00000105127	AKAP8
Gene::79852	EPHX3	79852	ENSG00000105131	EPHX3
Gene::10994	ILVBL	10994	ENSG00000105135	HACL2
Gene::79744	ZNF419	79744	ENSG00000105136	ZNF419
Gene::85360	SYDE1	85360	ENSG00000105137	SYDE1
Gene::23581	CASP14	23581	ENSG00000105141	CASP14
Gene::6511	SLC1A6	6511	ENSG00000105143	SLC1A6
Gene::6795	AURKC	6795	ENSG00000105146	AURKC
Gene::10775	POP4	10775	ENSG00000105171	POP4
Gene::898	CCNE1	898	ENSG00000105173	CCNE1
Gene::8725	URI1	8725	ENSG00000105176	URI1
Gene::9141	PDCD5	9141	ENSG00000105185	PDCD5
Gene::84079	ANKRD27	84079	ENSG00000105186	ANKRD27
Gene::6217	RPS16	6217	ENSG00000105193	RPS16
Gene::92609	TIMM50	92609	ENSG00000105197	TIMM50
Gene::29124	LGALS13	29124	ENSG00000105198	LGALS13
Gene::2091	FBL	2091	ENSG00000105202	FBL
Gene::9149	DYRK1B	9149	ENSG00000105204	DYRK1B
Gene::1178	CLC	1178	ENSG00000105205	CLC
Gene::79935	CNTD2	79935	ENSG00000105219	CCNP
Gene::2821	GPI	2821	ENSG00000105220	GPI
Gene::208	AKT2	208	ENSG00000105221	AKT2
Gene::23646	PLD3	23646	ENSG00000105223	PLD3
Gene::57716	PRX	57716	ENSG00000105227	PRX
Gene::51588	PIAS4	51588	ENSG00000105229	PIAS4
Gene::9253	NUMBL	9253	ENSG00000105245	NUMBL
Gene::10148	EBI3	10148	ENSG00000105246	EBI3
Gene::55702	CCDC94	55702	ENSG00000105248	YJU2
Gene::56961	SHD	56961	ENSG00000105251	SHD
Gene::1155	TBCB	1155	ENSG00000105254	TBCB
Gene::79187	FSD1	79187	ENSG00000105255	FSD1
Gene::5438	POLR2I	5438	ENSG00000105258	POLR2I
Gene::728361	OVOL3	728361	ENSG00000105261	OVOL3
Gene::25999	CLIP3	25999	ENSG00000105270	CLIP3
Gene::23217	ZFR2	23217	ENSG00000105278	ZFR2
Gene::6510	SLC1A5	6510	ENSG00000105281	SLC1A5
Gene::25865	PRKD2	25865	ENSG00000105287	PRKD2
Gene::27134	TJP3	27134	ENSG00000105289	TJP3
Gene::333	APLP1	333	ENSG00000105290	APLP1
Gene::58509	CACTIN	58509	ENSG00000105298	CACTIN
Gene::26093	CCDC9	26093	ENSG00000105321	CCDC9
Gene::11100	HNRNPUL1	11100	ENSG00000105323	HNRNPUL1
Gene::51343	FZR1	51343	ENSG00000105325	FZR1
Gene::27113	BBC3	27113	ENSG00000105327	BBC3
Gene::7040	TGFB1	7040	ENSG00000105329	TGFB1
Gene::22898	DENND3	22898	ENSG00000105339	DENND3
Gene::55101	ATP5SL	55101	ENSG00000105341	DMAC2
Gene::1089	CEACAM4	1089	ENSG00000105352	CEACAM4
Gene::10226	PLIN3	10226	ENSG00000105355	PLIN3
Gene::79784	MYH14	79784	ENSG00000105357	MYH14
Gene::51073	MRPL4	51073	ENSG00000105364	MRPL4
Gene::27181	SIGLEC8	27181	ENSG00000105366	SIGLEC8
Gene::973	CD79A	973	ENSG00000105369	CD79A
Gene::3982	LIM2	3982	ENSG00000105370	LIM2
Gene::3386	ICAM4	3386	ENSG00000105371	ICAM4
Gene::6223	RPS19	6223	ENSG00000105372	RPS19
Gene::29997	GLTSCR2	29997	ENSG00000105373	NOP53
Gene::4818	NKG7	4818	ENSG00000105374	NKG7
Gene::7087	ICAM5	7087	ENSG00000105376	ICAM5
Gene::2109	ETFB	2109	ENSG00000105379	ETFB
Gene::945	CD33	945	ENSG00000105383	CD33
Gene::1048	CEACAM5	1048	ENSG00000105388	CEACAM5
Gene::1406	CRX	1406	ENSG00000105392	CRX
Gene::29086	BABAM1	29086	ENSG00000105393	BABAM1
Gene::7297	TYK2	7297	ENSG00000105397	TYK2
Gene::6822	SULT2A1	6822	ENSG00000105398	SULT2A1
Gene::11140	CDC37	11140	ENSG00000105401	CDC37
Gene::8775	NAPA	8775	ENSG00000105402	NAPA
Gene::10567	RABAC1	10567	ENSG00000105404	RABAC1
Gene::478	ATP1A3	478	ENSG00000105409	ATP1A3
Gene::56917	MEIS3	56917	ENSG00000105419	MEIS3
Gene::5802	PTPRS	5802	ENSG00000105426	PTPRS
Gene::84518	CNFN	84518	ENSG00000105427	CNFN
Gene::148066	ZNRF4	148066	ENSG00000105428	ZNRF4
Gene::1954	MEGF8	1954	ENSG00000105429	MEGF8
Gene::10945	KDELR1	10945	ENSG00000105438	KDELR1
Gene::9266	CYTH2	9266	ENSG00000105443	CYTH2
Gene::83743	GRWD1	83743	ENSG00000105447	GRWD1
Gene::2906	GRIN2D	2906	ENSG00000105464	GRIN2D
Gene::23546	SYNGR4	23546	ENSG00000105467	SYNGR4
Gene::6320	CLEC11A	6320	ENSG00000105472	CLEC11A
Gene::93233	CCDC114	93233	ENSG00000105479	ODAD1
Gene::22900	CARD8	22900	ENSG00000105483	CARD8
Gene::3978	LIG1	3978	ENSG00000105486	LIG1
Gene::946	SIGLEC6	946	ENSG00000105492	SIGLEC6
Gene::7728	ZNF175	7728	ENSG00000105497	ZNF175
Gene::8605	PLA2G4C	8605	ENSG00000105499	PLA2G4C
Gene::8778	SIGLEC5	8778	ENSG00000105501	SIGLEC5
Gene::56344	CABP5	56344	ENSG00000105507	CABP5
Gene::3036	HAS1	3036	ENSG00000105509	HAS1
Gene::9545	RAB3D	9545	ENSG00000105514	RAB3D
Gene::1628	DBP	1628	ENSG00000105516	DBP
Gene::374882	TMEM205	374882	ENSG00000105518	TMEM205
Gene::828	CAPS	828	ENSG00000105519	CAPS
Gene::64748	LPPR2	64748	ENSG00000105520	PLPPR2
Gene::54854	FAM83E	54854	ENSG00000105523	SACK1E
Gene::54922	RASIP1	54922	ENSG00000105538	RASIP1
Gene::51298	THEG	51298	ENSG00000105549	SPMAP2
Gene::26291	FGF21	26291	ENSG00000105550	FGF21
Gene::587	BCAT2	587	ENSG00000105552	BCAT2
Gene::54531	MIER2	54531	ENSG00000105556	MIER2
Gene::57664	PLEKHA4	57664	ENSG00000105559	PLEKHA4
Gene::5518	PPP2R1A	5518	ENSG00000105568	PPP2R1A
Gene::30000	TNPO2	30000	ENSG00000105576	TNPO2
Gene::51398	WDR83OS	51398	ENSG00000105583	WDR83OS
Gene::59284	CACNG7	59284	ENSG00000105605	CACNG7
Gene::2639	GCDH	2639	ENSG00000105607	GCDH
Gene::10990	LILRB5	10990	ENSG00000105609	LILRB5
Gene::10661	KLF1	10661	ENSG00000105610	KLF1
Gene::1777	DNASE2	1777	ENSG00000105612	DNASE2
Gene::22983	MAST1	22983	ENSG00000105613	MAST1
Gene::79165	LENG1	79165	ENSG00000105617	LENG1
Gene::26121	PRPF31	26121	ENSG00000105618	PRPF31
Gene::29844	TFPT	29844	ENSG00000105619	TFPT
Gene::3718	JAK3	3718	ENSG00000105639	JAK3
Gene::6142	RPL18A	6142	ENSG00000105640	RPL18A
Gene::6528	SLC5A5	6528	ENSG00000105641	SLC5A5
Gene::3780	KCNN1	3780	ENSG00000105642	KCNN1
Gene::27106	ARRDC2	27106	ENSG00000105643	ARRDC2
Gene::5296	PIK3R2	5296	ENSG00000105647	PIK3R2
Gene::5864	RAB3A	5864	ENSG00000105649	RAB3A
Gene::5143	PDE4C	5143	ENSG00000105650	PDE4C
Gene::51477	ISYNA1	51477	ENSG00000105655	ISYNA1
Gene::8178	ELL	8178	ENSG00000105656	ELL
Gene::23373	CRTC1	23373	ENSG00000105662	CRTC1
Gene::1311	COMP	1311	ENSG00000105664	COMP
Gene::11045	UPK1A	11045	ENSG00000105668	UPK1A
Gene::11316	COPE	11316	ENSG00000105669	COPE
Gene::54555	DDX49	54555	ENSG00000105671	DDX49
Gene::2116	ETV2	2116	ENSG00000105672	ETV2
Gene::495	ATP4A	495	ENSG00000105675	ATP4A
Gene::93436	ARMC6	93436	ENSG00000105676	ARMC6
Gene::10430	TMEM147	10430	ENSG00000105677	TMEM147
Gene::26330	GAPDHS	26330	ENSG00000105679	GAPDHS
Gene::4099	MAG	4099	ENSG00000105695	MAG
Gene::25789	TMEM59L	25789	ENSG00000105696	TMEM59L
Gene::57817	HAMP	57817	ENSG00000105697	HAMP
Gene::7392	USF2	7392	ENSG00000105698	USF2
Gene::51599	LSR	51599	ENSG00000105699	LSR
Gene::79036	KXD1	79036	ENSG00000105700	KXD1
Gene::23770	FKBP8	23770	ENSG00000105701	FKBP8
Gene::57794	SUGP1	57794	ENSG00000105705	SUGP1
Gene::3249	HPN	3249	ENSG00000105707	HPN
Gene::7561	ZNF14	7561	ENSG00000105708	ZNF14
Gene::6324	SCN1B	6324	ENSG00000105711	SCN1B
Gene::80714	PBX4	80714	ENSG00000105717	PBX4
Gene::2077	ERF	2077	ENSG00000105722	ERF
Gene::2931	GSK3A	2931	ENSG00000105723	GSK3A
Gene::57130	ATP13A1	57130	ENSG00000105726	ATP13A1
Gene::64763	ZNF574	64763	ENSG00000105732	ZNF574
Gene::2901	GRIK5	2901	ENSG00000105737	GRIK5
Gene::23094	SIPA1L3	23094	ENSG00000105738	SIPA1L3
Gene::7639	ZNF85	7639	ENSG00000105750	ZNF85
Gene::23474	ETHE1	23474	ENSG00000105755	ETHE1
Gene::199731	CADM4	199731	ENSG00000105767	CADM4
Gene::56006	SMG9	56006	ENSG00000105771	SMG9
Gene::23080	AVL9	23080	ENSG00000105778	AVL9
Gene::154661	RUNDC3B	154661	ENSG00000105784	RUNDC3B
Gene::79846	CFAP69	79846	ENSG00000105792	CFAP69
Gene::85865	GTPBP10	85865	ENSG00000105793	GTPBP10
Gene::10156	RASA4	10156	ENSG00000105808	RASA4
Gene::1021	CDK6	1021	ENSG00000105810	CDK6
Gene::9512	PMPCB	9512	ENSG00000105819	PMPCB
Gene::27000	DNAJC2	27000	ENSG00000105821	DNAJC2
Gene::7980	TFPI2	7980	ENSG00000105825	TFPI2
Gene::10282	BET1	10282	ENSG00000105829	BET1
Gene::10135	NAMPT	10135	ENSG00000105835	NAMPT
Gene::221830	TWISTNB	221830	ENSG00000105849	POLR1F
Gene::5294	PIK3CG	5294	ENSG00000105851	PIK3CG
Gene::5446	PON3	5446	ENSG00000105852	PON3
Gene::5445	PON2	5445	ENSG00000105854	PON2
Gene::3696	ITGB8	3696	ENSG00000105855	ITGB8
Gene::26959	HBP1	26959	ENSG00000105856	HBP1
Gene::11062	DUS4L	11062	ENSG00000105865	DUS4L
Gene::6671	SP4	6671	ENSG00000105866	SP4
Gene::29062	WDR91	29062	ENSG00000105875	WDR91
Gene::8701	DNAH11	8701	ENSG00000105877	DNAH11
Gene::79872	CBLL1	79872	ENSG00000105879	CBLL1
Gene::1749	DLX5	1749	ENSG00000105880	DLX5
Gene::136319	MTPN	136319	ENSG00000105887	MTPN
Gene::256227	STEAP1B	256227	ENSG00000105889	STEAP1B
Gene::5764	PTN	5764	ENSG00000105894	PTN
Gene::51678	MPP6	51678	ENSG00000105926	PALS2
Gene::1687	DFNA5	1687	ENSG00000105928	GSDME
Gene::50617	ATP6V0A4	50617	ENSG00000105929	ATP6V0A4
Gene::56829	ZC3HAV1	56829	ENSG00000105939	ZC3HAV1
Gene::79989	TTC26	79989	ENSG00000105948	IFT56
Gene::4967	OGDH	4967	ENSG00000105953	OGDH
Gene::64111	NPVF	64111	ENSG00000105954	NPVF
Gene::11033	ADAP1	11033	ENSG00000105963	ADAP1
Gene::22797	TFEC	22797	ENSG00000105967	TFEC
Gene::94239	H2AFV	94239	ENSG00000105968	H2AZ2
Gene::858	CAV2	858	ENSG00000105971	CAV2
Gene::857	CAV1	857	ENSG00000105974	CAV1
Gene::4233	MET	4233	ENSG00000105976	MET
Gene::140545	RNF32	140545	ENSG00000105982	RNF32
Gene::64327	LMBR1	64327	ENSG00000105983	LMBR1
Gene::7472	WNT2	7472	ENSG00000105989	WNT2
Gene::3198	HOXA1	3198	ENSG00000105991	HOXA1
Gene::10049	DNAJB6	10049	ENSG00000105993	DNAJB6
Gene::3199	HOXA2	3199	ENSG00000105996	HOXA2
Gene::3200	HOXA3	3200	ENSG00000105997	HOXA3
Gene::3955	LFNG	3955	ENSG00000106003	LFNG
Gene::3202	HOXA5	3202	ENSG00000106004	HOXA5
Gene::3203	HOXA6	3203	ENSG00000106006	HOXA6
Gene::221927	BRAT1	221927	ENSG00000106009	BRAT1
Gene::23288	IQCE	23288	ENSG00000106012	IQCE
Gene::56311	ANKRD7	56311	ENSG00000106013	ANKRD7
Gene::7434	VIPR2	7434	ENSG00000106018	VIPR2
Gene::23554	TSPAN12	23554	ENSG00000106025	TSPAN12
Gene::6742	SSBP1	6742	ENSG00000106028	SSBP1
Gene::3209	HOXA13	3209	ENSG00000106031	HOXA13
Gene::79974	CPED1	79974	ENSG00000106034	CPED1
Gene::2128	EVX1	2128	ENSG00000106038	EVX1
Gene::11112	HIBADH	11112	ENSG00000106049	HIBADH
Gene::8887	TAX1BP1	8887	ENSG00000106052	TAX1BP1
Gene::54504	CPVL	54504	ENSG00000106066	CPVL
Gene::1124	CHN2	1124	ENSG00000106069	CHN2
Gene::2887	GRB10	2887	ENSG00000106070	GRB10
Gene::83451	ABHD11	83451	ENSG00000106077	ABHD11
Gene::23242	COBL	23242	ENSG00000106078	COBL
Gene::55033	FKBP14	55033	ENSG00000106080	FKBP14
Gene::84725	PLEKHA8	84725	ENSG00000106086	PLEKHA8
Gene::6804	STX1A	6804	ENSG00000106089	STX1A
Gene::10392	NOD1	10392	ENSG00000106100	NOD1
Gene::2617	GARS	2617	ENSG00000106105	GARS1
Gene::1395	CRHR2	1395	ENSG00000106113	CRHR2
Gene::2051	EPHB6	2051	ENSG00000106123	EPHB6
Gene::84182	FAM188B	84182	ENSG00000106125	MINDY4
Gene::2692	GHRHR	2692	ENSG00000106128	GHRHR
Gene::835	CASP2	835	ENSG00000106144	CASP2
Gene::51142	CHCHD2	51142	ENSG00000106153	CHCHD2
Gene::6369	CCL24	6369	ENSG00000106178	CCL24
Gene::3315	HSPB1	3315	ENSG00000106211	HSPB1
Gene::4885	NPTX2	4885	ENSG00000106236	NPTX2
Gene::11333	PDAP1	11333	ENSG00000106244	PDAP1
Gene::8896	BUD31	8896	ENSG00000106245	BUD31
Gene::26024	PTCD1	26024	ENSG00000106246	PTCD1
Gene::1577	CYP3A5	1577	ENSG00000106258	CYP3A5
Gene::7586	ZKSCAN1	7586	ENSG00000106261	ZKSCAN1
Gene::8662	EIF3B	8662	ENSG00000106263	EIF3B
Gene::29886	SNX8	29886	ENSG00000106266	SNX8
Gene::4521	NUDT1	4521	ENSG00000106268	NUDT1
Gene::5803	PTPRZ1	5803	ENSG00000106278	PTPRZ1
Gene::6878	TAF6	6878	ENSG00000106290	TAF6
Gene::8976	WASL	8976	ENSG00000106299	WASL
Gene::23553	HYAL4	23553	ENSG00000106302	HYAL4
Gene::6677	SPAM1	6677	ENSG00000106304	SPAM1
Gene::7965	AIMP2	7965	ENSG00000106305	AIMP2
Gene::7036	TFR2	7036	ENSG00000106327	TFR2
Gene::29999	FSCN3	29999	ENSG00000106328	FSCN3
Gene::64598	MOSPD3	64598	ENSG00000106330	MOSPD3
Gene::5078	PAX4	5078	ENSG00000106331	PAX4
Gene::5118	PCOLCE	5118	ENSG00000106333	PCOLCE
Gene::26261	FBXO24	26261	ENSG00000106336	FBXO24
Gene::10842	PPP1R17	10842	ENSG00000106341	PPP1R17
Gene::55131	RBM28	55131	ENSG00000106344	RBM28
Gene::84132	USP42	84132	ENSG00000106346	USP42
Gene::3614	IMPDH1	3614	ENSG00000106348	IMPDH1
Gene::3268	AGFG2	3268	ENSG00000106351	AGFG2
Gene::23658	LSM5	23658	ENSG00000106355	LSM5
Gene::5054	SERPINE1	5054	ENSG00000106366	SERPINE1
Gene::1174	AP1S1	1174	ENSG00000106367	AP1S1
Gene::346606	MOGAT3	346606	ENSG00000106384	MOGAT3
Gene::56913	C1GALT1	56913	ENSG00000106392	C1GALT1
Gene::8985	PLOD3	8985	ENSG00000106397	PLOD3
Gene::6119	RPA3	6119	ENSG00000106399	RPA3
Gene::10467	ZNHIT1	10467	ENSG00000106400	ZNHIT1
Gene::24146	CLDN15	24146	ENSG00000106404	CLDN15
Gene::135935	NOBOX	135935	ENSG00000106410	NOBOX
Gene::113263	GLCCI1	113263	ENSG00000106415	GLCCI1
Gene::93408	MYL10	93408	ENSG00000106436	MYL10
Gene::9678	PHF14	9678	ENSG00000106443	PHF14
Gene::4899	NRF1	4899	ENSG00000106459	NRF1
Gene::54664	TMEM106B	54664	ENSG00000106460	TMEM106B
Gene::2146	EZH2	2146	ENSG00000106462	EZH2
Gene::95681	CEP41	95681	ENSG00000106477	CEP41
Gene::643641	ZNF862	643641	ENSG00000106479	ZNF862
Gene::6424	SFRP4	6424	ENSG00000106483	SFRP4
Gene::4232	MEST	4232	ENSG00000106484	MEST
Gene::4223	MEOX2	4223	ENSG00000106511	MEOX2
Gene::57037	ANKMY2	57037	ENSG00000106524	ANKMY2
Gene::653857	ACTR3C	653857	ENSG00000106526	ACTR3C
Gene::11281	POU6F2	11281	ENSG00000106536	POU6F2
Gene::27075	TSPAN13	27075	ENSG00000106537	TSPAN13
Gene::5919	RARRES2	5919	ENSG00000106538	RARRES2
Gene::10551	AGR2	10551	ENSG00000106541	AGR2
Gene::196	AHR	196	ENSG00000106546	AHR
Gene::54927	CHCHD3	54927	ENSG00000106554	CHCHD3
Gene::26157	GIMAP2	26157	ENSG00000106560	GIMAP2
Gene::28959	TMEM176B	28959	ENSG00000106565	TMEM176B
Gene::2737	GLI3	2737	ENSG00000106571	GLI3
Gene::5683	PSMA2	5683	ENSG00000106588	PSMA2
Gene::64983	MRPL32	64983	ENSG00000106591	MRPL32
Gene::55744	COA1	55744	ENSG00000106603	COA1
Gene::644	BLVRA	644	ENSG00000106605	BLVRA
Gene::55665	URGCP	55665	ENSG00000106608	URGCP
Gene::55069	TMEM248	55069	ENSG00000106609	TMEM248
Gene::6009	RHEB	6009	ENSG00000106615	RHEB
Gene::51422	PRKAG2	51422	ENSG00000106617	PRKAG2
Gene::165	AEBP1	165	ENSG00000106624	AEBP1
Gene::5425	POLD2	5425	ENSG00000106628	POLD2
Gene::58498	MYL7	58498	ENSG00000106631	MYL7
Gene::2645	GCK	2645	ENSG00000106633	GCK
Gene::9275	BCL7B	9275	ENSG00000106635	BCL7B
Gene::10652	YKT6	10652	ENSG00000106636	YKT6
Gene::26608	TBL2	26608	ENSG00000106638	TBL2
Gene::168391	GALNTL5	168391	ENSG00000106648	GALNTL5
Gene::7461	CLIP2	7461	ENSG00000106665	CLIP2
Gene::7458	EIF4H	7458	ENSG00000106682	EIF4H
Gene::3984	LIMK1	3984	ENSG00000106683	LIMK1
Gene::55064	SPATA6L	55064	ENSG00000106686	SPATA6L
Gene::6505	SLC1A1	6505	ENSG00000106688	SLC1A1
Gene::9355	LHX2	9355	ENSG00000106689	LHX2
Gene::2218	FKTN	2218	ENSG00000106692	FKTN
Gene::83856	FSD1L	83856	ENSG00000106701	FSD1L
Gene::79937	CNTNAP3	79937	ENSG00000106714	CNTNAP3
Gene::10927	SPIN1	10927	ENSG00000106723	SPIN1
Gene::54981	NMRK1	54981	ENSG00000106733	NMRK1
Gene::23731	TMEM245	23731	ENSG00000106771	TMEM245
Gene::158471	PRUNE2	158471	ENSG00000106772	PRUNE2
Gene::1955	MEGF9	1955	ENSG00000106780	MEGF9
Gene::9830	TRIM14	9830	ENSG00000106785	TRIM14
Gene::7464	CORO2A	7464	ENSG00000106789	CORO2A
Gene::7046	TGFBR1	7046	ENSG00000106799	TGFBR1
Gene::10952	SEC61B	10952	ENSG00000106803	SEC61B
Gene::727	C5	727	ENSG00000106804	C5
Gene::4969	OGN	4969	ENSG00000106809	OGN
Gene::54829	ASPN	54829	ENSG00000106819	ASPN
Gene::1842	ECM2	1842	ENSG00000106823	ECM2
Gene::7091	TLE4	7091	ENSG00000106829	TLE4
Gene::26468	LHX6	26468	ENSG00000106852	LHX6
Gene::22949	PTGR1	22949	ENSG00000106853	PTGR1
Gene::64420	SUSD1	64420	ENSG00000106868	SUSD1
Gene::259	AMBP	259	ENSG00000106927	AMBP
Gene::80709	AKNA	80709	ENSG00000106948	AKNA
Gene::944	TNFSF8	944	ENSG00000106952	TNFSF8
Gene::1759	DNM1	1759	ENSG00000106976	DNM1
Gene::2022	ENG	2022	ENSG00000106991	ENG
Gene::203	AK1	203	ENSG00000106992	AK1
Gene::55664	CDC37L1	55664	ENSG00000106993	CDC37L1
Gene::6019	RLN2	6019	ENSG00000107014	RLN2
Gene::6013	RLN1	6013	ENSG00000107018	RLN1
Gene::55848	PLGRKT	55848	ENSG00000107020	PLGRKT
Gene::54662	TBC1D13	54662	ENSG00000107021	TBC1D13
Gene::57589	RIC1	57589	ENSG00000107036	RIC1
Gene::23081	KDM4C	23081	ENSG00000107077	KDM4C
Gene::81704	DOCK8	81704	ENSG00000107099	DOCK8
Gene::23189	KANK1	23189	ENSG00000107104	KANK1
Gene::1993	ELAVL2	1993	ENSG00000107105	ELAVL2
Gene::23413	NCS1	23413	ENSG00000107130	NCS1
Gene::7016	TESK1	7016	ENSG00000107140	TESK1
Gene::57582	KCNT1	57582	ENSG00000107147	KCNT1
Gene::768	CA9	768	ENSG00000107159	CA9
Gene::8939	FUBP3	8939	ENSG00000107164	FUBP3
Gene::7306	TYRP1	7306	ENSG00000107165	TYRP1
Gene::10488	CREB3	10488	ENSG00000107175	CREB3
Gene::9827	RGP1	9827	ENSG00000107185	RGP1
Gene::8777	MPDZ	8777	ENSG00000107186	MPDZ
Gene::8022	LHX3	8022	ENSG00000107187	LHX3
Gene::23586	DDX58	23586	ENSG00000107201	RIGI
Gene::8721	EDF1	8721	ENSG00000107223	EDF1
Gene::8395	PIP5K1B	8395	ENSG00000107242	PIP5K1B
Gene::169792	GLIS3	169792	ENSG00000107249	GLIS3
Gene::573	BAG1	573	ENSG00000107262	BAG1
Gene::2889	RAPGEF1	2889	ENSG00000107263	RAPGEF1
Gene::56654	NPDC1	56654	ENSG00000107281	NPDC1
Gene::320	APBA1	320	ENSG00000107282	APBA1
Gene::23064	SETX	23064	ENSG00000107290	SETX
Gene::6456	SH3GL2	6456	ENSG00000107295	SH3GL2
Gene::5730	PTGDS	5730	ENSG00000107317	PTGDS
Gene::20	ABCA2	20	ENSG00000107331	ABCA2
Gene::6461	SHB	6461	ENSG00000107338	SHB
Gene::54926	UBE2R2	54926	ENSG00000107341	UBE2R2
Gene::51104	ABHD17B	51104	ENSG00000107362	ABHD17B
Gene::51010	EXOSC3	51010	ENSG00000107371	EXOSC3
Gene::7763	ZFAND5	7763	ENSG00000107372	ZFAND5
Gene::1855	DVL1	1855	ENSG00000107404	DVL1
Gene::9124	PDLIM1	9124	ENSG00000107438	PDLIM1
Gene::54619	CCNJ	54619	ENSG00000107443	CCNJ
Gene::1791	DNTT	1791	ENSG00000107447	DNTT
Gene::2625	GATA3	2625	ENSG00000107485	GATA3
Gene::26033	ATRNL1	26033	ENSG00000107518	ATRNL1
Gene::3257	HPS1	3257	ENSG00000107521	HPS1
Gene::5264	PHYH	5264	ENSG00000107537	PHYH
Gene::83937	RASSF4	83937	ENSG00000107551	RASSF4
Gene::23268	DNMBP	23268	ENSG00000107554	DNMBP
Gene::22841	RAB11FIP2	22841	ENSG00000107560	RAB11FIP2
Gene::6387	CXCL12	6387	ENSG00000107562	CXCL12
Gene::10613	ERLIN1	10613	ENSG00000107566	ERLIN1
Gene::8661	EIF3A	8661	ENSG00000107581	EIF3A
Gene::9033	PKD2L1	9033	ENSG00000107593	PKD2L1
Gene::8029	CUBN	8029	ENSG00000107611	CUBN
Gene::1787	TRDMT1	1787	ENSG00000107614	TRDMT1
Gene::79009	DDX50	79009	ENSG00000107625	DDX50
Gene::5599	MAPK8	5599	ENSG00000107643	MAPK8
Gene::11196	SEC23IP	11196	ENSG00000107651	SEC23IP
Gene::11101	ATE1	11101	ENSG00000107669	ATE1
Gene::54780	NSMCE4A	54780	ENSG00000107672	NSMCE4A
Gene::59338	PLEKHA1	59338	ENSG00000107679	PLEKHA1
Gene::27143	PALD1	27143	ENSG00000107719	PALD1
Gene::219699	UNC5B	219699	ENSG00000107731	UNC5B
Gene::64072	CDH23	64072	ENSG00000107736	CDH23
Gene::64115	C10orf54	64115	ENSG00000107738	VSIR
Gene::9806	SPOCK2	9806	ENSG00000107742	SPOCK2
Gene::10367	MICU1	10367	ENSG00000107745	MICU1
Gene::5532	PPP3CB	5532	ENSG00000107758	PPP3CB
Gene::54462	CCSER2	54462	ENSG00000107771	CCSER2
Gene::657	BMPR1A	657	ENSG00000107779	BMPR1A
Gene::9562	MINPP1	9562	ENSG00000107789	MINPP1
Gene::59	ACTA2	59	ENSG00000107796	ACTA2
Gene::3988	LIPA	3988	ENSG00000107798	LIPA
Gene::3195	TLX1	3195	ENSG00000107807	TLX1
Gene::56652	C10orf2	56652	ENSG00000107815	TWNK
Gene::84445	LZTS2	84445	ENSG00000107816	LZTS2
Gene::81855	SFXN3	81855	ENSG00000107819	SFXN3
Gene::81621	KAZALD1	81621	ENSG00000107821	KAZALD1
Gene::6468	FBXW4	6468	ENSG00000107829	FBXW4
Gene::2253	FGF8	2253	ENSG00000107831	FGF8
Gene::10360	NPM3	10360	ENSG00000107833	NPM3
Gene::80351	TNKS2	80351	ENSG00000107854	TNKS2
Gene::5309	PITX3	5309	ENSG00000107859	PITX3
Gene::8729	GBF1	8729	ENSG00000107862	GBF1
Gene::57584	ARHGAP21	57584	ENSG00000107863	ARHGAP21
Gene::22849	CPEB3	22849	ENSG00000107864	CPEB3
Gene::79176	FBXL15	79176	ENSG00000107872	FBXL15
Gene::79004	CUEDC2	79004	ENSG00000107874	CUEDC2
Gene::51684	SUFU	51684	ENSG00000107882	SUFU
Gene::22852	ANKRD26	22852	ENSG00000107890	ANKRD26
Gene::91452	ACBD5	91452	ENSG00000107897	ACBD5
Gene::64077	LHPP	64077	ENSG00000107902	LHPP
Gene::23185	LARP4B	23185	ENSG00000107929	LARP4B
Gene::23560	GTPBP4	23560	ENSG00000107937	GTPBP4
Gene::26098	EDRF1	26098	ENSG00000107938	EDRF1
Gene::56647	BCCIP	56647	ENSG00000107949	BCCIP
Gene::55149	MTPAP	55149	ENSG00000107951	MTPAP
Gene::9148	NEURL1	9148	ENSG00000107954	NEURL1
Gene::9644	SH3PXD2A	9644	ENSG00000107957	SH3PXD2A
Gene::10531	PITRM1	10531	ENSG00000107959	PITRM1
Gene::79991	OBFC1	79991	ENSG00000107960	STN1
Gene::1326	MAP3K8	1326	ENSG00000107968	MAP3K8
Gene::22943	DKK1	22943	ENSG00000107984	DKK1
Gene::253738	EBF3	253738	ENSG00000108001	EBF3
Gene::10539	GLRX3	10539	ENSG00000108010	GLRX3
Gene::114815	SORCS1	114815	ENSG00000108018	SORCS1
Gene::54906	FAM208B	54906	ENSG00000108021	TASOR2
Gene::7511	XPNPEP1	7511	ENSG00000108039	XPNPEP1
Gene::9126	SMC3	9126	ENSG00000108055	SMC3
Gene::8036	SHOC2	8036	ENSG00000108061	SHOC2
Gene::7019	TFAM	7019	ENSG00000108064	TFAM
Gene::8030	CCDC6	8030	ENSG00000108091	CCDC6
Gene::8453	CUL2	8453	ENSG00000108094	CUL2
Gene::219771	CCNY	219771	ENSG00000108100	CCNY
Gene::27338	UBE2S	27338	ENSG00000108106	UBE2S
Gene::6158	RPL28	6158	ENSG00000108107	RPL28
Gene::57178	ZMIZ1	57178	ENSG00000108175	ZMIZ1
Gene::56521	DNAJC12	56521	ENSG00000108176	DNAJC12
Gene::10105	PPIF	10105	ENSG00000108179	PPIF
Gene::64081	PBLD	64081	ENSG00000108187	PBLD
Gene::81619	TSPAN14	81619	ENSG00000108219	TSPAN14
Gene::9211	LGI1	9211	ENSG00000108231	LGI1
Gene::23232	TBC1D12	23232	ENSG00000108239	TBC1D12
Gene::1562	CYP2C18	1562	ENSG00000108242	CYP2C18
Gene::25984	KRT23	25984	ENSG00000108244	KRT23
Gene::1411	CRYBA1	1411	ENSG00000108255	CRYBA1
Gene::57532	NUFIP2	57532	ENSG00000108256	NUFIP2
Gene::28964	GIT1	28964	ENSG00000108262	GIT1
Gene::6143	RPL19	6143	ENSG00000108298	RPL19
Gene::84961	FBXL20	84961	ENSG00000108306	FBXL20
Gene::10900	RUNDC3A	10900	ENSG00000108309	RUNDC3A
Gene::7343	UBTF	7343	ENSG00000108312	UBTF
Gene::1440	CSF3	1440	ENSG00000108342	CSF3
Gene::5709	PSMD3	5709	ENSG00000108344	PSMD3
Gene::22794	CASC3	22794	ENSG00000108349	CASC3
Gene::51195	RAPGEFL1	51195	ENSG00000108352	RAPGEFL1
Gene::8787	RGS9	8787	ENSG00000108370	RGS9
Gene::54894	RNF43	54894	ENSG00000108375	RNF43
Gene::7473	WNT3	7473	ENSG00000108379	WNT3
Gene::443	ASPA	443	ENSG00000108381	ASPA
Gene::5889	RAD51C	5889	ENSG00000108384	RAD51C
Gene::5414	SEPT4	5414	ENSG00000108387	SEPTIN4
Gene::9110	MTMR4	9110	ENSG00000108389	MTMR4
Gene::4591	TRIM37	4591	ENSG00000108395	TRIM37
Gene::5023	P2RX1	5023	ENSG00000108405	P2RX1
Gene::79665	DHX40	79665	ENSG00000108406	DHX40
Gene::8688	KRT37	8688	ENSG00000108417	KRT37
Gene::51174	TUBD1	51174	ENSG00000108423	TUBD1
Gene::3837	KPNB1	3837	ENSG00000108424	KPNB1
Gene::9570	GOSR2	9570	ENSG00000108433	GOSR2
Gene::55163	PNPO	55163	ENSG00000108439	PNPO
Gene::6198	RPS6KB1	6198	ENSG00000108443	RPS6KB1
Gene::147166	TRIM16L	147166	ENSG00000108448	TRIM16L
Gene::80279	CDK5RAP3	80279	ENSG00000108465	CDK5RAP3
Gene::10951	CBX1	10951	ENSG00000108468	CBX1
Gene::9400	RECQL5	9400	ENSG00000108469	RECQL5
Gene::9487	PIGL	9487	ENSG00000108474	PIGL
Gene::2584	GALK1	2584	ENSG00000108479	GALK1
Gene::57508	INTS2	57508	ENSG00000108506	INTS2
Gene::23125	CAMTA2	23125	ENSG00000108509	CAMTA2
Gene::9969	MED13	9969	ENSG00000108510	MED13
Gene::3216	HOXB6	3216	ENSG00000108511	HOXB6
Gene::2027	ENO3	2027	ENSG00000108515	ENO3
Gene::5216	PFN1	5216	ENSG00000108518	PFN1
Gene::26001	RNF167	26001	ENSG00000108523	RNF167
Gene::8402	SLC25A11	8402	ENSG00000108528	SLC25A11
Gene::51655	RASD1	51655	ENSG00000108551	RASD1
Gene::1145	CHRNE	1145	ENSG00000108556	CHRNE
Gene::10743	RAI1	10743	ENSG00000108557	RAI1
Gene::4927	NUP88	4927	ENSG00000108559	NUP88
Gene::708	C1QBP	708	ENSG00000108561	C1QBP
Gene::6532	SLC6A4	6532	ENSG00000108576	SLC6A4
Gene::642	BLMH	642	ENSG00000108578	BLMH
Gene::1362	CPD	1362	ENSG00000108582	CPD
Gene::9527	GOSR1	9527	ENSG00000108587	GOSR1
Gene::57003	CCDC47	57003	ENSG00000108588	CCDC47
Gene::51003	MED31	51003	ENSG00000108590	MED31
Gene::1819	DRG2	1819	ENSG00000108591	DRG2
Gene::117246	FTSJ3	117246	ENSG00000108592	FTSJ3
Gene::11216	AKAP10	11216	ENSG00000108599	AKAP10
Gene::218	ALDH3A1	218	ENSG00000108602	ALDH3A1
Gene::6603	SMARCD2	6603	ENSG00000108604	SMARCD2
Gene::3384	ICAM2	3384	ENSG00000108622	ICAM2
Gene::9144	SYNGR2	9144	ENSG00000108639	SYNGR2
Gene::27077	B9D1	27077	ENSG00000108641	B9D1
Gene::55813	UTP6	55813	ENSG00000108651	UTP6
Gene::1655	DDX5	1655	ENSG00000108654	DDX5
Gene::64149	C17orf75	64149	ENSG00000108666	C17orf75
Gene::9267	CYTH1	9267	ENSG00000108669	CYTH1
Gene::5717	PSMD11	5717	ENSG00000108671	PSMD11
Gene::3959	LGALS3BP	3959	ENSG00000108679	LGALS3BP
Gene::40	ASIC2	40	ENSG00000108684	ASIC2
Gene::6354	CCL7	6354	ENSG00000108688	CCL7
Gene::6347	CCL2	6347	ENSG00000108691	CCL2
Gene::6355	CCL8	6355	ENSG00000108700	CCL8
Gene::6346	CCL1	6346	ENSG00000108702	CCL1
Gene::5193	PEX12	5193	ENSG00000108733	PEX12
Gene::3882	KRT32	3882	ENSG00000108759	KRT32
Gene::79132	DHX58	79132	ENSG00000108771	DHX58
Gene::2648	KAT2A	2648	ENSG00000108773	KAT2A
Gene::5878	RAB5C	5878	ENSG00000108774	RAB5C
Gene::4669	NAGLU	4669	ENSG00000108784	NAGLU
Gene::3292	HSD17B1	3292	ENSG00000108786	HSD17B1
Gene::6945	MLX	6945	ENSG00000108788	MLX
Gene::8506	CNTNAP1	8506	ENSG00000108797	CNTNAP1
Gene::51225	ABI3	51225	ENSG00000108798	ABI3
Gene::2145	EZH1	2145	ENSG00000108799	EZH1
Gene::1748	DLX4	1748	ENSG00000108813	DLX4
Gene::84687	PPP1R9B	84687	ENSG00000108819	PPP1R9B
Gene::1277	COL1A1	1277	ENSG00000108821	COL1A1
Gene::6442	SGCA	6442	ENSG00000108823	SGCA
Gene::100885850	PTGES3L-AARSD1	100885850	ENSG00000108825	PTGES3L-AARSD1
Gene::51264	MRPL27	51264	ENSG00000108826	MRPL27
Gene::10493	VAT1	10493	ENSG00000108828	VAT1
Gene::55379	LRRC59	55379	ENSG00000108829	LRRC59
Gene::8153	RND2	8153	ENSG00000108830	RND2
Gene::239	ALOX12	239	ENSG00000108839	ALOX12
Gene::10014	HDAC5	10014	ENSG00000108840	HDAC5
Gene::8714	ABCC3	8714	ENSG00000108846	ABCC3
Gene::51747	LUC7L3	51747	ENSG00000108848	LUC7L3
Gene::5539	PPY	5539	ENSG00000108849	PPY
Gene::4355	MPP2	4355	ENSG00000108852	MPP2
Gene::64750	SMURF2	64750	ENSG00000108854	SMURF2
Gene::1845	DUSP3	1845	ENSG00000108861	DUSP3
Gene::786	CACNG1	786	ENSG00000108878	CACNG1
Gene::9343	EFTUD2	9343	ENSG00000108883	EFTUD2
Gene::3131	HLF	3131	ENSG00000108924	HLF
Gene::9120	SLC16A6	9120	ENSG00000108932	SLC16A6
Gene::5573	PRKAR1A	5573	ENSG00000108946	PRKAR1A
Gene::1949	EFNB3	1949	ENSG00000108947	EFNB3
Gene::54757	FAM20A	54757	ENSG00000108950	FAM20A
Gene::7531	YWHAE	7531	ENSG00000108953	YWHAE
Gene::23531	MMD	23531	ENSG00000108960	MMD
Gene::29098	RANGRF	29098	ENSG00000108961	RANGRF
Gene::1801	DPH1	1801	ENSG00000108963	DPH1
Gene::5608	MAP2K6	5608	ENSG00000108984	MAP2K6
Gene::25979	DHRS7B	25979	ENSG00000109016	DHRS7B
Gene::26118	WSB1	26118	ENSG00000109046	WSB1
Gene::5957	RCVRN	5957	ENSG00000109047	RCVRN
Gene::4619	MYH1	4619	ENSG00000109061	MYH1
Gene::9368	SLC9A3R1	9368	ENSG00000109062	NHERF1
Gene::4621	MYH3	4621	ENSG00000109063	MYH3
Gene::26151	NAT9	26151	ENSG00000109065	NAT9
Gene::54868	TMEM104	54868	ENSG00000109066	SLC38A12
Gene::7448	VTN	7448	ENSG00000109072	VTN
Gene::7126	TNFAIP1	7126	ENSG00000109079	TNFAIP1
Gene::90410	IFT20	90410	ENSG00000109083	IFT20
Gene::27346	TMEM97	27346	ENSG00000109084	TMEM97
Gene::30850	CDR2L	30850	ENSG00000109089	CDR2L
Gene::5376	PMP22	5376	ENSG00000109099	PMP22
Gene::8456	FOXN1	8456	ENSG00000109101	FOXN1
Gene::9094	UNC119	9094	ENSG00000109103	UNC119
Gene::230	ALDOC	230	ENSG00000109107	ALDOC
Gene::6830	SUPT6H	6830	ENSG00000109111	SUPT6H
Gene::83871	RAB34	83871	ENSG00000109113	RAB34
Gene::57649	PHF12	57649	ENSG00000109118	PHF12
Gene::8929	PHOX2B	8929	ENSG00000109132	PHOX2B
Gene::55161	TMEM33	55161	ENSG00000109133	TMEM33
Gene::2557	GABRA4	2557	ENSG00000109158	GABRA4
Gene::2798	GNRHR	2798	ENSG00000109163	GNRHR
Gene::57606	SLAIN2	57606	ENSG00000109171	SLAIN2
Gene::54940	OCIAD1	54940	ENSG00000109180	OCIAD1
Gene::7365	UGT2B10	7365	ENSG00000109181	UGT2B10
Gene::80157	CWH43	80157	ENSG00000109182	CWH43
Gene::23142	DCUN1D4	23142	ENSG00000109184	DCUN1D4
Gene::64854	USP46	64854	ENSG00000109189	USP46
Gene::6783	SULT1E1	6783	ENSG00000109193	SULT1E1
Gene::54959	ODAM	54959	ENSG00000109205	ODAM
Gene::26952	SMR3A	26952	ENSG00000109208	SMR3A
Gene::26511	CHIC2	26511	ENSG00000109220	CHIC2
Gene::10874	NMU	10874	ENSG00000109255	NMU
Gene::57482	KIAA1211	57482	ENSG00000109265	CRACD
Gene::8649	LAMTOR3	8649	ENSG00000109270	LAMTOR3
Gene::5197	PF4V1	5197	ENSG00000109272	PF4V1
Gene::4790	NFKB1	4790	ENSG00000109320	NFKB1
Gene::374	AREG	374	ENSG00000109321	AREG
Gene::4126	MANBA	4126	ENSG00000109323	MANBA
Gene::7323	UBE2D3	7323	ENSG00000109332	UBE2D3
Gene::5602	MAPK10	5602	ENSG00000109339	MAPK10
Gene::1998	ELF2	1998	ENSG00000109381	ELF2
Gene::4717	NDUFC1	4717	ENSG00000109390	NDUFC1
Gene::7350	UCP1	7350	ENSG00000109424	UCP1
Gene::23158	TBC1D9	23158	ENSG00000109436	TBC1D9
Gene::27309	ZNF330	27309	ENSG00000109445	NOAZFP
Gene::8821	INPP4B	8821	ENSG00000109452	INPP4B
Gene::2549	GAB1	2549	ENSG00000109458	GAB1
Gene::11275	KLHL2	11275	ENSG00000109466	KLHL2
Gene::3558	IL2	3558	ENSG00000109471	IL2
Gene::1363	CPE	1363	ENSG00000109472	CPE
Gene::6164	RPL34	6164	ENSG00000109475	RPL34
Gene::7466	WFS1	7466	ENSG00000109501	WFS1
Gene::11199	ANXA10	11199	ENSG00000109511	ANXA10
Gene::80273	GRPEL1	80273	ENSG00000109519	GRPEL1
Gene::54433	GAR1	54433	ENSG00000109534	GAR1
Gene::2483	FRG1	2483	ENSG00000109536	FRG1
Gene::1182	CLCN3	1182	ENSG00000109572	CLCN3
Gene::51166	AADAT	51166	ENSG00000109576	AADAT
Gene::51809	GALNT7	51809	ENSG00000109586	GALNT7
Gene::1665	DHX15	1665	ENSG00000109606	DHX15
Gene::6649	SOD3	6649	ENSG00000109610	SOD3
Gene::51091	SEPSECS	51091	ENSG00000109618	SEPSECS
Gene::8532	CPZ	8532	ENSG00000109625	CPZ
Gene::23321	TRIM2	23321	ENSG00000109654	TRIM2
Gene::56606	SLC2A9	56606	ENSG00000109667	SLC2A9
Gene::55294	FBXW7	55294	ENSG00000109670	FBXW7
Gene::55247	NEIL3	55247	ENSG00000109674	NEIL3
Gene::55296	TBC1D19	55296	ENSG00000109680	TBC1D19
Gene::116449	CLNK	116449	ENSG00000109684	CLNK
Gene::7468	WHSC1	7468	ENSG00000109685	NSD2
Gene::152503	SH3D19	152503	ENSG00000109686	SH3D19
Gene::57620	STIM2	57620	ENSG00000109689	STIM2
Gene::579	NKX3-2	579	ENSG00000109705	NKX3-2
Gene::10227	MFSD10	10227	ENSG00000109736	SLC75A1
Gene::2743	GLRB	2743	ENSG00000109738	GLRB
Gene::683	BST1	683	ENSG00000109743	BST1
Gene::9693	RAPGEF2	9693	ENSG00000109756	RAPGEF2
Gene::3083	HGFAC	3083	ENSG00000109758	HGFAC
Gene::83891	SNX25	83891	ENSG00000109762	SNX25
Gene::55805	LRP2BP	55805	ENSG00000109771	LRP2BP
Gene::55325	UFSP2	55325	ENSG00000109775	UFSP2
Gene::51274	KLF3	51274	ENSG00000109787	KLF3
Gene::51088	KLHL5	51088	ENSG00000109790	KLHL5
Gene::25854	FAM149A	25854	ENSG00000109794	FAM149A
Gene::64151	NCAPG	64151	ENSG00000109805	NCAPG
Gene::7358	UGDH	7358	ENSG00000109814	UGDH
Gene::10891	PPARGC1A	10891	ENSG00000109819	PPARGC1A
Gene::29118	DDX25	29118	ENSG00000109832	DDX25
Gene::1410	CRYAB	1410	ENSG00000109846	CRYAB
Gene::120237	DBX1	120237	ENSG00000109851	DBX1
Gene::10553	HTATIP2	10553	ENSG00000109854	HTATIP2
Gene::1075	CTSC	1075	ENSG00000109861	CTSC
Gene::91057	CCDC34	91057	ENSG00000109881	CCDC34
Gene::7704	ZBTB16	7704	ENSG00000109906	ZBTB16
Gene::26610	ELP4	26610	ENSG00000109911	ELP4
Gene::8882	ZPR1	8882	ENSG00000109917	ZPR1
Gene::23788	MTCH2	23788	ENSG00000109919	MTCH2
Gene::23360	FNBP4	23360	ENSG00000109920	FNBP4
Gene::7007	TECTA	7007	ENSG00000109927	TECTA
Gene::6309	SC5D	6309	ENSG00000109929	SC5D
Gene::56253	CRTAM	56253	ENSG00000109943	CRTAM
Gene::79864	C11orf63	79864	ENSG00000109944	JHY
Gene::27087	B3GAT1	27087	ENSG00000109956	B3GAT1
Gene::3312	HSPA8	3312	ENSG00000109971	HSPA8
Gene::5024	P2RX3	5024	ENSG00000109991	P2RX3
Gene::4013	VWA5A	4013	ENSG00000110002	VWA5A
Gene::3338	DNAJC4	3338	ENSG00000110011	DNAJC4
Gene::54414	SIAE	54414	ENSG00000110013	SIAE
Gene::29907	SNX15	29907	ENSG00000110025	SNX15
Gene::9404	LPXN	9404	ENSG00000110031	LPXN
Gene::23220	DTX4	23220	ENSG00000110042	DTX4
Gene::23130	ATG2A	23130	ENSG00000110046	ATG2A
Gene::10938	EHD1	10938	ENSG00000110047	EHD1
Gene::5007	OSBP	5007	ENSG00000110048	OSBP
Gene::81622	UNC93B1	81622	ENSG00000110057	UNC93B1
Gene::83480	PUS3	83480	ENSG00000110060	PUS3
Gene::28960	DCPS	28960	ENSG00000110063	DCPS
Gene::51111	SUV420H1	51111	ENSG00000110066	KMT5B
Gene::55572	FOXRED1	55572	ENSG00000110074	FOXRED1
Gene::55291	PPP6R3	55291	ENSG00000110075	PPP6R3
Gene::9379	NRXN2	9379	ENSG00000110076	NRXN2
Gene::64231	MS4A6A	64231	ENSG00000110077	MS4A6A
Gene::51338	MS4A4A	51338	ENSG00000110079	MS4A4A
Gene::6484	ST3GAL4	6484	ENSG00000110080	ST3GAL4
Gene::1374	CPT1A	1374	ENSG00000110090	CPT1A
Gene::595	CCND1	595	ENSG00000110092	CCND1
Gene::79080	CCDC86	79080	ENSG00000110104	CCDC86
Gene::27339	PRPF19	27339	ENSG00000110107	PRPF19
Gene::79073	TMEM109	79073	ENSG00000110108	TMEM109
Gene::887	CCKBR	887	ENSG00000110148	CCKBR
Gene::3263	HPX	3263	ENSG00000110169	HPX
Gene::10612	TRIM3	10612	ENSG00000110171	TRIM3
Gene::26973	CHORDC1	26973	ENSG00000110172	CHORDC1
Gene::2348	FOLR1	2348	ENSG00000110195	FOLR1
Gene::25906	ANAPC15	25906	ENSG00000110200	ANAPC15
Gene::2352	FOLR3	2352	ENSG00000110203	FOLR3
Gene::24145	PANX1	24145	ENSG00000110218	PANX1
Gene::9828	ARHGEF17	9828	ENSG00000110237	ARHGEF17
Gene::116519	APOA5	116519	ENSG00000110243	APOA5
Gene::337	APOA4	337	ENSG00000110244	APOA4
Gene::345	APOC3	345	ENSG00000110245	APOC3
Gene::22897	CEP164	22897	ENSG00000110274	CEP164
Gene::50862	RNF141	50862	ENSG00000110315	RNF141
Gene::57562	CEP126	57562	ENSG00000110318	CEP126
Gene::1982	EIF4G2	1982	ENSG00000110321	EIF4G2
Gene::3587	IL10RA	3587	ENSG00000110324	IL10RA
Gene::374378	GALNT18	374378	ENSG00000110328	GALNT18
Gene::329	BIRC2	329	ENSG00000110330	BIRC2
Gene::9354	UBE4A	9354	ENSG00000110344	UBE4A
Gene::1656	DDX6	1656	ENSG00000110367	DDX6
Gene::7379	UPK2	7379	ENSG00000110375	UPK2
Gene::867	CBL	867	ENSG00000110395	CBL
Gene::5818	PVRL1	5818	ENSG00000110400	NECTIN1
Gene::10114	HIPK3	10114	ENSG00000110422	HIPK3
Gene::25758	KIAA1549L	25758	ENSG00000110427	KIAA1549L
Gene::26273	FBXO3	26273	ENSG00000110429	FBXO3
Gene::8050	PDHX	8050	ENSG00000110435	PDHX
Gene::6506	SLC1A2	6506	ENSG00000110436	SLC1A2
Gene::29099	COMMD9	29099	ENSG00000110442	COMMD9
Gene::51296	SLC15A3	51296	ENSG00000110446	SLC15A3
Gene::921	CD5	921	ENSG00000110448	CD5
Gene::84680	ACCS	84680	ENSG00000110455	ACCS
Gene::4250	SCGB2A2	4250	ENSG00000110484	SCGB2A2
Gene::4192	MDK	4192	ENSG00000110492	MDK
Gene::55626	AMBRA1	55626	ENSG00000110497	AMBRA1
Gene::8567	MADD	8567	ENSG00000110514	MADD
Gene::114971	PTPMT1	114971	ENSG00000110536	PTPMT1
Gene::79829	NAA40	79829	ENSG00000110583	NAA40
Gene::833	CARS	833	ENSG00000110619	CARS1
Gene::5002	SLC22A18	5002	ENSG00000110628	SLC67A1
Gene::975	CD81	975	ENSG00000110651	CD81
Gene::54733	SLC35F2	54733	ENSG00000110660	SLC35F2
Gene::29125	C11orf21	29125	ENSG00000110665	C11orf21
Gene::55531	ELMOD1	55531	ENSG00000110675	ELMOD1
Gene::796	CALCA	796	ENSG00000110680	CALCA
Gene::55553	SOX6	55553	ENSG00000110693	SOX6
Gene::10944	C11orf58	10944	ENSG00000110696	C11orf58
Gene::9600	PITPNM1	9600	ENSG00000110697	PITPNM1
Gene::6207	RPS13	6207	ENSG00000110700	RPS13
Gene::9049	AIP	9049	ENSG00000110711	AIP
Gene::4928	NUP98	4928	ENSG00000110713	NUP98
Gene::4728	NDUFS8	4728	ENSG00000110717	NDUFS8
Gene::10312	TCIRG1	10312	ENSG00000110719	TCIRG1
Gene::1119	CHKA	1119	ENSG00000110721	CHKA
Gene::23086	EXPH5	23086	ENSG00000110723	EXPH5
Gene::11234	HPS5	11234	ENSG00000110756	HPS5
Gene::2965	GTF2H1	2965	ENSG00000110768	GTF2H1
Gene::5450	POU2AF1	5450	ENSG00000110777	POU2AF1
Gene::84867	PTPN5	84867	ENSG00000110786	PTPN5
Gene::7450	VWF	7450	ENSG00000110799	VWF
Gene::5715	PSMD9	5715	ENSG00000110801	PSMD9
Gene::10536	P3H3	10536	ENSG00000110811	P3H3
Gene::8496	PPFIBP1	8496	ENSG00000110841	PPFIBP1
Gene::25766	PRPF40B	25766	ENSG00000110844	PRPF40B
Gene::969	CD69	969	ENSG00000110848	CD69
Gene::11108	PRDM4	11108	ENSG00000110851	PRDM4
Gene::9976	CLEC2B	9976	ENSG00000110852	CLEC2B
Gene::84274	COQ5	84274	ENSG00000110871	COQ5
Gene::6404	SELPLG	6404	ENSG00000110876	SELPLG
Gene::23603	CORO1C	23603	ENSG00000110880	CORO1C
Gene::41	ASIC1	41	ENSG00000110881	ASIC1
Gene::1610	DAO	1610	ENSG00000110887	DAO
Gene::65981	CAPRIN2	65981	ENSG00000110888	CAPRIN2
Gene::441631	TSPAN11	441631	ENSG00000110900	TSPAN11
Gene::83892	KCTD10	83892	ENSG00000110906	KCTD10
Gene::4891	SLC11A2	4891	ENSG00000110911	SLC11A2
Gene::9761	MLEC	9761	ENSG00000110917	MLEC
Gene::4598	MVK	4598	ENSG00000110921	MVK
Gene::81566	CSRNP2	81566	ENSG00000110925	CSRNP2
Gene::10645	CAMKK2	10645	ENSG00000110931	CAMKK2
Gene::51411	BIN2	51411	ENSG00000110934	BIN2
Gene::51561	IL23A	51561	ENSG00000110944	IL23A
Gene::506	ATP5B	506	ENSG00000110955	ATP5F1B
Gene::10728	PTGES3	10728	ENSG00000110958	PTGES3
Gene::341359	SYT10	341359	ENSG00000110975	SYT10
Gene::605	BCL7A	605	ENSG00000110987	BCL7A
Gene::65117	RSRC2	65117	ENSG00000111011	RSRC2
Gene::1594	CYP27B1	1594	ENSG00000111012	CYP27B1
Gene::4618	MYF6	4618	ENSG00000111046	MYF6
Gene::4617	MYF5	4617	ENSG00000111049	MYF5
Gene::8825	LIN7A	8825	ENSG00000111052	LIN7A
Gene::3875	KRT18	3875	ENSG00000111057	KRT18
Gene::79611	ACSS3	79611	ENSG00000111058	ACSS3
Gene::23371	TNS2	23371	ENSG00000111077	TNS2
Gene::2735	GLI1	2735	ENSG00000111087	GLI1
Gene::57460	PPM1H	57460	ENSG00000111110	PPM1H
Gene::10988	METAP2	10988	ENSG00000111142	METAP2
Gene::4048	LTA4H	4048	ENSG00000111144	LTA4H
Gene::2004	ELK3	2004	ENSG00000111145	ELK3
Gene::6539	SLC6A12	6539	ENSG00000111181	SLC6A12
Gene::81029	WNT5B	81029	ENSG00000111186	WNT5B
Gene::55110	MAGOHB	55110	ENSG00000111196	MAGOHB
Gene::59341	TRPV4	59341	ENSG00000111199	TRPV4
Gene::55846	ITFG2	55846	ENSG00000111203	ITFG2
Gene::2305	FOXM1	2305	ENSG00000111206	FOXM1
Gene::11272	PRR4	11272	ENSG00000111215	PRR4
Gene::56341	PRMT8	56341	ENSG00000111218	PRMT8
Gene::57097	PARP11	57097	ENSG00000111224	PARP11
Gene::10094	ARPC3	10094	ENSG00000111229	ARPC3
Gene::51184	GPN3	51184	ENSG00000111231	GPN3
Gene::51699	VPS29	51699	ENSG00000111237	VPS29
Gene::2251	FGF6	2251	ENSG00000111241	FGF6
Gene::4633	MYL2	4633	ENSG00000111245	MYL2
Gene::10635	RAD51AP1	10635	ENSG00000111247	RAD51AP1
Gene::23316	CUX2	23316	ENSG00000111249	CUX2
Gene::10019	SH2B3	10019	ENSG00000111252	SH2B3
Gene::10566	AKAP3	10566	ENSG00000111254	AKAP3
Gene::54682	MANSC1	54682	ENSG00000111261	MANSC1
Gene::3736	KCNA1	3736	ENSG00000111262	KCNA1
Gene::80824	DUSP16	80824	ENSG00000111266	DUSP16
Gene::1389	CREBL2	1389	ENSG00000111269	CREBL2
Gene::80724	ACAD10	80724	ENSG00000111271	ACAD10
Gene::217	ALDH2	217	ENSG00000111275	ALDH2
Gene::1027	CDKN1B	1027	ENSG00000111276	CDKN1B
Gene::55507	GPRC5D	55507	ENSG00000111291	GPRC5D
Gene::80018	NAA25	80018	ENSG00000111300	NAA25
Gene::83445	GSG1	83445	ENSG00000111305	GSG1
Gene::6337	SCNN1A	6337	ENSG00000111319	SCNN1A
Gene::4055	LTBR	4055	ENSG00000111321	LTBR
Gene::79676	OGFOD2	79676	ENSG00000111325	OGFOD2
Gene::8099	CDK2AP1	8099	ENSG00000111328	CDK2AP1
Gene::4940	OAS3	4940	ENSG00000111331	OAS3
Gene::4939	OAS2	4939	ENSG00000111335	OAS2
Gene::420	ART4	420	ENSG00000111339	ART4
Gene::4256	MGP	4256	ENSG00000111341	MGP
Gene::8437	RASAL1	8437	ENSG00000111344	RASAL1
Gene::397	ARHGDIB	397	ENSG00000111348	ARHGDIB
Gene::2967	GTF2H3	2967	ENSG00000111358	GTF2H3
Gene::1967	EIF2B1	1967	ENSG00000111361	EIF2B1
Gene::57696	DDX55	57696	ENSG00000111364	DDX55
Gene::81539	SLC38A1	81539	ENSG00000111371	SLC38A1
Gene::79785	RERGL	79785	ENSG00000111404	RERGL
Gene::8909	ENDOU	8909	ENSG00000111405	ENDOU
Gene::79794	C12orf49	79794	ENSG00000111412	SPRING1
Gene::7421	VDR	7421	ENSG00000111424	VDR
Gene::11211	FZD10	11211	ENSG00000111432	FZD10
Gene::5985	RFC5	5985	ENSG00000111445	RFC5
Gene::2054	STX2	2054	ENSG00000111450	STX2
Gene::283383	ADGRD1	283383	ENSG00000111452	ADGRD1
Gene::22818	COPZ1	22818	ENSG00000111481	COPZ1
Gene::23329	TBC1D30	23329	ENSG00000111490	TBC1D30
Gene::55832	CAND1	55832	ENSG00000111530	CAND1
Gene::55801	IL26	55801	ENSG00000111536	IL26
Gene::3458	IFNG	3458	ENSG00000111537	IFNG
Gene::5869	RAB5B	5869	ENSG00000111540	RAB5B
Gene::56890	MDM1	56890	ENSG00000111554	SAXO6
Gene::57122	NUP107	57122	ENSG00000111581	NUP107
Gene::4848	CNOT2	4848	ENSG00000111596	CNOT2
Gene::8914	TIMELESS	8914	ENSG00000111602	TIMELESS
Gene::11052	CPSF6	11052	ENSG00000111605	CPSF6
Gene::11103	KRR1	11103	ENSG00000111615	KRR1
Gene::51258	MRPL51	51258	ENSG00000111639	MRPL51
Gene::2597	GAPDH	2597	ENSG00000111640	GAPDH
Gene::4839	NOP2	4839	ENSG00000111641	NOP2
Gene::1108	CHD4	1108	ENSG00000111642	CHD4
Gene::84519	ACRBP	84519	ENSG00000111644	ACRBP
Gene::23074	UHRF1BP1L	23074	ENSG00000111647	BLTP3B
Gene::50813	COPS7A	50813	ENSG00000111652	COPS7A
Gene::51147	ING4	51147	ENSG00000111653	ING4
Gene::2784	GNB3	2784	ENSG00000111664	GNB3
Gene::83461	CDCA3	83461	ENSG00000111665	CDCA3
Gene::56994	CHPT1	56994	ENSG00000111666	CHPT1
Gene::8078	USP5	8078	ENSG00000111667	USP5
Gene::7167	TPI1	7167	ENSG00000111669	TPI1
Gene::79158	GNPTAB	79158	ENSG00000111670	GNPTAB
Gene::84727	SPSB2	84727	ENSG00000111671	SPSB2
Gene::2026	ENO2	2026	ENSG00000111674	ENO2
Gene::1822	ATN1	1822	ENSG00000111676	ATN1
Gene::113246	C12orf57	113246	ENSG00000111678	C12orf57
Gene::5777	PTPN6	5777	ENSG00000111679	PTPN6
Gene::10162	LPCAT3	10162	ENSG00000111684	LPCAT3
Gene::51559	NT5DC3	51559	ENSG00000111696	NT5DC3
Gene::28234	SLCO1B3	28234	ENSG00000111700	SLCO1B3
Gene::339	APOBEC1	339	ENSG00000111701	APOBEC1
Gene::79923	NANOG	79923	ENSG00000111704	NANOG
Gene::64426	SUDS3	64426	ENSG00000111707	SUDS3
Gene::51026	GOLT1B	51026	ENSG00000111711	GOLT1B
Gene::2998	GYS2	2998	ENSG00000111713	GYS2
Gene::3945	LDHB	3945	ENSG00000111716	LDHB
Gene::5564	PRKAB1	5564	ENSG00000111725	PRKAB1
Gene::55907	CMAS	55907	ENSG00000111726	CMAS
Gene::29915	HCFC2	29915	ENSG00000111727	HCFC2
Gene::6489	ST8SIA1	6489	ENSG00000111728	ST8SIA1
Gene::50856	CLEC4A	50856	ENSG00000111729	CLEC4A
Gene::9847	C2CD5	9847	ENSG00000111731	C2CD5
Gene::57379	AICDA	57379	ENSG00000111732	AICDA
Gene::11021	RAB35	11021	ENSG00000111737	RAB35
Gene::1911	PHC1	1911	ENSG00000111752	PHC1
Gene::1337	COX6A1	1337	ENSG00000111775	COX6A1
Gene::5992	RFX4	5992	ENSG00000111783	RFX4
Gene::55188	RIC8B	55188	ENSG00000111785	RIC8B
Gene::8683	SRSF9	8683	ENSG00000111786	SRSF9
Gene::26127	FGFR1OP2	26127	ENSG00000111790	FGFR1OP2
Gene::3820	KLRB1	3820	ENSG00000111796	KLRB1
Gene::1303	COL12A1	1303	ENSG00000111799	COL12A1
Gene::10384	BTN3A3	10384	ENSG00000111801	BTN3A3
Gene::51567	TDP2	51567	ENSG00000111802	TDP2
Gene::2444	FRK	2444	ENSG00000111816	FRK
Gene::29940	DSE	29940	ENSG00000111817	DSE
Gene::51389	RWDD1	51389	ENSG00000111832	RWDD1
Gene::345895	RSPH4A	345895	ENSG00000111834	RSPH4A
Gene::4117	MAK	4117	ENSG00000111837	MAK
Gene::51522	TMEM14C	51522	ENSG00000111843	TMEM14C
Gene::55003	PAK1IP1	55003	ENSG00000111845	PAK1IP1
Gene::2651	GCNT2	2651	ENSG00000111846	GCNT2
Gene::57150	SMIM8	57150	ENSG00000111850	SMIM8
Gene::4739	NEDD9	4739	ENSG00000111859	NEDD9
Gene::387119	CEP85L	387119	ENSG00000111860	CEP85L
Gene::84830	ADTRP	84830	ENSG00000111863	ADTRP
Gene::25842	ASF1A	25842	ENSG00000111875	ASF1A
Gene::254394	MCM9	254394	ENSG00000111877	MCM9
Gene::79632	FAM184A	79632	ENSG00000111879	FAM184A
Gene::8732	RNGTT	8732	ENSG00000111880	RNGTT
Gene::4121	MAN1A1	4121	ENSG00000111885	MAN1A1
Gene::2570	GABRR2	2570	ENSG00000111886	GABRR2
Gene::57515	SERINC1	57515	ENSG00000111897	SERINC1
Gene::51020	HDDC2	51020	ENSG00000111906	HDDC2
Gene::7164	TPD52L1	7164	ENSG00000111907	TPD52L1
Gene::135114	HINT3	135114	ENSG00000111911	HINT3
Gene::135112	NCOA7	135112	ENSG00000111912	NCOA7
Gene::9750	FAM65B	9750	ENSG00000111913	RIPOR2
Gene::23328	SASH1	23328	ENSG00000111961	SASH1
Gene::10090	UST	10090	ENSG00000111962	UST
Gene::80329	ULBP1	80329	ENSG00000111981	ULBP1
Gene::26271	FBXO5	26271	ENSG00000112029	FBXO5
Gene::54516	MTRF1L	54516	ENSG00000112031	MTRF1L
Gene::5467	PPARD	5467	ENSG00000112033	PPARD
Gene::4988	OPRM1	4988	ENSG00000112038	OPRM1
Gene::2178	FANCE	2178	ENSG00000112039	FANCE
Gene::7287	TULP1	7287	ENSG00000112041	TULP1
Gene::116369	SLC26A8	116369	ENSG00000112053	SLC26A8
Gene::1432	MAPK14	1432	ENSG00000112062	MAPK14
Gene::6005	RHAG	6005	ENSG00000112077	RHAG
Gene::222658	KCTD20	222658	ENSG00000112078	KCTD20
Gene::11329	STK38	11329	ENSG00000112079	STK38
Gene::6428	SRSF3	6428	ENSG00000112081	SRSF3
Gene::29074	MRPL18	29074	ENSG00000112110	MRPL18
Gene::3605	IL17A	3605	ENSG00000112115	IL17A
Gene::112744	IL17F	112744	ENSG00000112116	IL17F
Gene::4172	MCM3	4172	ENSG00000112118	MCM3
Gene::9025	RNF8	9025	ENSG00000112130	RNF8
Gene::221692	PHACTR1	221692	ENSG00000112137	PHACTR1
Gene::266727	MDGA1	266727	ENSG00000112139	MDGA1
Gene::22858	ICK	22858	ENSG00000112144	CILK1
Gene::26268	FBXO9	26268	ENSG00000112146	FBXO9
Gene::9308	CD83	9308	ENSG00000112149	CD83
Gene::23195	MDN1	23195	ENSG00000112159	MDN1
Gene::2740	GLP1R	2740	ENSG00000112164	GLP1R
Gene::55776	SAYSD1	55776	ENSG00000112167	SAYSD1
Gene::653	BMP5	653	ENSG00000112175	BMP5
Gene::60468	BACH2	60468	ENSG00000112182	BACH2
Gene::221662	RBM24	221662	ENSG00000112183	RBM24
Gene::10486	CAP2	10486	ENSG00000112186	CAP2
Gene::79865	TREML2	79865	ENSG00000112195	TREML2
Gene::26036	ZNF451	26036	ENSG00000112200	ZNF451
Gene::9532	BAG2	9532	ENSG00000112208	BAG2
Gene::51715	RAB23	51715	ENSG00000112210	RAB23
Gene::222642	TSPO2	222642	ENSG00000112212	TSPO2
Gene::9457	FHL5	9457	ENSG00000112214	FHL5
Gene::81491	GPR63	81491	ENSG00000112218	GPR63
Gene::202559	KHDRBS2	202559	ENSG00000112232	KHDRBS2
Gene::26235	FBXL4	26235	ENSG00000112234	FBXL4
Gene::892	CCNC	892	ENSG00000112237	CCNC
Gene::59336	PRDM13	59336	ENSG00000112238	PRDM13
Gene::1871	E2F3	1871	ENSG00000112242	E2F3
Gene::7803	PTP4A1	7803	ENSG00000112245	PTP4A1
Gene::6492	SIM1	6492	ENSG00000112246	SIM1
Gene::10973	ASCC3	10973	ENSG00000112249	ASCC3
Gene::154150	HDGFL1	154150	ENSG00000112273	HDGFL1
Gene::11149	BVES	11149	ENSG00000112276	POPDC1
Gene::1297	COL9A1	1297	ENSG00000112280	COL9A1
Gene::9439	MED23	9439	ENSG00000112282	MED23
Gene::8936	WASF1	8936	ENSG00000112290	WASF1
Gene::2822	GPLD1	2822	ENSG00000112293	GPLD1
Gene::7915	ALDH5A1	7915	ENSG00000112294	ALDH5A1
Gene::202	AIM1	202	ENSG00000112297	CRYBG1
Gene::8876	VNN1	8876	ENSG00000112299	VNN1
Gene::8875	VNN2	8875	ENSG00000112303	VNN2
Gene::55856	ACOT13	55856	ENSG00000112304	ACOT13
Gene::60682	SMAP1	60682	ENSG00000112305	SMAP1
Gene::6206	RPS12	6206	ENSG00000112306	RPS12
Gene::81688	C6orf62	81688	ENSG00000112308	C6orf62
Gene::135152	B3GAT2	135152	ENSG00000112309	B3GAT2
Gene::51053	GMNN	51053	ENSG00000112312	GMNN
Gene::2070	EYA4	2070	ENSG00000112319	EYA4
Gene::55084	SOBP	55084	ENSG00000112320	SOBP
Gene::7101	NR2E1	7101	ENSG00000112333	NR2E1
Gene::8724	SNX3	8724	ENSG00000112335	SNX3
Gene::10246	SLC17A2	10246	ENSG00000112337	SLC17A2
Gene::10767	HBS1L	10767	ENSG00000112339	HBS1L
Gene::10475	TRIM38	10475	ENSG00000112343	TRIM38
Gene::5191	PEX7	5191	ENSG00000112357	PEX7
Gene::9841	ZBTB24	9841	ENSG00000112365	ZBTB24
Gene::9896	FIG4	9896	ENSG00000112367	FIG4
Gene::64065	PERP	64065	ENSG00000112378	PERP
Gene::57221	ARFGEF3	57221	ENSG00000112379	ARFGEF3
Gene::117247	SLC16A10	117247	ENSG00000112394	SLC16A10
Gene::51696	HECA	51696	ENSG00000112406	HECA
Gene::57211	ADGRG6	57211	ENSG00000112414	ADGRG6
Gene::9749	PHACTR2	9749	ENSG00000112419	PHACTR2
Gene::7957	EPM2A	7957	ENSG00000112425	EPM2A
Gene::81797	OR12D3	81797	ENSG00000112462	OR12D3
Gene::7922	SLC39A7	7922	ENSG00000112473	SLC39A7
Gene::1235	CCR6	1235	ENSG00000112486	CCR6
Gene::54346	UNC93A	54346	ENSG00000112494	UNC93A
Gene::6582	SLC22A2	6582	ENSG00000112499	SLC22A2
Gene::5252	PHF1	5252	ENSG00000112511	PHF1
Gene::51596	CUTA	51596	ENSG00000112514	CUTA
Gene::135138	PACRG	135138	ENSG00000112530	PACRG
Gene::9444	QKI	9444	ENSG00000112531	QKI
Gene::168090	C6orf118	168090	ENSG00000112539	C6orf118
Gene::10846	PDE10A	10846	ENSG00000112541	PDE10A
Gene::4188	MDFI	4188	ENSG00000112559	MDFI
Gene::7942	TFEB	7942	ENSG00000112561	TFEB
Gene::64094	SMOC2	64094	ENSG00000112562	SMOC2
Gene::896	CCND3	896	ENSG00000112576	CCND3
Gene::705	BYSL	705	ENSG00000112578	BYSL
Gene::84498	FAM120B	84498	ENSG00000112584	FAM120B
Gene::6908	TBP	6908	ENSG00000112592	TBP
Gene::2979	GUCA1B	2979	ENSG00000112599	GUCA1B
Gene::5961	PRPH2	5961	ENSG00000112619	PRPH2
Gene::23506	GLTSCR1L	23506	ENSG00000112624	BICRAL
Gene::5528	PPP2R5D	5528	ENSG00000112640	PPP2R5D
Gene::51069	MRPL2	51069	ENSG00000112651	MRPL2
Gene::5754	PTK7	5754	ENSG00000112655	PTK7
Gene::6722	SRF	6722	ENSG00000112658	SRF
Gene::23113	CUL9	23113	ENSG00000112659	CUL9
Gene::10591	DNPH1	10591	ENSG00000112667	DNPH1
Gene::56940	DUSP22	56940	ENSG00000112679	DUSP22
Gene::55770	EXOC2	55770	ENSG00000112685	EXOC2
Gene::1347	COX7A2	1347	ENSG00000112695	COX7A2
Gene::55754	TMEM30A	55754	ENSG00000112697	CDC50A
Gene::2762	GMDS	2762	ENSG00000112699	GMDS
Gene::26054	SENP6	26054	ENSG00000112701	SENP6
Gene::3617	IMPG1	3617	ENSG00000112706	IMPG1
Gene::7422	VEGFA	7422	ENSG00000112715	VEGFA
Gene::8899	PRPF4B	8899	ENSG00000112739	PRP4K
Gene::7272	TTK	7272	ENSG00000112742	TTK
Gene::2030	SLC29A1	2030	ENSG00000112759	SLC29A1
Gene::8838	WISP3	8838	ENSG00000112761	CCN6
Gene::11120	BTN2A1	11120	ENSG00000112763	BTN2A1
Gene::3910	LAMA4	3910	ENSG00000112769	LAMA4
Gene::55603	FAM46A	55603	ENSG00000112773	TENT5A
Gene::53405	CLIC5	53405	ENSG00000112782	CLIC5
Gene::57666	FBRSL1	57666	ENSG00000112787	FBRSL1
Gene::59084	ENPP5	59084	ENSG00000112796	ENPP5
Gene::9450	LY86	9450	ENSG00000112799	LY86
Gene::10279	PRSS16	10279	ENSG00000112812	PRSS16
Gene::4224	MEP1A	4224	ENSG00000112818	MEP1A
Gene::9096	TBX18	9096	ENSG00000112837	TBX18
Gene::55914	ERBB2IP	55914	ENSG00000112851	ERBIN
Gene::56133	PCDHB2	56133	ENSG00000112852	PCDHB2
Gene::23438	HARS2	23438	ENSG00000112855	HARS2
Gene::83594	NUDT12	83594	ENSG00000112874	NUDT12
Gene::55722	CEP72	55722	ENSG00000112877	CEP72
Gene::4124	MAN2A1	4124	ENSG00000112893	MAN2A1
Gene::9037	SEMA5A	9037	ENSG00000112902	SEMA5A
Gene::730	C7	730	ENSG00000112936	C7
Gene::11044	PAPD7	11044	ENSG00000112941	TENT4A
Gene::2690	GHR	2690	ENSG00000112964	GHR
Gene::3157	HMGCS1	3157	ENSG00000112972	HMGCS1
Gene::1611	DAP	1611	ENSG00000112977	DAP
Gene::8382	NME5	8382	ENSG00000112981	NME5
Gene::10902	BRD8	10902	ENSG00000112983	BRD8
Gene::10112	KIF20A	10112	ENSG00000112984	KIF20A
Gene::23530	NNT	23530	ENSG00000112992	NNT
Gene::10884	MRPS30	10884	ENSG00000112996	MRPS30
Gene::3313	HSPA9	3313	ENSG00000113013	HSPA9
Gene::23107	MRPS27	23107	ENSG00000113048	MRPS27
Gene::5201	PFDN1	5201	ENSG00000113068	PFDN1
Gene::1839	HBEGF	1839	ENSG00000113070	HBEGF
Gene::83697	SLC4A9	83697	ENSG00000113073	SLC4A9
Gene::4015	LOX	4015	ENSG00000113083	LOX
Gene::3003	GZMK	3003	ENSG00000113088	GZMK
Gene::1007	CDH9	1007	ENSG00000113100	CDH9
Gene::10307	APBB3	10307	ENSG00000113108	APBB3
Gene::55374	TMCO6	55374	ENSG00000113119	TMCO6
Gene::6678	SPARC	6678	ENSG00000113140	SPARC
Gene::3550	IK	3550	ENSG00000113141	IK
Gene::3156	HMGCR	3156	ENSG00000113161	HMGCR
Gene::10087	COL4A3BP	10087	ENSG00000113163	CERT1
Gene::23197	FAF2	23197	ENSG00000113194	FAF2
Gene::9421	HAND1	9421	ENSG00000113196	HAND1
Gene::56132	PCDHB3	56132	ENSG00000113205	PCDHB3
Gene::26167	PCDHB5	26167	ENSG00000113209	PCDHB5
Gene::56130	PCDHB6	56130	ENSG00000113211	PCDHB6
Gene::56129	PCDHB7	56129	ENSG00000113212	PCDHB7
Gene::8622	PDE8B	8622	ENSG00000113231	PDE8B
Gene::57396	CLK4	57396	ENSG00000113240	CLK4
Gene::56121	PCDHB15	56121	ENSG00000113248	PCDHB15
Gene::26762	HAVCR1	26762	ENSG00000113249	HAVCR1
Gene::2916	GRM6	2916	ENSG00000113262	GRM6
Gene::3702	ITK	3702	ENSG00000113263	ITK
Gene::55819	RNF130	55819	ENSG00000113269	RNF130
Gene::54974	THG1L	54974	ENSG00000113272	THG1L
Gene::411	ARSB	411	ENSG00000113273	ARSB
Gene::9685	CLINT1	9685	ENSG00000113282	CLINT1
Gene::7060	THBS4	7060	ENSG00000113296	THBS4
Gene::57472	CNOT6	57472	ENSG00000113300	CNOT6
Gene::3593	IL12B	3593	ENSG00000113302	IL12B
Gene::79908	BTNL8	79908	ENSG00000113303	BTNL8
Gene::7265	TTC1	7265	ENSG00000113312	TTC1
Gene::4437	MSH3	4437	ENSG00000113318	MSH3
Gene::5924	RASGRF2	5924	ENSG00000113319	RASGRF2
Gene::2566	GABRG2	2566	ENSG00000113327	GABRG2
Gene::900	CCNG1	900	ENSG00000113328	CCNG1
Gene::10622	POLR3G	10622	ENSG00000113356	POLR3G
Gene::29102	DROSHA	29102	ENSG00000113360	DROSHA
Gene::1004	CDH6	1004	ENSG00000113361	CDH6
Gene::4001	LMNB1	4001	ENSG00000113368	LMNB1
Gene::57561	ARRDC3	57561	ENSG00000113369	ARRDC3
Gene::64083	GOLPH3	64083	ENSG00000113384	GOLPH3
Gene::10923	SUB1	10923	ENSG00000113387	SUB1
Gene::4883	NPR3	4883	ENSG00000113389	NPR3
Gene::83989	FAM172A	83989	ENSG00000113391	ARB2A
Gene::28965	SLC27A6	28965	ENSG00000113396	SLC27A6
Gene::6897	TARS	6897	ENSG00000113407	TARS1
Gene::50805	IRX4	50805	ENSG00000113430	IRX4
Gene::4012	LNPEP	4012	ENSG00000113441	LNPEP
Gene::5144	PDE4D	5144	ENSG00000113448	PDE4D
Gene::5810	RAD1	5810	ENSG00000113456	RAD1
Gene::55299	BRIX1	55299	ENSG00000113460	BRIX1
Gene::64902	AGXT2	64902	ENSG00000113492	AGXT2
Gene::5618	PRLR	5618	ENSG00000113494	PRLR
Gene::10723	SLC12A7	10723	ENSG00000113504	SLC12A7
Gene::3565	IL4	3565	ENSG00000113520	IL4
Gene::10111	RAD50	10111	ENSG00000113522	RAD50
Gene::3567	IL5	3567	ENSG00000113525	IL5
Gene::7903	ST8SIA4	7903	ENSG00000113532	ST8SIA4
Gene::10007	GNPDA1	10007	ENSG00000113552	GNPDA1
Gene::51294	PCDH12	51294	ENSG00000113555	PCDH12
Gene::6500	SKP1	6500	ENSG00000113558	SKP1
Gene::9631	NUP155	9631	ENSG00000113569	NUP155
Gene::5515	PPP2CA	5515	ENSG00000113575	PPP2CA
Gene::2246	FGF1	2246	ENSG00000113578	FGF1
Gene::2908	NR3C1	2908	ENSG00000113580	NR3C1
Gene::56951	C5orf15	56951	ENSG00000113583	C5orf15
Gene::23398	PPWD1	23398	ENSG00000113593	PPWD1
Gene::3977	LIFR	3977	ENSG00000113594	LIFR
Gene::373	TRIM23	373	ENSG00000113595	TRIM23
Gene::80006	TRAPPC13	80006	ENSG00000113597	TRAPPC13
Gene::735	C9	735	ENSG00000113600	C9
Gene::10802	SEC24A	10802	ENSG00000113615	SEC24A
Gene::79770	TXNDC15	79770	ENSG00000113621	TXNDC15
Gene::23548	TTC33	23548	ENSG00000113638	TTC33
Gene::5917	RARS	5917	ENSG00000113643	RARS1
Gene::23286	WWC1	23286	ENSG00000113645	WWC1
Gene::9555	H2AFY	9555	ENSG00000113648	MACROH2A1
Gene::10915	TCERG1	10915	ENSG00000113649	TCERG1
Gene::1809	DPYSL3	1809	ENSG00000113657	DPYSL3
Gene::4090	SMAD5	4090	ENSG00000113658	SMAD5
Gene::1452	CSNK1A1	1452	ENSG00000113712	CSNK1A1
Gene::22993	HMGXB3	22993	ENSG00000113716	HMGXB3
Gene::57222	ERGIC1	57222	ENSG00000113719	ERGIC1
Gene::5159	PDGFRB	5159	ENSG00000113721	PDGFRB
Gene::1044	CDX1	1044	ENSG00000113722	CDX1
Gene::8992	ATP6V0E1	8992	ENSG00000113732	ATP6V0E1
Gene::662	BNIP1	662	ENSG00000113734	BNIP1
Gene::8614	STC2	8614	ENSG00000113739	STC2
Gene::80315	CPEB4	80315	ENSG00000113742	CPEB4
Gene::3274	HRH2	3274	ENSG00000113749	HRH2
Gene::1627	DBN1	1627	ENSG00000113758	DBN1
Gene::23567	ZNF346	23567	ENSG00000113761	ZNF346
Gene::90249	UNC5A	90249	ENSG00000113763	UNC5A
Gene::1962	EHHADH	1962	ENSG00000113790	EHHADH
Gene::5067	CNTN3	5067	ENSG00000113805	CNTN3
Gene::10051	SMC4	10051	ENSG00000113810	SMC4
Gene::58515	SELK	58515	ENSG00000113811	SELENOK
Gene::93973	ACTR8	93973	ENSG00000113812	ACTR8
Gene::55171	TBCCD1	55171	ENSG00000113838	TBCCD1
Gene::51300	TIMMDC1	51300	ENSG00000113845	TIMMDC1
Gene::51185	CRBN	51185	ENSG00000113851	CRBN
Gene::3827	KNG1	3827	ENSG00000113889	KNG1
Gene::3273	HRG	3273	ENSG00000113905	HRG
Gene::604	BCL6	604	ENSG00000113916	BCL6
Gene::3081	HGD	3081	ENSG00000113924	HGD
Gene::10686	CLDN16	10686	ENSG00000113946	CLDN16
Gene::84100	ARL6	84100	ENSG00000113966	ARL6
Gene::27031	NPHP3	27031	ENSG00000113971	NPHP3
Gene::942	CD86	942	ENSG00000114013	CD86
Gene::51421	AMOTL2	51421	ENSG00000114019	AMOTL2
Gene::56954	NIT2	56954	ENSG00000114021	NIT2
Gene::26355	FAM162A	26355	ENSG00000114023	FAM162A
Gene::4968	OGG1	4968	ENSG00000114026	OGG1
Gene::3836	KPNA1	3836	ENSG00000114030	KPNA1
Gene::5096	PCCB	5096	ENSG00000114054	PCCB
Gene::7337	UBE3A	7337	ENSG00000114062	UBE3A
Gene::25852	ARMC8	25852	ENSG00000114098	ARMC8
Gene::80321	CEP70	80321	ENSG00000114107	CEP70
Gene::5948	RBP2	5948	ENSG00000114113	RBP2
Gene::5947	RBP1	5947	ENSG00000114115	RBP1
Gene::55186	SLC25A36	55186	ENSG00000114120	SLC25A36
Gene::131890	GRK7	131890	ENSG00000114124	GRK7
Gene::9616	RNF7	9616	ENSG00000114125	RNF7
Gene::7029	TFDP2	7029	ENSG00000114126	TFDP2
Gene::54464	XRN1	54464	ENSG00000114127	XRN1
Gene::8850	KAT2B	8850	ENSG00000114166	KAT2B
Gene::590	BCHE	590	ENSG00000114200	BCHE
Gene::5276	SERPINI2	5276	ENSG00000114204	SERPINI2
Gene::11235	PDCD10	11235	ENSG00000114209	PDCD10
Gene::79782	LRRC31	79782	ENSG00000114248	LRRC31
Gene::7474	WNT5A	7474	ENSG00000114251	WNT5A
Gene::5210	PFKFB4	5210	ENSG00000114268	PFKFB4
Gene::1294	COL7A1	1294	ENSG00000114270	COL7A1
Gene::2257	FGF12	2257	ENSG00000114279	FGF12
Gene::5576	PRKAR2A	5576	ENSG00000114302	PRKAR2A
Gene::3280	HES1	3280	ENSG00000114315	HES1
Gene::7375	USP4	7375	ENSG00000114316	USP4
Gene::23527	ACAP2	23527	ENSG00000114331	ACAP2
Gene::1894	ECT2	1894	ENSG00000114346	ECT2
Gene::2779	GNAT1	2779	ENSG00000114349	GNAT1
Gene::2771	GNAI2	2771	ENSG00000114353	GNAI2
Gene::10342	TFG	10342	ENSG00000114354	TFG
Gene::8287	USP9Y	8287	ENSG00000114374	USP9Y
Gene::3373	HYAL1	3373	ENSG00000114378	HYAL1
Gene::11334	TUSC2	11334	ENSG00000114383	TUSC2
Gene::10641	NPRL2	10641	ENSG00000114388	NPRL2
Gene::6152	RPL24	6152	ENSG00000114391	RPL24
Gene::11068	CYB561D2	11068	ENSG00000114395	CYB561D2
Gene::57415	C3orf14	57415	ENSG00000114405	CEP15
Gene::8087	FXR1	8087	ENSG00000114416	FXR1
Gene::868	CBLB	868	ENSG00000114423	CBLB
Gene::56987	BBX	56987	ENSG00000114439	BBX
Gene::55081	IFT57	55081	ENSG00000114446	IFT57
Gene::59345	GNB4	59345	ENSG00000114450	GNB4
Gene::11148	HHLA2	11148	ENSG00000114455	HHLA2
Gene::84223	IQCG	84223	ENSG00000114473	DRC9
Gene::2632	GBE1	2632	ENSG00000114480	GBE1
Gene::27136	MORC1	27136	ENSG00000114487	MORC1
Gene::7372	UMPS	7372	ENSG00000114491	UMPS
Gene::22916	NCBP2	22916	ENSG00000114503	NCBP2
Gene::8723	SNX4	8723	ENSG00000114520	SNX4
Gene::79669	C3orf52	79669	ENSG00000114529	C3orf52
Gene::23150	FRMD4B	23150	ENSG00000114541	FRMD4B
Gene::54946	SLC41A3	54946	ENSG00000114544	SLC41A3
Gene::152015	ROPN1B	152015	ENSG00000114547	ROPN1B
Gene::5361	PLXNA1	5361	ENSG00000114554	PLXNA1
Gene::523	ATP6V1A	523	ENSG00000114573	ATP6V1A
Gene::80325	ABTB1	80325	ENSG00000114626	ABTB1
Gene::50512	PODXL2	50512	ENSG00000114631	PODXL2
Gene::7348	UPK1B	7348	ENSG00000114638	UPK1B
Gene::10675	CSPG5	10675	ENSG00000114646	CSPG5
Gene::23276	KLHL18	23276	ENSG00000114648	KLHL18
Gene::22937	SCAP	22937	ENSG00000114650	SCAP
Gene::79825	EFCC1	79825	ENSG00000114654	EFCC1
Gene::57501	KIAA1257	57501	ENSG00000114656	CFAP92
Gene::79858	NEK11	79858	ENSG00000114670	NEK11
Gene::11222	MRPL3	11222	ENSG00000114686	MRPL3
Gene::57088	PLSCR4	57088	ENSG00000114698	PLSCR4
Gene::51409	HEMK1	51409	ENSG00000114735	HEMK1
Gene::1154	CISH	1154	ENSG00000114737	CISH
Gene::7867	MAPKAPK3	7867	ENSG00000114738	MAPKAPK3
Gene::93	ACVR2B	93	ENSG00000114739	ACVR2B
Gene::57599	WDR48	57599	ENSG00000114742	WDR48
Gene::51122	COMMD2	51122	ENSG00000114744	COMMD2
Gene::64689	GORASP1	64689	ENSG00000114745	GORASP1
Gene::51555	PEX5L	51555	ENSG00000114757	PEX5L
Gene::9136	RRP9	9136	ENSG00000114767	RRP9
Gene::10057	ABCC5	10057	ENSG00000114770	ABCC5
Gene::13	AADAC	13	ENSG00000114771	AADAC
Gene::84836	ABHD14B	84836	ENSG00000114779	ABHD14B
Gene::10289	EIF1B	10289	ENSG00000114784	EIF1B
Gene::26084	ARHGEF26	26084	ENSG00000114790	ARHGEF26
Gene::54800	KLHL24	54800	ENSG00000114796	KLHL24
Gene::23007	PLCH1	23007	ENSG00000114805	PLCH1
Gene::7433	VIPR1	7433	ENSG00000114812	VIPR1
Gene::25981	DNAH1	25981	ENSG00000114841	DNAH1
Gene::6747	SSR3	6747	ENSG00000114850	SSR3
Gene::92999	ZBTB47	92999	ENSG00000114853	ZBTB47
Gene::7134	TNNC1	7134	ENSG00000114854	TNNC1
Gene::4820	NKTR	4820	ENSG00000114857	NKTR
Gene::1181	CLCN2	1181	ENSG00000114859	CLCN2
Gene::27086	FOXP1	27086	ENSG00000114861	FOXP1
Gene::1981	EIF4G1	1981	ENSG00000114867	EIF4G1
Gene::28972	SPCS1	28972	ENSG00000114902	SPCS1
Gene::6787	NEK4	6787	ENSG00000114904	NEK4
Gene::6508	SLC4A3	6508	ENSG00000114923	SLC4A3
Gene::54891	INO80D	54891	ENSG00000114933	INO80D
Gene::1933	EEF1B2	1933	ENSG00000114942	EEF1B2
Gene::8745	ADAM23	8745	ENSG00000114948	ADAM23
Gene::1716	DGUOK	1716	ENSG00000114956	DGUOK
Gene::55233	MOB1A	55233	ENSG00000114978	MOB1A
Gene::55683	KANSL3	55683	ENSG00000114982	KANSL3
Gene::81562	LMAN2L	81562	ENSG00000114988	LMAN2L
Gene::6242	RTKN	6242	ENSG00000114993	RTKN
Gene::150465	TTL	150465	ENSG00000114999	TTL
Gene::3552	IL1A	3552	ENSG00000115008	IL1A
Gene::6364	CCL20	6364	ENSG00000115009	CCL20
Gene::200576	PIKFYVE	200576	ENSG00000115020	PIKFYVE
Gene::30818	KCNIP3	30818	ENSG00000115041	KCNIP3
Gene::51011	FAHD2A	51011	ENSG00000115042	FAHD2A
Gene::4691	NCL	4691	ENSG00000115053	NUCLEOLIN
Gene::10120	ACTR1B	10120	ENSG00000115073	ACTR1B
Gene::80255	SLC35F5	80255	ENSG00000115084	SLC35F5
Gene::7535	ZAP70	7535	ENSG00000115085	ZAP70
Gene::10096	ACTR3	10096	ENSG00000115091	ACTR3
Gene::55240	STEAP3	55240	ENSG00000115107	STEAP3
Gene::57669	EPB41L5	57669	ENSG00000115109	EPB41L5
Gene::29842	TFCP2L1	29842	ENSG00000115112	TFCP2L1
Gene::51639	SF3B6	51639	ENSG00000115128	SF3B6
Gene::9540	TP53I3	9540	ENSG00000115129	TP53I3
Gene::51277	DNAJC27	51277	ENSG00000115137	DNAJC27
Gene::5443	POMC	5443	ENSG00000115138	POMC
Gene::10254	STAM2	10254	ENSG00000115145	STAM2
Gene::9381	OTOF	9381	ENSG00000115155	OTOF
Gene::2820	GPD2	2820	ENSG00000115159	GPD2
Gene::1058	CENPA	1058	ENSG00000115163	CENPA
Gene::9595	CYTIP	9595	ENSG00000115165	CYTIP
Gene::90	ACVR1	90	ENSG00000115170	ACVR1
Gene::85461	TANC1	85461	ENSG00000115183	TANC1
Gene::7781	SLC30A3	7781	ENSG00000115194	SLC30A3
Gene::4358	MPV17	4358	ENSG00000115204	MPV17
Gene::2976	GTF3C2	2976	ENSG00000115207	GTF3C2
Gene::8890	EIF2B4	8890	ENSG00000115211	EIF2B4
Gene::29959	NRBP1	29959	ENSG00000115216	NRBP1
Gene::3694	ITGB6	3694	ENSG00000115221	ITGB6
Gene::64838	FNDC4	64838	ENSG00000115226	FNDC4
Gene::3676	ITGA4	3676	ENSG00000115232	ITGA4
Gene::10213	PSMD14	10213	ENSG00000115233	PSMD14
Gene::9784	SNX17	9784	ENSG00000115234	SNX17
Gene::51130	ASB3	51130	ENSG00000115239	ASB3
Gene::5496	PPM1G	5496	ENSG00000115241	PPM1G
Gene::5136	PDE1A	5136	ENSG00000115252	PDE1A
Gene::92840	REEP6	92840	ENSG00000115255	REEP6
Gene::54760	PCSK4	54760	ENSG00000115257	PCSK4
Gene::2641	GCG	2641	ENSG00000115263	GCG
Gene::10297	APC2	10297	ENSG00000115266	APC2
Gene::64135	IFIH1	64135	ENSG00000115267	IFIH1
Gene::6209	RPS15	6209	ENSG00000115268	RPS15
Gene::25801	GCA	25801	ENSG00000115271	GCA
Gene::83444	INO80B	83444	ENSG00000115274	INO80B
Gene::7841	MOGS	7841	ENSG00000115275	MOGS
Gene::64427	TTC31	64427	ENSG00000115282	TTC31
Gene::374291	NDUFS7	374291	ENSG00000115286	NDUFS7
Gene::84759	PCGF1	84759	ENSG00000115289	PCGF1
Gene::2888	GRB14	2888	ENSG00000115290	GRB14
Gene::79745	CLIP4	79745	ENSG00000115295	CLIP4
Gene::3196	TLX2	3196	ENSG00000115297	TLX2
Gene::6711	SPTBN1	6711	ENSG00000115306	SPTBN1
Gene::550	AUP1	550	ENSG00000115307	AUP1
Gene::57142	RTN4	57142	ENSG00000115310	RTN4
Gene::27429	HTRA2	27429	ENSG00000115317	HTRA2
Gene::84695	LOXL3	84695	ENSG00000115318	LOXL3
Gene::1796	DOK1	1796	ENSG00000115325	DOK1
Gene::2591	GALNT3	2591	ENSG00000115339	GALNT3
Gene::56655	POLE4	56655	ENSG00000115350	POLE4
Gene::6869	TACR1	6869	ENSG00000115353	TACR1
Gene::55704	CCDC88A	55704	ENSG00000115355	CCDC88A
Gene::33	ACADL	33	ENSG00000115361	ACADL
Gene::84141	EVA1A	84141	ENSG00000115363	EVA1A
Gene::9801	MRPL19	9801	ENSG00000115364	MRPL19
Gene::10314	LANCL1	10314	ENSG00000115365	LANCL1
Gene::84128	WDR75	84128	ENSG00000115368	WDR75
Gene::2202	EFEMP1	2202	ENSG00000115380	EFEMP1
Gene::5967	REG1A	5967	ENSG00000115386	REG1A
Gene::55120	FANCL	55120	ENSG00000115392	FANCL
Gene::2335	FN1	2335	ENSG00000115414	FN1
Gene::6772	STAT1	6772	ENSG00000115415	STAT1
Gene::2744	GLS	2744	ENSG00000115419	GLS
Gene::64895	PAPOLG	64895	ENSG00000115421	PAPOLG
Gene::1768	DNAH6	1768	ENSG00000115423	DNAH6
Gene::55825	PECR	55825	ENSG00000115425	PECR
Gene::25972	UNC50	25972	ENSG00000115446	UNC50
Gene::3485	IGFBP2	3485	ENSG00000115457	IGFBP2
Gene::84173	ELMOD3	84173	ENSG00000115459	ELMOD3
Gene::3488	IGFBP5	3488	ENSG00000115461	IGFBP5
Gene::9736	USP34	9736	ENSG00000115464	USP34
Gene::80303	EFHD1	80303	ENSG00000115468	EFHD1
Gene::3769	KCNJ13	3769	ENSG00000115474	KCNJ13
Gene::10575	CCT4	10575	ENSG00000115484	CCT4
Gene::2677	GGCX	2677	ENSG00000115486	GGCX
Gene::4759	NEU2	4759	ENSG00000115488	NEU2
Gene::23301	EHBP1	23301	ENSG00000115504	EHBP1
Gene::5013	OTX1	5013	ENSG00000115507	OTX1
Gene::10190	TXNDC9	10190	ENSG00000115514	TXNDC9
Gene::80219	COQ10B	80219	ENSG00000115520	COQ10B
Gene::10578	GNLY	10578	ENSG00000115523	GNLY
Gene::23451	SF3B1	23451	ENSG00000115524	SF3B1
Gene::8869	ST3GAL5	8869	ENSG00000115525	ST3GAL5
Gene::9486	CHST10	9486	ENSG00000115526	CHST10
Gene::79031	PDCL3	79031	ENSG00000115539	PDCL3
Gene::25843	MOB4	25843	ENSG00000115540	MOB4
Gene::3336	HSPE1	3336	ENSG00000115541	HSPE1
Gene::55818	KDM3A	55818	ENSG00000115548	KDM3A
Gene::84812	PLCD4	84812	ENSG00000115556	PLCD4
Gene::51652	CHMP3	51652	ENSG00000115561	CHMP3
Gene::7701	ZNF142	7701	ENSG00000115568	ZNF142
Gene::7850	IL1R2	7850	ENSG00000115590	IL1R2
Gene::53632	PRKAG3	53632	ENSG00000115592	PRKAG3
Gene::150572	SMYD1	150572	ENSG00000115593	SMYD1
Gene::3554	IL1R1	3554	ENSG00000115594	IL1R1
Gene::7475	WNT6	7475	ENSG00000115596	WNT6
Gene::8808	IL1RL2	8808	ENSG00000115598	IL36R
Gene::9173	IL1RL1	9173	ENSG00000115602	IL33R
Gene::8809	IL18R1	8809	ENSG00000115604	IL18R1
Gene::8807	IL18RAP	8807	ENSG00000115607	IL18RAP
Gene::6549	SLC9A2	6549	ENSG00000115616	SLC9A2
Gene::2274	FHL2	2274	ENSG00000115641	FHL2
Gene::79083	MLPH	79083	ENSG00000115648	MLPH
Gene::27013	CNPPD1	27013	ENSG00000115649	CNPPD1
Gene::80146	UXS1	80146	ENSG00000115652	UXS1
Gene::10058	ABCB6	10058	ENSG00000115657	ABCB6
Gene::8576	STK16	8576	ENSG00000115661	STK16
Gene::60482	SLC5A7	60482	ENSG00000115665	SLC5A7
Gene::3069	HDLBP	3069	ENSG00000115677	HDLBP
Gene::5510	PPP1R7	5510	ENSG00000115685	PPP1R7
Gene::23178	PASK	23178	ENSG00000115687	PASK
Gene::10494	STK25	10494	ENSG00000115694	STK25
Gene::7173	TPO	7173	ENSG00000115705	TPO
Gene::5624	PROC	5624	ENSG00000115718	PROC
Gene::3398	ID2	3398	ENSG00000115738	ID2
Gene::9014	TAF1B	9014	ENSG00000115750	TAF1B
Gene::3241	HPCAL1	3241	ENSG00000115756	HPCAL1
Gene::4953	ODC1	4953	ENSG00000115758	ODC1
Gene::57448	BIRC6	57448	ENSG00000115760	BIRC6
Gene::79954	NOL10	79954	ENSG00000115761	NOL10
Gene::55041	PLEKHB2	55041	ENSG00000115762	PLEKHB2
Gene::26003	GORASP2	26003	ENSG00000115806	GORASP2
Gene::6801	STRN	6801	ENSG00000115808	STRN
Gene::10153	CEBPZ	10153	ENSG00000115816	CEBPZ
Gene::23683	PRKD3	23683	ENSG00000115825	PRKD3
Gene::80067	DCAF17	80067	ENSG00000115827	DCAF17
Gene::25797	QPCT	25797	ENSG00000115828	QPCT
Gene::22930	RAB3GAP1	22930	ENSG00000115839	RAB3GAP1
Gene::8604	SLC25A12	8604	ENSG00000115840	SLC25A12
Gene::151393	RMDN2	151393	ENSG00000115841	RMDN2
Gene::1746	DLX2	1746	ENSG00000115844	DLX2
Gene::3938	LCT	3938	ENSG00000115850	LCT
Gene::1615	DARS	1615	ENSG00000115866	DARS1
Gene::6432	SRSF7	6432	ENSG00000115875	SRSF7
Gene::6382	SDC1	6382	ENSG00000115884	SDC1
Gene::5334	PLCL1	5334	ENSG00000115896	PLCL1
Gene::6509	SLC1A4	6509	ENSG00000115902	SLC1A4
Gene::6654	SOS1	6654	ENSG00000115904	SOS1
Gene::8942	KYNU	8942	ENSG00000115919	KYNU
Gene::7456	WIPF1	7456	ENSG00000115935	WIPF1
Gene::4999	ORC2	4999	ENSG00000115942	ORC2
Gene::9167	COX7A2L	9167	ENSG00000115944	COX7A2L
Gene::56902	PNO1	56902	ENSG00000115946	PNO1
Gene::5000	ORC4	5000	ENSG00000115947	ORC4
Gene::5341	PLEK	5341	ENSG00000115956	PLEK
Gene::390	RND3	390	ENSG00000115963	RND3
Gene::1386	ATF2	1386	ENSG00000115966	ATF2
Gene::63892	THADA	63892	ENSG00000115970	THADA
Gene::22848	AAK1	22848	ENSG00000115977	AAK1
Gene::66008	TRAK2	66008	ENSG00000115993	TRAK2
Gene::54980	C2orf42	54980	ENSG00000115998	C2orf42
Gene::7072	TIA1	7072	ENSG00000116001	TIA1
Gene::51449	PCYOX1	51449	ENSG00000116005	PCYOX1
Gene::84634	KISS1R	84634	ENSG00000116014	KISS1R
Gene::2034	EPAS1	2034	ENSG00000116016	EPAS1
Gene::1820	ARID3A	1820	ENSG00000116017	ARID3A
Gene::7341	SUMO1	7341	ENSG00000116030	SUMO1
Gene::50489	CD207	50489	ENSG00000116031	CD207
Gene::116444	GRIN3B	116444	ENSG00000116032	GRIN3B
Gene::25806	VAX2	25806	ENSG00000116035	VAX2
Gene::525	ATP6V1B1	525	ENSG00000116039	ATP6V1B1
Gene::4780	NFE2L2	4780	ENSG00000116044	NFE2L2
Gene::2956	MSH6	2956	ENSG00000116062	MSH6
Gene::65977	PLEKHA3	65977	ENSG00000116095	PLEKHA3
Gene::6697	SPR	6697	ENSG00000116096	SPR
Gene::2043	EPHA4	2043	ENSG00000116106	EPHA4
Gene::117583	PARD3B	117583	ENSG00000116117	PARD3B
Gene::10056	FARSB	10056	ENSG00000116120	FARSB
Gene::7840	ALMS1	7840	ENSG00000116127	ALMS1
Gene::607	BCL9	607	ENSG00000116128	BCL9
Gene::5396	PRRX1	5396	ENSG00000116132	PRRX1
Gene::1718	DHCR24	1718	ENSG00000116133	DHCR24
Gene::23341	DNAJC16	23341	ENSG00000116138	DNAJC16
Gene::4139	MARK1	4139	ENSG00000116141	MARK1
Gene::7143	TNR	7143	ENSG00000116147	TNR
Gene::79906	MORN1	79906	ENSG00000116151	MORN1
Gene::2882	GPX7	2882	ENSG00000116157	GPX7
Gene::27101	CACYBP	27101	ENSG00000116161	CACYBP
Gene::6342	SCP2	6342	ENSG00000116171	SCP2
Gene::25823	TPSG1	25823	ENSG00000116176	TPSG1
Gene::60676	PAPPA2	60676	ENSG00000116183	PAPPA2
Gene::55103	RALGPS2	55103	ENSG00000116191	RALGPS2
Gene::9068	ANGPTL1	9068	ENSG00000116194	ANGPTL1
Gene::9731	CEP104	9731	ENSG00000116198	CEP104
Gene::9917	FAM20B	9917	ENSG00000116199	FAM20B
Gene::127428	TCEANC2	127428	ENSG00000116205	TCEANC2
Gene::9528	TMEM59	9528	ENSG00000116209	TMEM59
Gene::115353	LRRC42	115353	ENSG00000116212	LRRC42
Gene::49856	WRAP73	49856	ENSG00000116213	WRAP73
Gene::7827	NPHS2	7827	ENSG00000116218	NPHS2
Gene::51253	MRPL37	51253	ENSG00000116221	MRPL37
Gene::23463	ICMT	23463	ENSG00000116237	ICMT
Gene::6146	RPL22	6146	ENSG00000116251	RPL22
Gene::26038	CHD5	26038	ENSG00000116254	CHD5
Gene::5768	QSOX1	5768	ENSG00000116260	QSOX1
Gene::6814	STXBP3	6814	ENSG00000116266	STXBP3
Gene::148479	PHF13	148479	ENSG00000116273	PHF13
Gene::54206	ERRFI1	54206	ENSG00000116285	ERRFI1
Gene::11315	PARK7	11315	ENSG00000116288	PARK7
Gene::57535	KIAA1324	57535	ENSG00000116299	ELAPOR1
Gene::4985	OPRD1	4985	ENSG00000116329	OPRD1
Gene::271	AMPD2	271	ENSG00000116337	AMPD2
Gene::6429	SRSF4	6429	ENSG00000116350	SRSF4
Gene::51102	MECR	51102	ENSG00000116353	MECR
Gene::3749	KCNC4	3749	ENSG00000116396	KCNC4
Gene::80267	EDEM3	80267	ENSG00000116406	EDEM3
Gene::79084	WDR77	79084	ENSG00000116455	WDR77
Gene::515	ATP5F1	515	ENSG00000116459	ATP5PB
Gene::5906	RAP1A	5906	ENSG00000116473	RAP1A
Gene::3065	HDAC1	3065	ENSG00000116478	HDAC1
Gene::829	CAPZA1	829	ENSG00000116489	CAPZA1
Gene::64766	S100PBP	64766	ENSG00000116497	S100PBP
Gene::127544	RNF19B	127544	ENSG00000116514	RNF19B
Gene::10067	SCAMP3	10067	ENSG00000116521	SCAMP3
Gene::55223	TRIM62	55223	ENSG00000116525	TRIM62
Gene::55870	ASH1L	55870	ENSG00000116539	ASH1L
Gene::58512	DLGAP3	58512	ENSG00000116544	DLGAP3
Gene::6421	SFPQ	6421	ENSG00000116560	SFPQ
Gene::58480	RHOU	58480	ENSG00000116574	RHOU
Gene::54856	GON4L	54856	ENSG00000116580	GON4L
Gene::9181	ARHGEF2	9181	ENSG00000116584	ARHGEF2
Gene::28956	LAMTOR2	28956	ENSG00000116586	LAMTOR2
Gene::4209	MEF2D	4209	ENSG00000116604	MEF2D
Gene::85440	DOCK7	85440	ENSG00000116641	DOCK7
Gene::6723	SRM	6723	ENSG00000116649	SRM
Gene::26232	FBXO2	26232	ENSG00000116661	FBXO2
Gene::26270	FBXO6	26270	ENSG00000116663	FBXO6
Gene::81563	C1orf21	81563	ENSG00000116667	C1orf21
Gene::54823	SWT1	54823	ENSG00000116668	SWT1
Gene::10459	MAD2L2	10459	ENSG00000116670	MAD2L2
Gene::9829	DNAJC6	9829	ENSG00000116675	DNAJC6
Gene::3953	LEPR	3953	ENSG00000116678	LEPR
Gene::10625	IVNS1ABP	10625	ENSG00000116679	IVNS1ABP
Gene::90231	KIAA2013	90231	ENSG00000116685	KIAA2013
Gene::9927	MFN2	9927	ENSG00000116688	MFN2
Gene::10216	PRG4	10216	ENSG00000116690	PRG4
Gene::60672	MIIP	60672	ENSG00000116691	MIIP
Gene::9887	SMG7	9887	ENSG00000116698	SMG7
Gene::4688	NCF2	4688	ENSG00000116701	NCF2
Gene::5132	PDC	5132	ENSG00000116703	PDC
Gene::23169	SLC35D1	23169	ENSG00000116704	SLC35D1
Gene::5321	PLA2G4A	5321	ENSG00000116711	PLA2G4A
Gene::1647	GADD45A	1647	ENSG00000116717	GADD45A
Gene::65121	PRAMEF1	65121	ENSG00000116721	PRAMEF1
Gene::390999	PRAMEF12	390999	ENSG00000116726	PRAMEF12
Gene::79971	WLS	79971	ENSG00000116729	WLS
Gene::7799	PRDM2	7799	ENSG00000116731	PRDM2
Gene::5997	RGS2	5997	ENSG00000116741	RGS2
Gene::6121	RPE65	6121	ENSG00000116745	RPE65
Gene::6738	TROVE2	6738	ENSG00000116747	RO60
Gene::270	AMPD1	270	ENSG00000116748	AMPD1
Gene::51377	UCHL5	51377	ENSG00000116750	UCHL5
Gene::10286	BCAS2	10286	ENSG00000116752	BCAS2
Gene::9295	SRSF11	9295	ENSG00000116754	SRSF11
Gene::1491	CTH	1491	ENSG00000116761	CTH
Gene::79814	AGMAT	79814	ENSG00000116771	AGMAT
Gene::56944	OLFML3	56944	ENSG00000116774	OLFML3
Gene::51086	TNNI3K	51086	ENSG00000116783	TNNI3K
Gene::10878	CFHR3	10878	ENSG00000116785	CFHR3
Gene::23207	PLEKHM2	23207	ENSG00000116786	PLEKHM2
Gene::1429	CRYZ	1429	ENSG00000116791	CRYZ
Gene::10745	PHTF1	10745	ENSG00000116793	PHTF1
Gene::7709	ZBTB17	7709	ENSG00000116809	ZBTB17
Gene::965	CD58	965	ENSG00000116815	CD58
Gene::339488	TFAP2E	339488	ENSG00000116819	TFAP2E
Gene::914	CD2	914	ENSG00000116824	CD2
Gene::8458	TTF2	8458	ENSG00000116830	TTF2
Gene::2494	NR5A2	2494	ENSG00000116833	NR5A2
Gene::23046	KIF21B	23046	ENSG00000116852	KIF21B
Gene::252839	TMEM9	252839	ENSG00000116857	TMEM9
Gene::54936	ADPRHL2	54936	ENSG00000116863	ADPRS
Gene::55700	MAP7D1	55700	ENSG00000116871	MAP7D1
Gene::10352	WARS2	10352	ENSG00000116874	WARS2
Gene::51179	HAO2	51179	ENSG00000116882	HAO2
Gene::127700	OSCP1	127700	ENSG00000116885	OSCP1
Gene::64960	MRPS15	64960	ENSG00000116898	MRPS15
Gene::149371	EXOC8	149371	ENSG00000116903	EXOC8
Gene::8443	GNPAT	8443	ENSG00000116906	GNPAT
Gene::7257	TSNAX	7257	ENSG00000116918	TSNAX
Gene::54955	C1orf109	54955	ENSG00000116922	AIRIM
Gene::64121	RRAGC	64121	ENSG00000116954	RRAGC
Gene::4811	NID1	4811	ENSG00000116962	NID1
Gene::3964	LGALS8	3964	ENSG00000116977	LGALS8
Gene::84618	NT5C1A	84618	ENSG00000116981	NT5C1A
Gene::51440	HPCAL4	51440	ENSG00000116983	HPCAL4
Gene::4548	MTR	4548	ENSG00000116984	MTR
Gene::656	BMP8B	656	ENSG00000116985	BMP8B
Gene::4610	MYCL	4610	ENSG00000116990	MYCL
Gene::57568	SIPA1L2	57568	ENSG00000116991	SIPA1L2
Gene::57829	ZP4	57829	ENSG00000116996	ZP4
Gene::6018	RLF	6018	ENSG00000117000	RLF
Gene::8564	KMO	8564	ENSG00000117009	KMO
Gene::127396	ZNF684	127396	ENSG00000117010	ZNF684
Gene::9132	KCNQ4	9132	ENSG00000117013	KCNQ4
Gene::9783	RIMS3	9783	ENSG00000117016	RIMS3
Gene::10000	AKT3	10000	ENSG00000117020	AKT3
Gene::2117	ETV3	2117	ENSG00000117036	ETV3
Gene::34	ACADM	34	ENSG00000117054	ACADM
Gene::81849	ST6GALNAC5	81849	ENSG00000117069	ST6GALNAC5
Gene::6504	SLAMF1	6504	ENSG00000117090	SLAMF1
Gene::962	CD48	962	ENSG00000117091	CD48
Gene::23266	ADGRL2	23266	ENSG00000117114	ADGRL2
Gene::11240	PADI2	11240	ENSG00000117115	PADI2
Gene::6390	SDHB	6390	ENSG00000117118	SDHB
Gene::4237	MFAP2	4237	ENSG00000117122	MFAP2
Gene::80135	RPF1	80135	ENSG00000117133	RPF1
Gene::10765	KDM5B	10765	ENSG00000117139	KDM5B
Gene::6675	UAP1	6675	ENSG00000117143	UAP1
Gene::81569	ACTL8	81569	ENSG00000117148	ACTL8
Gene::1486	CTBS	1486	ENSG00000117151	CTBS
Gene::5999	RGS4	5999	ENSG00000117152	RGS4
Gene::59349	KLHL12	59349	ENSG00000117153	KLHL12
Gene::84966	IGSF21	84966	ENSG00000117154	IGSF21
Gene::117178	SSX2IP	117178	ENSG00000117155	SSX2IP
Gene::54680	ZNHIT6	54680	ENSG00000117174	ZNHIT6
Gene::26279	PLA2G2D	26279	ENSG00000117215	PLA2G2D
Gene::5929	RBBP5	5929	ENSG00000117222	RBBP5
Gene::2635	GBP3	2635	ENSG00000117226	GBP3
Gene::2633	GBP1	2633	ENSG00000117228	GBP1
Gene::57576	KIF17	57576	ENSG00000117245	KIF17
Gene::653519	GPR89A	653519	ENSG00000117262	GPHRA
Gene::5129	CDK18	5129	ENSG00000117266	CDK18
Gene::8934	RAB29	8934	ENSG00000117280	RAB29
Gene::11126	CD160	11126	ENSG00000117281	CD160
Gene::1889	ECE1	1889	ENSG00000117298	ECE1
Gene::3155	HMGCL	3155	ENSG00000117305	HMGCL
Gene::2582	GALE	2582	ENSG00000117308	GALE
Gene::3399	ID3	3399	ENSG00000117318	ID3
Gene::1380	CR2	1380	ENSG00000117322	CR2
Gene::4179	CD46	4179	ENSG00000117335	CD46
Gene::9129	PRPF3	9129	ENSG00000117360	PRPF3
Gene::51107	APH1A	51107	ENSG00000117362	APH1A
Gene::64175	P3H1	64175	ENSG00000117385	P3H1
Gene::6513	SLC2A1	6513	ENSG00000117394	SLC2A1
Gene::10969	EBNA1BP2	10969	ENSG00000117395	EBNA1BP2
Gene::991	CDC20	991	ENSG00000117399	CDC20
Gene::4352	MPL	4352	ENSG00000117400	MPL
Gene::9048	ARTN	9048	ENSG00000117407	ARTN
Gene::9670	IPO13	9670	ENSG00000117408	IPO13
Gene::533	ATP6V0B	533	ENSG00000117410	ATP6V0B
Gene::8704	B4GALT2	8704	ENSG00000117411	B4GALT2
Gene::79033	ERI3	79033	ENSG00000117419	ERI3
Gene::8643	PTCH2	8643	ENSG00000117425	PTCH2
Gene::10327	AKR1A1	10327	ENSG00000117448	AKR1A1
Gene::5052	PRDX1	5052	ENSG00000117450	PRDX1
Gene::8503	PIK3R3	8503	ENSG00000117461	PIK3R3
Gene::10103	TSPAN1	10103	ENSG00000117472	TSPAN1
Gene::8548	BLZF1	8548	ENSG00000117475	BLZF1
Gene::57821	CCDC181	57821	ENSG00000117477	CCDC181
Gene::10560	SLC19A2	10560	ENSG00000117479	SLC19A2
Gene::2166	FAAH	2166	ENSG00000117480	FAAH
Gene::387338	NSUN4	387338	ENSG00000117481	NSUN4
Gene::50999	TMED5	50999	ENSG00000117500	TMED5
Gene::80133	MROH9	80133	ENSG00000117501	MROH9
Gene::1810	DR1	1810	ENSG00000117505	DR1
Gene::1266	CNN3	1266	ENSG00000117519	CNN3
Gene::23215	PRRC2C	23215	ENSG00000117523	PRRC2C
Gene::2152	F3	2152	ENSG00000117525	F3
Gene::5825	ABCD3	5825	ENSG00000117528	ABCD3
Gene::8674	VAMP4	8674	ENSG00000117533	VAMP4
Gene::51611	DPH5	51611	ENSG00000117543	DPH5
Gene::356	FASLG	356	ENSG00000117560	FASLG
Gene::58155	PTBP2	58155	ENSG00000117569	PTBP2
Gene::7292	TNFSF4	7292	ENSG00000117586	TNFSF4
Gene::9588	PRDX6	9588	ENSG00000117592	PRDX6
Gene::55157	DARS2	55157	ENSG00000117593	DARS2
Gene::3290	HSD11B1	3290	ENSG00000117594	HSD11B1
Gene::3664	IRF6	3664	ENSG00000117595	IRF6
Gene::27042	DIEXF	27042	ENSG00000117597	UTP25
Gene::163404	LPPR5	163404	ENSG00000117598	PLPPR5
Gene::9890	LPPR4	9890	ENSG00000117600	PLPPR4
Gene::462	SERPINC1	462	ENSG00000117601	SERPINC1
Gene::11123	RCAN3	11123	ENSG00000117602	RCAN3
Gene::25949	SYF2	25949	ENSG00000117614	SYF2
Gene::57035	RSRP1	57035	ENSG00000117616	RSRP1
Gene::23443	SLC35A3	23443	ENSG00000117620	SLC35A3
Gene::55758	RCOR3	55758	ENSG00000117625	RCOR3
Gene::3925	STMN1	3925	ENSG00000117632	STMN1
Gene::56181	MTFR1L	56181	ENSG00000117640	MTFR1L
Gene::57134	MAN1C1	57134	ENSG00000117643	MAN1C1
Gene::4751	NEK2	4751	ENSG00000117650	NEK2
Gene::6195	RPS6KA1	6195	ENSG00000117676	RPS6KA1
Gene::79947	DHDDS	79947	ENSG00000117682	DHDDS
Gene::29937	NENF	29937	ENSG00000117691	NENF
Gene::25936	NSL1	25936	ENSG00000117697	NSL1
Gene::5629	PROX1	5629	ENSG00000117707	PROX1
Gene::8289	ARID1A	8289	ENSG00000117713	ARID1A
Gene::1063	CENPF	1063	ENSG00000117724	CENPF
Gene::6118	RPA2	6118	ENSG00000117748	RPA2
Gene::5511	PPP1R8	5511	ENSG00000117751	PPP1R8
Gene::23673	STX12	23673	ENSG00000117758	STX12
Gene::54996	MARC2	54996	ENSG00000117791	MTARC2
Gene::200010	SLC5A9	200010	ENSG00000117834	SLC5A9
Gene::114883	OSBPL9	114883	ENSG00000117859	OSBPL9
Gene::51060	TXNDC12	51060	ENSG00000117862	TXNDC12
Gene::57488	ESYT2	57488	ENSG00000117868	ESYT2
Gene::10849	CD3EAP	10849	ENSG00000117877	POLR1G
Gene::23184	MESDC2	23184	ENSG00000117899	MESD
Gene::5955	RCN2	5955	ENSG00000117906	RCN2
Gene::1143	CHRNB4	1143	ENSG00000117971	CHRNB4
Gene::727897	MUC5B	727897	ENSG00000117983	MUC5B
Gene::1509	CTSD	1509	ENSG00000117984	CTSD
Gene::78989	COLEC11	78989	ENSG00000118004	COLEC11
Gene::10274	STAG1	10274	ENSG00000118007	STAG1
Gene::51146	A4GNT	51146	ENSG00000118017	A4GNT
Gene::6794	STK11	6794	ENSG00000118046	STK11
Gene::4297	KMT2A	4297	ENSG00000118058	KMT2A
Gene::11181	TREH	11181	ENSG00000118094	TREH
Gene::56912	IFT46	56912	ENSG00000118096	IFT46
Gene::4317	MMP8	4317	ENSG00000118113	MMP8
Gene::335	APOA1	335	ENSG00000118137	APOA1
Gene::84215	ZNF541	84215	ENSG00000118156	ZNF541
Gene::6543	SLC8A2	6543	ENSG00000118160	SLC8A2
Gene::11133	KPTN	11133	ENSG00000118162	KPTN
Gene::6230	RPS25	6230	ENSG00000118181	RPS25
Gene::9928	KIF14	9928	ENSG00000118193	KIF14
Gene::7139	TNNT2	7139	ENSG00000118194	TNNT2
Gene::83479	DDX59	83479	ENSG00000118197	DDX59
Gene::23271	CAMSAP2	23271	ENSG00000118200	CAMSAP2
Gene::22926	ATF6	22926	ENSG00000118217	ATF6
Gene::1421	CRYGD	1421	ENSG00000118231	CRYGD
Gene::55686	MREG	55686	ENSG00000118242	MREG
Gene::7141	TNP1	7141	ENSG00000118245	TNP1
Gene::22868	FASTKD2	22868	ENSG00000118246	FASTKD2
Gene::8828	NRP2	8828	ENSG00000118257	NRP2
Gene::1385	CREB1	1385	ENSG00000118260	CREB1
Gene::8609	KLF7	8609	ENSG00000118263	KLF7
Gene::7276	TTR	7276	ENSG00000118271	TTR
Gene::9331	B4GALT6	9331	ENSG00000118276	B4GALT6
Gene::79630	C1orf54	79630	ENSG00000118292	C1orf54
Gene::23632	CA14	23632	ENSG00000118298	CA14
Gene::55259	CASC1	55259	ENSG00000118307	DNAI7
Gene::4033	LRMP	4033	ENSG00000118308	IRAG2
Gene::23120	ATP10B	23120	ENSG00000118322	ATP10B
Gene::9789	SPCS2	9789	ENSG00000118363	SPCS2
Gene::57558	USP35	57558	ENSG00000118369	USP35
Gene::6785	ELOVL4	6785	ENSG00000118402	ELOVL4
Gene::27145	FILIP1	27145	ENSG00000118407	FILIP1
Gene::9994	CASP8AP2	9994	ENSG00000118412	CASP8AP2
Gene::9324	HMGN3	9324	ENSG00000118418	HMGN3
Gene::90025	UBE3D	90025	ENSG00000118420	UBE3D
Gene::1268	CNR1	1268	ENSG00000118432	CNR1
Gene::81833	SPACA1	81833	ENSG00000118434	SPACA1
Gene::81573	ANKRD13C	81573	ENSG00000118454	ANKRD13C
Gene::84251	SGIP1	84251	ENSG00000118473	SGIP1
Gene::23469	PHF3	23469	ENSG00000118482	PHF3
Gene::153918	ZC2HC1B	153918	ENSG00000118491	ZC2HC1B
Gene::79747	ADGB	79747	ENSG00000118492	ADGB
Gene::5325	PLAGL1	5325	ENSG00000118495	PLAGL1
Gene::84085	FBXO30	84085	ENSG00000118496	FBXO30
Gene::7128	TNFAIP3	7128	ENSG00000118503	TNFAIP3
Gene::9465	AKAP7	9465	ENSG00000118507	AKAP7
Gene::10981	RAB32	10981	ENSG00000118508	RAB32
Gene::4602	MYB	4602	ENSG00000118513	MYB
Gene::64577	ALDH8A1	64577	ENSG00000118514	ALDH8A1
Gene::6446	SGK1	6446	ENSG00000118515	SGK1
Gene::81847	RNF146	81847	ENSG00000118518	RNF146
Gene::383	ARG1	383	ENSG00000118520	ARG1
Gene::1490	CTGF	1490	ENSG00000118523	CCN2
Gene::6943	TCF21	6943	ENSG00000118526	TCF21
Gene::83449	PMFBP1	83449	ENSG00000118557	PMFBP1
Gene::26234	FBXL5	26234	ENSG00000118564	FBXL5
Gene::80306	MED28	80306	ENSG00000118579	MED28
Gene::9194	SLC16A7	9194	ENSG00000118596	SLC16A7
Gene::10329	TMEM5	10329	ENSG00000118600	RXYLT1
Gene::80264	ZNF430	80264	ENSG00000118620	ZNF430
Gene::8673	VAMP8	8673	ENSG00000118640	VAMP8
Gene::64858	DCLRE1B	64858	ENSG00000118655	DCLRE1B
Gene::103910	MYL12B	103910	ENSG00000118680	MYL12B
Gene::2309	FOXO3	2309	ENSG00000118689	FOXO3
Gene::84071	ARMC2	84071	ENSG00000118690	ARMC2
Gene::2691	GHRH	2691	ENSG00000118702	GHRH
Gene::6185	RPN2	6185	ENSG00000118705	RPN2
Gene::60436	TGIF2	60436	ENSG00000118707	TGIF2
Gene::845	CASQ2	845	ENSG00000118729	CASQ2
Gene::118427	OLFM3	118427	ENSG00000118733	OLFM3
Gene::5311	PKD2	5311	ENSG00000118762	PKD2
Gene::9429	ABCG2	9429	ENSG00000118777	ABCG2
Gene::6696	SPP1	6696	ENSG00000118785	SPP1
Gene::8987	STBD1	8987	ENSG00000118804	STBD1
Gene::10983	CCNI	10983	ENSG00000118816	CCNI
Gene::5918	RARRES1	5918	ENSG00000118849	RARRES1
Gene::64747	MFSD1	64747	ENSG00000118855	MFSD1
Gene::25782	RAB3GAP2	25782	ENSG00000118873	RAB3GAP2
Gene::196483	EEF2KMT	196483	ENSG00000118894	EEF2KMT
Gene::5493	PPL	5493	ENSG00000118898	PPL
Gene::29855	UBN1	29855	ENSG00000118900	UBN1
Gene::11278	KLF12	11278	ENSG00000118922	KLF12
Gene::7347	UCHL3	7347	ENSG00000118939	UCHL3
Gene::27253	PCDH17	27253	ENSG00000118946	PCDH17
Gene::64342	HS1BP3	64342	ENSG00000118960	HS1BP3
Gene::60526	LDAH	60526	ENSG00000118961	LDAH
Gene::57539	WDR35	57539	ENSG00000118965	WDR35
Gene::894	CCND2	894	ENSG00000118971	CCND2
Gene::8074	FGF23	8074	ENSG00000118972	FGF23
Gene::22936	ELL2	22936	ENSG00000118985	ELL2
Gene::56171	DNAH7	56171	ENSG00000118997	DNAH7
Gene::57404	CYP20A1	57404	ENSG00000119004	CYP20A1
Gene::4709	NDUFB3	4709	ENSG00000119013	NDUFB3
Gene::9330	GTF3C3	9330	ENSG00000119041	GTF3C3
Gene::23314	SATB2	23314	ENSG00000119042	SATB2
Gene::7320	UBE2B	7320	ENSG00000119048	UBE2B
Gene::140803	TRPM6	140803	ENSG00000119121	TRPM6
Gene::9615	GDA	9615	ENSG00000119125	GDA
Gene::687	KLF9	687	ENSG00000119138	KLF9
Gene::9414	TJP2	9414	ENSG00000119139	TJP2
Gene::84417	C2orf40	84417	ENSG00000119147	ECRG4
Gene::9270	ITGB1BP1	9270	ENSG00000119185	ITGB1BP1
Gene::51692	CPSF3	51692	ENSG00000119203	CPSF3
Gene::80235	PIGZ	80235	ENSG00000119227	PIGZ
Gene::205564	SENP5	205564	ENSG00000119231	SENP5
Gene::80212	CCDC92	80212	ENSG00000119242	CCDC92
Gene::84886	C1orf198	84886	ENSG00000119280	C1orf198
Gene::440730	TRIM67	440730	ENSG00000119283	TRIM67
Gene::55127	HEATR1	55127	ENSG00000119285	HEATR1
Gene::9991	PTBP3	9991	ENSG00000119314	PTBP3
Gene::5887	RAD23B	5887	ENSG00000119318	RAD23B
Gene::23307	FKBP15	23307	ENSG00000119321	FKBP15
Gene::8727	CTNNAL1	8727	ENSG00000119326	CTNNAL1
Gene::54942	FAM206A	54942	ENSG00000119328	ABITRAM
Gene::89891	WDR34	89891	ENSG00000119333	DYNC2I2
Gene::6418	SET	6418	ENSG00000119335	SET
Gene::5524	PPP2R4	5524	ENSG00000119383	PTPA
Gene::2733	GLE1	2733	ENSG00000119392	GLE1
Gene::51552	RAB14	51552	ENSG00000119396	RAB14
Gene::11064	CNTRL	11064	ENSG00000119397	CNTRL
Gene::22954	TRIM32	22954	ENSG00000119401	TRIM32
Gene::26190	FBXW2	26190	ENSG00000119402	FBXW2
Gene::26147	PHF19	26147	ENSG00000119403	PHF19
Gene::10783	NEK6	10783	ENSG00000119408	NEK6
Gene::54836	BSPRY	54836	ENSG00000119411	BSPRY
Gene::5537	PPP6C	5537	ENSG00000119414	PPP6C
Gene::4702	NDUFA8	4702	ENSG00000119421	NDUFA8
Gene::81932	HDHD3	81932	ENSG00000119431	HDHD3
Gene::92400	RBM18	92400	ENSG00000119446	RBM18
Gene::57864	SLC46A2	57864	ENSG00000119457	SLC46A2
Gene::84263	HSDL2	84263	ENSG00000119471	HSDL2
Gene::79109	MAPKAP1	79109	ENSG00000119487	MAPKAP1
Gene::8013	NR4A3	8013	ENSG00000119508	NR4A3
Gene::27130	INVS	27130	ENSG00000119509	INVS
Gene::79695	GALNT12	79695	ENSG00000119514	GALNT12
Gene::57706	DENND1A	57706	ENSG00000119522	DENND1A
Gene::85365	ALG2	85365	ENSG00000119523	ALG2
Gene::1441	CSF3R	1441	ENSG00000119535	CSF3R
Gene::2531	KDSR	2531	ENSG00000119537	KDSR
Gene::9525	VPS4B	9525	ENSG00000119541	VPS4B
Gene::9480	ONECUT2	9480	ENSG00000119547	ONECUT2
Gene::148223	C19orf25	148223	ENSG00000119559	C19orf25
Gene::84878	ZBTB45	84878	ENSG00000119574	ZBTB45
Gene::56252	YLPM1	56252	ENSG00000119596	YLPM1
Gene::26094	DCAF4	26094	ENSG00000119599	DCAF4
Gene::283571	PROX2	283571	ENSG00000119608	PROX2
Gene::338917	VSX2	338917	ENSG00000119614	VSX2
Gene::51077	FCF1	51077	ENSG00000119616	FCF1
Gene::5228	PGF	5228	ENSG00000119630	PGF
Gene::83982	IFI27L2	83982	ENSG00000119632	IFI27L2
Gene::80127	CCDC176	80127	ENSG00000119636	BBOF1
Gene::91754	NEK9	91754	ENSG00000119638	NEK9
Gene::97	ACYP1	97	ENSG00000119640	ACYP1
Gene::112752	IFT43	112752	ENSG00000119650	IFT43
Gene::10577	NPC2	10577	ENSG00000119655	NPC2
Gene::83544	DNAL1	83544	ENSG00000119661	DNAL1
Gene::64207	IRF2BPL	64207	ENSG00000119669	IRF2BPL
Gene::10965	ACOT2	10965	ENSG00000119673	ACOT2
Gene::4053	LTBP2	4053	ENSG00000119681	LTBP2
Gene::9870	AREL1	9870	ENSG00000119682	AREL1
Gene::27030	MLH3	27030	ENSG00000119684	MLH3
Gene::23093	TTLL5	23093	ENSG00000119685	TTLL5
Gene::55640	FLVCR2	55640	ENSG00000119686	FLVCR2
Gene::5826	ABCD4	5826	ENSG00000119688	ABCD4
Gene::1743	DLST	1743	ENSG00000119689	DLST
Gene::57718	PPP4R4	57718	ENSG00000119698	PPP4R4
Gene::7043	TGFB3	7043	ENSG00000119699	TGFB3
Gene::79696	ZC2HC1C	79696	ENSG00000119703	ZC2HC1C
Gene::81892	SLIRP	81892	ENSG00000119705	SLIRP
Gene::58517	RBM25	58517	ENSG00000119707	RBM25
Gene::4329	ALDH6A1	4329	ENSG00000119711	ALDH6A1
Gene::8111	GPR68	8111	ENSG00000119714	GPR68
Gene::2103	ESRRB	2103	ENSG00000119715	ESRRB
Gene::8892	EIF2B2	8892	ENSG00000119718	EIF2B2
Gene::55051	NRDE2	55051	ENSG00000119720	NRDE2
Gene::51004	COQ6	51004	ENSG00000119723	COQ6
Gene::57862	ZNF410	57862	ENSG00000119725	ZNF410
Gene::23433	RHOQ	23433	ENSG00000119729	RHOQ
Gene::10936	GPR75	10936	ENSG00000119737	GPR75
Gene::9913	SUPT7L	9913	ENSG00000119760	SUPT7L
Gene::114818	KLHL29	114818	ENSG00000119771	KLHL29
Gene::1788	DNMT3A	1788	ENSG00000119772	DNMT3A
Gene::54867	TMEM214	54867	ENSG00000119777	TMEM214
Gene::54454	ATAD2B	54454	ENSG00000119778	ATAD2B
Gene::2281	FKBP1B	2281	ENSG00000119782	FKBP1B
Gene::64225	ATL2	64225	ENSG00000119787	ATL2
Gene::51646	YPEL5	51646	ENSG00000119801	YPEL5
Gene::25940	FAM98A	25940	ENSG00000119812	TSLIG3A
Gene::84272	YIPF4	84272	ENSG00000119820	YIPF4
Gene::54812	AFTPH	54812	ENSG00000119844	AFTPH
Gene::29094	LGALSL	29094	ENSG00000119862	LGALSL
Gene::25927	CNRIP1	25927	ENSG00000119865	CNRIP1
Gene::53335	BCL11A	53335	ENSG00000119866	BCL11A
Gene::9419	CRIPT	9419	ENSG00000119878	CRIPT
Gene::4072	EPCAM	4072	ENSG00000119888	EPCAM
Gene::26503	SLC17A5	26503	ENSG00000119899	SLC17A5
Gene::79627	OGFRL1	79627	ENSG00000119900	OGFRL1
Gene::55719	FAM178A	55719	ENSG00000119906	SLF2
Gene::3416	IDE	3416	ENSG00000119912	IDE
Gene::6975	TECTB	6975	ENSG00000119913	TECTB
Gene::83401	ELOVL3	83401	ENSG00000119915	ELOVL3
Gene::3437	IFIT3	3437	ENSG00000119917	IFIT3
Gene::159296	NKX2-3	159296	ENSG00000119919	NKX2-3
Gene::3433	IFIT2	3433	ENSG00000119922	IFIT2
Gene::57678	GPAM	57678	ENSG00000119927	GPAM
Gene::51076	CUTC	51076	ENSG00000119929	CUTC
Gene::5507	PPP1R3C	5507	ENSG00000119938	PPP1R3C
Gene::84795	PYROXD2	84795	ENSG00000119943	PYROXD2
Gene::26507	CNNM1	26507	ENSG00000119946	CNNM1
Gene::4601	MXI1	4601	ENSG00000119950	MXI1
Gene::10285	SMNDC1	10285	ENSG00000119953	SMNDC1
Gene::80007	C10orf88	80007	ENSG00000119965	C10orf88
Gene::3070	HELLS	3070	ENSG00000119969	HELLS
Gene::2834	PRLHR	2834	ENSG00000119973	PRLHR
Gene::26123	TCTN3	26123	ENSG00000119977	TCTN3
Gene::404636	FAM45A	404636	ENSG00000119979	DENND10
Gene::60370	AVPI1	60370	ENSG00000119986	AVPI1
Gene::55717	WDR11	55717	ENSG00000120008	WDR11
Gene::79591	C10orf76	79591	ENSG00000120029	ARMH3
Gene::30819	KCNIP2	30819	ENSG00000120049	KCNIP2
Gene::159686	CFAP58	159686	ENSG00000120051	CFAP58
Gene::2805	GOT1	2805	ENSG00000120053	GOT1
Gene::1369	CPN1	1369	ENSG00000120054	CPN1
Gene::79946	C10orf95	79946	ENSG00000120055	C10orf95
Gene::6425	SFRP5	6425	ENSG00000120057	SFRP5
Gene::10672	GNA13	10672	ENSG00000120063	GNA13
Gene::3218	HOXB8	3218	ENSG00000120068	HOXB8
Gene::284058	KANSL1	284058	ENSG00000120071	KANSL1
Gene::3215	HOXB5	3215	ENSG00000120075	HOXB5
Gene::1394	CRHR1	1394	ENSG00000120088	CRHR1
Gene::3213	HOXB3	3213	ENSG00000120093	HOXB3
Gene::3211	HOXB1	3211	ENSG00000120094	HOXB1
Gene::1843	DUSP1	1843	ENSG00000120129	DUSP1
Gene::79646	PANK3	79646	ENSG00000120137	PANK3
Gene::4488	MSX2	4488	ENSG00000120149	MSX2
Gene::7010	TEK	7010	ENSG00000120156	TEK
Gene::10171	RCL1	10171	ENSG00000120158	RCL1
Gene::79886	CAAP1	79886	ENSG00000120159	CAAP1
Gene::54586	EQTN	54586	ENSG00000120160	EQTN
Gene::79817	MOB3B	79817	ENSG00000120162	MOB3B
Gene::11172	INSL6	11172	ENSG00000120210	INSL6
Gene::3641	INSL4	3641	ENSG00000120211	INSL4
Gene::2315	MLANA	2315	ENSG00000120215	MLANA
Gene::29126	CD274	29126	ENSG00000120217	CD274
Gene::3443	IFNA6	3443	ENSG00000120235	IFNA6
Gene::3445	IFNA8	3445	ENSG00000120242	IFNA8
Gene::2891	GRIA2	2891	ENSG00000120251	GRIA2
Gene::348995	NUP43	348995	ENSG00000120253	NUP43
Gene::25902	MTHFD1L	25902	ENSG00000120254	MTHFD1L
Gene::84918	LRP11	84918	ENSG00000120256	LRP11
Gene::80129	CCDC170	80129	ENSG00000120262	CCDC170
Gene::5110	PCMT1	5110	ENSG00000120265	PCMT1
Gene::57480	PLEKHG1	57480	ENSG00000120278	PLEKHG1
Gene::80177	MYCT1	80177	ENSG00000120279	MYCT1
Gene::80231	CXorf21	80231	ENSG00000120280	TASL
Gene::4115	MAGEB4	4115	ENSG00000120289	MAGEB4
Gene::84418	CYSTM1	84418	ENSG00000120306	CYSTM1
Gene::54853	WDR55	54853	ENSG00000120314	WDR55
Gene::64411	ARAP3	64411	ENSG00000120318	ARAP3
Gene::56128	PCDHB8	56128	ENSG00000120322	PCDHB8
Gene::56126	PCDHB10	56126	ENSG00000120324	PCDHB10
Gene::56122	PCDHB14	56122	ENSG00000120327	PCDHB14
Gene::56124	PCDHB12	56124	ENSG00000120328	PCDHB12
Gene::83884	SLC25A2	83884	ENSG00000120329	SLC25A2
Gene::63923	TNN	63923	ENSG00000120332	TNN
Gene::63931	MRPS14	63931	ENSG00000120333	MRPS14
Gene::91687	CENPL	91687	ENSG00000120334	CENPL
Gene::8995	TNFSF18	8995	ENSG00000120337	TNFSF18
Gene::89866	SEC16B	89866	ENSG00000120341	SEC16B
Gene::92344	GORAB	92344	ENSG00000120370	GORAB
Gene::2853	GPR31	2853	ENSG00000120436	GPR31
Gene::39	ACAT2	39	ENSG00000120437	ACAT2
Gene::6950	TCP1	6950	ENSG00000120438	TCP1
Gene::83887	TTLL2	83887	ENSG00000120440	TTLL2
Gene::399979	SNX19	399979	ENSG00000120451	SNX19
Gene::3762	KCNJ5	3762	ENSG00000120457	KCNJ5
Gene::79684	MSANTD2	79684	ENSG00000120458	MSANTD2
Gene::63970	TP53AIP1	63970	ENSG00000120471	TP53AIP1
Gene::56159	TEX11	56159	ENSG00000120498	TEX11
Gene::407	ARR3	407	ENSG00000120500	ARR3
Gene::51248	PDZD11	51248	ENSG00000120509	PDZD11
Gene::84068	SLC10A7	84068	ENSG00000120519	SLC10A7
Gene::84955	NUDCD1	84955	ENSG00000120526	NUDCD1
Gene::56943	ENY2	56943	ENSG00000120533	ENY2
Gene::84930	MASTL	84930	ENSG00000120539	MASTL
Gene::56243	KIAA1217	56243	ENSG00000120549	KIAA1217
Gene::84569	LYZL1	84569	ENSG00000120563	LYZL1
Gene::84898	PLXDC2	84898	ENSG00000120594	PLXDC2
Gene::80314	EPC1	80314	ENSG00000120616	EPC1
Gene::440073	IQSEC3	440073	ENSG00000120645	IQSEC3
Gene::84318	CCDC77	84318	ENSG00000120647	CCDC77
Gene::6883	TAF12	6883	ENSG00000120656	TAF12
Gene::55068	ENOX1	55068	ENSG00000120658	ENOX1
Gene::8600	TNFSF11	8600	ENSG00000120659	TNFSF11
Gene::9617	MTRF1	9617	ENSG00000120662	MTRF1
Gene::54937	SOHLH2	54937	ENSG00000120669	SOHLH2
Gene::29103	DNAJC15	29103	ENSG00000120675	DNAJC15
Gene::80209	PROSER1	80209	ENSG00000120685	PROSER1
Gene::51569	UFM1	51569	ENSG00000120686	UFM1
Gene::11193	WBP4	11193	ENSG00000120688	WBP4
Gene::1997	ELF1	1997	ENSG00000120690	ELF1
Gene::4093	SMAD9	4093	ENSG00000120693	SMAD9
Gene::10808	HSPH1	10808	ENSG00000120694	HSPH1
Gene::84078	KBTBD7	84078	ENSG00000120696	KBTBD7
Gene::29880	ALG5	29880	ENSG00000120697	ALG5
Gene::11340	EXOSC8	11340	ENSG00000120699	EXOSC8
Gene::2107	ETF1	2107	ENSG00000120705	ETF1
Gene::7045	TGFBI	7045	ENSG00000120708	TGFBI
Gene::51307	FAM53C	51307	ENSG00000120709	FAM53C
Gene::64374	SIL1	64374	ENSG00000120725	SIL1
Gene::51247	PAIP2	51247	ENSG00000120727	PAIP2
Gene::9499	MYOT	9499	ENSG00000120729	MYOT
Gene::51780	KDM3B	51780	ENSG00000120733	KDM3B
Gene::1958	EGR1	1958	ENSG00000120738	EGR1
Gene::27230	SERP1	27230	ENSG00000120742	SERP1
Gene::5357	PLS1	5357	ENSG00000120756	PLS1
Gene::22835	ZFP30	22835	ENSG00000120784	ZFP30
Gene::7181	NR2C1	7181	ENSG00000120798	NR2C1
Gene::27340	UTP20	27340	ENSG00000120800	UTP20
Gene::7112	TMPO	7112	ENSG00000120802	TMPO
Gene::400	ARL1	400	ENSG00000120805	ARL1
Gene::83468	GLT8D2	83468	ENSG00000120820	GLT8D2
Gene::80298	MTERF2	80298	ENSG00000120832	MTERF2
Gene::8835	SOCS2	8835	ENSG00000120833	SOCS2
Gene::4801	NFYB	4801	ENSG00000120837	NFYB
Gene::51019	CCDC53	51019	ENSG00000120860	WASHC3
Gene::317	APAF1	317	ENSG00000120868	APAF1
Gene::1846	DUSP4	1846	ENSG00000120875	DUSP4
Gene::1191	CLU	1191	ENSG00000120885	CLU
Gene::8795	TNFRSF10B	8795	ENSG00000120889	TNFRSF10B
Gene::10174	SORBS3	10174	ENSG00000120896	SORBS3
Gene::2185	PTK2B	2185	ENSG00000120899	PTK2B
Gene::1135	CHRNA2	1135	ENSG00000120903	CHRNA2
Gene::148	ADRA1A	148	ENSG00000120907	ADRA1A
Gene::5533	PPP3CC	5533	ENSG00000120910	PPP3CC
Gene::64236	PDLIM2	64236	ENSG00000120913	PDLIM2
Gene::2053	EPHX2	2053	ENSG00000120915	EPHX2
Gene::81790	RNF170	81790	ENSG00000120925	RNF170
Gene::4879	NPPB	4879	ENSG00000120937	NPPB
Gene::29914	UBIAD1	29914	ENSG00000120942	UBIAD1
Gene::23435	TARDBP	23435	ENSG00000120948	TARDBP
Gene::943	TNFRSF8	943	ENSG00000120949	TNFRSF8
Gene::65122	PRAMEF2	65122	ENSG00000120952	PRAMEF2
Gene::51123	ZNF706	51123	ENSG00000120963	ZNF706
Gene::10434	LYPLA1	10434	ENSG00000120992	LYPLA1
Gene::83690	CRISPLD1	83690	ENSG00000121005	CRISPLD1
Gene::10987	COPS5	10987	ENSG00000121022	COPS5
Gene::157506	RDH10	157506	ENSG00000121039	RDH10
Gene::8288	EPX	8288	ENSG00000121053	EPX
Gene::8165	AKAP1	8165	ENSG00000121057	AKAP1
Gene::8161	COIL	8161	ENSG00000121058	COIL
Gene::7706	TRIM25	7706	ENSG00000121060	TRIM25
Gene::59342	SCPEP1	59342	ENSG00000121064	SCPEP1
Gene::8405	SPOP	8405	ENSG00000121067	SPOP
Gene::6909	TBX2	6909	ENSG00000121068	TBX2
Gene::10237	SLC35B1	10237	ENSG00000121073	SLC35B1
Gene::9496	TBX4	9496	ENSG00000121075	TBX4
Gene::56155	TEX14	56155	ENSG00000121101	TEX14
Gene::81558	FAM117A	81558	ENSG00000121104	FAM117A
Gene::23397	NCAPH	23397	ENSG00000121152	NCAPH
Gene::9227	LRAT	9227	ENSG00000121207	LRAT
Gene::23240	KIAA0922	23240	ENSG00000121210	TMEM131L
Gene::84057	MND1	84057	ENSG00000121211	MND1
Gene::117854	TRIM6	117854	ENSG00000121236	TRIM6
Gene::85320	ABCC11	85320	ENSG00000121270	ABCC11
Gene::64282	PAPD5	64282	ENSG00000121274	TENT4B
Gene::113	ADCY7	113	ENSG00000121281	ADCY7
Gene::84902	CEP89	84902	ENSG00000121289	CEP89
Gene::57616	TSHZ3	57616	ENSG00000121297	TSHZ3
Gene::55268	ECHDC2	55268	ENSG00000121310	ECHDC2
Gene::50836	TAS2R8	50836	ENSG00000121314	TAS2R8
Gene::79887	PLBD1	79887	ENSG00000121316	PLBD1
Gene::50839	TAS2R10	50839	ENSG00000121318	TAS2R10
Gene::653247	PRB2	653247	ENSG00000121335	PRB2
Gene::79912	PYROXD1	79912	ENSG00000121350	PYROXD1
Gene::3375	IAPP	3375	ENSG00000121351	IAPP
Gene::3764	KCNJ8	3764	ENSG00000121361	KCNJ8
Gene::50837	TAS2R7	50837	ENSG00000121377	TAS2R7
Gene::79370	BCL2L14	79370	ENSG00000121380	BCL2L14
Gene::50835	TAS2R9	50835	ENSG00000121381	TAS2R9
Gene::55269	PSPC1	55269	ENSG00000121390	PSPC1
Gene::256051	ZNF549	256051	ENSG00000121406	ZNF549
Gene::1	A1BG	1	ENSG00000121410	A1BG
Gene::65982	ZSCAN18	65982	ENSG00000121413	ZSCAN18
Gene::10520	ZNF211	10520	ENSG00000121417	ZNF211
Gene::23024	PDZRN3	23024	ENSG00000121440	PDZRN3
Gene::353299	RGSL1	353299	ENSG00000121446	RGSL1
Gene::89884	LHX4	89884	ENSG00000121454	LHX4
Gene::6045	RNF2	6045	ENSG00000121481	RNF2
Gene::81627	TRMT1L	81627	ENSG00000121486	TRMT1L
Gene::26984	SEC22A	26984	ENSG00000121542	SEC22A
Gene::1475	CSTA	1475	ENSG00000121552	CSTA
Gene::55211	DPPA4	55211	ENSG00000121570	DPPA4
Gene::64091	POPDC2	64091	ENSG00000121577	POPDC2
Gene::8702	B4GALT4	8702	ENSG00000121578	B4GALT4
Gene::80218	NAA50	80218	ENSG00000121579	NAA50
Gene::941	CD80	941	ENSG00000121594	CD80
Gene::81930	KIF18A	81930	ENSG00000121621	KIF18A
Gene::2703	GJA8	2703	ENSG00000121634	GJA8
Gene::51029	DESI2	51029	ENSG00000121644	DESI2
Gene::9479	MAPK8IP1	9479	ENSG00000121653	MAPK8IP1
Gene::1408	CRY2	1408	ENSG00000121671	CRY2
Gene::9409	PEX16	9409	ENSG00000121680	PEX16
Gene::91614	DEPDC7	91614	ENSG00000121690	DEPDC7
Gene::847	CAT	847	ENSG00000121691	CAT
Gene::29990	PILRB	29990	ENSG00000121716	PILRB
Gene::7750	ZMYM2	7750	ENSG00000121741	ZMYM2
Gene::10804	GJB6	10804	ENSG00000121742	GJB6
Gene::2700	GJA3	2700	ENSG00000121743	GJA3
Gene::64786	TBC1D15	64786	ENSG00000121749	TBC1D15
Gene::576	ADGRB2	576	ENSG00000121753	ADGRB2
Gene::3061	HCRTR1	3061	ENSG00000121764	HCRTR1
Gene::51538	ZCCHC17	51538	ENSG00000121766	ZCCHC17
Gene::2170	FABP3	2170	ENSG00000121769	FABP3
Gene::10657	KHDRBS1	10657	ENSG00000121774	KHDRBS1
Gene::55116	TMEM39B	55116	ENSG00000121775	TMEM39B
Gene::9034	CCRL2	9034	ENSG00000121797	CCRL2
Gene::729230	CCR2	729230	ENSG00000121807	CCR2
Gene::84265	POLR3GL	84265	ENSG00000121851	POLR3GL
Gene::2693	GHSR	2693	ENSG00000121853	GHSR
Gene::8743	TNFSF10	8743	ENSG00000121858	TNFSF10
Gene::51193	ZNF639	51193	ENSG00000121864	ZNF639
Gene::22865	SLITRK3	22865	ENSG00000121871	SLITRK3
Gene::5290	PIK3CA	5290	ENSG00000121879	PIK3CA
Gene::23244	PDS5A	23244	ENSG00000121892	PDS5A
Gene::80008	TMEM156	80008	ENSG00000121895	TMEM156
Gene::11019	LIAS	11019	ENSG00000121897	LIAS
Gene::119587	CPXM2	119587	ENSG00000121898	CPXM2
Gene::113452	TMEM54	113452	ENSG00000121900	TMEM54
Gene::7579	ZSCAN20	7579	ENSG00000121903	ZSCAN20
Gene::114784	CSMD2	114784	ENSG00000121904	CSMD2
Gene::3208	HPCA	3208	ENSG00000121905	HPCA
Gene::55791	LRIF1	55791	ENSG00000121931	LRIF1
Gene::57413	TMIGD3	57413	ENSG00000121933	TMIGD3
Gene::23155	CLCC1	23155	ENSG00000121940	CLCC1
Gene::29899	GPSM2	29899	ENSG00000121957	GPSM2
Gene::79712	GTDC1	79712	ENSG00000121964	QTMAN
Gene::7852	CXCR4	7852	ENSG00000121966	CXCR4
Gene::84083	ZRANB3	84083	ENSG00000121988	ZRANB3
Gene::92	ACVR2A	92	ENSG00000121989	ACVR2A
Gene::51426	POLK	51426	ENSG00000122008	POLK
Gene::22987	SV2C	22987	ENSG00000122012	SV2C
Gene::2322	FLT3	2322	ENSG00000122025	FLT3
Gene::6144	RPL21	6144	ENSG00000122026	RPL21
Gene::219402	MTIF3	219402	ENSG00000122033	MTIF3
Gene::2971	GTF3A	2971	ENSG00000122034	GTF3A
Gene::387496	RASL11A	387496	ENSG00000122035	RASL11A
Gene::5412	UBL3	5412	ENSG00000122042	UBL3
Gene::84248	FYTTD1	84248	ENSG00000122068	FYTTD1
Gene::130916	MTERF4	130916	ENSG00000122085	MTERF4
Gene::7512	XPNPEP2	7512	ENSG00000122121	XPNPEP2
Gene::54440	SASH3	54440	ENSG00000122122	SASH3
Gene::4952	OCRL	4952	ENSG00000122126	OCRL
Gene::5047	PAEP	5047	ENSG00000122133	PAEP
Gene::29991	OBP2A	29991	ENSG00000122136	OBP2A
Gene::51116	MRPS2	51116	ENSG00000122140	MRPS2
Gene::50945	TBX22	50945	ENSG00000122145	TBX22
Gene::2331	FMOD	2331	ENSG00000122176	FMOD
Gene::4656	MYOG	4656	ENSG00000122180	MYOG
Gene::54900	LAX1	54900	ENSG00000122188	LAX1
Gene::5340	PLG	5340	ENSG00000122194	PLG
Gene::57179	KIAA1191	57179	ENSG00000122203	KIAA1191
Gene::1314	COPA	1314	ENSG00000122218	COPA
Gene::51744	CD244	51744	ENSG00000122223	CD244
Gene::4063	LY9	4063	ENSG00000122224	LY9
Gene::9956	HS3ST2	9956	ENSG00000122254	HS3ST2
Gene::5930	RBBP6	5930	ENSG00000122257	RBBP6
Gene::29066	ZC3H7A	29066	ENSG00000122299	ZC3H7A
Gene::5620	PRM2	5620	ENSG00000122304	PRM2
Gene::84947	SERAC1	84947	ENSG00000122335	SERAC1
Gene::311	ANXA11	311	ENSG00000122359	ANXA11
Gene::11155	LDB3	11155	ENSG00000122367	LDB3
Gene::94233	OPN4	94233	ENSG00000122375	OPN4
Gene::54537	FAM35A	54537	ENSG00000122376	SHLD2
Gene::84293	FAM213A	84293	ENSG00000122378	PRXL2A
Gene::7755	ZNF205	7755	ENSG00000122386	ZNF205
Gene::79903	NAA60	79903	ENSG00000122390	NAA60
Gene::6125	RPL5	6125	ENSG00000122406	RPL5
Gene::57489	ODF2L	57489	ENSG00000122417	ODF2L
Gene::5737	PTGFR	5737	ENSG00000122420	PTGFR
Gene::100505741	SPATA1	100505741	ENSG00000122432	SPATA1
Gene::54482	TRMT13	54482	ENSG00000122435	TRMT13
Gene::127495	LRRC39	127495	ENSG00000122477	LRRC39
Gene::25950	RWDD3	25950	ENSG00000122481	RWDD3
Gene::84146	ZNF644	84146	ENSG00000122482	ZNF644
Gene::343099	CCDC18	343099	ENSG00000122483	CCDC18
Gene::79871	RPAP2	79871	ENSG00000122484	RPAP2
Gene::80148	PQLC1	80148	ENSG00000122490	SLC66A2
Gene::27241	BBS9	27241	ENSG00000122507	BBS9
Gene::5395	PMS2	5395	ENSG00000122512	PMS2
Gene::83637	ZMIZ2	83637	ENSG00000122515	ZMIZ2
Gene::654231	OCM	654231	ENSG00000122543	OCM
Gene::989	SEPT7	989	ENSG00000122545	SEPTIN7
Gene::80820	EEPD1	80820	ENSG00000122547	EEPD1
Gene::55975	KLHL7	55975	ENSG00000122550	KLHL7
Gene::64224	HERPUD2	64224	ENSG00000122557	HERPUD2
Gene::11335	CBX3	11335	ENSG00000122565	CBX3
Gene::3181	HNRNPA2B1	3181	ENSG00000122566	HNRNPA2B1
Gene::644150	WIPF3	644150	ENSG00000122574	WIPF3
Gene::30010	NXPH1	30010	ENSG00000122584	NXPH1
Gene::4852	NPY	4852	ENSG00000122585	NPY
Gene::84668	FAM126A	84668	ENSG00000122591	HYCC1
Gene::3204	HOXA7	3204	ENSG00000122592	HOXA7
Gene::3624	INHBA	3624	ENSG00000122641	INHBA
Gene::11328	FKBP9	11328	ENSG00000122642	FKBP9
Gene::51251	NT5C3A	51251	ENSG00000122643	NT5C3A
Gene::10124	ARL4A	10124	ENSG00000122644	ARL4A
Gene::51622	CCZ1	51622	ENSG00000122674	CCZ1
Gene::27434	POLM	27434	ENSG00000122678	POLM
Gene::10268	RAMP3	10268	ENSG00000122679	RAMP3
Gene::29960	FTSJ2	29960	ENSG00000122687	MRM2
Gene::7291	TWIST1	7291	ENSG00000122691	TWIST1
Gene::55234	SMU1	55234	ENSG00000122692	SMU1
Gene::152007	GLIPR2	152007	ENSG00000122694	GLIPR2
Gene::92014	SLC25A51	92014	ENSG00000122696	SLC25A51
Gene::1211	CLTA	1211	ENSG00000122705	CLTA
Gene::8434	RECK	8434	ENSG00000122707	RECK
Gene::27290	SPINK4	27290	ENSG00000122711	SPINK4
Gene::138474	TAF1L	138474	ENSG00000122728	TAF1L
Gene::48	ACO1	48	ENSG00000122729	ACO1
Gene::23349	PHF24	23349	ENSG00000122733	PHF24
Gene::27019	DNAI1	27019	ENSG00000122735	DNAI1
Gene::79269	DCAF10	79269	ENSG00000122741	DCAF10
Gene::1271	CNTFR	1271	ENSG00000122756	CNTFR
Gene::57670	KIAA1549	57670	ENSG00000122778	KIAA1549
Gene::8805	TRIM24	8805	ENSG00000122779	TRIM24
Gene::78996	C7orf49	78996	ENSG00000122783	CYREN
Gene::800	CALD1	800	ENSG00000122786	CALD1
Gene::6718	AKR1D1	6718	ENSG00000122787	AKR1D1
Gene::170685	NUDT10	170685	ENSG00000122824	NUDT10
Gene::653509	SFTPA1	653509	ENSG00000122852	SFTPA1
Gene::50674	NEUROG3	50674	ENSG00000122859	NEUROG3
Gene::5328	PLAU	5328	ENSG00000122861	PLAU
Gene::5552	SRGN	5552	ENSG00000122862	SRGN
Gene::9469	CHST3	9469	ENSG00000122863	CHST3
Gene::80114	BICC1	80114	ENSG00000122870	BICC1
Gene::55847	CISD1	55847	ENSG00000122873	CISD1
Gene::1959	EGR2	1959	ENSG00000122877	EGR2
Gene::11319	ECD	11319	ENSG00000122882	ECD
Gene::5033	P4HA1	5033	ENSG00000122884	P4HA1
Gene::8034	SLC25A16	8034	ENSG00000122912	SLC25A16
Gene::11130	ZWINT	11130	ENSG00000122952	ZWINT
Gene::9559	VPS26A	9559	ENSG00000122958	VPS26A
Gene::9904	RBM19	9904	ENSG00000122965	RBM19
Gene::11113	CIT	11113	ENSG00000122966	CIT
Gene::28981	IFT81	28981	ENSG00000122970	IFT81
Gene::35	ACADS	35	ENSG00000122971	ACADS
Gene::84329	HVCN1	84329	ENSG00000122986	HVCN1
Gene::79039	DDX54	79039	ENSG00000123064	DDX54
Gene::23389	MED13L	23389	ENSG00000123066	MED13L
Gene::1031	CDKN2C	1031	ENSG00000123080	CDKN2C
Gene::26994	RNF11	26994	ENSG00000123091	RNF11
Gene::11228	RASSF8	11228	ENSG00000123094	RASSF8
Gene::79365	BHLHE41	79365	ENSG00000123095	BHLHE41
Gene::8082	SSPN	8082	ENSG00000123096	SSPN
Gene::3709	ITPR2	3709	ENSG00000123104	ITPR2
Gene::55297	CCDC91	55297	ENSG00000123106	CCDC91
Gene::64168	NECAB1	64168	ENSG00000123119	NECAB1
Gene::11059	WWP1	11059	ENSG00000123124	WWP1
Gene::23597	ACOT9	23597	ENSG00000123130	ACOT9
Gene::10549	PRDX4	10549	ENSG00000123131	PRDX4
Gene::10212	DDX39A	10212	ENSG00000123136	DDX39A
Gene::5585	PKN1	5585	ENSG00000123143	PKN1
Gene::79002	C19orf43	79002	ENSG00000123144	TRIR
Gene::976	ADGRE5	976	ENSG00000123146	ADGRE5
Gene::84292	WDR83	84292	ENSG00000123154	WDR83
Gene::10755	GIPC1	10755	ENSG00000123159	GIPC1
Gene::139741	ACTRT1	139741	ENSG00000123165	ACTRT1
Gene::83446	CCDC70	83446	ENSG00000123171	CCDC70
Gene::57213	SPRYD7	57213	ENSG00000123178	SPRYD7
Gene::84650	EBPL	84650	ENSG00000123179	EBPL
Gene::540	ATP7B	540	ENSG00000123191	ATP7B
Gene::23091	ZC3H13	23091	ENSG00000123200	ZC3H13
Gene::57486	NLN	57486	ENSG00000123213	NLN
Gene::64105	CENPK	64105	ENSG00000123219	CENPK
Gene::10133	OPTN	10133	ENSG00000123240	OPTN
Gene::80760	ITIH5	80760	ENSG00000123243	ITIH5
Gene::466	ATF1	466	ENSG00000123268	ATF1
Gene::10102	TSFM	10102	ENSG00000123297	TSFM
Gene::58158	NEUROD4	58158	ENSG00000123307	NEUROD4
Gene::64333	ARHGAP9	64333	ENSG00000123329	ARHGAP9
Gene::3071	NCKAP1L	3071	ENSG00000123338	NCKAP1L
Gene::4327	MMP19	4327	ENSG00000123342	MMP19
Gene::5204	PFDN5	5204	ENSG00000123349	PFDN5
Gene::65244	SPATS2	65244	ENSG00000123352	SPATS2
Gene::29095	ORMDL2	29095	ENSG00000123353	ORMDL2
Gene::3164	NR4A1	3164	ENSG00000123358	NR4A1
Gene::5153	PDE1B	5153	ENSG00000123360	PDE1B
Gene::3229	HOXC13	3229	ENSG00000123364	HOXC13
Gene::1017	CDK2	1017	ENSG00000123374	CDK2
Gene::4035	LRP1	4035	ENSG00000123384	LRP1
Gene::3227	HOXC11	3227	ENSG00000123388	HOXC11
Gene::60673	ATG101	60673	ENSG00000123395	ATG101
Gene::4778	NFE2	4778	ENSG00000123405	NFE2
Gene::3228	HOXC12	3228	ENSG00000123407	HOXC12
Gene::64375	IKZF4	64375	ENSG00000123411	IKZF4
Gene::23583	SMUG1	23583	ENSG00000123415	SMUG1
Gene::10376	TUBA1B	10376	ENSG00000123416	TUBA1B
Gene::25895	METTL21B	25895	ENSG00000123427	EEF1AKMT3
Gene::55709	KBTBD4	55709	ENSG00000123444	KBTBD4
Gene::1757	SARDH	1757	ENSG00000123453	SARDH
Gene::1621	DBH	1621	ENSG00000123454	DBH
Gene::64756	ATPAF1	64756	ENSG00000123472	ATPAF1
Gene::6491	STIL	6491	ENSG00000123473	STIL
Gene::55355	HJURP	55355	ENSG00000123485	HJURP
Gene::3598	IL13RA2	3598	ENSG00000123496	IL13RA2
Gene::1300	COL10A1	1300	ENSG00000123500	COL10A1
Gene::262	AMD1	262	ENSG00000123505	AMD1
Gene::29078	NDUFAF4	29078	ENSG00000123545	NDUFAF4
Gene::85015	USP45	85015	ENSG00000123552	USP45
Gene::5354	PLP1	5354	ENSG00000123560	PLP1
Gene::6906	SERPINA7	6906	ENSG00000123561	SERPINA7
Gene::9643	MORF4L2	9643	ENSG00000123562	MORF4L2
Gene::158983	H2BFWT	158983	ENSG00000123569	H2BW1
Gene::51209	RAB9B	51209	ENSG00000123570	RAB9B
Gene::203447	NRK	203447	ENSG00000123572	NRK
Gene::139231	FAM199X	139231	ENSG00000123575	FAM199X
Gene::80712	ESX1	80712	ENSG00000123576	ESX1
Gene::4108	MAGEA9	4108	ENSG00000123584	MAGEA9
Gene::92552	ATXN3L	92552	ENSG00000123594	ATXN3L
Gene::9367	RAB9A	9367	ENSG00000123595	RAB9A
Gene::79828	METTL8	79828	ENSG00000123600	METTL8
Gene::79809	TTC21B	79809	ENSG00000123607	TTC21B
Gene::9111	NMI	9111	ENSG00000123609	NMI
Gene::7130	TNFAIP6	7130	ENSG00000123610	TNFAIP6
Gene::130399	ACVR1C	130399	ENSG00000123612	ACVR1C
Gene::29994	BAZ2B	29994	ENSG00000123636	BAZ2B
Gene::206358	SLC36A1	206358	ENSG00000123643	SLC36A1
Gene::9926	LPGAT1	9926	ENSG00000123684	LPGAT1
Gene::55509	BATF3	55509	ENSG00000123685	BATF3
Gene::50486	G0S2	50486	ENSG00000123689	G0S2
Gene::3759	KCNJ2	3759	ENSG00000123700	KCNJ2
Gene::57826	RAP2C	57826	ENSG00000123728	RAP2C
Gene::5393	EXOSC9	5393	ENSG00000123737	EXOSC9
Gene::81579	PLA2G12A	81579	ENSG00000123739	PLA2G12A
Gene::80776	B9D2	80776	ENSG00000123810	B9D2
Gene::79934	ADCK4	79934	ENSG00000123815	COQ8B
Gene::5208	PFKFB2	5208	ENSG00000123836	PFKFB2
Gene::722	C4BPA	722	ENSG00000123838	C4BPA
Gene::725	C4BPB	725	ENSG00000123843	C4BPB
Gene::23682	RAB38	23682	ENSG00000123892	RAB38
Gene::10888	GPR83	10888	ENSG00000123901	GPR83
Gene::27161	AGO2	27161	ENSG00000123908	AGO2
Gene::10608	MXD4	10608	ENSG00000123933	MXD4
Gene::1164	CKS2	1164	ENSG00000123975	CKS2
Gene::164781	DAW1	164781	ENSG00000123977	DAW1
Gene::2181	ACSL3	2181	ENSG00000123983	ACSL3
Gene::79586	CHPF	79586	ENSG00000123989	CHPF
Gene::23549	DNPEP	23549	ENSG00000123992	DNPEP
Gene::3623	INHA	3623	ENSG00000123999	INHA
Gene::116255	MOGAT1	116255	ENSG00000124003	MOGAT1
Gene::23363	OBSL1	23363	ENSG00000124006	OBSL1
Gene::79843	FAM124B	79843	ENSG00000124019	FAM124B
Gene::6560	SLC12A4	6560	ENSG00000124067	SLC12A4
Gene::84080	ENKD1	84080	ENSG00000124074	ENKD1
Gene::4159	MC3R	4159	ENSG00000124089	MC3R
Gene::140687	GCNT7	140687	ENSG00000124091	GCNT7
Gene::140690	CTCFL	140690	ENSG00000124092	CTCFL
Gene::116151	FAM210B	116151	ENSG00000124098	MIMS2
Gene::5266	PI3	5266	ENSG00000124102	PI3
Gene::200232	FAM209A	200232	ENSG00000124103	FAM209A
Gene::90203	SNX21	90203	ENSG00000124104	SNX21
Gene::6590	SLPI	6590	ENSG00000124107	SLPI
Gene::140686	WFDC3	140686	ENSG00000124116	WFDC3
Gene::79183	TTPAL	79183	ENSG00000124120	TTPAL
Gene::57580	PREX1	57580	ENSG00000124126	PREX1
Gene::3787	KCNS1	3787	ENSG00000124134	KCNS1
Gene::57468	SLC12A5	57468	ENSG00000124140	SLC12A5
Gene::343578	ARHGAP40	343578	ENSG00000124143	ARHGAP40
Gene::6385	SDC4	6385	ENSG00000124145	SDC4
Gene::8202	NCOA3	8202	ENSG00000124151	NCOA3
Gene::51604	PIGT	51604	ENSG00000124155	PIGT
Gene::6407	SEMG2	6407	ENSG00000124157	SEMG2
Gene::8785	MATN4	8785	ENSG00000124159	MATN4
Gene::57727	NCOA5	57727	ENSG00000124160	NCOA5
Gene::9217	VAPB	9217	ENSG00000124164	VAPB
Gene::84612	PARD6B	84612	ENSG00000124171	PARD6B
Gene::514	ATP5E	514	ENSG00000124172	ATP5F1E
Gene::84181	CHD6	84181	ENSG00000124177	CHD6
Gene::5335	PLCG1	5335	ENSG00000124181	PLCG1
Gene::84969	TOX2	84969	ENSG00000124191	TOX2
Gene::6431	SRSF6	6431	ENSG00000124193	SRSF6
Gene::78997	GDAP1L1	78997	ENSG00000124194	GDAP1L1
Gene::149699	GTSF1L	149699	ENSG00000124196	GTSF1L
Gene::10564	ARFGEF2	10564	ENSG00000124198	ARFGEF2
Gene::57169	ZNFX1	57169	ENSG00000124201	ZNFX1
Gene::128611	ZNF831	128611	ENSG00000124203	ZNF831
Gene::1908	EDN3	1908	ENSG00000124205	EDN3
Gene::1434	CSE1L	1434	ENSG00000124207	CSE1L
Gene::387522	TMEM189-UBE2V1	387522	ENSG00000124208	PEDS1-UBE2V1
Gene::57403	RAB22A	57403	ENSG00000124209	RAB22A
Gene::5740	PTGIS	5740	ENSG00000124212	PTGIS
Gene::6780	STAU1	6780	ENSG00000124214	STAU1
Gene::60437	CDH26	60437	ENSG00000124215	CDH26
Gene::6615	SNAI1	6615	ENSG00000124216	SNAI1
Gene::27304	MOCS3	27304	ENSG00000124217	MOCS3
Gene::8675	STX16	8675	ENSG00000124222	STX16
Gene::56937	PMEPA1	56937	ENSG00000124225	PMEPA1
Gene::55905	RNF114	55905	ENSG00000124226	RNF114
Gene::140731	ANKRD60	140731	ENSG00000124227	ANKRD60
Gene::55661	DDX27	55661	ENSG00000124228	DDX27
Gene::11317	RBPJL	11317	ENSG00000124232	RBPJL
Gene::6406	SEMG1	6406	ENSG00000124233	SEMG1
Gene::128602	C20orf85	128602	ENSG00000124237	CIMIP1
Gene::55653	BCAS4	55653	ENSG00000124243	BCAS4
Gene::60598	KCNK15	60598	ENSG00000124249	KCNK15
Gene::27296	TP53TG5	27296	ENSG00000124251	TP53TG5
Gene::5105	PCK1	5105	ENSG00000124253	PCK1
Gene::81030	ZBP1	81030	ENSG00000124256	ZBP1
Gene::140825	NEURL2	140825	ENSG00000124257	NEURL2
Gene::4109	MAGEA10	4109	ENSG00000124260	MAGEA10
Gene::4552	MTRR	4552	ENSG00000124275	MTRR
Gene::79072	FASTKD3	79072	ENSG00000124279	FASTKD3
Gene::5184	PEPD	5184	ENSG00000124299	PEPD
Gene::64377	CHST8	64377	ENSG00000124302	CHST8
Gene::23096	IQSEC2	23096	ENSG00000124313	IQSEC2
Gene::6845	VAMP7	6845	ENSG00000124333	VAMP7
Gene::3581	IL9R	3581	ENSG00000124334	IL9R
Gene::7499	XG	7499	ENSG00000124343	XG
Gene::10617	STAMBP	10617	ENSG00000124356	STAMBP
Gene::55577	NAGK	55577	ENSG00000124357	NAGK
Gene::84693	MCEE	84693	ENSG00000124370	MCEE
Gene::400961	PAIP2B	400961	ENSG00000124374	PAIP2B
Gene::11017	SNRNP27	11017	ENSG00000124380	SNRNP27
Gene::10199	MPHOSPH10	10199	ENSG00000124383	MPHOSPH10
Gene::27189	IL17C	27189	ENSG00000124391	IL17C
Gene::10396	ATP8A1	10396	ENSG00000124406	ATP8A1
Gene::23326	USP22	23326	ENSG00000124422	USP22
Gene::79983	POF1B	79983	ENSG00000124429	POF1B
Gene::64344	HIF3A	64344	ENSG00000124440	HIF3A
Gene::79177	ZNF576	79177	ENSG00000124444	ZNF576
Gene::56269	IRGC	56269	ENSG00000124449	IRGC
Gene::7596	ZNF45	7596	ENSG00000124459	ZNF45
Gene::27076	LYPD3	27076	ENSG00000124466	LYPD3
Gene::440533	PSG8	440533	ENSG00000124467	PSG8
Gene::1088	CEACAM8	1088	ENSG00000124469	CEACAM8
Gene::4693	NDP	4693	ENSG00000124479	NDP
Gene::8239	USP9X	8239	ENSG00000124486	USP9X
Gene::7180	CRISP2	7180	ENSG00000124490	CRISP2
Gene::2162	F13A1	2162	ENSG00000124491	F13A1
Gene::2914	GRM4	2914	ENSG00000124493	GRM4
Gene::55809	TRERF1	55809	ENSG00000124496	TRERF1
Gene::29993	PACSIN1	29993	ENSG00000124507	PACSIN1
Gene::10385	BTN2A2	10385	ENSG00000124508	BTN2A2
Gene::23408	SIRT5	23408	ENSG00000124523	SIRT5
Gene::57380	MRS2	57380	ENSG00000124532	MRS2
Gene::56897	WRNIP1	56897	ENSG00000124535	WRNIP1
Gene::88745	RRP36	88745	ENSG00000124541	RRP36
Gene::696	BTN1A1	696	ENSG00000124557	BTN1A1
Gene::6631	SNRPC	6631	ENSG00000124562	SNRPC
Gene::10786	SLC17A3	10786	ENSG00000124564	SLC17A3
Gene::6568	SLC17A1	6568	ENSG00000124568	SLC17A1
Gene::5269	SERPINB6	5269	ENSG00000124570	SERPINB6
Gene::57510	XPO5	57510	ENSG00000124571	XPO5
Gene::89845	ABCC10	89845	ENSG00000124574	ABCC10
Gene::3007	HIST1H1D	3007	ENSG00000124575	H1-3
Gene::5190	PEX6	5190	ENSG00000124587	PEX6
Gene::4835	NQO2	4835	ENSG00000124588	NQO2
Gene::221443	OARD1	221443	ENSG00000124596	OARD1
Gene::222643	UNC5CL	222643	ENSG00000124602	UNC5CL
Gene::57505	AARS2	57505	ENSG00000124608	AARS2
Gene::3024	HIST1H1A	3024	ENSG00000124610	H1-1
Gene::346157	ZNF391	346157	ENSG00000124613	ZNF391
Gene::6204	RPS10	6204	ENSG00000124614	RPS10
Gene::4337	MOCS1	4337	ENSG00000124615	MOCS1
Gene::8970	HIST1H2BJ	8970	ENSG00000124635	H2BC11
Gene::9477	MED20	9477	ENSG00000124641	MED20
Gene::26212	OR2B6	26212	ENSG00000124657	OR2B6
Gene::6903	TBCC	6903	ENSG00000124659	TBCC
Gene::25803	SPDEF	25803	ENSG00000124664	SPDEF
Gene::6954	TCP11	6954	ENSG00000124678	TCP11
Gene::9587	MAD2L1BP	9587	ENSG00000124688	MAD2L1BP
Gene::10930	APOBEC2	10930	ENSG00000124701	APOBEC2
Gene::116138	KLHDC3	116138	ENSG00000124702	KLHDC3
Gene::27232	GNMT	27232	ENSG00000124713	GNMT
Gene::1769	DNAH8	1769	ENSG00000124721	DNAH8
Gene::54210	TREM1	54210	ENSG00000124731	TREM1
Gene::4201	MEA1	4201	ENSG00000124733	MEA1
Gene::401265	KLHL31	401265	ENSG00000124743	KLHL31
Gene::81578	COL21A1	81578	ENSG00000124749	COL21A1
Gene::1026	CDKN1A	1026	ENSG00000124762	CDKN1A
Gene::6659	SOX4	6659	ENSG00000124766	SOX4
Gene::2739	GLO1	2739	ENSG00000124767	GLO1
Gene::57699	CPNE5	57699	ENSG00000124772	CPNE5
Gene::89822	KCNK17	89822	ENSG00000124780	KCNK17
Gene::6239	RREB1	6239	ENSG00000124782	RREB1
Gene::6745	SSR1	6745	ENSG00000124783	SSR1
Gene::83732	RIOK1	83732	ENSG00000124784	RIOK1
Gene::51299	NRN1	51299	ENSG00000124785	NRN1
Gene::51000	SLC35B3	51000	ENSG00000124786	SLC35B3
Gene::10799	RPP40	10799	ENSG00000124787	RPP40
Gene::6310	ATXN1	6310	ENSG00000124788	ATXN1
Gene::9972	NUP153	9972	ENSG00000124789	NUP153
Gene::7913	DEK	7913	ENSG00000124795	DEK
Gene::9521	EEF1E1	9521	ENSG00000124802	EEF1E1
Gene::167	CRISP1	167	ENSG00000124812	CRISP1
Gene::860	RUNX2	860	ENSG00000124813	RUNX2
Gene::221391	OPN5	221391	ENSG00000124818	OPN5
Gene::9247	GCM2	9247	ENSG00000124827	GCM2
Gene::9208	LRRFIP1	9208	ENSG00000124831	LRRFIP1
Gene::64284	RAB17	64284	ENSG00000124839	RAB17
Gene::6372	CXCL6	6372	ENSG00000124875	CXCL6
Gene::2069	EREG	2069	ENSG00000124882	EREG
Gene::84767	TRIM51	84767	ENSG00000124900	TRIM51
Gene::745	MYRF	745	ENSG00000124920	MYRF
Gene::10647	SCGB1D2	10647	ENSG00000124935	SCGB1D2
Gene::4246	SCGB2A1	4246	ENSG00000124939	SCGB2A1
Gene::79026	AHNAK	79026	ENSG00000124942	AHNAK
Gene::55831	EMC3	55831	ENSG00000125037	EMC3
Gene::51066	SSUH2	51066	ENSG00000125046	SSUH2
Gene::7471	WNT1	7471	ENSG00000125084	WNT1
Gene::54436	SH3TC1	54436	ENSG00000125089	SH3TC1
Gene::23019	CNOT1	23019	ENSG00000125107	CNOT1
Gene::26231	LRRC29	26231	ENSG00000125122	FBXL9P
Gene::583	BBS2	583	ENSG00000125124	BBS2
Gene::4495	MT1G	4495	ENSG00000125144	MT1G
Gene::4502	MT2A	4502	ENSG00000125148	MT2A
Gene::80262	C16orf70	80262	ENSG00000125149	PHAF1
Gene::2806	GOT2	2806	ENSG00000125166	GOT2
Gene::55715	DOK4	55715	ENSG00000125170	DOK4
Gene::9271	PIWIL1	9271	ENSG00000125207	PIWIL1
Gene::2841	GPR18	2841	ENSG00000125245	GPR18
Gene::171425	CLYBL	171425	ENSG00000125246	CLYBL
Gene::84899	TMTC4	84899	ENSG00000125247	TMTC4
Gene::5911	RAP2A	5911	ENSG00000125249	RAP2A
Gene::6555	SLC10A2	6555	ENSG00000125255	SLC10A2
Gene::10257	ABCC4	10257	ENSG00000125257	ABCC4
Gene::1948	EFNB2	1948	ENSG00000125266	EFNB2
Gene::11166	SOX21	11166	ENSG00000125285	SOX21
Gene::9375	TM9SF2	9375	ENSG00000125304	TM9SF2
Gene::78995	C17orf53	78995	ENSG00000125319	HROB
Gene::3834	KIF25	3834	ENSG00000125337	KIF25
Gene::3659	IRF1	3659	ENSG00000125347	IRF1
Gene::65109	UPF3B	65109	ENSG00000125351	UPF3B
Gene::7737	RNF113A	7737	ENSG00000125352	RNF113A
Gene::23157	SEPT6	23157	ENSG00000125354	SEPTIN6
Gene::55026	TMEM255A	55026	ENSG00000125355	TMEM255A
Gene::4694	NDUFA1	4694	ENSG00000125356	NDUFA1
Gene::265	AMELX	265	ENSG00000125363	AMELX
Gene::27109	ATP5S	27109	ENSG00000125375	DMAC2L
Gene::652	BMP4	652	ENSG00000125378	BMP4
Gene::5732	PTGER2	5732	ENSG00000125384	PTGER2
Gene::8603	FAM193A	8603	ENSG00000125386	FAM193A
Gene::2868	GRK4	2868	ENSG00000125388	GRK4
Gene::6662	SOX9	6662	ENSG00000125398	SOX9
Gene::64518	TEKT3	64518	ENSG00000125409	TEKT3
Gene::4620	MYH2	4620	ENSG00000125414	MYH2
Gene::9953	HS3ST3B1	9953	ENSG00000125430	HS3ST3B1
Gene::399512	SLC25A35	399512	ENSG00000125434	SLC25A35
Gene::51081	MRPS7	51081	ENSG00000125445	MRPS7
Gene::23163	GGA3	23163	ENSG00000125447	GGA3
Gene::79637	ARMC7	79637	ENSG00000125449	ARMC7
Gene::79902	NUP85	79902	ENSG00000125450	NUP85
Gene::60386	SLC25A19	60386	ENSG00000125454	SLC25A19
Gene::57409	MIF4GD	57409	ENSG00000125457	MIF4GD
Gene::30833	NT5C	30833	ENSG00000125458	NT5C
Gene::55154	MSTO1	55154	ENSG00000125459	MSTO1
Gene::10485	C1orf61	10485	ENSG00000125462	MIR9-1HG
Gene::7270	TTF1	7270	ENSG00000125482	TTF1
Gene::9329	GTF3C4	9329	ENSG00000125484	GTF3C4
Gene::64794	DDX31	64794	ENSG00000125485	DDX31
Gene::56751	BARHL1	56751	ENSG00000125492	BARHL1
Gene::3802	KIR2DL1	3802	ENSG00000125498	KIR2DL1
Gene::54776	PPP1R12C	54776	ENSG00000125503	PPP1R12C
Gene::79143	MBOAT7	79143	ENSG00000125505	MBOAT7
Gene::6725	SRMS	6725	ENSG00000125508	SRMS
Gene::4987	OPRL1	4987	ENSG00000125510	OPRL1
Gene::56731	SLC2A4RG	56731	ENSG00000125520	SLC2A4RG
Gene::2832	NPBWR2	2832	ENSG00000125522	NPBWR2
Gene::79025	C20orf195	79025	ENSG00000125531	FNDC11
Gene::128408	BHLHE23	128408	ENSG00000125533	BHLHE23
Gene::79144	PPDPF	79144	ENSG00000125534	PPDPF
Gene::3553	IL1B	3553	ENSG00000125538	IL1B
Gene::5342	PLGLB2	5342	ENSG00000125551	PLGLB2
Gene::27178	IL37	27178	ENSG00000125571	IL37
Gene::84269	CHCHD5	84269	ENSG00000125611	CHCHD5
Gene::7849	PAX8	7849	ENSG00000125618	PAX8
Gene::51141	INSIG2	51141	ENSG00000125629	INSIG2
Gene::84172	POLR1B	84172	ENSG00000125630	POLR1B
Gene::54520	CCDC93	54520	ENSG00000125633	CCDC93
Gene::23550	PSD4	23550	ENSG00000125637	PSD4
Gene::79085	SLC25A23	79085	ENSG00000125648	SLC25A23
Gene::5623	PSPN	5623	ENSG00000125650	PSPN
Gene::2962	GTF2F1	2962	ENSG00000125651	GTF2F1
Gene::84266	ALKBH7	84266	ENSG00000125652	ALKBH7
Gene::8192	CLPP	8192	ENSG00000125656	CLPP
Gene::8744	TNFSF9	8744	ENSG00000125657	TNFSF9
Gene::2892	GRIA3	2892	ENSG00000125675	GRIA3
Gene::57187	THOC2	57187	ENSG00000125676	THOC2
Gene::5469	MED1	5469	ENSG00000125686	MED1
Gene::9349	RPL23	9349	ENSG00000125691	RPL23
Gene::84938	ATG4C	84938	ENSG00000125703	ATG4C
Gene::970	CD70	970	ENSG00000125726	CD70
Gene::718	C3	718	ENSG00000125730	C3
Gene::10045	SH2D3A	10045	ENSG00000125731	SH2D3A
Gene::9322	TRIP10	9322	ENSG00000125733	TRIP10
Gene::56927	GPR108	56927	ENSG00000125734	GPR108
Gene::8740	TNFSF14	8740	ENSG00000125735	TNFSF14
Gene::2354	FOSB	2354	ENSG00000125740	FOSB
Gene::80207	OPA3	80207	ENSG00000125741	OPA3
Gene::6633	SNRPD2	6633	ENSG00000125743	SNRPD2
Gene::6253	RTN2	6253	ENSG00000125744	RTN2
Gene::24139	EML2	24139	ENSG00000125746	EML2
Gene::7408	VASP	7408	ENSG00000125753	VASP
Gene::8189	SYMPK	8189	ENSG00000125755	SYMPK
Gene::56261	GPCPD1	56261	ENSG00000125772	GPCPD1
Gene::27111	SDCBP2	27111	ENSG00000125775	SDCBP2
Gene::80025	PANK2	80025	ENSG00000125779	PANK2
Gene::7053	TGM3	7053	ENSG00000125780	TGM3
Gene::2797	GNRH2	2797	ENSG00000125787	GNRH2
Gene::81623	DEFB126	81623	ENSG00000125788	DEFB126
Gene::3170	FOXA2	3170	ENSG00000125798	FOXA2
Gene::22918	CD93	22918	ENSG00000125810	CD93
Gene::64412	GZF1	64412	ENSG00000125812	GZF1
Gene::5075	PAX1	5075	ENSG00000125813	PAX1
Gene::63908	NAPB	63908	ENSG00000125814	NAPB
Gene::10047	CST8	10047	ENSG00000125815	CST8
Gene::644524	NKX2-4	644524	ENSG00000125816	NKX2-4
Gene::1059	CENPB	1059	ENSG00000125817	CENPB
Gene::9491	PSMF1	9491	ENSG00000125818	PSMF1
Gene::4821	NKX2-2	4821	ENSG00000125820	NKX2-2
Gene::92675	DTD1	92675	ENSG00000125821	DTD1
Gene::128817	CSTL1	128817	ENSG00000125823	CSTL1
Gene::10616	RBCK1	10616	ENSG00000125826	RBCK1
Gene::56255	TMX4	56255	ENSG00000125827	TMX4
Gene::140880	CST11	140880	ENSG00000125831	CST11
Gene::140901	STK35	140901	ENSG00000125834	STK35
Gene::6628	SNRPB	6628	ENSG00000125835	SNRPB
Gene::80023	NRSN2	80023	ENSG00000125841	NRSN2
Gene::55317	AP5S1	55317	ENSG00000125843	AP5S1
Gene::6238	RRBP1	6238	ENSG00000125844	RRBP1
Gene::650	BMP2	650	ENSG00000125845	BMP2
Gene::7692	ZNF133	7692	ENSG00000125846	ZNF133
Gene::23767	FLRT3	23767	ENSG00000125848	FLRT3
Gene::58495	OVOL2	58495	ENSG00000125850	OVOL2
Gene::5126	PCSK2	5126	ENSG00000125851	PCSK2
Gene::64096	GFRA4	64096	ENSG00000125861	GFRA4
Gene::8195	MKKS	8195	ENSG00000125863	MKKS
Gene::631	BFSP1	631	ENSG00000125864	BFSP1
Gene::11034	DSTN	11034	ENSG00000125868	DSTN
Gene::24141	LAMP5	24141	ENSG00000125869	LAMP5
Gene::6629	SNRPB2	6629	ENSG00000125870	SNRPB2
Gene::92667	MGME1	92667	ENSG00000125871	MGME1
Gene::164312	LRRN4	164312	ENSG00000125872	LRRN4
Gene::128637	TBC1D20	128637	ENSG00000125875	TBC1D20
Gene::3704	ITPA	3704	ENSG00000125877	ITPA
Gene::6939	TCF15	6939	ENSG00000125878	TCF15
Gene::56914	OTOR	56914	ENSG00000125879	OTOR
Gene::84515	MCM8	84515	ENSG00000125885	MCM8
Gene::140836	BANF2	140836	ENSG00000125888	BANF2
Gene::55321	TMEM74B	55321	ENSG00000125895	TMEM74B
Gene::83541	FAM110A	83541	ENSG00000125898	FAM110A
Gene::128646	SIRPD	128646	ENSG00000125900	SIRPD
Gene::64949	MRPS26	64949	ENSG00000125901	MRPS26
Gene::140881	DEFB129	140881	ENSG00000125903	DEFB129
Gene::8698	S1PR4	8698	ENSG00000125910	S1PR4
Gene::56926	NCLN	56926	ENSG00000125912	NCLN
Gene::4435	CITED1	4435	ENSG00000125931	CITED1
Gene::10236	HNRNPR	10236	ENSG00000125944	HNRNPR
Gene::80818	ZNF436	80818	ENSG00000125945	ZNF436
Gene::4149	MAX	4149	ENSG00000125952	MAX
Gene::100529261	CHURC1-FNTB	100529261	ENSG00000125954	CHURC1-FNTB
Gene::64860	ARMCX5	64860	ENSG00000125962	ARMCX5
Gene::8200	GDF5	8200	ENSG00000125965	GDF5
Gene::10893	MMP24	10893	ENSG00000125966	MMP24
Gene::63941	NECAB3	63941	ENSG00000125967	NECAB3
Gene::3397	ID1	3397	ENSG00000125968	ID1
Gene::22913	RALY	22913	ENSG00000125970	RALY
Gene::83658	DYNLRB1	83658	ENSG00000125971	DYNLRB1
Gene::140873	C20orf173	140873	ENSG00000125975	C20orf173
Gene::8894	EIF2S2	8894	ENSG00000125977	EIF2S2
Gene::51614	ERGIC3	51614	ENSG00000125991	ERGIC3
Gene::140823	ROMO1	140823	ENSG00000125995	ROMO1
Gene::128876	FAM83C	128876	ENSG00000125998	SACK1C
Gene::92747	BPIFB1	92747	ENSG00000125999	BPIFB1
Gene::11190	CEP250	11190	ENSG00000126001	CEP250
Gene::5326	PLAGL2	5326	ENSG00000126003	PLAGL2
Gene::2925	GRPR	2925	ENSG00000126010	GRPR
Gene::8242	KDM5C	8242	ENSG00000126012	KDM5C
Gene::154796	AMOT	154796	ENSG00000126016	AMOT
Gene::11070	TMEM115	11070	ENSG00000126062	TMEM115
Gene::5690	PSMB2	5690	ENSG00000126067	PSMB2
Gene::192669	AGO3	192669	ENSG00000126070	AGO3
Gene::7389	UROD	7389	ENSG00000126088	UROD
Gene::6487	ST3GAL3	6487	ENSG00000126091	ST3GAL3
Gene::79639	TMEM53	79639	ENSG00000126106	TMEM53
Gene::79654	HECTD3	79654	ENSG00000126107	HECTD3
Gene::3831	KLC1	3831	ENSG00000126214	KLC1
Gene::7517	XRCC3	7517	ENSG00000126215	XRCC3
Gene::10426	TUBGCP3	10426	ENSG00000126216	TUBGCP3
Gene::23263	MCF2L	23263	ENSG00000126217	MCF2L
Gene::2159	F10	2159	ENSG00000126218	F10
Gene::55795	PCID2	55795	ENSG00000126226	PCID2
Gene::8858	PROZ	8858	ENSG00000126231	PROZ
Gene::57152	SLURP1	57152	ENSG00000126233	SLURP1
Gene::79414	LRFN3	79414	ENSG00000126243	LRFN3
Gene::79713	IGFLR1	79713	ENSG00000126246	IGFLR1
Gene::826	CAPNS1	826	ENSG00000126247	CAPNS1
Gene::84306	PDCD2L	84306	ENSG00000126249	PDCD2L
Gene::79171	RBM42	79171	ENSG00000126254	RBM42
Gene::84063	KIRREL2	84063	ENSG00000126259	KIRREL2
Gene::10054	UBA2	10054	ENSG00000126261	UBA2
Gene::2867	FFAR2	2867	ENSG00000126262	FFAR2
Gene::10870	HCST	10870	ENSG00000126264	HCST
Gene::2864	FFAR1	2864	ENSG00000126266	FFAR1
Gene::1340	COX6B1	1340	ENSG00000126267	COX6B1
Gene::8689	KRT36	8689	ENSG00000126337	KRT36
Gene::7067	THRA	7067	ENSG00000126351	THRA
Gene::1236	CCR7	1236	ENSG00000126353	CCR7
Gene::9572	NR1D1	9572	ENSG00000126368	NR1D1
Gene::83786	FRMD8	83786	ENSG00000126391	FRMD8
Gene::25824	PRDX5	25824	ENSG00000126432	PRDX5
Gene::83596	BCL2L12	83596	ENSG00000126453	BCL2L12
Gene::3661	IRF3	3661	ENSG00000126456	IRF3
Gene::3276	PRMT1	3276	ENSG00000126457	PRMT1
Gene::6237	RRAS	6237	ENSG00000126458	RRAS
Gene::5639	PRRG2	5639	ENSG00000126460	PRRG2
Gene::58506	SCAF1	58506	ENSG00000126461	SCAF1
Gene::57479	PRR12	57479	ENSG00000126464	PRR12
Gene::60385	TSKS	60385	ENSG00000126467	TSKS
Gene::23769	FLRT1	23769	ENSG00000126500	FLRT1
Gene::435	ASL	435	ENSG00000126522	ASL
Gene::51119	SBDS	51119	ENSG00000126524	SBDS
Gene::1446	CSN1S1	1446	ENSG00000126545	CSN1S1
Gene::6779	STATH	6779	ENSG00000126549	STATH
Gene::3346	HTN1	3346	ENSG00000126550	HTN1
Gene::6776	STAT5A	6776	ENSG00000126561	STAT5A
Gene::65266	WNK4	65266	ENSG00000126562	WNK4
Gene::8678	BECN1	8678	ENSG00000126581	BECN1
Gene::5582	PRKCG	5582	ENSG00000126583	PRKCG
Gene::10131	TRAP1	10131	ENSG00000126602	TRAP1
Gene::84662	GLIS2	84662	ENSG00000126603	GLIS2
Gene::84081	NSRP1	84081	ENSG00000126653	NSRP1
Gene::22826	DNAJC8	22826	ENSG00000126698	DNAJC8
Gene::27245	AHDC1	27245	ENSG00000126705	AHDC1
Gene::2537	IFI6	2537	ENSG00000126709	IFI6
Gene::117154	DACH2	117154	ENSG00000126733	DACH2
Gene::171017	ZNF384	171017	ENSG00000126746	ZNF384
Gene::10436	EMG1	10436	ENSG00000126749	EMG1
Gene::6756	SSX1	6756	ENSG00000126752	SSX1
Gene::8409	UXT	8409	ENSG00000126756	UXT
Gene::5199	CFP	5199	ENSG00000126759	CFP
Gene::2002	ELK1	2002	ENSG00000126767	ELK1
Gene::10245	TIMM17B	10245	ENSG00000126768	TIMM17B
Gene::64430	PCNXL4	64430	ENSG00000126773	PCNX4
Gene::22863	ATG14	22863	ENSG00000126775	ATG14
Gene::3895	KTN1	3895	ENSG00000126777	KTN1
Gene::6495	SIX1	6495	ENSG00000126778	SIX1
Gene::57381	RHOJ	57381	ENSG00000126785	RHOJ
Gene::9787	DLGAP5	9787	ENSG00000126787	DLGAP5
Gene::112849	L3HYPDH	112849	ENSG00000126790	L3HYPDH
Gene::3306	HSPA2	3306	ENSG00000126803	HSPA2
Gene::22890	ZBTB1	22890	ENSG00000126804	ZBTB1
Gene::57570	TRMT5	57570	ENSG00000126814	TRMT5
Gene::81537	SGPP1	81537	ENSG00000126821	SGPP1
Gene::26030	PLEKHG3	26030	ENSG00000126822	PLEKHG3
Gene::5858	PZP	5858	ENSG00000126838	PZP
Gene::11105	PRDM7	11105	ENSG00000126856	PRDM7
Gene::55288	RHOT1	55288	ENSG00000126858	RHOT1
Gene::2123	EVI2A	2123	ENSG00000126860	EVI2A
Gene::4974	OMG	4974	ENSG00000126861	OMG
Gene::55112	WDR60	55112	ENSG00000126870	DYNC2I1
Gene::83543	AIF1L	83543	ENSG00000126878	AIF1L
Gene::286336	FAM78A	286336	ENSG00000126882	FAM78A
Gene::8021	NUP214	8021	ENSG00000126883	NUP214
Gene::30848	CTAG2	30848	ENSG00000126890	CTAG2
Gene::554	AVPR2	554	ENSG00000126895	AVPR2
Gene::8273	SLC10A3	8273	ENSG00000126903	SLC10A3
Gene::5605	MAP2K2	5605	ENSG00000126934	MAP2K2
Gene::3188	HNRNPH2	3188	ENSG00000126945	HNRNPH2
Gene::51309	ARMCX1	51309	ENSG00000126947	ARMCX1
Gene::59353	TMEM35	59353	ENSG00000126950	TMEM35A
Gene::55998	NXF5	55998	ENSG00000126952	NXF5
Gene::1678	TIMM8A	1678	ENSG00000126953	TIMM8A
Gene::55906	ZC4H2	55906	ENSG00000126970	ZC4H2
Gene::821	CANX	821	ENSG00000127022	CANX
Gene::54973	CPSF3L	54973	ENSG00000127054	INTS11
Gene::6003	RGS13	6003	ENSG00000127074	RGS13
Gene::64768	IPPK	64768	ENSG00000127080	IPPK
Gene::83744	ZNF484	83744	ENSG00000127081	ZNF484
Gene::4958	OMD	4958	ENSG00000127083	OMD
Gene::89846	FGD3	89846	ENSG00000127084	FGD3
Gene::59269	HIVEP3	59269	ENSG00000127124	HIVEP3
Gene::79717	PPCS	79717	ENSG00000127125	PPCS
Gene::1907	EDN2	1907	ENSG00000127129	EDN2
Gene::64919	BCL11B	64919	ENSG00000127152	BCL11B
Gene::1350	COX7C	1350	ENSG00000127184	COX7C
Gene::7186	TRAF2	7186	ENSG00000127191	TRAF2
Gene::79575	ABHD8	79575	ENSG00000127220	ABHD8
Gene::5648	MASP1	5648	ENSG00000127241	MASP1
Gene::84239	ATP13A4	84239	ENSG00000127249	ATP13A4
Gene::57110	HRASLS	57110	ENSG00000127252	PLAAT1
Gene::92797	HELB	92797	ENSG00000127311	HELB
Gene::5908	RAP1B	5908	ENSG00000127314	RAP1B
Gene::50616	IL22	50616	ENSG00000127318	IL22
Gene::7103	TSPAN8	7103	ENSG00000127324	TSPAN8
Gene::144453	BEST3	144453	ENSG00000127325	BEST3
Gene::117177	RAB3IP	117177	ENSG00000127328	RAB3IP
Gene::5787	PTPRB	5787	ENSG00000127329	PTPRB
Gene::8445	DYRK2	8445	ENSG00000127334	DYRK2
Gene::8089	YEATS4	8089	ENSG00000127337	YEATS4
Gene::50831	TAS2R3	50831	ENSG00000127362	TAS2R3
Gene::50832	TAS2R4	50832	ENSG00000127364	TAS2R4
Gene::54429	TAS2R5	54429	ENSG00000127366	TAS2R5
Gene::155051	CRYGN	155051	ENSG00000127377	CRYGN
Gene::65999	LRRC61	65999	ENSG00000127399	LRRC61
Gene::56302	TRPV5	56302	ENSG00000127412	TRPV5
Gene::3425	IDUA	3425	ENSG00000127415	IDUA
Gene::53834	FGFRL1	53834	ENSG00000127418	FGFRL1
Gene::84286	TMEM175	84286	ENSG00000127419	TMEM175
Gene::79000	AUNIP	79000	ENSG00000127423	AUNIP
Gene::5300	PIN1	5300	ENSG00000127445	PIN1
Gene::54850	FBXL12	54850	ENSG00000127452	FBXL12
Gene::23065	EMC1	23065	ENSG00000127463	EMC1
Gene::5322	PLA2G5	5322	ENSG00000127472	PLA2G5
Gene::23352	UBR4	23352	ENSG00000127481	UBR4
Gene::50809	HP1BP3	50809	ENSG00000127483	HP1BP3
Gene::30817	ADGRE2	30817	ENSG00000127507	ADGRE2
Gene::23309	SIN3B	23309	ENSG00000127511	SIN3B
Gene::390892	OR7A10	390892	ENSG00000127515	OR7A10
Gene::79939	SLC35E1	79939	ENSG00000127526	SLC35E1
Gene::58513	EPS15L1	58513	ENSG00000127527	EPS15L1
Gene::10365	KLF2	10365	ENSG00000127528	KLF2
Gene::26658	OR7C2	26658	ENSG00000127529	OR7C2
Gene::26664	OR7C1	26664	ENSG00000127530	OR7C1
Gene::9002	F2RL3	9002	ENSG00000127533	F2RL3
Gene::10975	UQCR11	10975	ENSG00000127540	UQCR11
Gene::2671	GFER	2671	ENSG00000127554	GFER
Gene::9143	SYNGR3	9143	ENSG00000127561	SYNGR3
Gene::9088	PKMYT1	9088	ENSG00000127564	PKMYT1
Gene::117166	WFIKKN1	117166	ENSG00000127578	WFIKKN1
Gene::84219	WDR24	84219	ENSG00000127580	WDR24
Gene::146330	FBXL16	146330	ENSG00000127585	FBXL16
Gene::63922	CHTF18	63922	ENSG00000127586	CHTF18
Gene::51764	GNG13	51764	ENSG00000127588	GNG13
Gene::23499	MACF1	23499	ENSG00000127603	MACF1
Gene::6597	SMARCA4	6597	ENSG00000127616	SMARCA4
Gene::23030	KDM4B	23030	ENSG00000127663	KDM4B
Gene::148022	TICAM1	148022	ENSG00000127666	TICAM1
Gene::84190	METTL25	84190	ENSG00000127720	METTL25
Gene::27190	IL17B	27190	ENSG00000127743	IL17B
Gene::83460	EMC6	83460	ENSG00000127774	EMC6
Gene::8388	OR1E2	8388	ENSG00000127780	OR1E2
Gene::79066	METTL16	79066	ENSG00000127804	METTL16
Gene::7277	TUBA4A	7277	ENSG00000127824	TUBA4A
Gene::7429	VIL1	7429	ENSG00000127831	VIL1
Gene::14	AAMP	14	ENSG00000127837	AAMP
Gene::25953	PNKD	25953	ENSG00000127838	PNKD
Gene::55504	TNFRSF19	55504	ENSG00000127863	TNFRSF19
Gene::6049	RNF6	6049	ENSG00000127870	RNF6
Gene::1892	ECHS1	1892	ENSG00000127884	ECHS1
Gene::90485	ZNF835	90485	ENSG00000127903	ZNF835
Gene::10142	AKAP9	10142	ENSG00000127914	AKAP9
Gene::2791	GNG11	2791	ENSG00000127920	GNG11
Gene::7979	SHFM1	7979	ENSG00000127922	SEM1
Gene::2792	GNGT1	2792	ENSG00000127928	GNGT1
Gene::3092	HIP1	3092	ENSG00000127946	HIP1
Gene::5782	PTPN12	5782	ENSG00000127947	PTPN12
Gene::5447	POR	5447	ENSG00000127948	POR
Gene::10875	FGL2	10875	ENSG00000127951	FGL2
Gene::51657	STYXL1	51657	ENSG00000127952	STYXL1
Gene::79689	STEAP4	79689	ENSG00000127954	STEAP4
Gene::2770	GNAI1	2770	ENSG00000127955	GNAI1
Gene::5189	PEX1	5189	ENSG00000127980	PEX1
Gene::7978	MTERF1	7978	ENSG00000127989	MTERF1
Gene::8910	SGCE	8910	ENSG00000127990	SGCE
Gene::84060	RBM48	84060	ENSG00000127993	RBM48
Gene::64921	CASD1	64921	ENSG00000127995	CASD1
Gene::163131	ZNF780B	163131	ENSG00000128000	ZNF780B
Gene::57622	LRFN1	57622	ENSG00000128011	LRFN1
Gene::7538	ZFP36	7538	ENSG00000128016	ZFP36
Gene::79644	SRD5A3	79644	ENSG00000128039	SRD5A3
Gene::6691	SPINK2	6691	ENSG00000128040	SPINK2
Gene::65997	RASL11B	65997	ENSG00000128045	RASL11B
Gene::10606	PAICS	10606	ENSG00000128050	PAICS
Gene::3791	KDR	3791	ENSG00000128052	KDR
Gene::5471	PPAT	5471	ENSG00000128059	PPAT
Gene::85378	TUBGCP6	85378	ENSG00000128159	TUBGCP6
Gene::79924	ADM2	79924	ENSG00000128165	ADM2
Gene::85359	DGCR6L	85359	ENSG00000128185	DGCR6L
Gene::54487	DGCR8	54487	ENSG00000128191	DGCR8
Gene::57168	ASPHD2	57168	ENSG00000128203	ASPHD2
Gene::29802	VPREB3	29802	ENSG00000128218	VPREB3
Gene::23753	SDF2L1	23753	ENSG00000128228	SDF2L1
Gene::9514	GAL3ST1	9514	ENSG00000128242	GAL3ST1
Gene::7533	YWHAH	7533	ENSG00000128245	YWHAH
Gene::5988	RFPL1	5988	ENSG00000128250	RFPL1
Gene::10739	RFPL2	10739	ENSG00000128253	RFPL2
Gene::25775	C22orf24	25775	ENSG00000128254	YWHAH-AS1
Gene::2781	GNAZ	2781	ENSG00000128266	GNAZ
Gene::4248	MGAT3	4248	ENSG00000128268	MGAT3
Gene::135	ADORA2A	135	ENSG00000128271	ADORA2A
Gene::468	ATF4	468	ENSG00000128272	ATF4
Gene::53947	A4GALT	53947	ENSG00000128274	A4GALT
Gene::10738	RFPL3	10738	ENSG00000128276	RFPL3
Gene::11135	CDC42EP1	11135	ENSG00000128283	CDC42EP1
Gene::80833	APOL3	80833	ENSG00000128284	APOL3
Gene::2847	MCHR1	2847	ENSG00000128285	MCHR1
Gene::8459	TPST2	8459	ENSG00000128294	TPST2
Gene::80115	BAIAP2L2	80115	ENSG00000128298	BAIAP2L2
Gene::4357	MPST	4357	ENSG00000128309	MPST
Gene::8484	GALR3	8484	ENSG00000128310	GALR3
Gene::7263	TST	7263	ENSG00000128311	TST
Gene::80831	APOL5	80831	ENSG00000128313	APOL5
Gene::3543	IGLL1	3543	ENSG00000128322	IGLL1
Gene::23780	APOL2	23780	ENSG00000128335	APOL2
Gene::5880	RAC2	5880	ENSG00000128340	RAC2
Gene::3976	LIF	3976	ENSG00000128342	LIF
Gene::84645	C22orf23	84645	ENSG00000128346	C22orf23
Gene::200315	APOBEC3A	200315	ENSG00000128383	APOBEC3A
Gene::200316	APOBEC3F	200316	ENSG00000128394	APOBEC3F
Gene::26150	RIBC2	26150	ENSG00000128408	RIBC2
Gene::3872	KRT17	3872	ENSG00000128422	KRT17
Gene::96597	TBC1D27	96597	ENSG00000128438	TBC1D27P
Gene::51234	EMC4	51234	ENSG00000128463	EMC4
Gene::7732	RNF112	7732	ENSG00000128482	RNF112
Gene::92521	SPECC1	92521	ENSG00000128487	SPECC1
Gene::51200	CPA4	51200	ENSG00000128510	CPA4
Gene::9732	DOCK4	9732	ENSG00000128512	DOCK4
Gene::25913	POT1	25913	ENSG00000128513	POT1
Gene::50833	TAS2R16	50833	ENSG00000128519	TAS2R16
Gene::9296	ATP6V1F	9296	ENSG00000128524	ATP6V1F
Gene::51691	LSM8	51691	ENSG00000128534	LSM8
Gene::222256	CDHR3	222256	ENSG00000128536	CDHR3
Gene::79706	PRKRIP1	79706	ENSG00000128563	PRKRIP1
Gene::7425	VGF	7425	ENSG00000128564	VGF
Gene::5420	PODXL	5420	ENSG00000128567	PODXL
Gene::93986	FOXP2	93986	ENSG00000128573	FOXP2
Gene::57464	STRIP2	57464	ENSG00000128578	STRIP2
Gene::64792	IFT22	64792	ENSG00000128581	IFT22
Gene::4289	MKLN1	4289	ENSG00000128585	MKLN1
Gene::4189	DNAJB9	4189	ENSG00000128590	DNAJB9
Gene::2318	FLNC	2318	ENSG00000128591	FLNC
Gene::64101	LRRC4	64101	ENSG00000128594	LRRC4
Gene::813	CALU	813	ENSG00000128595	CALU
Gene::64753	CCDC136	64753	ENSG00000128596	CCDC136
Gene::6608	SMO	6608	ENSG00000128602	SMO
Gene::3663	IRF5	3663	ENSG00000128604	IRF5
Gene::10234	LRRC17	10234	ENSG00000128606	LRRC17
Gene::23008	KLHDC10	23008	ENSG00000128607	KLHDC10
Gene::4698	NDUFA5	4698	ENSG00000128609	NDUFA5
Gene::389549	FEZF1	389549	ENSG00000128610	FEZF1
Gene::611	OPN1SW	611	ENSG00000128617	OPN1SW
Gene::6183	MRPS12	6183	ENSG00000128626	MRPS12
Gene::4430	MYO1B	4430	ENSG00000128641	MYO1B
Gene::3231	HOXD1	3231	ENSG00000128645	HOXD1
Gene::3232	HOXD3	3232	ENSG00000128652	HOXD3
Gene::10651	MTX2	10651	ENSG00000128654	MTX2
Gene::50940	PDE11A	50940	ENSG00000128655	PDE11A
Gene::1123	CHN1	1123	ENSG00000128656	CHN1
Gene::2571	GAD1	2571	ENSG00000128683	GAD1
Gene::64172	OSGEPL1	64172	ENSG00000128694	OSGEPL1
Gene::94101	ORMDL1	94101	ENSG00000128699	ORMDL1
Gene::8520	HAT1	8520	ENSG00000128708	HAT1
Gene::3235	HOXD9	3235	ENSG00000128709	HOXD9
Gene::3236	HOXD10	3236	ENSG00000128710	HOXD10
Gene::3237	HOXD11	3237	ENSG00000128713	HOXD11
Gene::3239	HOXD13	3239	ENSG00000128714	HOXD13
Gene::8924	HERC2	8924	ENSG00000128731	HERC2
Gene::6638	SNRPN	6638	ENSG00000128739	SNRPN
Gene::56984	PSMG2	56984	ENSG00000128789	PSMG2
Gene::57045	TWSG1	57045	ENSG00000128791	TWSG1
Gene::58504	ARHGAP22	58504	ENSG00000128805	ARHGAP22
Gene::57705	WDFY4	57705	ENSG00000128815	WDFY4
Gene::440275	EIF2AK4	440275	ENSG00000128829	EIF2AK4
Gene::55930	MYO5C	55930	ENSG00000128833	MYO5C
Gene::84952	CGNL1	84952	ENSG00000128849	CGNL1
Gene::29767	TMOD2	29767	ENSG00000128872	TMOD2
Gene::146057	TTBK2	146057	ENSG00000128881	TTBK2
Gene::80237	ELL3	80237	ENSG00000128886	ELL3
Gene::90416	C15orf57	90416	ENSG00000128891	CCDC32
Gene::54617	INO80	54617	ENSG00000128908	INO80
Gene::79664	ICE2	79664	ENSG00000128915	ICE2
Gene::54567	DLL4	54567	ENSG00000128917	DLL4
Gene::8854	ALDH1A2	8854	ENSG00000128918	ALDH1A2
Gene::54629	FAM63B	54629	ENSG00000128923	MINDY2
Gene::3712	IVD	3712	ENSG00000128928	IVD
Gene::90417	KNSTRN	90417	ENSG00000128944	KNSTRN
Gene::1854	DUT	1854	ENSG00000128951	DUT
Gene::79094	CHAC1	79094	ENSG00000128965	CHAC1
Gene::54982	CLN6	54982	ENSG00000128973	CLN6
Gene::10776	ARPP19	10776	ENSG00000128989	ARPP19
Gene::54832	VPS13C	54832	ENSG00000129003	VPS13C
Gene::91860	CALML4	91860	ENSG00000129007	CALML4
Gene::3671	ISLR	3671	ENSG00000129009	ISLR
Gene::56906	THAP10	56906	ENSG00000129028	THAP10
Gene::4016	LOXL1	4016	ENSG00000129038	LOXL1
Gene::51554	ACKR4	51554	ENSG00000129048	ACKR4
Gene::25847	ANAPC13	25847	ENSG00000129055	ANAPC13
Gene::8930	MBD4	8930	ENSG00000129071	MBD4
Gene::1315	COPB1	1315	ENSG00000129083	COPB1
Gene::5682	PSMA1	5682	ENSG00000129084	PSMA1
Gene::25870	SUMF2	25870	ENSG00000129103	SUMF2
Gene::23022	PALLD	23022	ENSG00000129116	PALLD
Gene::60559	SPCS3	60559	ENSG00000129128	SPCS3
Gene::8424	BBOX1	8424	ENSG00000129151	BBOX1
Gene::4654	MYOD1	4654	ENSG00000129152	MYOD1
Gene::26297	SERGEF	26297	ENSG00000129158	SERGEF
Gene::3746	KCNC1	3746	ENSG00000129159	KCNC1
Gene::7166	TPH1	7166	ENSG00000129167	TPH1
Gene::8048	CSRP3	8048	ENSG00000129170	CSRP3
Gene::79733	E2F8	79733	ENSG00000129173	E2F8
Gene::1635	DCTD	1635	ENSG00000129187	DCTD
Gene::6665	SOX15	6665	ENSG00000129194	SOX15
Gene::54478	FAM64A	54478	ENSG00000129195	PIMREG
Gene::84268	RPAIN	84268	ENSG00000129197	RPAIN
Gene::9098	USP6	9098	ENSG00000129204	USP6
Gene::6462	SHBG	6462	ENSG00000129214	SHBG
Gene::5338	PLD2	5338	ENSG00000129219	PLD2
Gene::23746	AIPL1	23746	ENSG00000129221	AIPL1
Gene::968	CD68	968	ENSG00000129226	CD68
Gene::84817	TXNDC17	84817	ENSG00000129235	TXNDC17
Gene::482	ATP1B2	482	ENSG00000129244	ATP1B2
Gene::9513	FXR2	9513	ENSG00000129245	FXR2
Gene::10749	KIF1C	10749	ENSG00000129250	KIF1C
Gene::9526	MPDU1	9526	ENSG00000129255	MPDU1
Gene::51105	PHF20L1	51105	ENSG00000129292	PHF20L1
Gene::23639	LRRC6	23639	ENSG00000129295	DNAAF11
Gene::904	CCNT1	904	ENSG00000129315	CCNT1
Gene::83448	PUS7L	83448	ENSG00000129317	PUS7L
Gene::65095	KRI1	65095	ENSG00000129347	KRI1
Gene::3609	ILF3	3609	ENSG00000129351	ILF3
Gene::57153	SLC44A2	57153	ENSG00000129353	SLC44A2
Gene::10053	AP1M2	10053	ENSG00000129354	AP1M2
Gene::1032	CDKN2D	1032	ENSG00000129355	CDKN2D
Gene::57509	MTUS1	57509	ENSG00000129422	MTUS1
Gene::43847	KLK14	43847	ENSG00000129437	KLK14
Gene::27180	SIGLEC9	27180	ENSG00000129450	SIGLEC9
Gene::5655	KLK10	5655	ENSG00000129451	KLK10
Gene::11202	KLK8	11202	ENSG00000129455	KLK8
Gene::25983	NGDN	25983	ENSG00000129460	NGDN
Gene::11035	RIPK3	11035	ENSG00000129465	RIPK3
Gene::196883	ADCY4	196883	ENSG00000129467	ADCY4
Gene::84932	RAB2B	84932	ENSG00000129472	RAB2B
Gene::599	BCL2L2	599	ENSG00000129473	BCL2L2
Gene::84962	AJUBA	84962	ENSG00000129474	AJUBA
Gene::112487	DTD2	112487	ENSG00000129480	DTD2
Gene::10038	PARP2	10038	ENSG00000129484	PARP2
Gene::25938	HEATR5A	25938	ENSG00000129493	HEATR5A
Gene::3169	FOXA1	3169	ENSG00000129514	FOXA1
Gene::58533	SNX6	58533	ENSG00000129515	SNX6
Gene::55837	EAPP	55837	ENSG00000129518	EAPP
Gene::112399	EGLN3	112399	ENSG00000129521	EGLN3
Gene::55320	MIS18BP1	55320	ENSG00000129534	MIS18BP1
Gene::4901	NRL	4901	ENSG00000129535	NRL
Gene::6035	RNASE1	6035	ENSG00000129538	RNASE1
Gene::4738	NEDD8	4738	ENSG00000129559	NEDD8
Gene::1603	DAD1	1603	ENSG00000129562	DAD1
Gene::7011	TEP1	7011	ENSG00000129566	TEP1
Gene::64097	EPB41L4A	64097	ENSG00000129595	EPB41L4A
Gene::1036	CDO1	1036	ENSG00000129596	CDO1
Gene::7905	REEP5	7905	ENSG00000129625	REEP5
Gene::81533	ITFG1	81533	ENSG00000129636	ITFG1
Gene::84074	QRICH2	84074	ENSG00000129646	QRICH2
Gene::2302	FOXJ1	2302	ENSG00000129654	FOXJ1
Gene::6397	SEC14L1	6397	ENSG00000129657	SEC14L1
Gene::79651	RHBDF2	79651	ENSG00000129667	RHBDF2
Gene::15	AANAT	15	ENSG00000129673	AANAT
Gene::9459	ARHGEF6	9459	ENSG00000129675	ARHGEF6
Gene::79649	MAP7D3	79649	ENSG00000129680	MAP7D3
Gene::2258	FGF13	2258	ENSG00000129682	FGF13
Gene::9070	ASH2L	9070	ENSG00000129691	ASH2L
Gene::80185	TTI2	80185	ENSG00000129696	TTI2
Gene::417	ART1	417	ENSG00000129744	ART1
Gene::57053	CHRNA10	57053	ENSG00000129749	CHRNA10
Gene::1028	CDKN1C	1028	ENSG00000129757	CDKN1C
Gene::151648	SGOL1	151648	ENSG00000129810	SGO1
Gene::6192	RPS4Y1	6192	ENSG00000129824	RPS4Y1
Gene::353513	VCY1B	353513	ENSG00000129862	VCY1B
Gene::9084	VCY	9084	ENSG00000129864	VCY
Gene::203611	CDY2B	203611	ENSG00000129873	CDY2B
Gene::1013	CDH15	1013	ENSG00000129910	CDH15
Gene::83855	KLF16	83855	ENSG00000129911	KLF16
Gene::58986	TMEM8A	58986	ENSG00000129925	PGAP6
Gene::83475	DOHH	83475	ENSG00000129932	DOHH
Gene::23383	MAU2	23383	ENSG00000129933	MAU2
Gene::25759	SHC2	25759	ENSG00000129946	SHC2
Gene::79948	LPPR3	79948	ENSG00000129951	PLPPR3
Gene::723961	INS-IGF2	723961	ENSG00000129965	INS-IGF2
Gene::81926	ABHD17A	81926	ENSG00000129968	ABHD17A
Gene::3929	LBP	3929	ENSG00000129988	LBP
Gene::6861	SYT5	6861	ENSG00000129990	SYT5
Gene::7137	TNNI3	7137	ENSG00000129991	TNNI3
Gene::863	CBFA2T3	863	ENSG00000129993	CBFA2T3
Gene::2593	GAMT	2593	ENSG00000130005	GAMT
Gene::8226	HDHD1	8226	ENSG00000130021	PUDP
Gene::55780	ERMARD	55780	ENSG00000130023	ERMARD
Gene::55274	PHF10	55274	ENSG00000130024	PHF10
Gene::79057	PRRG3	79057	ENSG00000130032	PRRG3
Gene::26290	GALNT8	26290	ENSG00000130035	GALNT8
Gene::3741	KCNA5	3741	ENSG00000130037	KCNA5
Gene::84766	CRACR2A	84766	ENSG00000130038	CRACR2A
Gene::158046	NXNL2	158046	ENSG00000130045	NXNL2
Gene::9754	STARD8	9754	ENSG00000130052	STARD8
Gene::27112	FAM155B	27112	ENSG00000130054	NALF2
Gene::54857	GDPD2	54857	ENSG00000130055	GDPD2
Gene::6303	SAT1	6303	ENSG00000130066	SAT1
Gene::54552	GNL3L	54552	ENSG00000130119	GNL3L
Gene::23677	SH3BP4	23677	ENSG00000130147	SH3BP4
Gene::158747	MOSPD2	158747	ENSG00000130150	MOSPD2
Gene::57572	DOCK6	57572	ENSG00000130158	DOCK6
Gene::51295	ECSIT	51295	ENSG00000130159	ECSIT
Gene::3949	LDLR	3949	ENSG00000130164	LDLR
Gene::84337	ELOF1	84337	ENSG00000130165	ELOF1
Gene::26526	TSPAN16	26526	ENSG00000130167	TSPAN16
Gene::55908	C19orf80	55908	ENSG00000130173	ANGPTL8
Gene::5589	PRKCSH	5589	ENSG00000130175	PRKCSH
Gene::1264	CNN1	1264	ENSG00000130176	CNN1
Gene::8881	CDC16	8881	ENSG00000130177	CDC16
Gene::84891	ZSCAN10	84891	ENSG00000130182	ZSCAN10
Gene::51337	THEM6	51337	ENSG00000130193	THEM6
Gene::5819	PVRL2	5819	ENSG00000130202	NECTIN2
Gene::348	APOE	348	ENSG00000130203	APOE
Gene::10452	TOMM40	10452	ENSG00000130204	TOMM40
Gene::341	APOC1	341	ENSG00000130208	APOC1
Gene::10912	GADD45G	10912	ENSG00000130222	GADD45G
Gene::57631	LRCH2	57631	ENSG00000130224	LRCH2
Gene::1804	DPP6	1804	ENSG00000130226	DPP6
Gene::23039	XPO7	23039	ENSG00000130227	XPO7
Gene::59272	ACE2	59272	ENSG00000130234	ACE2
Gene::147965	FAM98C	147965	ENSG00000130244	TSLIG3C
Gene::9667	SAFB2	9667	ENSG00000130254	SAFB2
Gene::25873	RPL36	25873	ENSG00000130255	RPL36
Gene::148229	ATP8B3	148229	ENSG00000130270	ATP8B3
Gene::2657	GDF1	2657	ENSG00000130283	GDF1
Gene::1463	NCAN	1463	ENSG00000130287	NCAN
Gene::547	KIF1A	547	ENSG00000130294	KIF1A
Gene::84705	GTPBP3	84705	ENSG00000130299	GTPBP3
Gene::83483	PLVAP	83483	ENSG00000130300	PLVAP
Gene::684	BST2	684	ENSG00000130303	BST2
Gene::376497	SLC27A1	376497	ENSG00000130304	SLC27A1
Gene::55695	NSUN5	55695	ENSG00000130305	NSUN5
Gene::83878	USHBP1	83878	ENSG00000130307	USHBP1
Gene::79709	COLGALT1	79709	ENSG00000130309	COLGALT1
Gene::79016	DDA1	79016	ENSG00000130311	DDA1
Gene::64981	MRPL34	64981	ENSG00000130312	MRPL34
Gene::25796	PGLS	25796	ENSG00000130313	PGLS
Gene::51690	LSM7	51690	ENSG00000130332	LSM7
Gene::56995	TULP4	56995	ENSG00000130338	TULP4
Gene::51429	SNX9	51429	ENSG00000130340	SNX9
Gene::84816	RTN4IP1	84816	ENSG00000130347	RTN4IP1
Gene::55278	QRSL1	55278	ENSG00000130348	QRSL1
Gene::51250	C6orf203	51250	ENSG00000130349	MTRES1
Gene::83861	RSPH3	83861	ENSG00000130363	RSPH3
Gene::4142	MAS1	4142	ENSG00000130368	MAS1
Gene::81616	ACSBG2	81616	ENSG00000130377	ACSBG2
Gene::4298	MLLT1	4298	ENSG00000130382	MLLT1
Gene::2527	FUT5	2527	ENSG00000130383	FUT5
Gene::9210	BMP15	9210	ENSG00000130385	BMP15
Gene::4301	MLLT4	4301	ENSG00000130396	AFDN
Gene::81	ACTN4	81	ENSG00000130402	ACTN4
Gene::65975	STK33	65975	ENSG00000130413	STK33
Gene::4705	NDUFA10	4705	ENSG00000130414	NDUFA10
Gene::2056	EPO	2056	ENSG00000130427	EPO
Gene::10095	ARPC1B	10095	ENSG00000130429	ARPC1B
Gene::59285	CACNG6	59285	ENSG00000130433	CACNG6
Gene::57688	ZSWIM6	57688	ENSG00000130449	ZSWIM6
Gene::23149	FCHO1	23149	ENSG00000130475	FCHO1
Gene::23025	UNC13A	23025	ENSG00000130477	UNC13A
Gene::55201	MAP1S	55201	ENSG00000130479	MAP1S
Gene::113730	KLHDC7B	113730	ENSG00000130487	KLHDC7B
Gene::7837	PXDN	7837	ENSG00000130508	PXDN
Gene::170463	SSBP4	170463	ENSG00000130511	SSBP4
Gene::9518	GDF15	9518	ENSG00000130513	GDF15
Gene::54858	PGPEP1	54858	ENSG00000130517	PGPEP1
Gene::80726	KIAA1683	80726	ENSG00000130518	IQCN
Gene::25804	LSM4	25804	ENSG00000130520	LSM4
Gene::3727	JUND	3727	ENSG00000130522	JUND
Gene::3270	HRC	3270	ENSG00000130528	HRC
Gene::54795	TRPM4	54795	ENSG00000130529	TRPM4
Gene::81061	OR11H1	81061	ENSG00000130538	OR11H1
Gene::25830	SULT4A1	25830	ENSG00000130540	SULT4A1
Gene::79230	ZNF557	79230	ENSG00000130544	ZNF557
Gene::92359	CRB3	92359	ENSG00000130545	CRB3
Gene::10439	OLFM1	10439	ENSG00000130558	OLFM1
Gene::157922	CAMSAP1	157922	ENSG00000130559	CAMSAP1
Gene::10422	UBAC1	10422	ENSG00000130560	UBAC1
Gene::6295	SAG	6295	ENSG00000130561	SAG
Gene::140685	ZBTB46	140685	ENSG00000130584	ZBTB46
Gene::85441	HELZ2	85441	ENSG00000130589	HELZ2
Gene::140700	SAMD10	140700	ENSG00000130590	SAMD10
Gene::4046	LSP1	4046	ENSG00000130592	LSP1
Gene::7140	TNNT3	7140	ENSG00000130595	TNNT3
Gene::7136	TNNI2	7136	ENSG00000130598	TNNI2
Gene::1289	COL5A1	1289	ENSG00000130635	COL5A1
Gene::25814	ATXN10	25814	ENSG00000130638	ATXN10
Gene::10844	TUBGCP2	10844	ENSG00000130640	TUBGCP2
Gene::50632	CALY	50632	ENSG00000130643	CALY
Gene::1571	CYP2E1	1571	ENSG00000130649	CYP2E1
Gene::375775	PNPLA7	375775	ENSG00000130653	PNPLA7
Gene::3050	HBZ	3050	ENSG00000130656	HBZ
Gene::10298	PAK4	10298	ENSG00000130669	PAK4
Gene::3110	MNX1	3110	ENSG00000130675	MNX1
Gene::26152	ZNF337	26152	ENSG00000130684	ZNF337
Gene::64793	CEP85	64793	ENSG00000130695	CEP85
Gene::6874	TAF4	6874	ENSG00000130699	TAF4
Gene::140628	GATA5	140628	ENSG00000130700	GATA5
Gene::140893	RBBP8NL	140893	ENSG00000130701	RBBP8NL
Gene::3911	LAMA5	3911	ENSG00000130702	LAMA5
Gene::9885	OSBPL2	9885	ENSG00000130703	OSBPL2
Gene::11047	ADRM1	11047	ENSG00000130706	ADRM1
Gene::445	ASS1	445	ENSG00000130707	ASS1
Gene::59335	PRDM12	59335	ENSG00000130711	PRDM12
Gene::23404	EXOSC2	23404	ENSG00000130713	EXOSC2
Gene::10585	POMT1	10585	ENSG00000130714	POMT1
Gene::83549	UCK1	83549	ENSG00000130717	UCK1
Gene::84929	FIBCD1	84929	ENSG00000130720	FIBCD1
Gene::27243	CHMP2A	27243	ENSG00000130724	CHMP2A
Gene::9040	UBE2M	9040	ENSG00000130725	UBE2M
Gene::10155	TRIM28	10155	ENSG00000130726	TRIM28
Gene::84326	C16orf13	84326	ENSG00000130731	METTL26
Gene::78992	YIPF2	78992	ENSG00000130733	YIPF2
Gene::84971	ATG4D	84971	ENSG00000130734	ATG4D
Gene::1968	EIF2S3	1968	ENSG00000130741	EIF2S3
Gene::54958	TMEM160	54958	ENSG00000130748	TMEM160
Gene::23211	ZC3H4	23211	ENSG00000130749	ZC3H4
Gene::4861	NPAS1	4861	ENSG00000130751	NPAS1
Gene::9535	GMFG	9535	ENSG00000130755	GMFG
Gene::4294	MAP3K10	4294	ENSG00000130758	MAP3K10
Gene::27237	ARHGEF16	27237	ENSG00000130762	ARHGEF16
Gene::57470	LRRC47	57470	ENSG00000130764	LRRC47
Gene::83667	SESN2	83667	ENSG00000130766	SESN2
Gene::27293	SMPDL3B	27293	ENSG00000130768	SMPDL3B
Gene::93974	ATPIF1	93974	ENSG00000130770	ATP5IF1
Gene::54797	MED18	54797	ENSG00000130772	MED18
Gene::9473	THEMIS2	9473	ENSG00000130775	THEMIS2
Gene::6249	CLIP1	6249	ENSG00000130779	CLIP1
Gene::84660	CCDC62	84660	ENSG00000130783	CCDC62
Gene::9026	HIP1R	9026	ENSG00000130787	HIP1R
Gene::57693	ZNF317	57693	ENSG00000130803	ZNF317
Gene::56342	PPAN	56342	ENSG00000130810	PPAN
Gene::8666	EIF3G	8666	ENSG00000130811	EIF3G
Gene::83854	ANGPTL6	83854	ENSG00000130812	ANGPTL6
Gene::55337	C19orf66	55337	ENSG00000130813	SHFL
Gene::1786	DNMT1	1786	ENSG00000130816	DNMT1
Gene::79088	ZNF426	79088	ENSG00000130818	ZNF426
Gene::6535	SLC6A8	6535	ENSG00000130821	SLC6A8
Gene::139728	PNCK	139728	ENSG00000130822	PNCK
Gene::1736	DKC1	1736	ENSG00000130826	DKC1
Gene::55558	PLXNA3	55558	ENSG00000130827	PLXNA3
Gene::1852	DUSP9	1852	ENSG00000130829	DUSP9
Gene::4354	MPP1	4354	ENSG00000130830	MPP1
Gene::55422	ZNF331	55422	ENSG00000130844	ZNF331
Gene::7776	ZNF236	7776	ENSG00000130856	ZNF236
Gene::56301	SLC7A10	56301	ENSG00000130876	SLC7A10
Gene::4037	LRP3	4037	ENSG00000130881	LRP3
Gene::91574	C12orf65	91574	ENSG00000130921	MTRFR
Gene::25926	NOL11	25926	ENSG00000130935	NOL11
Gene::10277	UBE4B	10277	ENSG00000130939	UBE4B
Gene::54897	CASZ1	54897	ENSG00000130940	CASZ1
Gene::10343	PKDREJ	10343	ENSG00000130943	PKDREJ
Gene::3293	HSD17B3	3293	ENSG00000130948	HSD17B3
Gene::54754	NUTM2F	54754	ENSG00000130950	NUTM2F
Gene::22927	HABP4	22927	ENSG00000130956	HABP4
Gene::8789	FBP2	8789	ENSG00000130957	FBP2
Gene::11046	SLC35D2	11046	ENSG00000130958	SLC35D2
Gene::5638	PRRG1	5638	ENSG00000130962	PRRG1
Gene::7317	UBA1	7317	ENSG00000130985	UBA1
Gene::9104	RGN	9104	ENSG00000130988	RGN
Gene::353497	POLN	353497	ENSG00000130997	POLN
Gene::85313	PPIL4	85313	ENSG00000131013	PPIL4
Gene::80328	ULBP2	80328	ENSG00000131015	ULBP2
Gene::9590	AKAP12	9590	ENSG00000131016	AKAP12
Gene::23345	SYNE1	23345	ENSG00000131018	SYNE1
Gene::79465	ULBP3	79465	ENSG00000131019	ULBP3
Gene::9113	LATS1	9113	ENSG00000131023	LATS1
Gene::54869	EPS8L1	54869	ENSG00000131037	EPS8L1
Gene::10288	LILRB2	10288	ENSG00000131042	LILRB2
Gene::25980	AAR2	25980	ENSG00000131043	AAR2
Gene::164395	TTLL9	164395	ENSG00000131044	TTLL9
Gene::140683	BPIFA2	140683	ENSG00000131050	BPIFA2
Gene::9584	RBM39	9584	ENSG00000131051	RBM39
Gene::84701	COX4I2	84701	ENSG00000131055	COX4I2
Gene::128861	BPIFA3	128861	ENSG00000131059	BPIFA3
Gene::84905	ZNF341	84905	ENSG00000131061	ZNF341
Gene::2686	GGT7	2686	ENSG00000131067	GGT7
Gene::117285	DEFB118	117285	ENSG00000131068	DEFB118
Gene::55902	ACSS2	55902	ENSG00000131069	ACSS2
Gene::60401	EDA2R	60401	ENSG00000131080	EDA2R
Gene::23229	ARHGEF9	23229	ENSG00000131089	ARHGEF9
Gene::10882	C1QL1	10882	ENSG00000131094	C1QL1
Gene::2670	GFAP	2670	ENSG00000131095	GFAP
Gene::5697	PYY	5697	ENSG00000131096	PYY
Gene::51751	HIGD1B	51751	ENSG00000131097	HIGD1B
Gene::529	ATP6V1E1	529	ENSG00000131100	ATP6V1E1
Gene::7770	ZNF227	7770	ENSG00000131115	ZNF227
Gene::126299	ZNF428	126299	ENSG00000131116	ZNF428
Gene::83639	TEX101	83639	ENSG00000131126	TEX101
Gene::7700	ZNF141	7700	ENSG00000131127	ZNF141
Gene::6370	CCL25	6370	ENSG00000131142	CCL25
Gene::1327	COX4I1	1327	ENSG00000131143	COX4I1
Gene::10328	EMC8	10328	ENSG00000131148	EMC8
Gene::23199	GSE1	23199	ENSG00000131149	GSE1
Gene::51659	GINS2	51659	ENSG00000131153	GINS2
Gene::5119	CHMP1A	5119	ENSG00000131165	CHMP1A
Gene::6451	SH3BGRL	6451	ENSG00000131171	SH3BGRL
Gene::1349	COX7B	1349	ENSG00000131174	COX7B
Gene::6569	SLC34A1	6569	ENSG00000131183	SLC34A1
Gene::2161	F12	2161	ENSG00000131187	F12
Gene::80758	PRR7	80758	ENSG00000131188	PRR7
Gene::4772	NFATC1	4772	ENSG00000131196	NFATC1
Gene::3620	IDO1	3620	ENSG00000131203	IDO1
Gene::81025	GJA9	81025	ENSG00000131233	GJA9
Gene::10487	CAP1	10487	ENSG00000131236	CAP1
Gene::5538	PPT1	5538	ENSG00000131238	PPT1
Gene::84440	RAB11FIP4	84440	ENSG00000131242	RAB11FIP4
Gene::51132	RLIM	51132	ENSG00000131263	RLIM
Gene::1046	CDX4	1046	ENSG00000131264	CDX4
Gene::22	ABCB7	22	ENSG00000131269	ABCB7
Gene::7187	TRAF3	7187	ENSG00000131323	TRAF3
Gene::93323	HAUS8	93323	ENSG00000131351	HAUS8
Gene::84658	ADGRE3	84658	ENSG00000131355	ADGRE3
Gene::64432	MRPS25	64432	ENSG00000131368	MRPS25
Gene::9467	SH3BP5	9467	ENSG00000131370	SH3BP5
Gene::26061	HACL1	26061	ENSG00000131373	HACL1
Gene::9779	TBC1D5	9779	ENSG00000131374	TBC1D5
Gene::23473	CAPN7	23473	ENSG00000131375	CAPN7
Gene::23180	RFTN1	23180	ENSG00000131378	RFTN1
Gene::84077	C3orf20	84077	ENSG00000131379	FAM194C
Gene::64145	RBSN	64145	ENSG00000131381	RBSN
Gene::117248	GALNT15	117248	ENSG00000131386	GALNT15
Gene::6533	SLC6A6	6533	ENSG00000131389	SLC6A6
Gene::3748	KCNC3	3748	ENSG00000131398	KCNC3
Gene::9476	NAPSA	9476	ENSG00000131400	NAPSA
Gene::7376	NR1H2	7376	ENSG00000131408	NR1H2
Gene::94030	LRRC4B	94030	ENSG00000131409	LRRC4B
Gene::8572	PDLIM4	8572	ENSG00000131435	PDLIM4
Gene::11127	KIF3A	11127	ENSG00000131437	KIF3A
Gene::4245	MGAT1	4245	ENSG00000131446	MGAT1
Gene::9945	GFPT2	9945	ENSG00000131459	GFPT2
Gene::7283	TUBG1	7283	ENSG00000131462	TUBG1
Gene::10197	PSME3	10197	ENSG00000131467	PSME3
Gene::6155	RPL27	6155	ENSG00000131469	RPL27
Gene::29893	PSMC3IP	29893	ENSG00000131470	PSMC3IP
Gene::8639	AOC3	8639	ENSG00000131471	AOC3
Gene::47	ACLY	47	ENSG00000131473	ACLY
Gene::84313	VPS25	84313	ENSG00000131475	VPS25
Gene::10266	RAMP2	10266	ENSG00000131477	RAMP2
Gene::314	AOC2	314	ENSG00000131480	AOC2
Gene::2538	G6PC	2538	ENSG00000131482	G6PC1
Gene::4695	NDUFA2	4695	ENSG00000131495	NDUFA2
Gene::54882	ANKHD1	54882	ENSG00000131503	ANKHD1
Gene::1729	DIAPH1	1729	ENSG00000131504	DIAPH1
Gene::80762	NDFIP1	80762	ENSG00000131507	NDFIP1
Gene::7322	UBE2D2	7322	ENSG00000131508	UBE2D2
Gene::60412	EXOC4	60412	ENSG00000131558	EXOC4
Gene::116983	ACAP3	116983	ENSG00000131584	ACAP3
Gene::54991	C1orf159	54991	ENSG00000131591	C1orf159
Gene::55107	ANO1	55107	ENSG00000131620	ANO1
Gene::8500	PPFIA1	8500	ENSG00000131626	PPFIA1
Gene::79652	TMEM204	79652	ENSG00000131634	TMEM204
Gene::79412	KREMEN2	79412	ENSG00000131650	KREMEN2
Gene::79228	THOC6	79228	ENSG00000131652	THOC6
Gene::84231	TRAF7	84231	ENSG00000131653	TRAF7
Gene::56033	BARX1	56033	ENSG00000131668	BARX1
Gene::4814	NINJ1	4814	ENSG00000131669	NINJ1
Gene::765	CA6	765	ENSG00000131686	CA6
Gene::261734	NPHP4	261734	ENSG00000131697	NPHP4
Gene::4131	MAP1B	4131	ENSG00000131711	MAP1B
Gene::84528	RHOXF2	84528	ENSG00000131721	RHOXF2
Gene::3597	IL13RA1	3597	ENSG00000131724	IL13RA1
Gene::54521	WDR44	54521	ENSG00000131725	WDR44
Gene::1160	CKMT2	1160	ENSG00000131730	CKMT2
Gene::84240	ZCCHC9	84240	ENSG00000131732	ZCCHC9
Gene::3885	KRT34	3885	ENSG00000131737	KRT34
Gene::3884	KRT33B	3884	ENSG00000131738	KRT33B
Gene::84951	TNS4	84951	ENSG00000131746	TNS4
Gene::7153	TOP2A	7153	ENSG00000131747	TOP2A
Gene::10948	STARD3	10948	ENSG00000131748	STARD3
Gene::5914	RARA	5914	ENSG00000131759	RARA
Gene::84152	PPP1R1B	84152	ENSG00000131771	PPP1R1B
Gene::10656	KHDRBS3	10656	ENSG00000131773	KHDRBS3
Gene::9557	CHD1L	9557	ENSG00000131778	CHD1L
Gene::8799	PEX11B	8799	ENSG00000131779	PEX11B
Gene::2330	FMO5	2330	ENSG00000131781	FMO5
Gene::10401	PIAS3	10401	ENSG00000131788	PIAS3
Gene::5565	PRKAB2	5565	ENSG00000131791	PRKAB2
Gene::2488	FSHB	2488	ENSG00000131808	FSHB
Gene::5160	PDHA1	5160	ENSG00000131828	PDHA1
Gene::10742	RAI2	10742	ENSG00000131831	RAI2
Gene::64087	MCCC2	64087	ENSG00000131844	MCCC2
Gene::57343	ZNF304	57343	ENSG00000131845	ZNF304
Gene::79149	ZSCAN5A	79149	ENSG00000131848	ZSCAN5A
Gene::7691	ZNF132	7691	ENSG00000131849	ZNF132
Gene::57663	USP29	57663	ENSG00000131864	USP29
Gene::55829	VIMP	55829	ENSG00000131871	SELENOS
Gene::22856	CHSY1	22856	ENSG00000131873	CHSY1
Gene::6627	SNRPA1	6627	ENSG00000131876	SNRPA1
Gene::3996	LLGL1	3996	ENSG00000131899	LLGL1
Gene::8431	NR0B2	8431	ENSG00000131910	NR0B2
Gene::79727	LIN28A	79727	ENSG00000131914	LIN28A
Gene::55145	THAP1	55145	ENSG00000131931	THAP1
Gene::85415	RHPN2	85415	ENSG00000131941	RHPN2
Gene::83636	C19orf12	83636	ENSG00000131943	C19orf12
Gene::91442	FAAP24	91442	ENSG00000131944	FAAP24
Gene::55860	ACTR10	55860	ENSG00000131966	ACTR10
Gene::145447	ABHD12B	145447	ENSG00000131969	ABHD12B
Gene::2643	GCH1	2643	ENSG00000131979	GCH1
Gene::3958	LGALS3	3958	ENSG00000131981	LGALS3
Gene::79883	PODNL1	79883	ENSG00000132000	PODNL1
Gene::3337	DNAJB1	3337	ENSG00000132002	DNAJB1
Gene::65249	ZSWIM4	65249	ENSG00000132003	ZSWIM4
Gene::84261	FBXW9	84261	ENSG00000132004	FBXW9
Gene::5989	RFX1	5989	ENSG00000132005	RFX1
Gene::7568	ZNF20	7568	ENSG00000132010	ZNF20
Gene::79173	C19orf57	79173	ENSG00000132016	BRME1
Gene::90379	DCAF15	90379	ENSG00000132017	DCAF15
Gene::54862	CC2D1A	54862	ENSG00000132024	CC2D1A
Gene::83546	RTBDN	83546	ENSG00000132026	RTBDN
Gene::4148	MATN3	4148	ENSG00000132031	MATN3
Gene::6737	TRIM21	6737	ENSG00000132109	TRIM21
Gene::54558	SPATA6	54558	ENSG00000132122	SPATA6
Gene::10489	LRRC41	10489	ENSG00000132128	LRRC41
Gene::10693	CCT6B	10693	ENSG00000132141	CCT6B
Gene::22907	DHX30	22907	ENSG00000132153	DHX30
Gene::5894	RAF1	5894	ENSG00000132155	RAF1
Gene::6538	SLC6A11	6538	ENSG00000132164	SLC6A11
Gene::5468	PPARG	5468	ENSG00000132170	PPARG
Gene::23225	NUP210	23225	ENSG00000132182	NUP210
Gene::84824	FCRLA	84824	ENSG00000132185	FCRLA
Gene::51478	HSD17B7	51478	ENSG00000132196	HSD17B7
Gene::55556	ENOSF1	55556	ENSG00000132199	ENOSF1
Gene::84034	EMILIN2	84034	ENSG00000132205	EMILIN2
Gene::548593	SLX1A	548593	ENSG00000132207	SLX1A
Gene::23647	ARFIP2	23647	ENSG00000132254	ARFIP2
Gene::85363	TRIM5	85363	ENSG00000132256	TRIM5
Gene::1262	CNGA4	1262	ENSG00000132259	CNGA4
Gene::10346	TRIM22	10346	ENSG00000132274	TRIM22
Gene::23378	RRP8	23378	ENSG00000132275	RRP8
Gene::26515	TIMM10B	26515	ENSG00000132286	TIMM10B
Gene::23167	EFR3A	23167	ENSG00000132294	EFR3A
Gene::10086	HHLA1	10086	ENSG00000132297	HHLA1
Gene::55037	PTCD3	55037	ENSG00000132300	PTCD3
Gene::10989	IMMT	10989	ENSG00000132305	IMMT
Gene::51318	MRPL35	51318	ENSG00000132313	MRPL35
Gene::79781	IQCA1	79781	ENSG00000132321	DRC11
Gene::80895	ILKAP	80895	ENSG00000132323	ILKAP
Gene::8864	PER2	8864	ENSG00000132326	PER2
Gene::10267	RAMP1	10267	ENSG00000132329	RAMP1
Gene::51540	SCLY	51540	ENSG00000132330	SCLY
Gene::5791	PTPRE	5791	ENSG00000132334	PTPRE
Gene::5901	RAN	5901	ENSG00000132341	RAN
Gene::5562	PRKAA1	5562	ENSG00000132356	PRKAA1
Gene::84674	CARD6	84674	ENSG00000132357	CARD6
Gene::23108	RAP1GAP2	23108	ENSG00000132359	RAP1GAP2
Gene::23277	CLUH	23277	ENSG00000132361	CLUH
Gene::51763	INPP5K	51763	ENSG00000132376	INPP5K
Gene::10514	MYBBP1A	10514	ENSG00000132382	MYBBP1A
Gene::6117	RPA1	6117	ENSG00000132383	RPA1
Gene::5176	SERPINF1	5176	ENSG00000132386	SERPINF1
Gene::7326	UBE2G1	7326	ENSG00000132388	UBE2G1
Gene::60678	EEFSEC	60678	ENSG00000132394	EEFSEC
Gene::57533	TBC1D14	57533	ENSG00000132405	TBC1D14
Gene::85013	TMEM128	85013	ENSG00000132406	TMEM128
Gene::51805	COQ3	51805	ENSG00000132423	COQ3
Gene::25957	PNISR	25957	ENSG00000132424	PNISR
Gene::64208	POPDC3	64208	ENSG00000132429	POPDC3
Gene::23480	SEC61G	23480	ENSG00000132432	SEC61G
Gene::55915	LANCL2	55915	ENSG00000132434	LANCL2
Gene::63979	FIGNL1	63979	ENSG00000132436	FIGNL1
Gene::1644	DDC	1644	ENSG00000132437	DDC
Gene::53940	FTHL17	53940	ENSG00000132446	FTHL17
Gene::2926	GRSF1	2926	ENSG00000132463	GRSF1
Gene::10117	ENAM	10117	ENSG00000132464	ENAM
Gene::3512	JCHAIN	3512	ENSG00000132465	JCHAIN
Gene::26057	ANKRD17	26057	ENSG00000132466	ANKRD17
Gene::57050	UTP3	57050	ENSG00000132467	UTP3
Gene::3691	ITGB4	3691	ENSG00000132470	ITGB4
Gene::23558	WBP2	23558	ENSG00000132471	WBP2
Gene::3021	H3F3B	3021	ENSG00000132475	H3-3B
Gene::85451	UNK	85451	ENSG00000132478	UNK
Gene::91107	TRIM47	91107	ENSG00000132481	TRIM47
Gene::9406	ZRANB2	9406	ENSG00000132485	ZRANB2
Gene::1984	EIF5A	1984	ENSG00000132507	EIF5A
Gene::23135	KDM6B	23135	ENSG00000132510	KDM6B
Gene::10462	CLEC10A	10462	ENSG00000132514	CLEC10A
Gene::55065	SLC52A1	55065	ENSG00000132517	SLC52A1
Gene::3000	GUCY2D	3000	ENSG00000132518	GUCY2D
Gene::2874	GPS2	2874	ENSG00000132522	GPS2
Gene::54739	XAF1	54739	ENSG00000132530	XAF1
Gene::1742	DLG4	1742	ENSG00000132535	DLG4
Gene::10247	HRSP12	10247	ENSG00000132541	RIDA
Gene::157680	VPS13B	157680	ENSG00000132549	VPS13B
Gene::26166	RGS22	26166	ENSG00000132554	RGS22
Gene::4147	MATN2	4147	ENSG00000132561	MATN2
Gene::51308	REEP2	51308	ENSG00000132563	REEP2
Gene::84105	PCBD2	84105	ENSG00000132570	PCBD2
Gene::6388	SDF2	6388	ENSG00000132581	SDF2
Gene::2319	FLOT2	2319	ENSG00000132589	FLOT2
Gene::26284	ERAL1	26284	ENSG00000132591	ERAL1
Gene::54496	PRMT7	54496	ENSG00000132600	PRMT7
Gene::51388	NIP7	51388	ENSG00000132603	NIP7
Gene::7014	TERF2	7014	ENSG00000132604	TERF2
Gene::27183	VPS4A	27183	ENSG00000132612	VPS4A
Gene::92154	MTSS1L	92154	ENSG00000132613	MTSS2
Gene::116835	HSPA12B	116835	ENSG00000132622	HSPA12B
Gene::63926	ANKEF1	63926	ENSG00000132623	ANKEF1
Gene::140856	SCP2D1	140856	ENSG00000132631	SCP2D1
Gene::64773	PCED1A	64773	ENSG00000132635	PCED1A
Gene::6616	SNAP25	6616	ENSG00000132639	SNAP25
Gene::22903	BTBD3	22903	ENSG00000132640	BTBD3
Gene::5111	PCNA	5111	ENSG00000132646	PCNA
Gene::29107	NXT1	29107	ENSG00000132661	NXT1
Gene::10621	POLR3F	10621	ENSG00000132664	POLR3F
Gene::54453	RIN2	54453	ENSG00000132669	RIN2
Gene::5786	PTPRA	5786	ENSG00000132670	PTPRA
Gene::6754	SSTR4	6754	ENSG00000132671	SSTR4
Gene::7818	DAP3	7818	ENSG00000132676	DAP3
Gene::57127	RHBG	57127	ENSG00000132677	RHBG
Gene::22889	KIAA0907	22889	ENSG00000132680	KHDC4
Gene::480	ATP1A4	480	ENSG00000132681	ATP1A4
Gene::10763	NES	10763	ENSG00000132688	NES
Gene::63827	BCAN	63827	ENSG00000132692	BCAN
Gene::1401	CRP	1401	ENSG00000132693	CRP
Gene::9826	ARHGEF11	9826	ENSG00000132694	ARHGEF11
Gene::57111	RAB25	57111	ENSG00000132698	RAB25
Gene::60484	HAPLN2	60484	ENSG00000132702	HAPLN2
Gene::325	APCS	325	ENSG00000132703	APCS
Gene::79368	FCRL2	79368	ENSG00000132704	FCRL2
Gene::50717	DCAF8	50717	ENSG00000132716	DCAF8
Gene::23208	SYT11	23208	ENSG00000132718	SYT11
Gene::3508	IGHMBP2	3508	ENSG00000132740	IGHMBP2
Gene::91703	ACY3	91703	ENSG00000132744	ACY3
Gene::222	ALDH3B2	222	ENSG00000132746	ALDH3B2
Gene::9633	MTL5	9633	ENSG00000132749	TESMIN
Gene::25974	MMACHC	25974	ENSG00000132763	MMACHC
Gene::1802	DPH2	1802	ENSG00000132768	DPH2
Gene::114034	TOE1	114034	ENSG00000132773	TOE1
Gene::4678	NASP	4678	ENSG00000132780	NASP
Gene::4595	MUTYH	4595	ENSG00000132781	MUTYH
Gene::56259	CTNNBL1	56259	ENSG00000132792	CTNNBL1
Gene::64900	LPIN3	64900	ENSG00000132793	LPIN3
Gene::140831	ZSWIM3	140831	ENSG00000132801	ZSWIM3
Gene::55544	RBM38	55544	ENSG00000132819	RBM38
Gene::128434	VSTM2L	128434	ENSG00000132821	VSTM2L
Gene::51526	OSER1	51526	ENSG00000132823	OSER1
Gene::10955	SERINC3	10955	ENSG00000132824	SERINC3
Gene::5509	PPP1R3D	5509	ENSG00000132825	PPP1R3D
Gene::29958	DMGDH	29958	ENSG00000132837	DMGDH
Gene::23743	BHMT2	23743	ENSG00000132840	BHMT2
Gene::8546	AP3B1	8546	ENSG00000132842	AP3B1
Gene::84327	ZBED3	84327	ENSG00000132846	ZBED3
Gene::10207	INADL	10207	ENSG00000132849	PATJ
Gene::163782	KANK4	163782	ENSG00000132854	KANK4
Gene::27329	ANGPTL3	27329	ENSG00000132855	ANGPTL3
Gene::6860	SYT4	6860	ENSG00000132872	SYT4
Gene::8170	SLC14A2	8170	ENSG00000132874	SLC14A2
Gene::93611	FBXO44	93611	ENSG00000132879	FBXO44
Gene::79363	RSG1	79363	ENSG00000132881	CPLANE2
Gene::842	CASP9	842	ENSG00000132906	CASP9
Gene::56923	NMUR2	56923	ENSG00000132911	NMUR2
Gene::51164	DCTN4	51164	ENSG00000132912	DCTN4
Gene::5145	PDE6A	5145	ENSG00000132915	PDE6A
Gene::51761	ATP8A2	51761	ENSG00000132932	ATP8A2
Gene::23281	MTUS2	23281	ENSG00000132938	MTUS2
Gene::9205	ZMYM5	9205	ENSG00000132950	ZMYM5
Gene::10208	USPL1	10208	ENSG00000132952	USPL1
Gene::64328	XPO4	64328	ENSG00000132953	XPO4
Gene::93492	TPTE2	93492	ENSG00000132958	TPTE2
Gene::51371	POMP	51371	ENSG00000132963	POMP
Gene::1024	CDK8	1024	ENSG00000132964	CDK8
Gene::241	ALOX5AP	241	ENSG00000132965	ALOX5AP
Gene::10810	WASF3	10810	ENSG00000132970	WASF3
Gene::56163	RNF17	56163	ENSG00000132972	RNF17
Gene::2835	GPR12	2835	ENSG00000132975	GPR12
Gene::1131	CHRM3	1131	ENSG00000133019	CHRM3
Gene::4626	MYH8	4626	ENSG00000133020	MYH8
Gene::4628	MYH10	4628	ENSG00000133026	MYH10
Gene::10400	PEMT	10400	ENSG00000133027	PEMT
Gene::6341	SCO1	6341	ENSG00000133028	SCO1
Gene::23164	MPRIP	23164	ENSG00000133030	MPRIP
Gene::1116	CHI3L1	1116	ENSG00000133048	CHI3L1
Gene::4608	MYBPH	4608	ENSG00000133055	MYBPH
Gene::5287	PIK3C2B	5287	ENSG00000133056	PIK3C2B
Gene::25778	DSTYK	25778	ENSG00000133059	DSTYK
Gene::1118	CHIT1	1118	ENSG00000133063	CHIT1
Gene::254428	SLC41A1	254428	ENSG00000133065	SLC41A1
Gene::59352	LGR6	59352	ENSG00000133067	LGR6
Gene::9911	TMCC2	9911	ENSG00000133069	TMCC2
Gene::9201	DCLK1	9201	ENSG00000133083	DCLK1
Gene::8900	CCNA1	8900	ENSG00000133101	CCNA1
Gene::57511	COG6	57511	ENSG00000133103	COG6
Gene::23111	SPG20	23111	ENSG00000133104	SPART
Gene::122042	RXFP2	122042	ENSG00000133105	RXFP2
Gene::94240	EPSTI1	94240	ENSG00000133106	EPSTI1
Gene::7223	TRPC4	7223	ENSG00000133107	TRPC4
Gene::10631	POSTN	10631	ENSG00000133110	POSTN
Gene::5994	RFXAP	5994	ENSG00000133111	RFXAP
Gene::7178	TPT1	7178	ENSG00000133112	TPT1
Gene::55425	GPALPP1	55425	ENSG00000133114	GPALPP1
Gene::161003	STOML3	161003	ENSG00000133115	STOML3
Gene::9365	KL	9365	ENSG00000133116	KL
Gene::5983	RFC3	5983	ENSG00000133119	RFC3
Gene::90627	STARD13	90627	ENSG00000133121	STARD13
Gene::8471	IRS4	8471	ENSG00000133124	IRS4
Gene::79710	MORC4	79710	ENSG00000133131	MORC4
Gene::84707	BEX2	84707	ENSG00000133134	BEX2
Gene::79589	RNF128	79589	ENSG00000133135	RNF128
Gene::54885	TBC1D8B	54885	ENSG00000133138	TBC1D8B
Gene::79921	TCEAL4	79921	ENSG00000133142	TCEAL4
Gene::55859	BEX1	55859	ENSG00000133169	BEX1
Gene::84923	FAM104A	84923	ENSG00000133193	VCF1
Gene::201266	SLC39A11	201266	ENSG00000133195	SLC39A11
Gene::2048	EPHB2	2048	ENSG00000133216	EPHB2
Gene::10250	SRRM1	10250	ENSG00000133226	SRRM1
Gene::55643	BTBD2	55643	ENSG00000133243	BTBD2
Gene::84106	PRAM1	84106	ENSG00000133246	PRAM1
Gene::84787	SUV420H2	84787	ENSG00000133247	KMT5C
Gene::84330	ZNF414	84330	ENSG00000133250	ZNF414
Gene::5158	PDE6B	5158	ENSG00000133256	PDE6B
Gene::23640	HSPBP1	23640	ENSG00000133265	HSPBP1
Gene::1455	CSNK1G2	1455	ENSG00000133275	CSNK1G2
Gene::84250	ANKRD32	84250	ENSG00000133302	SLF1
Gene::55748	CNDP2	55748	ENSG00000133313	CNDP2
Gene::28992	MACROD1	28992	ENSG00000133315	MACROD1
Gene::54663	WDR74	54663	ENSG00000133316	WDR74
Gene::85329	LGALS12	85329	ENSG00000133317	LGALS12
Gene::10313	RTN3	10313	ENSG00000133318	RTN3
Gene::5920	RARRES3	5920	ENSG00000133321	PLAAT4
Gene::54979	HRASLS2	54979	ENSG00000133328	PLAAT2
Gene::4629	MYH11	4629	ENSG00000133392	MYH11
Gene::123811	FOPNL	123811	ENSG00000133393	CEP20
Gene::84246	MED10	84246	ENSG00000133398	MED10
Gene::23037	PDZD2	23037	ENSG00000133401	PDZD2
Gene::22880	MORC2	22880	ENSG00000133422	MORC2
Gene::9215	LARGE	9215	ENSG00000133424	LARGE1
Gene::653689	GSTT2B	653689	ENSG00000133433	GSTT2B
Gene::84700	MYO18B	84700	ENSG00000133454	MYO18B
Gene::66035	SLC2A11	66035	ENSG00000133460	SLC2A11
Gene::114904	C1QTNF6	114904	ENSG00000133466	C1QTNF6
Gene::728441	GGT2	728441	ENSG00000133475	GGT2P
Gene::113828	FAM83F	113828	ENSG00000133477	SACK1F
Gene::284904	SEC14L4	284904	ENSG00000133488	SEC14L4
Gene::474344	GIMAP6	474344	ENSG00000133561	GIMAP6
Gene::55303	GIMAP4	55303	ENSG00000133574	GIMAP4
Gene::90956	ADCK2	90956	ENSG00000133597	ADCK2
Gene::23608	MKRN1	23608	ENSG00000133606	MKRN1
Gene::116988	AGAP3	116988	ENSG00000133612	AGAP3
Gene::84626	KRBA1	84626	ENSG00000133619	KRABD3
Gene::57180	ACTR3B	57180	ENSG00000133627	ACTR3B
Gene::4922	NTS	4922	ENSG00000133636	NTS
Gene::694	BTG1	694	ENSG00000133639	BTG1
Gene::84125	LRRIQ1	84125	ENSG00000133640	LRRIQ1
Gene::91298	C12orf29	91298	ENSG00000133641	RLIG1
Gene::79572	ATP13A3	79572	ENSG00000133657	ATP13A3
Gene::6441	SFTPD	6441	ENSG00000133661	SFTPD
Gene::84332	DYDC2	84332	ENSG00000133665	DYDC2
Gene::80195	TMEM254	80195	ENSG00000133678	TMEM254
Gene::83857	TMTC1	83857	ENSG00000133687	TMTC1
Gene::3845	KRAS	3845	ENSG00000133703	KRAS
Gene::10526	IPO8	10526	ENSG00000133704	IPO8
Gene::51520	LARS	51520	ENSG00000133706	LARS1
Gene::11005	SPINK5	11005	ENSG00000133710	SPINK5
Gene::3612	IMPA1	3612	ENSG00000133731	IMPA1
Gene::85444	LRRCC1	85444	ENSG00000133739	LRRCC1
Gene::1875	E2F5	1875	ENSG00000133740	E2F5
Gene::759	CA1	759	ENSG00000133742	CA1
Gene::29080	CCDC59	29080	ENSG00000133773	CCDC59
Gene::23075	SWAP70	23075	ENSG00000133789	SWAP70
Gene::406	ARNTL	406	ENSG00000133794	BMAL1
Gene::10894	LYVE1	10894	ENSG00000133800	LYVE1
Gene::272	AMPD3	272	ENSG00000133805	AMPD3
Gene::81846	SBF2	81846	ENSG00000133812	SBF2
Gene::9645	MICAL2	9645	ENSG00000133816	MICAL2
Gene::22800	RRAS2	22800	ENSG00000133818	RRAS2
Gene::3295	HSD17B4	3295	ENSG00000133835	HSD17B4
Gene::196441	ZFC3H1	196441	ENSG00000133858	ZFC3H1
Gene::56154	TEX15	56154	ENSG00000133863	TEX15
Gene::51669	SARAF	51669	ENSG00000133872	SARAF
Gene::79845	RNF122	79845	ENSG00000133874	RNF122
Gene::78986	DUSP26	78986	ENSG00000133878	DUSP26
Gene::5977	DPF2	5977	ENSG00000133884	DPF2
Gene::4221	MEN1	4221	ENSG00000133895	MEN1
Gene::11161	C14orf1	11161	ENSG00000133935	ERG28
Gene::145258	GSC	145258	ENSG00000133937	GSC
Gene::80017	C14orf159	80017	ENSG00000133943	DGLUCY
Gene::57578	UNC79	57578	ENSG00000133958	UNC79
Gene::8650	NUMB	8650	ENSG00000133961	NUMB
Gene::79820	CATSPERB	79820	ENSG00000133962	CATSPERB
Gene::55237	VRTN	55237	ENSG00000133980	VRTN
Gene::51241	COX16	51241	ENSG00000133983	COX16
Gene::23508	TTC9	23508	ENSG00000133985	TTC9
Gene::10001	MED6	10001	ENSG00000133997	MED6
Gene::1965	EIF2S1	1965	ENSG00000134001	EIF2S1
Gene::8748	ADAM20	8748	ENSG00000134007	ADAM20
Gene::4017	LOXL2	4017	ENSG00000134013	LOXL2
Gene::55140	ELP3	55140	ENSG00000134014	ELP3
Gene::157310	PEBP4	157310	ENSG00000134020	PEBP4
Gene::27299	ADAMDEC1	27299	ENSG00000134028	ADAMDEC1
Gene::9811	CTIF	9811	ENSG00000134030	CTIF
Gene::83876	MRO	83876	ENSG00000134042	MRO
Gene::8932	MBD2	8932	ENSG00000134046	MBD2
Gene::51124	IER3IP1	51124	ENSG00000134049	IER3IP1
Gene::92259	MRPS36	92259	ENSG00000134056	KGD4
Gene::891	CCNB1	891	ENSG00000134057	CCNB1
Gene::1022	CDK7	1022	ENSG00000134058	CDK7
Gene::4064	CD180	4064	ENSG00000134061	CD180
Gene::3656	IRAK2	3656	ENSG00000134070	IRAK2
Gene::8536	CAMK1	8536	ENSG00000134072	CAMK1
Gene::25917	THUMPD3	25917	ENSG00000134077	THUMPD3
Gene::7428	VHL	7428	ENSG00000134086	VHL
Gene::8553	BHLHE40	8553	ENSG00000134107	BHLHE40
Gene::55207	ARL8B	55207	ENSG00000134108	ARL8B
Gene::9695	EDEM1	9695	ENSG00000134109	EDEM1
Gene::27255	CNTN6	27255	ENSG00000134115	CNTN6
Gene::10752	CHL1	10752	ENSG00000134121	CHL1
Gene::4212	MEIS2	4212	ENSG00000134138	MEIS2
Gene::89978	DPH6	89978	ENSG00000134146	DPH6
Gene::79768	KATNBL1	79768	ENSG00000134152	KATNBL1
Gene::56851	EMC7	56851	ENSG00000134153	EMC7
Gene::4308	TRPM1	4308	ENSG00000134160	TRPM1
Gene::2780	GNAT2	2780	ENSG00000134183	GNAT2
Gene::2944	GSTM1	2944	ENSG00000134184	GSTM1
Gene::55119	PRPF38B	55119	ENSG00000134186	PRPF38B
Gene::83998	REG4	83998	ENSG00000134193	REG4
Gene::10100	TSPAN2	10100	ENSG00000134198	TSPAN2
Gene::7252	TSHB	7252	ENSG00000134200	TSHB
Gene::2949	GSTM5	2949	ENSG00000134201	GSTM5
Gene::2947	GSTM3	2947	ENSG00000134202	GSTM3
Gene::148281	SYT6	148281	ENSG00000134207	SYT6
Gene::10451	VAV3	10451	ENSG00000134215	VAV3
Gene::27159	CHIA	27159	ENSG00000134216	CHIA
Gene::84722	PSRC1	84722	ENSG00000134222	PSRC1
Gene::3158	HMGCS2	3158	ENSG00000134240	HMGCS2
Gene::26191	PTPN22	26191	ENSG00000134242	PTPN22
Gene::6272	SORT1	6272	ENSG00000134243	SORT1
Gene::7482	WNT2B	7482	ENSG00000134245	WNT2B
Gene::5738	PTGFRN	5738	ENSG00000134247	PTGFRN
Gene::10542	LAMTOR5	10542	ENSG00000134248	LAMTOR5
Gene::11085	ADAM30	11085	ENSG00000134249	ADAM30
Gene::4853	NOTCH2	4853	ENSG00000134250	NOTCH2
Gene::80263	TRIM45	80263	ENSG00000134253	TRIM45
Gene::10390	CEPT1	10390	ENSG00000134255	CEPT1
Gene::9398	CD101	9398	ENSG00000134256	CD101
Gene::79679	VTCN1	79679	ENSG00000134258	VTCN1
Gene::4803	NGF	4803	ENSG00000134259	NGF
Gene::10717	AP4B1	10717	ENSG00000134262	AP4B1
Gene::8774	NAPG	8774	ENSG00000134265	NAPG
Gene::56907	SPIRE1	56907	ENSG00000134278	SPIRE1
Gene::51535	PPHLN1	51535	ENSG00000134283	PPHLN1
Gene::51303	FKBP11	51303	ENSG00000134285	FKBP11
Gene::377	ARF3	377	ENSG00000134287	ARF3
Gene::79022	TMEM106C	79022	ENSG00000134291	TMEM106C
Gene::54407	SLC38A2	54407	ENSG00000134294	SLC38A2
Gene::10971	YWHAQ	10971	ENSG00000134308	YWHAQ
Gene::57498	KIDINS220	57498	ENSG00000134313	KIDINS220
Gene::29841	GRHL1	29841	ENSG00000134317	GRHL1
Gene::9475	ROCK2	9475	ENSG00000134318	ROCK2
Gene::91543	RSAD2	91543	ENSG00000134321	RSAD2
Gene::4613	MYCN	4613	ENSG00000134323	MYCN
Gene::23175	LPIN1	23175	ENSG00000134324	LPIN1
Gene::129607	CMPK2	129607	ENSG00000134326	CMPK2
Gene::285148	IAH1	285148	ENSG00000134330	IAH1
Gene::3939	LDHA	3939	ENSG00000134333	LDHA
Gene::6289	SAA2	6289	ENSG00000134339	SAA2
Gene::63982	ANO3	63982	ENSG00000134343	ANO3
Gene::3572	IL6ST	3572	ENSG00000134352	IL6ST
Gene::10468	FST	10468	ENSG00000134363	FST
Gene::10877	CFHR4	10877	ENSG00000134365	CFHR4
Gene::89796	NAV1	89796	ENSG00000134369	NAV1
Gene::79577	CDC73	79577	ENSG00000134371	CDC73
Gene::10440	TIMM17A	10440	ENSG00000134375	TIMM17A
Gene::23418	CRB1	23418	ENSG00000134376	CRB1
Gene::81494	CFHR5	81494	ENSG00000134389	CFHR5
Gene::10595	ERN2	10595	ENSG00000134398	ERN2
Gene::6210	RPS15A	6210	ENSG00000134419	RPS15A
Gene::30062	RAX	30062	ENSG00000134438	RAX
Gene::4677	NARS	4677	ENSG00000134440	NARS1
Gene::2922	GRP	2922	ENSG00000134443	GRP
Gene::57614	KIAA1468	57614	ENSG00000134444	RELCH
Gene::84893	FBXO18	84893	ENSG00000134452	FBH1
Gene::84991	RBM17	84991	ENSG00000134453	RBM17
Gene::3559	IL2RA	3559	ENSG00000134460	IL2RA
Gene::54522	ANKRD16	54522	ENSG00000134461	ANKRD16
Gene::79746	ECHDC3	79746	ENSG00000134463	ECHDC3
Gene::3601	IL15RA	3601	ENSG00000134470	IL15RA
Gene::902	CCNH	902	ENSG00000134480	CCNH
Gene::59340	HRH4	59340	ENSG00000134489	HRH4
Gene::85019	TMEM241	85019	ENSG00000134490	SLC35D4
Gene::284252	KCTD1	284252	ENSG00000134504	KCTD1
Gene::91768	CABLES1	91768	ENSG00000134508	CABLES1
Gene::1794	DOCK2	1794	ENSG00000134516	DOCK2
Gene::2012	EMP1	2012	ENSG00000134531	EMP1
Gene::6660	SOX5	6660	ENSG00000134532	SOX5
Gene::85004	RERG	85004	ENSG00000134533	RERG
Gene::10599	SLCO1B1	10599	ENSG00000134538	SLCO1B1
Gene::3824	KLRD1	3824	ENSG00000134539	KLRD1
Gene::3821	KLRC1	3821	ENSG00000134545	KLRC1
Gene::80763	SPX	80763	ENSG00000134548	SPX
Gene::5555	PRH2	5555	ENSG00000134551	PRH2
Gene::4038	LRP4	4038	ENSG00000134569	LRP4
Gene::4607	MYBPC3	4607	ENSG00000134571	MYBPC3
Gene::1643	DDB2	1643	ENSG00000134574	DDB2
Gene::53	ACP2	53	ENSG00000134575	ACP2
Gene::83844	USP26	83844	ENSG00000134588	USP26
Gene::8933	FAM127A	8933	ENSG00000134590	RTL8C
Gene::9363	RAB33A	9363	ENSG00000134594	RAB33A
Gene::6658	SOX3	6658	ENSG00000134595	SOX3
Gene::51634	RBMX2	51634	ENSG00000134597	RBMX2
Gene::51765	STK26	51765	ENSG00000134602	STK26
Gene::219595	FOLH1B	219595	ENSG00000134612	FOLH1B
Gene::143689	PIWIL4	143689	ENSG00000134627	PIWIL4
Gene::4544	MTNR1B	4544	ENSG00000134640	MTNR1B
Gene::9698	PUM1	9698	ENSG00000134644	PUM1
Gene::90853	SPOCD1	90853	ENSG00000134668	SPOCD1
Gene::8565	YARS	8565	ENSG00000134684	YARS1
Gene::1912	PHC2	1912	ENSG00000134686	PHC2
Gene::55143	CDCA8	55143	ENSG00000134690	CDCA8
Gene::29889	GNL2	29889	ENSG00000134697	GNL2
Gene::192670	AGO4	192670	ENSG00000134698	AGO4
Gene::51361	HOOK1	51361	ENSG00000134709	HOOK1
Gene::1573	CYP2J2	1573	ENSG00000134716	CYP2J2
Gene::91408	BTF3L4	91408	ENSG00000134717	BTF3L4
Gene::23318	ZCCHC11	23318	ENSG00000134744	TUT4
Gene::84950	PRPF38A	84950	ENSG00000134748	PRPF38A
Gene::1824	DSC2	1824	ENSG00000134755	DSC2
Gene::1830	DSG3	1830	ENSG00000134757	DSG3
Gene::51444	RNF138	51444	ENSG00000134758	RNF138
Gene::55250	ELP2	55250	ENSG00000134759	ELP2
Gene::1828	DSG1	1828	ENSG00000134760	DSG1
Gene::1825	DSC3	1825	ENSG00000134762	DSC3
Gene::1823	DSC1	1823	ENSG00000134765	DSC1
Gene::1837	DTNA	1837	ENSG00000134769	DTNA
Gene::80206	FHOD3	80206	ENSG00000134775	FHOD3
Gene::25941	TPGS2	25941	ENSG00000134779	TPGS2
Gene::747	DAGLA	747	ENSG00000134780	DAGLA
Gene::29015	SLC43A3	29015	ENSG00000134802	SLC43A3
Gene::26519	TIMM10	26519	ENSG00000134809	TIMM10
Gene::2694	GIF	2694	ENSG00000134812	CBLIF
Gene::9704	DHX34	9704	ENSG00000134815	DHX34
Gene::187	APLNR	187	ENSG00000134817	APLNR
Gene::9415	FADS2	9415	ENSG00000134824	FADS2
Gene::746	TMEM258	746	ENSG00000134825	TMEM258
Gene::6947	TCN1	6947	ENSG00000134827	TCN1
Gene::27202	C5AR2	27202	ENSG00000134830	C5AR2
Gene::55858	TMEM165	55858	ENSG00000134851	TMEM165
Gene::9575	CLOCK	9575	ENSG00000134852	CLOCK
Gene::5156	PDGFRA	5156	ENSG00000134853	PDGFRA
Gene::87769	GGACT	87769	ENSG00000134864	GGACT
Gene::1284	COL4A2	1284	ENSG00000134871	COL4A2
Gene::9071	CLDN10	9071	ENSG00000134873	CLDN10
Gene::22873	DZIP1	22873	ENSG00000134874	DZIP1
Gene::337867	UBAC2	337867	ENSG00000134882	UBAC2
Gene::55082	ARGLU1	55082	ENSG00000134884	ARGLU1
Gene::54841	BIVM	54841	ENSG00000134897	BIVM
Gene::2073	ERCC5	2073	ENSG00000134899	ERCC5
Gene::7174	TPP2	7174	ENSG00000134900	TPP2
Gene::79070	KDELC1	79070	ENSG00000134901	POGLUT2
Gene::79587	CARS2	79587	ENSG00000134905	CARS2
Gene::9743	ARHGAP32	9743	ENSG00000134909	ARHGAP32
Gene::3703	STT3A	3703	ENSG00000134910	STT3A
Gene::11095	ADAMTS8	11095	ENSG00000134917	ADAMTS8
Gene::56	ACRV1	56	ENSG00000134940	ACRV1
Gene::2113	ETS1	2113	ENSG00000134954	ETS1
Gene::219855	SLC37A2	219855	ENSG00000134955	SLC37A2
Gene::152831	KLB	152831	ENSG00000134962	KLB
Gene::51014	TMED7	51014	ENSG00000134970	TMED7
Gene::324	APC	324	ENSG00000134982	APC
Gene::9315	NREP	9315	ENSG00000134986	NREP
Gene::134430	WDR36	134430	ENSG00000134987	WDR36
Gene::26578	OSTF1	26578	ENSG00000134996	OSTF1
Gene::55312	RFK	55312	ENSG00000135002	RFK
Gene::29979	UBQLN1	29979	ENSG00000135018	UBQLN1
Gene::60560	NAA35	60560	ENSG00000135040	NAA35
Gene::55071	C9orf40	55071	ENSG00000135045	C9orf40
Gene::301	ANXA1	301	ENSG00000135046	ANXA1
Gene::1514	CTSL	1514	ENSG00000135047	CTSL
Gene::23670	TMEM2	23670	ENSG00000135048	CEMIP2
Gene::23287	AGTPBP1	23287	ENSG00000135049	AGTPBP1
Gene::51280	GOLM1	51280	ENSG00000135052	GOLM1
Gene::9413	FAM189A2	9413	ENSG00000135063	ENTREP1
Gene::29968	PSAT1	29968	ENSG00000135069	PSAT1
Gene::81689	ISCA1	81689	ENSG00000135070	ISCA1
Gene::8728	ADAM19	8728	ENSG00000135074	ADAM19
Gene::84868	HAVCR2	84868	ENSG00000135077	HAVCR2
Gene::79616	CCNJL	79616	ENSG00000135083	CCNJL
Gene::51347	TAOK3	51347	ENSG00000135090	TAOK3
Gene::84749	USP30	84749	ENSG00000135093	USP30
Gene::10993	SDS	10993	ENSG00000135094	SDS
Gene::4440	MSI1	4440	ENSG00000135097	MSI1
Gene::6927	HNF1A	6927	ENSG00000135100	HNF1A
Gene::23014	FBXO21	23014	ENSG00000135108	FBXO21
Gene::6926	TBX3	6926	ENSG00000135111	TBX3
Gene::8638	OASL	8638	ENSG00000135114	OASL
Gene::8739	HRK	8739	ENSG00000135116	HRK
Gene::84900	RNFT2	84900	ENSG00000135119	RNFT2
Gene::5025	P2RX4	5025	ENSG00000135124	P2RX4
Gene::92558	CCDC64	92558	ENSG00000135127	BICDL1
Gene::1840	DTX1	1840	ENSG00000135144	DTX1
Gene::10906	TRAFD1	10906	ENSG00000135148	TRAFD1
Gene::9988	DMTF1	9988	ENSG00000135164	DMTF1
Gene::4951	OCM2	4951	ENSG00000135175	OCM2
Gene::79161	TMEM243	79161	ENSG00000135185	TMEM243
Gene::57639	CCDC146	57639	ENSG00000135205	CCDC146
Gene::85025	TMEM60	85025	ENSG00000135211	TMEM60
Gene::948	CD36	948	ENSG00000135218	CD36
Gene::79799	UGT2A3	79799	ENSG00000135220	UGT2A3
Gene::1447	CSN2	1447	ENSG00000135222	CSN2
Gene::54490	UGT2B28	54490	ENSG00000135226	UGT2B28
Gene::50640	PNPLA8	50640	ENSG00000135241	PNPLA8
Gene::29923	HILPDA	29923	ENSG00000135245	HILPDA
Gene::84691	FAM71F1	84691	ENSG00000135248	GARIN1B
Gene::60561	RINT1	60561	ENSG00000135249	RINT1
Gene::6733	SRPK2	6733	ENSG00000135250	SRPK2
Gene::375616	KCP	375616	ENSG00000135253	KCP
Gene::26136	TES	26136	ENSG00000135269	TES
Gene::29969	MDFIC	29969	ENSG00000135272	MDFIC
Gene::25821	MTO1	25821	ENSG00000135297	MTO1
Gene::577	ADGRB3	577	ENSG00000135298	ADGRB3
Gene::22881	ANKRD6	22881	ENSG00000135299	ANKRD6
Gene::3351	HTR1B	3351	ENSG00000135312	HTR1B
Gene::80759	KHDC1	80759	ENSG00000135314	KHDC1
Gene::22832	CEP162	22832	ENSG00000135315	CEP162
Gene::10492	SYNCRIP	10492	ENSG00000135316	SYNCRIP
Gene::57231	SNX14	57231	ENSG00000135317	SNX14
Gene::4907	NT5E	4907	ENSG00000135318	NT5E
Gene::112609	MRAP2	112609	ENSG00000135324	MRAP2
Gene::2045	EPHA7	2045	ENSG00000135333	EPHA7
Gene::55122	AKIRIN2	55122	ENSG00000135334	AKIRIN2
Gene::23595	ORC3	23595	ENSG00000135336	ORC3
Gene::167691	LCA5	167691	ENSG00000135338	LCA5
Gene::6885	MAP3K7	6885	ENSG00000135341	MAP3K7
Gene::1081	CGA	1081	ENSG00000135346	CGA
Gene::84694	GJA10	84694	ENSG00000135355	GJA10
Gene::79899	PRR5L	79899	ENSG00000135362	PRR5L
Gene::4005	LMO2	4005	ENSG00000135363	LMO2
Gene::51317	PHF21A	51317	ENSG00000135365	PHF21A
Gene::55226	NAT10	55226	ENSG00000135372	NAT10
Gene::26298	EHF	26298	ENSG00000135373	EHF
Gene::2001	ELF5	2001	ENSG00000135374	ELF5
Gene::79056	PRRG4	79056	ENSG00000135378	PRRG4
Gene::4076	CAPRIN1	4076	ENSG00000135387	CAPRIN1
Gene::517	ATP5G2	517	ENSG00000135390	ATP5MC2
Gene::85406	DNAJC14	85406	ENSG00000135392	DNAJC14
Gene::967	CD63	967	ENSG00000135404	CD63
Gene::5630	PRPH	5630	ENSG00000135406	PRPH
Gene::10677	AVIL	10677	ENSG00000135407	AVIL
Gene::269	AMHR2	269	ENSG00000135409	AMHR2
Gene::90070	LACRT	90070	ENSG00000135413	LACRT
Gene::10220	GDF11	10220	ENSG00000135414	GDF11
Gene::27165	GLS2	27165	ENSG00000135423	GLS2
Gene::3679	ITGA7	3679	ENSG00000135424	ITGA7
Gene::9840	TESPA1	9840	ENSG00000135426	TESPA1
Gene::84070	FAM186B	84070	ENSG00000135436	FAM186B
Gene::5959	RDH5	5959	ENSG00000135437	RDH5
Gene::116986	AGAP2	116986	ENSG00000135439	AGAP2
Gene::2647	BLOC1S1	2647	ENSG00000135441	BLOC1S1
Gene::3891	KRT85	3891	ENSG00000135443	KRT85
Gene::1019	CDK4	1019	ENSG00000135446	CDK4
Gene::5502	PPP1R1A	5502	ENSG00000135447	PPP1R1A
Gene::10024	TROAP	10024	ENSG00000135451	TROAP
Gene::6302	TSPAN31	6302	ENSG00000135452	TSPAN31
Gene::2583	B4GALNT1	2583	ENSG00000135454	B4GALNT1
Gene::7024	TFCP2	7024	ENSG00000135457	TFCP2
Gene::93058	COQ10A	93058	ENSG00000135469	COQ10A
Gene::23017	FAIM2	23017	ENSG00000135472	FAIM2
Gene::9924	PAN2	9924	ENSG00000135473	PAN2
Gene::9700	ESPL1	9700	ENSG00000135476	ESPL1
Gene::3855	KRT7	3855	ENSG00000135480	KRT7
Gene::84872	ZC3H10	84872	ENSG00000135482	ZC3H10
Gene::3178	HNRNPA1	3178	ENSG00000135486	HNRNPA1
Gene::65012	SLC26A10	65012	ENSG00000135502	SLC26A10P
Gene::91	ACVR1B	91	ENSG00000135503	ACVR1B
Gene::10956	OS9	10956	ENSG00000135506	OS9
Gene::4284	MIP	4284	ENSG00000135517	MIP
Gene::23416	KCNH3	23416	ENSG00000135519	KCNH3
Gene::84946	LTV1	84946	ENSG00000135521	LTV1
Gene::9053	MAP7	9053	ENSG00000135525	MAP7
Gene::8763	CD164	8763	ENSG00000135535	CD164
Gene::246269	LACE1	246269	ENSG00000135537	AFG1L
Gene::57224	NHSL1	57224	ENSG00000135540	NHSL1
Gene::54806	AHI1	54806	ENSG00000135541	AHI1
Gene::23493	HEY2	23493	ENSG00000135547	HEY2
Gene::5570	PKIB	5570	ENSG00000135549	PKIB
Gene::9038	TAAR5	9038	ENSG00000135569	TAAR5
Gene::4829	NMBR	4829	ENSG00000135577	NMBR
Gene::6610	SMPD2	6610	ENSG00000135587	SMPD2
Gene::64780	MICAL1	64780	ENSG00000135596	MICAL1
Gene::85021	REPS1	85021	ENSG00000135597	REPS1
Gene::8676	STX11	8676	ENSG00000135604	STX11
Gene::7006	TEC	7006	ENSG00000135605	TEC
Gene::84279	PRADC1	84279	ENSG00000135617	PRADC1
Gene::10505	SEMA4F	10505	ENSG00000135622	SEMA4F
Gene::10574	CCT7	10574	ENSG00000135624	CCT7
Gene::1961	EGR4	1961	ENSG00000135625	EGR4
Gene::26056	RAB11FIP5	26056	ENSG00000135631	RAB11FIP5
Gene::10322	SMYD5	10322	ENSG00000135632	SMYD5
Gene::8291	DYSF	8291	ENSG00000135636	DYSF
Gene::84865	CCDC142	84865	ENSG00000135637	CCDC142
Gene::2016	EMX1	2016	ENSG00000135638	EMX1
Gene::27345	KCNMB4	27345	ENSG00000135643	KCNMB4
Gene::9958	USP15	9958	ENSG00000135655	USP15
Gene::2799	GNS	2799	ENSG00000135677	GNS
Gene::1368	CPM	1368	ENSG00000135678	CPM
Gene::4193	MDM2	4193	ENSG00000135679	MDM2
Gene::79786	KLHL36	79786	ENSG00000135686	KLHL36
Gene::53630	BCO1	53630	ENSG00000135697	BCO1
Gene::10200	MPHOSPH6	10200	ENSG00000135698	MPHOSPH6
Gene::23563	CHST5	23563	ENSG00000135702	CHST5
Gene::9764	KIAA0513	9764	ENSG00000135709	KIAA0513
Gene::1783	DYNC1LI2	1783	ENSG00000135720	DYNC1LI2
Gene::55336	FBXL8	55336	ENSG00000135722	FBXL8
Gene::29109	FHOD1	29109	ENSG00000135723	FHOD1
Gene::92922	CCDC102A	92922	ENSG00000135736	CCDC102A
Gene::6553	SLC9A5	6553	ENSG00000135740	SLC9A5
Gene::183	AGT	183	ENSG00000135744	AGT
Gene::80003	PCNXL2	80003	ENSG00000135749	PCNX2
Gene::3775	KCNK1	3775	ENSG00000135750	KCNK1
Gene::9816	URB2	9816	ENSG00000135763	URB2
Gene::54583	EGLN1	54583	ENSG00000135766	EGLN1
Gene::10753	CAPN9	10753	ENSG00000135773	CAPN9
Gene::22796	COG2	22796	ENSG00000135775	COG2
Gene::23456	ABCB10	23456	ENSG00000135776	ABCB10
Gene::84284	NTPCR	84284	ENSG00000135778	NTPCR
Gene::27097	TAF5L	27097	ENSG00000135801	TAF5L
Gene::2752	GLUL	2752	ENSG00000135821	GLUL
Gene::10228	STX6	10228	ENSG00000135823	STX6
Gene::85397	RGS8	85397	ENSG00000135824	RGS8
Gene::6041	RNASEL	6041	ENSG00000135828	RNASEL
Gene::1660	DHX9	1660	ENSG00000135829	DHX9
Gene::57710	KIAA1614	57710	ENSG00000135835	KIAA1614
Gene::9857	CEP350	9857	ENSG00000135837	CEP350
Gene::80896	NPL	80896	ENSG00000135838	NPL
Gene::116496	FAM129A	116496	ENSG00000135842	NIBAN1
Gene::5279	PIGC	5279	ENSG00000135845	PIGC
Gene::3915	LAMC1	3915	ENSG00000135862	LAMC1
Gene::149041	RC3H1	149041	ENSG00000135870	RC3H1
Gene::9290	GPR55	9290	ENSG00000135898	GPR55
Gene::3431	SP110	3431	ENSG00000135899	SP110
Gene::65080	MRPL44	65080	ENSG00000135900	MRPL44
Gene::1144	CHRND	1144	ENSG00000135902	CHRND
Gene::5077	PAX3	5077	ENSG00000135903	PAX3
Gene::55619	DOCK10	55619	ENSG00000135905	DOCK10
Gene::9654	TTLL4	9654	ENSG00000135912	TTLL4
Gene::57695	USP37	57695	ENSG00000135913	USP37
Gene::3357	HTR2B	3357	ENSG00000135914	HTR2B
Gene::81618	ITM2C	81618	ENSG00000135916	ITM2C
Gene::80704	SLC19A3	80704	ENSG00000135917	SLC19A3
Gene::5270	SERPINE2	5270	ENSG00000135919	SERPINE2
Gene::3300	DNAJB2	3300	ENSG00000135924	DNAJB2
Gene::80326	WNT10A	80326	ENSG00000135925	WNT10A
Gene::64114	TMBIM1	64114	ENSG00000135926	TMBIM1
Gene::1593	CYP27A1	1593	ENSG00000135929	CYP27A1
Gene::9470	EIF4E2	9470	ENSG00000135930	EIF4E2
Gene::80210	ARMC9	80210	ENSG00000135931	ARMC9
Gene::51719	CAB39	51719	ENSG00000135932	CAB39
Gene::1329	COX5B	1329	ENSG00000135940	COX5B
Gene::51455	REV1	51455	ENSG00000135945	REV1
Gene::80705	TSGA10	80705	ENSG00000135951	TSGA10
Gene::84804	MFSD9	84804	ENSG00000135953	SLC67A2
Gene::55654	TMEM127	55654	ENSG00000135956	TMEM127
Gene::10913	EDAR	10913	ENSG00000135960	EDAR
Gene::9392	TGFBRAP1	9392	ENSG00000135966	TGFBRAP1
Gene::9648	GCC2	9648	ENSG00000135968	GCC2
Gene::64965	MRPS9	64965	ENSG00000135972	MRPS9
Gene::11250	GPR45	11250	ENSG00000135973	GPR45
Gene::79074	C2orf49	79074	ENSG00000135974	TSLIG2
Gene::375248	ANKRD36	375248	ENSG00000135976	ANKRD36
Gene::26122	EPC2	26122	ENSG00000135999	EPC2
Gene::50649	ARHGEF4	50649	ENSG00000136002	ARHGEF4
Gene::23479	ISCU	23479	ENSG00000136003	ISCU
Gene::160428	ALDH1L2	160428	ENSG00000136010	ALDH1L2
Gene::55576	STAB2	55576	ENSG00000136011	STAB2
Gene::84101	USP44	84101	ENSG00000136014	USP44
Gene::55681	SCYL2	55681	ENSG00000136021	SCYL2
Gene::10970	CKAP4	10970	ENSG00000136026	CKAP4
Gene::10154	PLXNC1	10154	ENSG00000136040	PLXNC1
Gene::55198	APPL2	55198	ENSG00000136044	APPL2
Gene::11137	PWP1	11137	ENSG00000136045	PWP1
Gene::55332	DRAM1	55332	ENSG00000136048	DRAM1
Gene::23325	KIAA1033	23325	ENSG00000136051	WASHC4
Gene::84102	SLC41A2	84102	ENSG00000136052	SLC41A2
Gene::50853	VILL	50853	ENSG00000136059	VILL
Gene::2317	FLNB	2317	ENSG00000136068	FLNB
Gene::4752	NEK3	4752	ENSG00000136098	NEK3
Gene::5100	PCDH8	5100	ENSG00000136099	PCDH8
Gene::51028	VPS36	51028	ENSG00000136100	VPS36
Gene::79621	RNASEH2B	79621	ENSG00000136104	RNASEH2B
Gene::26586	CKAP2	26586	ENSG00000136108	CKAP2
Gene::11061	LECT1	11061	ENSG00000136110	CNMD
Gene::9882	TBC1D4	9882	ENSG00000136111	TBC1D4
Gene::55901	THSD1	55901	ENSG00000136114	THSD1
Gene::79866	BORA	79866	ENSG00000136122	BORA
Gene::23143	LRCH1	23143	ENSG00000136141	LRCH1
Gene::8803	SUCLA2	8803	ENSG00000136143	SUCLA2
Gene::55213	RCBTB1	55213	ENSG00000136144	RCBTB1
Gene::29079	MED4	29079	ENSG00000136146	MED4
Gene::51131	PHF11	51131	ENSG00000136147	PHF11
Gene::83548	COG3	83548	ENSG00000136152	COG3
Gene::4008	LMO7	4008	ENSG00000136153	LMO7
Gene::8796	SCEL	8796	ENSG00000136155	SCEL
Gene::9445	ITM2B	9445	ENSG00000136156	ITM2B
Gene::10253	SPRY2	10253	ENSG00000136158	SPRY2
Gene::55270	NUDT15	55270	ENSG00000136159	NUDT15
Gene::1910	EDNRB	1910	ENSG00000136160	EDNRB
Gene::1102	RCBTB2	1102	ENSG00000136161	RCBTB2
Gene::3936	LCP1	3936	ENSG00000136167	LCP1
Gene::83852	SETDB2	83852	ENSG00000136169	SETDB2
Gene::9805	SCRN1	9805	ENSG00000136193	SCRN1
Gene::79020	C7orf25	79020	ENSG00000136197	C7orf25
Gene::64759	TNS3	64759	ENSG00000136205	TNS3
Gene::285955	SPDYE1	285955	ENSG00000136206	SPDYE1
Gene::55501	CHST12	55501	ENSG00000136213	CHST12
Gene::10643	IGF2BP3	10643	ENSG00000136231	IGF2BP3
Gene::10457	GPNMB	10457	ENSG00000136235	GPNMB
Gene::9771	RAPGEF5	9771	ENSG00000136237	RAPGEF5
Gene::5879	RAC1	5879	ENSG00000136238	RAC1
Gene::11014	KDELR2	11014	ENSG00000136240	KDELR2
Gene::11097	NUPL2	11097	ENSG00000136243	NUP42
Gene::3569	IL6	3569	ENSG00000136244	IL6
Gene::55146	ZDHHC4	55146	ENSG00000136247	ZDHHC4
Gene::313	AOAH	313	ENSG00000136250	AOAH
Gene::28969	BZW2	28969	ENSG00000136261	BZW2
Gene::1607	DGKB	1607	ENSG00000136267	DGKB
Gene::9238	TBRG4	9238	ENSG00000136270	FASTKD4
Gene::54606	DDX56	54606	ENSG00000136271	DDX56
Gene::3364	HUS1	3364	ENSG00000136273	HUS1
Gene::23148	NACAD	23148	ENSG00000136274	NACAD
Gene::80099	C7orf69	80099	ENSG00000136275	PKD1L1-AS1
Gene::28988	DBNL	28988	ENSG00000136279	DBNL
Gene::83605	CCM2	83605	ENSG00000136280	CCM2
Gene::64005	MYO1G	64005	ENSG00000136286	MYO1G
Gene::80727	TTYH3	80727	ENSG00000136295	TTYH3
Gene::221938	MMD2	221938	ENSG00000136297	MMD2
Gene::27141	CIDEB	27141	ENSG00000136305	CIDEB
Gene::91875	TTC5	91875	ENSG00000136319	TTC5
Gene::26257	NKX2-8	26257	ENSG00000136327	NKX2-8
Gene::7080	NKX2-1	7080	ENSG00000136352	NKX2-1
Gene::85446	ZFHX2	85446	ENSG00000136367	ZFHX2
Gene::10588	MTHFS	10588	ENSG00000136371	MTHFS
Gene::11173	ADAMTS7	11173	ENSG00000136378	ADAMTS7
Gene::58489	ABHD17C	58489	ENSG00000136379	ABHD17C
Gene::3658	IREB2	3658	ENSG00000136381	IREB2
Gene::57538	ALPK3	57538	ENSG00000136383	ALPK3
Gene::53346	TM6SF1	53346	ENSG00000136404	TM6SF1
Gene::10518	CIB2	10518	ENSG00000136425	CIB2
Gene::10241	CALCOCO2	10241	ENSG00000136436	CALCOCO2
Gene::55316	RSAD1	55316	ENSG00000136444	RSAD1
Gene::4836	NMT1	4836	ENSG00000136448	NMT1
Gene::84073	MYCBPAP	84073	ENSG00000136449	MYCBPAP
Gene::6426	SRSF1	6426	ENSG00000136450	SRSF1
Gene::7716	VEZF1	7716	ENSG00000136451	VEZF1
Gene::1101	CHAD	1101	ENSG00000136457	CHAD
Gene::51204	TACO1	51204	ENSG00000136463	TACO1
Gene::55852	TEX2	55852	ENSG00000136478	TEX2
Gene::10238	DCAF7	10238	ENSG00000136485	DCAF7
Gene::2689	GH2	2689	ENSG00000136487	GH2
Gene::1442	CSH1	1442	ENSG00000136488	CSH1
Gene::80774	LIMD2	80774	ENSG00000136490	LIMD2
Gene::83990	BRIP1	83990	ENSG00000136492	BRIP1
Gene::11143	KAT7	11143	ENSG00000136504	KAT7
Gene::64108	RTP4	64108	ENSG00000136514	RTP4
Gene::86	ACTL6A	86	ENSG00000136518	ACTL6A
Gene::4711	NDUFB5	4711	ENSG00000136521	NDUFB5
Gene::57129	MRPL47	57129	ENSG00000136522	MRPL47
Gene::6434	TRA2B	6434	ENSG00000136527	TRA2B
Gene::6326	SCN2A	6326	ENSG00000136531	SCN2A
Gene::10716	TBR1	10716	ENSG00000136535	TBR1
Gene::64844	MARCH7	64844	ENSG00000136536	MARCHF7
Gene::57471	ERMN	57471	ENSG00000136541	ERMN
Gene::11227	GALNT5	11227	ENSG00000136542	GALNT5
Gene::6332	SCN7A	6332	ENSG00000136546	SCN7A
Gene::10010	TANK	10010	ENSG00000136560	TANK
Gene::640	BLK	640	ENSG00000136573	BLK
Gene::2626	GATA4	2626	ENSG00000136574	GATA4
Gene::6498	SKIL	6498	ENSG00000136603	SKIL
Gene::2058	EPRS	2058	ENSG00000136628	EPRS1
Gene::3142	HLX	3142	ENSG00000136630	HLX
Gene::11311	VPS45	11311	ENSG00000136631	VPS45
Gene::3586	IL10	3586	ENSG00000136634	IL10
Gene::51133	KCTD3	51133	ENSG00000136636	KCTD3
Gene::26750	RPS6KC1	26750	ENSG00000136643	RPS6KC1
Gene::150472	CBWD2	150472	ENSG00000136682	ZNG1B
Gene::56300	IL36G	56300	ENSG00000136688	IL36G
Gene::3557	IL1RN	3557	ENSG00000136689	IL1RN
Gene::27179	IL36A	27179	ENSG00000136694	IL36A
Gene::26525	IL36RN	26525	ENSG00000136695	IL36RN
Gene::27177	IL36B	27177	ENSG00000136696	IL36B
Gene::84639	IL1F10	84639	ENSG00000136697	IL38
Gene::55997	CFC1	55997	ENSG00000136698	CFC1
Gene::55627	SMPD4	55627	ENSG00000136699	SMPD4
Gene::55339	WDR33	55339	ENSG00000136709	WDR33
Gene::84317	CCDC115	84317	ENSG00000136710	VMA22
Gene::79595	SAP130	79595	ENSG00000136715	SAP130
Gene::274	BIN1	274	ENSG00000136717	BIN1
Gene::92856	IMP4	92856	ENSG00000136718	IMP4
Gene::9394	HS6ST1	9394	ENSG00000136720	HS6ST1
Gene::56886	UGGT1	56886	ENSG00000136731	UGGT1
Gene::2995	GYPC	2995	ENSG00000136732	GYPC
Gene::8027	STAM	8027	ENSG00000136738	STAM
Gene::2572	GAD2	2572	ENSG00000136750	GAD2
Gene::10006	ABI1	10006	ENSG00000136754	ABI1
Gene::10730	YME1L1	10730	ENSG00000136758	YME1L1
Gene::64215	DNAJC1	64215	ENSG00000136770	DNAJC1
Gene::25934	NIPSNAP3A	25934	ENSG00000136783	NIPSNAP3A
Gene::56262	LRRC8A	56262	ENSG00000136802	LRRC8A
Gene::1025	CDK9	1025	ENSG00000136807	CDK9
Gene::7295	TXN	7295	ENSG00000136810	TXN
Gene::4957	ODF2	4957	ENSG00000136811	ODF2
Gene::23392	KIAA0368	23392	ENSG00000136813	ECPAS
Gene::27348	TOR1B	27348	ENSG00000136816	TOR1B
Gene::51759	C9orf78	51759	ENSG00000136819	C9orf78
Gene::10592	SMC2	10592	ENSG00000136824	SMC2
Gene::9314	KLF4	9314	ENSG00000136826	KLF4
Gene::1861	TOR1A	1861	ENSG00000136827	TOR1A
Gene::9649	RALGPS1	9649	ENSG00000136828	RALGPS1
Gene::64855	FAM129B	64855	ENSG00000136830	NIBAN2
Gene::347168	OR1J1	347168	ENSG00000136834	OR1J1
Gene::286362	OR13C9	286362	ENSG00000136839	OR13C9
Gene::27090	ST6GALNAC4	27090	ENSG00000136840	ST6GALNAC4
Gene::7111	TMOD1	7111	ENSG00000136842	TMOD1
Gene::153090	DAB2IP	153090	ENSG00000136848	DAB2IP
Gene::6812	STXBP1	6812	ENSG00000136854	STXBP1
Gene::29988	SLC2A8	29988	ENSG00000136856	SLC2A8
Gene::23452	ANGPTL2	23452	ENSG00000136859	ANGPTL2
Gene::55755	CDK5RAP2	55755	ENSG00000136861	CDK5RAP2
Gene::7539	ZFP37	7539	ENSG00000136866	ZFP37
Gene::1318	SLC31A2	1318	ENSG00000136867	SLC31A2
Gene::1317	SLC31A1	1317	ENSG00000136868	SLC31A1
Gene::7099	TLR4	7099	ENSG00000136869	TLR4
Gene::7743	ZNF189	7743	ENSG00000136870	ZNF189
Gene::229	ALDOB	229	ENSG00000136872	ALDOB
Gene::55014	STX17	55014	ENSG00000136874	STX17
Gene::9128	PRPF4	9128	ENSG00000136875	PRPF4
Gene::2356	FPGS	2356	ENSG00000136877	FPGS
Gene::10868	USP20	10868	ENSG00000136878	USP20
Gene::570	BAAT	570	ENSG00000136881	BAAT
Gene::113220	KIF12	113220	ENSG00000136883	KIF12
Gene::9550	ATP6V1G1	9550	ENSG00000136888	ATP6V1G1
Gene::54881	TEX10	54881	ENSG00000136891	TEX10
Gene::84253	GARNL3	84253	ENSG00000136895	GARNL3
Gene::54534	MRPL50	54534	ENSG00000136897	MRPL50
Gene::8818	DPM2	8818	ENSG00000136908	DPM2
Gene::401551	WDR38	401551	ENSG00000136918	WDR38
Gene::158427	TSTD2	158427	ENSG00000136925	TSTD2
Gene::9568	GABBR2	9568	ENSG00000136928	GABBR2
Gene::55363	HEMGN	55363	ENSG00000136929	HEMGN
Gene::5695	PSMB7	5695	ENSG00000136930	PSMB7
Gene::2516	NR5A1	2516	ENSG00000136931	NR5A1
Gene::51531	C9orf156	51531	ENSG00000136932	TRMO
Gene::10244	RABEPK	10244	ENSG00000136933	RABEPK
Gene::2800	GOLGA1	2800	ENSG00000136935	GOLGA1
Gene::7507	XPA	7507	ENSG00000136936	XPA
Gene::4686	NCBP1	4686	ENSG00000136937	NCBP1
Gene::10541	ANP32B	10541	ENSG00000136938	ANP32B
Gene::254973	OR1L4	254973	ENSG00000136939	OR1L4
Gene::5082	PDCL	5082	ENSG00000136940	PDCL
Gene::11224	RPL35	11224	ENSG00000136942	RPL35
Gene::1515	CTSV	1515	ENSG00000136943	CTSV
Gene::4010	LMX1B	4010	ENSG00000136944	LMX1B
Gene::81873	ARPC5L	81873	ENSG00000136950	ARPC5L
Gene::5168	ENPP2	5168	ENSG00000136960	ENPP2
Gene::79075	DSCC1	79075	ENSG00000136982	DSCC1
Gene::79139	DERL1	79139	ENSG00000136986	DERL1
Gene::4609	MYC	4609	ENSG00000136997	MYC
Gene::4856	NOV	4856	ENSG00000136999	CCN3
Gene::90865	IL33	90865	ENSG00000137033	IL33
Gene::90871	TMEM261	90871	ENSG00000137038	DMAC1
Gene::26953	RANBP6	26953	ENSG00000137040	RANBP6
Gene::64425	POLR1E	64425	ENSG00000137054	POLR1E
Gene::9373	PLAA	9373	ENSG00000137055	PLAA
Gene::3590	IL11RA	3590	ENSG00000137070	IL11RA
Gene::55833	UBAP2	55833	ENSG00000137073	UBAP2
Gene::54840	APTX	54840	ENSG00000137074	APTX
Gene::152006	RNF38	152006	ENSG00000137075	RNF38
Gene::7094	TLN1	7094	ENSG00000137076	TLN1
Gene::6366	CCL21	6366	ENSG00000137077	CCL21
Gene::27240	SIT1	27240	ENSG00000137078	SIT1
Gene::3452	IFNA21	3452	ENSG00000137080	IFNA21
Gene::1761	DMRT1	1761	ENSG00000137090	DMRT1
Gene::25822	DNAJB5	25822	ENSG00000137094	DNAJB5
Gene::26206	SPAG8	26206	ENSG00000137098	SPAG8
Gene::11258	DCTN3	11258	ENSG00000137100	DCTN3
Gene::971	CD72	971	ENSG00000137101	CD72
Gene::51754	TMEM8B	51754	ENSG00000137103	TMEM8B
Gene::9380	GRHPR	9380	ENSG00000137106	GRHPR
Gene::219	ALDH1B1	219	ENSG00000137124	ALDH1B1
Gene::84681	HINT2	84681	ENSG00000137133	HINT2
Gene::84904	ARHGEF39	84904	ENSG00000137135	ARHGEF39
Gene::347252	IGFBPL1	347252	ENSG00000137142	IGFBPL1
Gene::55667	DENND4C	55667	ENSG00000137145	DENND4C
Gene::6194	RPS6	6194	ENSG00000137154	RPS6
Gene::10695	CNPY3	10695	ENSG00000137161	CNPY3
Gene::116113	FOXP4	116113	ENSG00000137166	FOXP4
Gene::51645	PPIL1	51645	ENSG00000137168	PPIL1
Gene::89953	KLC4	89953	ENSG00000137171	KLC4
Gene::63971	KIF13A	63971	ENSG00000137177	KIF13A
Gene::7746	ZSCAN9	7746	ENSG00000137185	ZSCAN9
Gene::5292	PIM1	5292	ENSG00000137193	PIM1
Gene::2766	GMPR	2766	ENSG00000137198	GMPR
Gene::23070	CMTR1	23070	ENSG00000137200	CMTR1
Gene::7020	TFAP2A	7020	ENSG00000137203	TFAP2A
Gene::10864	SLC22A7	10864	ENSG00000137204	SLC22A7
Gene::25844	YIPF3	25844	ENSG00000137207	YIPF3
Gene::81853	TMEM14B	81853	ENSG00000137210	TMEM14B
Gene::55362	TMEM63B	55362	ENSG00000137216	TMEM63B
Gene::10817	FRS3	10817	ENSG00000137218	FRS3
Gene::93643	TJAP1	93643	ENSG00000137221	TJAP1
Gene::11131	CAPN11	11131	ENSG00000137225	CAPN11
Gene::27283	TINAG	27283	ENSG00000137251	TINAG
Gene::3062	HCRTR2	3062	ENSG00000137252	HCRTR2
Gene::9856	KIAA0319	9856	ENSG00000137261	KIAA0319
Gene::3662	IRF4	3662	ENSG00000137265	IRF4
Gene::63027	SLC22A23	63027	ENSG00000137266	SLC22A23
Gene::7280	TUBB2A	7280	ENSG00000137267	TUBB2A
Gene::55227	LRRC1	55227	ENSG00000137269	LRRC1
Gene::8521	GCM1	8521	ENSG00000137270	GCM1
Gene::2295	FOXF2	2295	ENSG00000137273	FOXF2
Gene::670	BPHL	670	ENSG00000137274	BPHL
Gene::8737	RIPK1	8737	ENSG00000137275	RIPK1
Gene::347733	TUBB2B	347733	ENSG00000137285	TUBB2B
Gene::84300	UQCC2	84300	ENSG00000137288	UQCC2
Gene::3159	HMGA1	3159	ENSG00000137309	HMGA1
Gene::6941	TCF19	6941	ENSG00000137310	TCF19
Gene::10211	FLOT1	10211	ENSG00000137312	FLOT1
Gene::8870	IER3	8870	ENSG00000137331	IER3
Gene::9656	MDC1	9656	ENSG00000137337	MDC1
Gene::84547	PGBD1	84547	ENSG00000137338	PGBD1
Gene::79969	ATAT1	79969	ENSG00000137343	ATAT1
Gene::7172	TPMT	7172	ENSG00000137364	TPMT
Gene::1208	CLPS	1208	ENSG00000137392	CLPS
Gene::255488	RNF144B	255488	ENSG00000137393	RNF144B
Gene::11270	NRM	11270	ENSG00000137404	NRM
Gene::23787	MTCH1	23787	ENSG00000137409	MTCH1
Gene::57176	VARS2	57176	ENSG00000137411	VARS2
Gene::129685	TAF8	129685	ENSG00000137413	TAF8
Gene::51439	FAM8A1	51439	ENSG00000137414	FAM8A1
Gene::347744	C6orf52	347744	ENSG00000137434	C6orf52
Gene::9982	FGFBP1	9982	ENSG00000137440	FGFBP1
Gene::83888	FGFBP2	83888	ENSG00000137441	FGFBP2
Gene::132864	CPEB2	132864	ENSG00000137449	CPEB2
Gene::85462	FHDC1	85462	ENSG00000137460	FHDC1
Gene::7097	TLR2	7097	ENSG00000137462	TLR2
Gene::84709	MGARP	84709	ENSG00000137463	MGARP
Gene::83894	TTC29	83894	ENSG00000137473	TTC29
Gene::4647	MYO7A	4647	ENSG00000137474	MYO7A
Gene::9873	FCHSD2	9873	ENSG00000137478	FCHSD2
Gene::408	ARRB1	408	ENSG00000137486	ARRB1
Gene::11309	SLCO2B1	11309	ENSG00000137491	SLCO2B1
Gene::5612	PRKRIR	5612	ENSG00000137492	THAP12
Gene::338699	ANKRD42	338699	ENSG00000137494	ANKRD42
Gene::10068	IL18BP	10068	ENSG00000137496	IL18BP
Gene::4926	NUMA1	4926	ENSG00000137497	NUMA1
Gene::60492	CCDC90B	60492	ENSG00000137500	CCDC90B
Gene::54843	SYTL2	54843	ENSG00000137501	SYTL2
Gene::27314	RAB30	27314	ENSG00000137502	RAB30
Gene::58487	CREBZF	58487	ENSG00000137504	CREBZF
Gene::2615	LRRC32	2615	ENSG00000137507	LRRC32
Gene::5547	PRCP	5547	ENSG00000137509	PRCP
Gene::79731	NARS2	79731	ENSG00000137513	NARS2
Gene::55298	RNF121	55298	ENSG00000137522	RNF121
Gene::29088	MRPL15	29088	ENSG00000137547	MRPL15
Gene::51050	PI15	51050	ENSG00000137558	PI15
Gene::7274	TTPA	7274	ENSG00000137561	TTPA
Gene::8836	GGH	8836	ENSG00000137563	GGH
Gene::81796	SLCO5A1	81796	ENSG00000137571	SLCO5A1
Gene::23213	SULF1	23213	ENSG00000137573	SULF1
Gene::96764	TGS1	96764	ENSG00000137574	TGS1
Gene::6386	SDCBP	6386	ENSG00000137575	SDCBP
Gene::4750	NEK1	4750	ENSG00000137601	NEK1
Gene::55601	DDX60	55601	ENSG00000137628	DDX60
Gene::54827	NXPE4	54827	ENSG00000137634	NXPE4
Gene::6653	SORL1	6653	ENSG00000137642	SORL1
Gene::56649	TMPRSS4	56649	ENSG00000137648	TMPRSS4
Gene::84811	BUD13	84811	ENSG00000137656	BUD13
Gene::7225	TRPC6	7225	ENSG00000137672	TRPC6
Gene::4316	MMP7	4316	ENSG00000137673	MMP7
Gene::9313	MMP20	9313	ENSG00000137674	MMP20
Gene::64066	MMP27	64066	ENSG00000137675	MMP27
Gene::85016	C11orf70	85016	ENSG00000137691	CFAP300
Gene::84259	DCUN1D5	84259	ENSG00000137692	DCUN1D5
Gene::10413	YAP1	10413	ENSG00000137693	YAP1
Gene::23650	TRIM29	23650	ENSG00000137699	TRIM29
Gene::2542	SLC37A4	2542	ENSG00000137700	SLC37A4
Gene::54766	BTG4	54766	ENSG00000137707	BTG4
Gene::25833	POU2F3	25833	ENSG00000137709	POU2F3
Gene::5962	RDX	5962	ENSG00000137710	RDX
Gene::5519	PPP2R1B	5519	ENSG00000137713	PPP2R1B
Gene::2230	FDX1	2230	ENSG00000137714	FDX1
Gene::64776	C11orf1	64776	ENSG00000137720	CFAP68
Gene::53826	FXYD6	53826	ENSG00000137726	FXYD6
Gene::57569	ARHGAP20	57569	ENSG00000137727	ARHGAP20
Gene::486	FXYD2	486	ENSG00000137731	FXYD2
Gene::4322	MMP13	4322	ENSG00000137745	MMP13
Gene::84000	TMPRSS13	84000	ENSG00000137747	TMPRSS13
Gene::834	CASP1	834	ENSG00000137752	CASP1
Gene::838	CASP5	838	ENSG00000137757	CASP5
Gene::91801	ALKBH8	91801	ENSG00000137760	ALKBH8
Gene::5607	MAP2K5	5607	ENSG00000137764	MAP2K5
Gene::440279	UNC13C	440279	ENSG00000137766	UNC13C
Gene::58472	SQRDL	58472	ENSG00000137767	SQOR
Gene::51496	CTDSPL2	51496	ENSG00000137770	CTDSPL2
Gene::79811	SLTM	79811	ENSG00000137776	SLTM
Gene::7057	THBS1	7057	ENSG00000137801	THBS1
Gene::23005	MAPKBP1	23005	ENSG00000137802	MAPKBP1
Gene::51203	NUSAP1	51203	ENSG00000137804	NUSAP1
Gene::51103	NDUFAF1	51103	ENSG00000137806	NDUFAF1
Gene::9493	KIF23	9493	ENSG00000137807	KIF23
Gene::22801	ITGA11	22801	ENSG00000137809	ITGA11
Gene::57082	CASC5	57082	ENSG00000137812	KNL1
Gene::55142	HAUS2	55142	ENSG00000137814	HAUS2
Gene::23168	RTF1	23168	ENSG00000137815	RTF1
Gene::56965	PARP6	56965	ENSG00000137817	PARP6
Gene::6176	RPLP1	6176	ENSG00000137818	RPLP1
Gene::54852	PAQR5	54852	ENSG00000137819	PAQR5
Gene::54839	LRRC49	54839	ENSG00000137821	LRRC49
Gene::27229	TUBGCP4	27229	ENSG00000137822	TUBGCP4
Gene::55177	RMDN3	55177	ENSG00000137824	RMDN3
Gene::3706	ITPKA	3706	ENSG00000137825	ITPKA
Gene::55075	UACA	55075	ENSG00000137831	UACA
Gene::4091	SMAD6	4091	ENSG00000137834	SMAD6
Gene::5330	PLCB2	5330	ENSG00000137841	PLCB2
Gene::80021	TMEM62	80021	ENSG00000137842	TMEM62
Gene::56924	PAK6	56924	ENSG00000137843	PAK6
Gene::102	ADAM10	102	ENSG00000137845	ADAM10
Gene::53905	DUOX1	53905	ENSG00000137857	DUOX1
Gene::9153	SLC28A2	9153	ENSG00000137860	SLC28A2
Gene::64220	STRA6	64220	ENSG00000137868	STRA6
Gene::1588	CYP19A1	1588	ENSG00000137869	CYP19A1
Gene::54816	ZNF280D	54816	ENSG00000137871	ZNF280D
Gene::80031	SEMA6D	80031	ENSG00000137872	SEMA6D
Gene::10017	BCL2L10	10017	ENSG00000137875	BCL2L10
Gene::51187	RSL24D1	51187	ENSG00000137876	RSL24D1
Gene::51332	SPTBN5	51332	ENSG00000137877	SPTBN5
Gene::145781	GCOM1	145781	ENSG00000137878	GCOM1
Gene::2644	GCHFR	2644	ENSG00000137880	GCHFR
Gene::8412	BCAR3	8412	ENSG00000137936	BCAR3
Gene::79739	TTLL7	79739	ENSG00000137941	TTLL7
Gene::54874	FNBP1L	54874	ENSG00000137942	FNBP1L
Gene::56267	CCBL2	56267	ENSG00000137944	KYAT3
Gene::2959	GTF2B	2959	ENSG00000137947	GTF2B
Gene::676	BRDT	676	ENSG00000137948	BRDT
Gene::5876	RABGGTB	5876	ENSG00000137955	RABGGTB
Gene::10964	IFI44L	10964	ENSG00000137959	IFI44L
Gene::54810	GIPC2	54810	ENSG00000137960	GIPC2
Gene::9411	ARHGAP29	9411	ENSG00000137962	ARHGAP29
Gene::10561	IFI44	10561	ENSG00000137965	IFI44
Gene::204962	SLC44A5	204962	ENSG00000137968	SLC44A5
Gene::9635	CLCA2	9635	ENSG00000137975	CLCA2
Gene::58511	DNASE2B	58511	ENSG00000137976	DNASE2B
Gene::1629	DBT	1629	ENSG00000137992	DBT
Gene::8634	RTCA	8634	ENSG00000137996	RTCA
Gene::26160	IFT172	26160	ENSG00000138002	IFT172
Gene::85465	EPT1	85465	ENSG00000138018	SELENOI
Gene::10669	CGREF1	10669	ENSG00000138028	CGREF1
Gene::3032	HADHB	3032	ENSG00000138029	HADHB
Gene::3795	KHK	3795	ENSG00000138030	KHK
Gene::109	ADCY3	109	ENSG00000138031	ADCY3
Gene::5495	PPM1B	5495	ENSG00000138032	PPM1B
Gene::87178	PNPT1	87178	ENSG00000138035	PNPT1
Gene::51626	DYNC2LI1	51626	ENSG00000138036	DYNC2LI1
Gene::3973	LHCGR	3973	ENSG00000138039	LHCGR
Gene::80745	THUMPD2	80745	ENSG00000138050	THUMPD2
Gene::1545	CYP1B1	1545	ENSG00000138061	CYP1B1
Gene::391365	SULT6B1	391365	ENSG00000138068	SULT6B1
Gene::5861	RAB1A	5861	ENSG00000138069	RAB1A
Gene::10097	ACTR2	10097	ENSG00000138071	ACTR2
Gene::10113	PREB	10113	ENSG00000138073	PREB
Gene::8884	SLC5A6	8884	ENSG00000138074	SLC5A6
Gene::64240	ABCG5	64240	ENSG00000138075	ABCG5
Gene::9581	PREPL	9581	ENSG00000138078	PREPL
Gene::6519	SLC3A1	6519	ENSG00000138079	SLC3A1
Gene::11117	EMILIN1	11117	ENSG00000138080	EMILIN1
Gene::80204	FBXO11	80204	ENSG00000138081	FBXO11
Gene::6496	SIX3	6496	ENSG00000138083	SIX3
Gene::51374	ATRAID	51374	ENSG00000138085	ATRAID
Gene::79172	CENPO	79172	ENSG00000138092	CENPO
Gene::10128	LRPPRC	10128	ENSG00000138095	LRPPRC
Gene::57159	TRIM54	57159	ENSG00000138100	TRIM54
Gene::1838	DTNB	1838	ENSG00000138101	DTNB
Gene::10121	ACTR1A	10121	ENSG00000138107	ACTR1A
Gene::1559	CYP2C9	1559	ENSG00000138109	CYP2C9
Gene::79847	TMEM180	79847	ENSG00000138111	SLC68A1
Gene::1558	CYP2C8	1558	ENSG00000138115	CYP2C8
Gene::26509	MYOF	26509	ENSG00000138119	MYOF
Gene::84171	LOXL4	84171	ENSG00000138131	LOXL4
Gene::57559	STAMBPL1	57559	ENSG00000138134	STAMBPL1
Gene::9023	CH25H	9023	ENSG00000138135	CH25H
Gene::10660	LBX1	10660	ENSG00000138136	LBX1
Gene::84896	ATAD1	84896	ENSG00000138138	ATAD1
Gene::118663	BTBD16	118663	ENSG00000138152	BTBD16
Gene::3832	KIF11	3832	ENSG00000138160	KIF11
Gene::50624	CUZD1	50624	ENSG00000138161	CUZD1
Gene::10579	TACC2	10579	ENSG00000138162	TACC2
Gene::1847	DUSP5	1847	ENSG00000138166	DUSP5
Gene::51063	CALHM2	51063	ENSG00000138172	CALHM2
Gene::403	ARL3	403	ENSG00000138175	ARL3
Gene::55165	CEP55	55165	ENSG00000138180	CEP55
Gene::9585	KIF20B	9585	ENSG00000138182	KIF20B
Gene::953	ENTPD1	953	ENSG00000138185	ENTPD1
Gene::54536	EXOC6	54536	ENSG00000138190	EXOC6
Gene::51196	PLCE1	51196	ENSG00000138193	PLCE1
Gene::5950	RBP4	5950	ENSG00000138207	RBP4
Gene::51163	DBR1	51163	ENSG00000138231	DBR1
Gene::23317	DNAJC13	23317	ENSG00000138246	DNAJC13
Gene::53836	GPR87	53836	ENSG00000138271	GPR87
Gene::310	ANXA7	310	ENSG00000138279	ANXA7
Gene::317662	FAM149B1	317662	ENSG00000138286	FAM149B1
Gene::51008	ASCC1	51008	ENSG00000138303	ASCC1
Gene::84647	PLA2G12B	84647	ENSG00000138308	PLA2G12B
Gene::22891	ZNF365	22891	ENSG00000138311	ZNF365
Gene::170392	OIT3	170392	ENSG00000138315	OIT3
Gene::140766	ADAMTS14	140766	ENSG00000138316	ADAMTS14
Gene::6229	RPS24	6229	ENSG00000138326	RPS24
Gene::80312	TET1	80312	ENSG00000138336	TET1
Gene::1763	DNA2	1763	ENSG00000138346	DNA2
Gene::84665	MYPN	84665	ENSG00000138347	MYPN
Gene::316	AOX1	316	ENSG00000138356	AOX1
Gene::471	ATIC	471	ENSG00000138363	ATIC
Gene::50485	SMARCAL1	50485	ENSG00000138375	SMARCAL1
Gene::580	BARD1	580	ENSG00000138376	BARD1
Gene::6775	STAT4	6775	ENSG00000138378	STAT4
Gene::2660	MSTN	2660	ENSG00000138379	MSTN
Gene::79800	CARF	79800	ENSG00000138380	CARF
Gene::54529	ASNSD1	54529	ENSG00000138381	ASNSD1
Gene::29081	METTL5	29081	ENSG00000138382	METTL5
Gene::6741	SSB	6741	ENSG00000138385	SSB
Gene::4664	NAB1	4664	ENSG00000138386	NAB1
Gene::65061	CDK15	65061	ENSG00000138395	CDK15
Gene::9360	PPIG	9360	ENSG00000138398	PPIG
Gene::79675	FASTKD1	79675	ENSG00000138399	FASTKD1
Gene::130752	MDH1B	130752	ENSG00000138400	MDH1B
Gene::57520	HECW2	57520	ENSG00000138411	HECW2
Gene::3417	IDH1	3417	ENSG00000138413	IDH1
Gene::29789	OLA1	29789	ENSG00000138430	OLA1
Gene::9541	CIR1	9541	ENSG00000138433	CIRSR
Gene::6744	SSFA2	6744	ENSG00000138434	ITPRID2
Gene::1134	CHRNA1	1134	ENSG00000138435	CHRNA1
Gene::150864	FAM117B	150864	ENSG00000138439	FAM117B
Gene::55759	WDR12	55759	ENSG00000138442	WDR12
Gene::10152	ABI2	10152	ENSG00000138443	ABI2
Gene::3685	ITGAV	3685	ENSG00000138448	ITGAV
Gene::30061	SLC40A1	30061	ENSG00000138449	SLC40A1
Gene::55032	SLC35A5	55032	ENSG00000138459	SLC35A5
Gene::84925	DIRC2	84925	ENSG00000138463	SLC49A4
Gene::57337	SENP7	57337	ENSG00000138468	SENP7
Gene::9626	GUCA1C	9626	ENSG00000138472	GUCA1C
Gene::84692	CCDC54	84692	ENSG00000138483	CCDC54
Gene::10063	COX17	10063	ENSG00000138495	COX17
Gene::83666	PARP9	83666	ENSG00000138496	PARP9
Gene::55329	MNS1	55329	ENSG00000138587	MNS1
Gene::9101	USP8	9101	ENSG00000138592	USP8
Gene::9728	SECISBP2L	9728	ENSG00000138593	SECISBP2L
Gene::29766	TMOD3	29766	ENSG00000138594	TMOD3
Gene::84888	SPPL2A	84888	ENSG00000138600	SPPL2A
Gene::26035	GLCE	26035	ENSG00000138604	GLCE
Gene::90525	SHF	90525	ENSG00000138606	SHF
Gene::83464	APH1B	83464	ENSG00000138613	APH1B
Gene::81556	VWA9	81556	ENSG00000138614	INTS14
Gene::8483	CILP	8483	ENSG00000138615	CILP
Gene::54956	PARP16	54956	ENSG00000138617	PARP16
Gene::60490	PPCDC	60490	ENSG00000138621	PPCDC
Gene::10021	HCN4	10021	ENSG00000138622	HCN4
Gene::8482	SEMA7A	8482	ENSG00000138623	SEMA7A
Gene::84993	UBL7	84993	ENSG00000138629	UBL7
Gene::83478	ARHGAP24	83478	ENSG00000138639	ARHGAP24
Gene::10144	FAM13A	10144	ENSG00000138640	FAM13A
Gene::8916	HERC3	8916	ENSG00000138641	HERC3
Gene::55008	HERC6	55008	ENSG00000138642	HERC6
Gene::51191	HERC5	51191	ENSG00000138646	HERC5
Gene::57575	PCDH10	57575	ENSG00000138650	PCDH10
Gene::64579	NDST4	64579	ENSG00000138653	NDST4
Gene::55345	ZGRF1	55345	ENSG00000138658	ZGRF1
Gene::55435	AP1AR	55435	ENSG00000138660	AP1AR
Gene::51138	COPS4	51138	ENSG00000138663	COPS4
Gene::3184	HNRNPD	3184	ENSG00000138668	HNRNPD
Gene::5593	PRKG2	5593	ENSG00000138669	PRKG2
Gene::153020	RASGEF1B	153020	ENSG00000138670	RASGEF1B
Gene::22872	SEC31A	22872	ENSG00000138674	SEC31A
Gene::2250	FGF5	2250	ENSG00000138675	FGF5
Gene::84803	AGPAT9	84803	ENSG00000138678	GPAT3
Gene::59067	IL21	59067	ENSG00000138684	IL21
Gene::2247	FGF2	2247	ENSG00000138685	FGF2
Gene::55212	BBS7	55212	ENSG00000138686	BBS7
Gene::84162	KIAA1109	84162	ENSG00000138688	BLTP1
Gene::658	BMPR1B	658	ENSG00000138696	BMPR1B
Gene::5910	RAP1GDS1	5910	ENSG00000138698	RAP1GDS1
Gene::55132	LARP1B	55132	ENSG00000138709	LARP1B
Gene::22915	MMRN1	22915	ENSG00000138722	MMRN1
Gene::8654	PDE5A	8654	ENSG00000138735	PDE5A
Gene::11107	PRDM5	11107	ENSG00000138738	PRDM5
Gene::7222	TRPC3	7222	ENSG00000138741	TRPC3
Gene::27163	NAAA	27163	ENSG00000138744	NAAA
Gene::53371	NUP54	53371	ENSG00000138750	NUP54
Gene::4283	CXCL9	4283	ENSG00000138755	CXCL9
Gene::55589	BMP2K	55589	ENSG00000138756	BMP2K
Gene::9908	G3BP2	9908	ENSG00000138757	G3BP2
Gene::55752	SEPT11	55752	ENSG00000138758	SEPTIN11
Gene::80144	FRAS1	80144	ENSG00000138759	FRAS1
Gene::950	SCARB2	950	ENSG00000138760	SCARB2
Gene::901	CCNG2	901	ENSG00000138764	CCNG2
Gene::246175	CNOT6L	246175	ENSG00000138767	CNOT6L
Gene::8615	USO1	8615	ENSG00000138768	USO1
Gene::8999	CDKL2	8999	ENSG00000138769	CDKL2
Gene::57619	SHROOM3	57619	ENSG00000138771	SHROOM3
Gene::306	ANXA3	306	ENSG00000138772	ANXA3
Gene::27068	PPA2	27068	ENSG00000138777	PPA2
Gene::1062	CENPE	1062	ENSG00000138778	CENPE
Gene::79807	GSTCD	79807	ENSG00000138780	GSTCD
Gene::57117	INTS12	57117	ENSG00000138785	INTS12
Gene::2028	ENPEP	2028	ENSG00000138792	ENPEP
Gene::839	CASP6	839	ENSG00000138794	CASP6
Gene::51176	LEF1	51176	ENSG00000138795	LEF1
Gene::3033	HADH	3033	ENSG00000138796	HADH
Gene::1950	EGF	1950	ENSG00000138798	EGF
Gene::9061	PAPSS1	9061	ENSG00000138801	PAPSS1
Gene::10427	SEC24B	10427	ENSG00000138802	SEC24B
Gene::84103	C4orf17	84103	ENSG00000138813	C4orf17
Gene::5530	PPP3CA	5530	ENSG00000138814	PPP3CA
Gene::64116	SLC39A8	64116	ENSG00000138821	SLC39A8
Gene::4547	MTTP	4547	ENSG00000138823	MTTP
Gene::2201	FBN2	2201	ENSG00000138829	FBN2
Gene::23162	MAPK8IP3	23162	ENSG00000138834	MAPK8IP3
Gene::5998	RGS3	5998	ENSG00000138835	RGS3
Gene::83606	GUCD1	83606	ENSG00000138867	GUCD1
Gene::164714	TTLL8	164714	ENSG00000138892	TTLL8
Gene::91445	RNF185	91445	ENSG00000138942	RNF185
Gene::85352	KIAA1644	85352	ENSG00000138944	SHISAL1
Gene::64098	PARVG	64098	ENSG00000138964	PARVG
Gene::283358	B4GALNT3	283358	ENSG00000139044	B4GALNT3
Gene::5149	PDE6H	5149	ENSG00000139053	PDE6H
Gene::121506	ERP27	121506	ENSG00000139055	ERP27
Gene::2120	ETV6	2120	ENSG00000139083	ETV6
Gene::23710	GABARAPL1	23710	ENSG00000139112	GABARAPL1
Gene::55605	KIF21A	55605	ENSG00000139116	KIF21A
Gene::144402	CPNE8	144402	ENSG00000139117	CPNE8
Gene::51067	YARS2	51067	ENSG00000139131	YARS2
Gene::121512	FGD4	121512	ENSG00000139132	FGD4
Gene::84920	ALG10	84920	ENSG00000139133	ALG10
Gene::5288	PIK3C2G	5288	ENSG00000139144	PIK3C2G
Gene::58516	FAM60A	58516	ENSG00000139146	SINHCAF
Gene::89869	PLCZ1	89869	ENSG00000139151	PLCZ1
Gene::121536	AEBP2	121536	ENSG00000139154	AEBP2
Gene::53919	SLCO1C1	53919	ENSG00000139155	SLCO1C1
Gene::254013	METTL20	254013	ENSG00000139160	ETFBKMT
Gene::55500	ETNK1	55500	ENSG00000139163	ETNK1
Gene::85437	ZCRB1	85437	ENSG00000139168	ZCRB1
Gene::84216	TMEM117	84216	ENSG00000139173	TMEM117
Gene::144165	PRICKLE1	144165	ENSG00000139174	PRICKLE1
Gene::51279	C1RL	51279	ENSG00000139178	C1RL
Gene::4704	NDUFA9	4704	ENSG00000139180	NDUFA9
Gene::9746	CLSTN3	9746	ENSG00000139182	CLSTN3
Gene::10219	KLRG1	10219	ENSG00000139187	KLRG1
Gene::6843	VAMP1	6843	ENSG00000139190	VAMP1
Gene::55080	TAPBPL	55080	ENSG00000139192	TAPBPL
Gene::939	CD27	939	ENSG00000139193	CD27
Gene::83758	RBP5	83758	ENSG00000139194	RBP5
Gene::5830	PEX5	5830	ENSG00000139197	PEX5
Gene::196500	PIANP	196500	ENSG00000139200	PIANP
Gene::55089	SLC38A4	55089	ENSG00000139209	SLC38A4
Gene::347902	AMIGO2	347902	ENSG00000139211	AMIGO2
Gene::9169	SCAF11	9169	ENSG00000139218	SCAF11
Gene::1280	COL2A1	1280	ENSG00000139219	COL2A1
Gene::8499	PPFIA2	8499	ENSG00000139220	PPFIA2
Gene::23519	ANP32D	23519	ENSG00000139223	ANP32D
Gene::84298	LLPH	84298	ENSG00000139233	LLPH
Gene::121227	LRIG3	121227	ENSG00000139263	LRIG3
Gene::92979	MARCH9	92979	ENSG00000139266	MARCHF9
Gene::83729	INHBE	83729	ENSG00000139269	INHBE
Gene::11010	GLIPR1	11010	ENSG00000139278	GLIPR1
Gene::121278	TPH2	121278	ENSG00000139287	TPH2
Gene::22822	PHLDA1	22822	ENSG00000139289	PHLDA1
Gene::55266	TMEM19	55266	ENSG00000139291	FAABTP
Gene::8549	LGR5	8549	ENSG00000139292	LGR5
Gene::374462	PTPRQ	374462	ENSG00000139304	PTPRQ
Gene::1848	DUSP6	1848	ENSG00000139318	DUSP6
Gene::282809	POC1B	282809	ENSG00000139323	POC1B
Gene::160418	TMTC3	160418	ENSG00000139324	TMTC3
Gene::4060	LUM	4060	ENSG00000139329	LUM
Gene::11081	KERA	11081	ENSG00000139330	KERA
Gene::6636	SNRPF	6636	ENSG00000139343	SNRPF
Gene::144193	AMDHD1	144193	ENSG00000139344	AMDHD1
Gene::121441	NEDD1	121441	ENSG00000139350	NEDD1
Gene::50511	SYCP3	50511	ENSG00000139351	SYCP3
Gene::429	ASCL1	429	ENSG00000139352	ASCL1
Gene::283431	GAS2L3	283431	ENSG00000139354	GAS2L3
Gene::114795	TMEM132B	114795	ENSG00000139364	TMEM132B
Gene::121260	SLC15A4	121260	ENSG00000139370	SLC15A4
Gene::6996	TDG	6996	ENSG00000139372	TDG
Gene::84934	RITA1	84934	ENSG00000139405	RITA1
Gene::113675	SDSL	113675	ENSG00000139410	SDSL
Gene::326625	MMAB	326625	ENSG00000139428	MMAB
Gene::51228	GLTP	51228	ENSG00000139433	GLTP
Gene::9815	GIT2	9815	ENSG00000139436	GIT2
Gene::84260	TCHP	84260	ENSG00000139437	TCHP
Gene::84915	FAM222A	84915	ENSG00000139438	FAM222A
Gene::121643	FOXN4	121643	ENSG00000139445	FOXN4
Gene::9818	NUPL1	9818	ENSG00000139496	NUP58
Gene::9107	MTMR6	9107	ENSG00000139505	MTMR6
Gene::283537	SLC46A3	283537	ENSG00000139508	SLC46A3
Gene::6541	SLC7A1	6541	ENSG00000139514	SLC7A1
Gene::3651	PDX1	3651	ENSG00000139515	PDX1
Gene::222484	LNX2	222484	ENSG00000139517	LNX2
Gene::6821	SUOX	6821	ENSG00000139531	SUOX
Gene::85478	CCDC65	85478	ENSG00000139537	DRC2
Gene::283375	SLC39A5	283375	ENSG00000139540	SLC39A5
Gene::6895	TARBP2	6895	ENSG00000139546	TARBP2
Gene::8608	RDH16	8608	ENSG00000139547	RDH16
Gene::50846	DHH	50846	ENSG00000139549	DHH
Gene::94	ACVRL1	94	ENSG00000139567	ACVRL1
Gene::53831	GPR84	53831	ENSG00000139572	GPR84
Gene::8620	NPFF	8620	ENSG00000139574	NPFF
Gene::79035	NABP2	79035	ENSG00000139579	NABP2
Gene::90634	N4BP2L1	90634	ENSG00000139597	N4BP2L1
Gene::1990	CELA1	1990	ENSG00000139610	CELA1
Gene::6601	SMARCC2	6601	ENSG00000139613	SMARCC2
Gene::675	BRCA2	675	ENSG00000139618	BRCA2
Gene::54934	KANSL2	54934	ENSG00000139620	KANSL2
Gene::91012	CERS5	91012	ENSG00000139624	CERS5
Gene::7786	MAP3K12	7786	ENSG00000139625	MAP3K12
Gene::3695	ITGB7	3695	ENSG00000139626	ITGB7
Gene::11226	GALNT6	11226	ENSG00000139629	GALNT6
Gene::51380	CSAD	51380	ENSG00000139631	CSAD
Gene::55716	LMBR1L	55716	ENSG00000139636	LMBR1L
Gene::60314	C12orf10	60314	ENSG00000139637	MYG1
Gene::23344	ESYT1	23344	ENSG00000139641	ESYT1
Gene::7009	TMBIM6	7009	ENSG00000139644	TMBIM6
Gene::283373	ANKRD52	283373	ENSG00000139645	ANKRD52
Gene::112802	KRT71	112802	ENSG00000139648	KRT71
Gene::283337	ZNF740	283337	ENSG00000139651	ZNF740
Gene::79024	SMIM2	79024	ENSG00000139656	SMIM2
Gene::115825	WDFY2	115825	ENSG00000139668	WDFY2
Gene::144983	HNRNPA1L2	144983	ENSG00000139675	HNRNPA1L2
Gene::10161	LPAR6	10161	ENSG00000139679	LPAR6
Gene::2098	ESD	2098	ENSG00000139684	ESD
Gene::5925	RB1	5925	ENSG00000139687	RB1
Gene::55206	SBNO1	55206	ENSG00000139697	SBNO1
Gene::283385	MORN3	283385	ENSG00000139714	MORN3
Gene::23067	SETD1B	23067	ENSG00000139718	SETD1B
Gene::65082	VPS33A	65082	ENSG00000139719	VPS33A
Gene::79720	VPS37B	79720	ENSG00000139722	VPS37B
Gene::54509	RHOF	54509	ENSG00000139725	RHOF
Gene::8562	DENR	8562	ENSG00000139726	DENR
Gene::81624	DIAPH3	81624	ENSG00000139734	DIAPH3
Gene::122060	SLAIN1	122060	ENSG00000139737	SLAIN1
Gene::64062	RBM26	64062	ENSG00000139746	RBM26
Gene::84530	SRRM4	84530	ENSG00000139767	SRRM4
Gene::196541	METTL21C	196541	ENSG00000139780	METTL21C
Gene::10150	MBNL2	10150	ENSG00000139793	MBNL2
Gene::140432	RNF113B	140432	ENSG00000139797	RNF113B
Gene::85416	ZIC5	85416	ENSG00000139800	ZIC5
Gene::84945	ABHD13	84945	ENSG00000139826	ABHD13
Gene::55647	RAB20	55647	ENSG00000139832	RAB20
Gene::79774	GRTP1	79774	ENSG00000139835	GRTP1
Gene::8451	CUL4A	8451	ENSG00000139842	CUL4A
Gene::319089	TTC6	319089	ENSG00000139865	TTC6
Gene::6751	SSTR1	6751	ENSG00000139874	SSTR1
Gene::64403	CDH24	64403	ENSG00000139880	CDH24
Gene::161253	REM2	161253	ENSG00000139890	REM2
Gene::643866	CBLN3	643866	ENSG00000139899	CBLN3
Gene::283629	TSSK4	283629	ENSG00000139908	TSSK4
Gene::4857	NOVA1	4857	ENSG00000139910	NOVA1
Gene::161247	FITM1	161247	ENSG00000139914	FITM1
Gene::161357	MDGA2	161357	ENSG00000139915	MDGA2
Gene::81542	TMX1	81542	ENSG00000139921	TMX1
Gene::122786	FRMD6	122786	ENSG00000139926	FRMD6
Gene::57161	PELI2	57161	ENSG00000139946	PELI2
Gene::6252	RTN1	6252	ENSG00000139970	RTN1
Gene::145407	C14orf37	145407	ENSG00000139971	ARMH4
Gene::83851	SYT16	83851	ENSG00000139973	SYT16
Gene::145389	SLC38A6	145389	ENSG00000139974	SLC38A6
Gene::122830	NAA30	122830	ENSG00000139977	NAA30
Gene::8747	ADAM21	8747	ENSG00000139985	ADAM21
Gene::145226	RDH12	145226	ENSG00000139988	RDH12
Gene::8816	DCAF5	8816	ENSG00000139990	DCAF5
Gene::376267	RAB15	376267	ENSG00000139998	RAB15
Gene::112840	WDR89	112840	ENSG00000140006	WDR89
Gene::2100	ESR2	2100	ENSG00000140009	ESR2
Gene::27133	KCNH5	27133	ENSG00000140015	KCNH5
Gene::85439	STON2	85439	ENSG00000140022	STON2
Gene::90141	EFCAB11	90141	ENSG00000140025	EFCAB11
Gene::8477	GPR65	8477	ENSG00000140030	GPR65
Gene::145482	PTGR2	145482	ENSG00000140043	PTGR2
Gene::122953	JDP2	122953	ENSG00000140044	JDP2
Gene::122481	AK7	122481	ENSG00000140057	AK7
Gene::90050	FAM181A	90050	ENSG00000140067	FAM181A
Gene::123041	SLC24A4	123041	ENSG00000140090	SLC24A4
Gene::10516	FBLN5	10516	ENSG00000140092	FBLN5
Gene::51156	SERPINA10	51156	ENSG00000140093	SERPINA10
Gene::122616	C14orf79	122616	ENSG00000140104	CLBA1
Gene::7453	WARS	7453	ENSG00000140105	WARS1
Gene::283600	SLC25A47	283600	ENSG00000140107	SLC25A47
Gene::91833	WDR20	91833	ENSG00000140153	WDR20
Gene::81614	NIPA2	81614	ENSG00000140157	NIPA2
Gene::9990	SLC12A6	9990	ENSG00000140199	SLC12A6
Gene::90527	DUOXA1	90527	ENSG00000140254	DUOXA1
Gene::4236	MFAP1	4236	ENSG00000140259	MFAP1
Gene::6938	TCF12	6938	ENSG00000140262	TCF12
Gene::6652	SORD	6652	ENSG00000140263	SORD
Gene::10169	SERF2	10169	ENSG00000140264	SERF2
Gene::146050	ZSCAN29	146050	ENSG00000140265	ZSCAN29
Gene::405753	DUOXA2	405753	ENSG00000140274	DUOXA2
Gene::50506	DUOX2	50506	ENSG00000140279	DUOX2
Gene::256586	LYSMD2	256586	ENSG00000140280	LYSMD2
Gene::11001	SLC27A2	11001	ENSG00000140284	SLC27A2
Gene::2252	FGF7	2252	ENSG00000140285	FGF7
Gene::3067	HDC	3067	ENSG00000140287	HDC
Gene::9245	GCNT3	9245	ENSG00000140297	GCNT3
Gene::663	BNIP2	663	ENSG00000140299	BNIP2
Gene::2958	GTF2A2	2958	ENSG00000140307	GTF2A2
Gene::6727	SRP14	6727	ENSG00000140319	SRP14
Gene::22893	BAHD1	22893	ENSG00000140320	BAHD1
Gene::85455	DISP2	85455	ENSG00000140323	DISP2
Gene::146059	CDAN1	146059	ENSG00000140326	CDAN1
Gene::7090	TLE3	7090	ENSG00000140332	TLE3
Gene::8125	ANP32A	8125	ENSG00000140350	ANP32A
Gene::54939	COMMD4	54939	ENSG00000140365	COMMD4
Gene::92912	UBE2Q2	92912	ENSG00000140367	UBE2Q2
Gene::9051	PSTPIP1	9051	ENSG00000140368	PSTPIP1
Gene::2108	ETFA	2108	ENSG00000140374	ETFA
Gene::597	BCL2A1	597	ENSG00000140379	BCL2A1
Gene::10363	HMG20A	10363	ENSG00000140382	HMG20A
Gene::49855	SCAPER	49855	ENSG00000140386	SCAPER
Gene::10099	TSPAN3	10099	ENSG00000140391	TSPAN3
Gene::80349	WDR61	80349	ENSG00000140395	SKIC8
Gene::10499	NCOA2	10499	ENSG00000140396	NCOA2
Gene::79661	NEIL1	79661	ENSG00000140398	NEIL1
Gene::4123	MAN2C1	4123	ENSG00000140400	MAN2C1
Gene::55466	DNAJA4	55466	ENSG00000140403	DNAJA4
Gene::59274	MESDC1	59274	ENSG00000140406	TLNRD1
Gene::7168	TPM1	7168	ENSG00000140416	TPM1
Gene::3480	IGF1R	3480	ENSG00000140443	IGF1R
Gene::91947	ARRDC4	91947	ENSG00000140450	ARRDC4
Gene::80119	PIF1	80119	ENSG00000140451	PIF1
Gene::9960	USP3	9960	ENSG00000140455	USP3
Gene::1583	CYP11A1	1583	ENSG00000140459	CYP11A1
Gene::585	BBS4	585	ENSG00000140463	BBS4
Gene::5371	PML	5371	ENSG00000140464	PML
Gene::1543	CYP1A1	1543	ENSG00000140465	CYP1A1
Gene::170691	ADAMTS17	170691	ENSG00000140470	ADAMTS17
Gene::55180	LINS	55180	ENSG00000140471	LINS1
Gene::25989	ULK3	25989	ENSG00000140474	ULK3
Gene::653643	GOLGA6D	653643	ENSG00000140478	GOLGA6D
Gene::5046	PCSK6	5046	ENSG00000140479	PCSK6
Gene::80125	CCDC33	80125	ENSG00000140481	CCDC33
Gene::60677	CELF6	60677	ENSG00000140488	CELF6
Gene::10066	SCAMP2	10066	ENSG00000140497	SCAMP2
Gene::1544	CYP1A2	1544	ENSG00000140505	CYP1A2
Gene::79748	LMAN1L	79748	ENSG00000140506	LMAN1L
Gene::145864	HAPLN3	145864	ENSG00000140511	HAPLN3
Gene::51458	RHCG	51458	ENSG00000140519	RHCG
Gene::5428	POLG	5428	ENSG00000140521	POLG
Gene::6017	RLBP1	6017	ENSG00000140522	RLBP1
Gene::55215	FANCI	55215	ENSG00000140525	FANCI
Gene::11057	ABHD2	11057	ENSG00000140526	ABHD2
Gene::56964	WDR93	56964	ENSG00000140527	WDR93
Gene::90381	TICRR	90381	ENSG00000140534	TICRR
Gene::4916	NTRK3	4916	ENSG00000140538	NTRK3
Gene::55070	DET1	55070	ENSG00000140543	DET1
Gene::4240	MFGE8	4240	ENSG00000140545	MFGE8
Gene::374655	ZNF710	374655	ENSG00000140548	ZNF710
Gene::55898	UNC45A	55898	ENSG00000140553	UNC45A
Gene::8128	ST8SIA2	8128	ENSG00000140557	ST8SIA2
Gene::55784	MCTP2	55784	ENSG00000140563	MCTP2
Gene::5045	FURIN	5045	ENSG00000140564	FURIN
Gene::8826	IQGAP1	8826	ENSG00000140575	IQGAP1
Gene::64784	CRTC3	64784	ENSG00000140577	CRTC3
Gene::79631	EFTUD1	79631	ENSG00000140598	EFL1
Gene::6457	SH3GL3	6457	ENSG00000140600	SH3GL3
Gene::23478	SEC11A	23478	ENSG00000140612	SEC11A
Gene::124404	SEPT12	124404	ENSG00000140623	SEPTIN12
Gene::84656	GLYR1	84656	ENSG00000140632	GLYR1
Gene::5373	PMM2	5373	ENSG00000140650	PMM2
Gene::6524	SLC5A2	6524	ENSG00000140675	SLC5A2
Gene::3687	ITGAX	3687	ENSG00000140678	ITGAX
Gene::7041	TGFB1I1	7041	ENSG00000140682	TGFB1I1
Gene::64755	C16orf58	64755	ENSG00000140688	RUSF1
Gene::79798	ARMC5	79798	ENSG00000140691	ARMC5
Gene::5073	PARN	5073	ENSG00000140694	PARN
Gene::79068	FTO	79068	ENSG00000140718	FTO
Gene::7385	UQCRC2	7385	ENSG00000140740	UQCRC2
Gene::1039	CDR2	1039	ENSG00000140743	CDR2
Gene::10261	IGSF6	10261	ENSG00000140749	IGSF6
Gene::55114	ARHGAP17	55114	ENSG00000140750	ARHGAP17
Gene::91807	MYLK3	91807	ENSG00000140795	MYLK3
Gene::94160	ABCC12	94160	ENSG00000140798	ABCC12
Gene::85407	NKD1	85407	ENSG00000140807	NKD1
Gene::9785	DHX38	9785	ENSG00000140829	DHX38
Gene::54957	TXNL4B	54957	ENSG00000140830	TXNL4B
Gene::91862	MARVELD3	91862	ENSG00000140832	MARVELD3
Gene::10164	CHST4	10164	ENSG00000140835	CHST4
Gene::463	ZFHX3	463	ENSG00000140836	ZFHX3
Gene::497190	CLEC18B	497190	ENSG00000140839	CLEC18B
Gene::221184	CPNE2	221184	ENSG00000140848	CPNE2
Gene::84166	NLRC5	84166	ENSG00000140853	NLRC5
Gene::10300	KATNB1	10300	ENSG00000140854	KATNB1
Gene::3801	KIFC3	3801	ENSG00000140859	KIFC3
Gene::170692	ADAMTS18	170692	ENSG00000140873	ADAMTS18
Gene::283927	NUDT7	283927	ENSG00000140876	NUDT7
Gene::2653	GCSH	2653	ENSG00000140905	GCSH
Gene::123920	CMTM3	123920	ENSG00000140931	CMTM3
Gene::146225	CMTM2	146225	ENSG00000140932	CMTM2
Gene::1009	CDH11	1009	ENSG00000140937	CDH11
Gene::8996	NOL3	8996	ENSG00000140939	NOL3
Gene::81631	MAP1LC3B	81631	ENSG00000140941	MAP1LC3B
Gene::8720	MBTPS1	8720	ENSG00000140943	MBTPS1
Gene::1012	CDH13	1012	ENSG00000140945	CDH13
Gene::23174	ZCCHC14	23174	ENSG00000140948	ZCCHC14
Gene::57707	TLDC1	57707	ENSG00000140950	MEAK7
Gene::161931	ADAD2	161931	ENSG00000140955	ADAD2
Gene::29948	OSGIN1	29948	ENSG00000140961	OSGIN1
Gene::3394	IRF8	3394	ENSG00000140968	IRF8
Gene::89941	RHOT2	89941	ENSG00000140983	RHOT2
Gene::6123	RPL3L	6123	ENSG00000140986	RPL3L
Gene::54925	ZSCAN32	54925	ENSG00000140987	ZSCAN32
Gene::6187	RPS2	6187	ENSG00000140988	RPS2
Gene::4716	NDUFB10	4716	ENSG00000140990	NDUFB10
Gene::5170	PDPK1	5170	ENSG00000140992	PDPK1
Gene::91151	TIGD7	91151	ENSG00000140993	TIGD7
Gene::54849	DEF8	54849	ENSG00000140995	DEF8
Gene::22980	TCF25	22980	ENSG00000141002	TCF25
Gene::2588	GALNS	2588	ENSG00000141012	GALNS
Gene::2622	GAS8	2622	ENSG00000141013	DRC4
Gene::55090	MED9	55090	ENSG00000141026	MED9
Gene::9611	NCOR1	9611	ENSG00000141027	NCOR1
Gene::8533	COPS3	8533	ENSG00000141030	COPS3
Gene::79018	GID4	79018	ENSG00000141034	GID4
Gene::57336	ZNF287	57336	ENSG00000141040	ZNF287
Gene::93649	MYOCD	93649	ENSG00000141052	MYOCD
Gene::8844	KSR1	8844	ENSG00000141068	KSR1
Gene::84916	CIRH1A	84916	ENSG00000141076	UTP4
Gene::57610	RANBP10	57610	ENSG00000141084	RANBP10
Gene::1506	CTRL	1506	ENSG00000141086	CTRL
Gene::64180	DPEP3	64180	ENSG00000141096	DPEP3
Gene::81577	GFOD2	81577	ENSG00000141098	GFOD2
Gene::28987	NOB1	28987	ENSG00000141101	NOB1
Gene::5636	PRPSAP2	5636	ENSG00000141127	PRPSAP2
Gene::146862	UNC45B	146862	ENSG00000141161	UNC45B
Gene::58488	PCTP	58488	ENSG00000141179	PCTP
Gene::26689	OR4D1	26689	ENSG00000141194	OR4D1
Gene::10040	TOM1L1	10040	ENSG00000141198	TOM1L1
Gene::84643	KIF2B	84643	ENSG00000141200	KIF2B
Gene::55028	C17orf80	55028	ENSG00000141219	MTNAP1
Gene::10140	TOB1	10140	ENSG00000141232	TOB1
Gene::55275	VPS53	55275	ENSG00000141252	VPS53
Gene::84690	SPATA22	84690	ENSG00000141255	SPATA22
Gene::9905	SGSM2	9905	ENSG00000141258	SGSM2
Gene::9520	NPEPPS	9520	ENSG00000141279	NPEPPS
Gene::8631	SKAP1	8631	ENSG00000141293	SKAP1
Gene::90506	LRRC46	90506	ENSG00000141294	LRRC46
Gene::90507	SCRN2	90507	ENSG00000141295	SCRN2
Gene::85464	SSH2	85464	ENSG00000141298	SSH2
Gene::162494	RHBDL3	162494	ENSG00000141314	RHBDL3
Gene::124912	SPACA3	124912	ENSG00000141316	SPACA3
Gene::22901	ARSG	22901	ENSG00000141337	ARSG
Gene::10351	ABCA8	10351	ENSG00000141338	ABCA8
Gene::92579	G6PC3	92579	ENSG00000141349	G6PC3
Gene::1213	CLTC	1213	ENSG00000141367	CLTC
Gene::124773	C17orf64	124773	ENSG00000141371	CHCT1
Gene::54828	BCAS3	54828	ENSG00000141376	BCAS3
Gene::51651	PTRH2	51651	ENSG00000141378	PTRH2
Gene::6760	SS18	6760	ENSG00000141380	SS18
Gene::6875	TAF4B	6875	ENSG00000141384	TAF4B
Gene::10939	AFG3L2	10939	ENSG00000141385	AFG3L2
Gene::10650	SLMO1	10650	ENSG00000141391	PRELID3A
Gene::3613	IMPA2	3613	ENSG00000141401	IMPA2
Gene::2774	GNAL	2774	ENSG00000141404	GNAL
Gene::25800	SLC39A6	25800	ENSG00000141424	SLC39A6
Gene::55197	RPRD1A	55197	ENSG00000141425	RPRD1A
Gene::83608	C18orf21	83608	ENSG00000141428	RMP24
Gene::2589	GALNT1	2589	ENSG00000141429	GALNT1
Gene::80816	ASXL3	80816	ENSG00000141431	ASXL3
Gene::116	ADCYAP1	116	ENSG00000141433	ADCYAP1
Gene::4225	MEP1B	4225	ENSG00000141434	MEP1B
Gene::147407	SLC25A52	147407	ENSG00000141437	SLC25A52
Gene::64762	GAREM	64762	ENSG00000141441	GAREM1
Gene::114799	ESCO1	114799	ENSG00000141446	ESCO1
Gene::114876	OSBPL1A	114876	ENSG00000141447	OSBPL1A
Gene::2627	GATA6	2627	ENSG00000141448	GATA6
Gene::80000	GREB1L	80000	ENSG00000141449	GREB1L
Gene::29919	C18orf8	29919	ENSG00000141452	RMC1
Gene::27043	PELP1	27043	ENSG00000141456	PELP1
Gene::4864	NPC1	4864	ENSG00000141458	NPC1
Gene::6563	SLC14A1	6563	ENSG00000141469	SLC14A1
Gene::409	ARRB2	409	ENSG00000141480	ARRB2
Gene::284111	SLC13A5	284111	ENSG00000141485	SLC13A5
Gene::84225	ZMYND15	84225	ENSG00000141497	ZMYND15
Gene::55135	WRAP53	55135	ENSG00000141499	WRAP53
Gene::50488	MINK1	50488	ENSG00000141503	MINK1
Gene::112483	SAT2	112483	ENSG00000141504	SAT2
Gene::432	ASGR1	432	ENSG00000141505	ASGR1
Gene::23533	PIK3R5	23533	ENSG00000141506	PIK3R5
Gene::7157	TP53	7157	ENSG00000141510	TP53
Gene::55036	CCDC40	55036	ENSG00000141519	CCDC40
Gene::396	ARHGDIA	396	ENSG00000141522	ARHGDIA
Gene::11322	TMC6	11322	ENSG00000141524	TMC6
Gene::9123	SLC16A3	9123	ENSG00000141526	SLC16A3
Gene::79092	CARD14	79092	ENSG00000141527	CARD14
Gene::94015	TTYH2	94015	ENSG00000141540	TTYH2
Gene::10966	RAB40B	10966	ENSG00000141542	RAB40B
Gene::9775	EIF4A3	9775	ENSG00000141543	EIF4A3
Gene::1453	CSNK1D	1453	ENSG00000141551	CSNK1D
Gene::51529	ANAPC11	51529	ENSG00000141552	ANAPC11
Gene::6904	TBCD	6904	ENSG00000141556	TBCD
Gene::79672	FN3KRP	79672	ENSG00000141560	FN3KRP
Gene::26502	NARF	26502	ENSG00000141562	NARF
Gene::57521	RPTOR	57521	ENSG00000141564	RPTOR
Gene::3607	FOXK2	3607	ENSG00000141568	FOXK2
Gene::201292	TRIM65	201292	ENSG00000141569	TRIM65
Gene::57332	CBX8	57332	ENSG00000141570	CBX8
Gene::6398	SECTM1	6398	ENSG00000141574	SECTM1
Gene::114804	RNF157	114804	ENSG00000141576	RNF157
Gene::22994	CEP131	22994	ENSG00000141577	CEP131
Gene::79755	ZNF750	79755	ENSG00000141579	ZNF750
Gene::56270	WDR45B	56270	ENSG00000141580	WDR45B
Gene::8535	CBX4	8535	ENSG00000141582	CBX4
Gene::494470	RNF165	494470	ENSG00000141622	ARK2C
Gene::54808	DYM	54808	ENSG00000141627	DYM
Gene::5596	MAPK4	5596	ENSG00000141639	MAPK4
Gene::55520	ELAC1	55520	ENSG00000141642	ELAC1
Gene::4152	MBD1	4152	ENSG00000141644	MBD1
Gene::4089	SMAD4	4089	ENSG00000141646	SMAD4
Gene::8792	TNFRSF11A	8792	ENSG00000141655	TNFRSF11A
Gene::54877	ZCCHC2	54877	ENSG00000141664	ZCCHC2
Gene::201456	FBXO15	201456	ENSG00000141665	FBXO15
Gene::147381	CBLN2	147381	ENSG00000141668	CBLN2
Gene::5366	PMAIP1	5366	ENSG00000141682	PMAIP1
Gene::10609	P3H4	10609	ENSG00000141696	P3H4
Gene::115024	NT5C3B	115024	ENSG00000141698	NT5C3B
Gene::162427	FAM134C	162427	ENSG00000141699	RETREG3
Gene::2064	ERBB2	2064	ENSG00000141736	ERBB2
Gene::2886	GRB7	2886	ENSG00000141738	GRB7
Gene::84299	MIEN1	84299	ENSG00000141741	MIEN1
Gene::5409	PNMT	5409	ENSG00000141744	PNMT
Gene::390790	ARL5C	390790	ENSG00000141748	ARL5C
Gene::342667	STAC2	342667	ENSG00000141750	STAC2
Gene::3487	IGFBP4	3487	ENSG00000141753	IGFBP4
Gene::60681	FKBP10	60681	ENSG00000141756	FKBP10
Gene::10907	TXNL4A	10907	ENSG00000141759	TXNL4A
Gene::773	CACNA1A	773	ENSG00000141837	CACNA1A
Gene::113230	LOC113230	113230	ENSG00000141854	MISP3
Gene::90378	SAMD1	90378	ENSG00000141858	SAMD1
Gene::23476	BRD4	23476	ENSG00000141867	BRD4
Gene::29985	SLC39A3	29985	ENSG00000141873	SLC39A3
Gene::4782	NFIC	4782	ENSG00000141905	NFIC
Gene::91978	TPGS1	91978	ENSG00000141933	TPGS1
Gene::8612	PPAP2C	8612	ENSG00000141934	PLPP2
Gene::114026	ZIM3	114026	ENSG00000141946	ZIM3
Gene::63977	PRDM15	63977	ENSG00000141956	PRDM15
Gene::5211	PFKL	5211	ENSG00000141959	PFKL
Gene::55527	FEM1A	55527	ENSG00000141965	FEM1A
Gene::7409	VAV1	7409	ENSG00000141968	VAV1
Gene::93343	MVB12A	93343	ENSG00000141971	MVB12A
Gene::117286	CIB3	117286	ENSG00000141977	CIB3
Gene::6455	SH3GL1	6455	ENSG00000141985	SH3GL1
Gene::56931	DUS3L	56931	ENSG00000141994	DUS3L
Gene::91039	DPP9	91039	ENSG00000142002	DPP9
Gene::63946	DMRTC2	63946	ENSG00000142025	DMRTC2
Gene::90324	CCDC97	90324	ENSG00000142039	CCDC97
Gene::641649	TMEM91	641649	ENSG00000142046	TMEM91
Gene::57677	ZFP14	57677	ENSG00000142065	ZFP14
Gene::23410	SIRT3	23410	ENSG00000142082	SIRT3
Gene::10410	IFITM3	10410	ENSG00000142089	IFITM3
Gene::80162	ATHL1	80162	ENSG00000142102	PGGHG
Gene::30811	HUNK	30811	ENSG00000142149	HUNK
Gene::1291	COL6A1	1291	ENSG00000142156	COL6A1
Gene::3454	IFNAR1	3454	ENSG00000142166	IFNAR1
Gene::6647	SOD1	6647	ENSG00000142168	SOD1
Gene::1292	COL6A2	1292	ENSG00000142173	COL6A2
Gene::150094	SIK1	150094	ENSG00000142178	SIK1
Gene::29947	DNMT3L	29947	ENSG00000142182	DNMT3L
Gene::7226	TRPM2	7226	ENSG00000142185	TRPM2
Gene::57410	SCYL1	57410	ENSG00000142186	SCYL1
Gene::757	TMEM50B	757	ENSG00000142188	TMEM50B
Gene::351	APP	351	ENSG00000142192	APP
Gene::9980	DOPEY2	9980	ENSG00000142197	DOP1B
Gene::9875	URB1	9875	ENSG00000142207	URB1
Gene::207	AKT1	207	ENSG00000142208	AKT1
Gene::29949	IL19	29949	ENSG00000142224	IL19
Gene::2014	EMP3	2014	ENSG00000142227	EMP3
Gene::10055	SAE1	10055	ENSG00000142230	SAE1
Gene::126147	NTN5	126147	ENSG00000142233	NTN5
Gene::114783	LMTK3	114783	ENSG00000142235	LMTK3
Gene::79760	GEMIN7	79760	ENSG00000142252	GEMIN7
Gene::23624	CBLC	23624	ENSG00000142273	CBLC
Gene::126374	WTIP	126374	ENSG00000142279	WTIP
Gene::81794	ADAMTS10	81794	ENSG00000142303	ADAMTS10
Gene::6531	SLC6A3	6531	ENSG00000142319	SLC6A3
Gene::57140	RNPEPL1	57140	ENSG00000142327	RNPEPL1
Gene::11132	CAPN10	11132	ENSG00000142330	CAPN10
Gene::4542	MYO1F	4542	ENSG00000142347	MYO1F
Gene::105372481	LOC105372481	105372481	ENSG00000142396	ERVK3-1
Gene::91662	NLRP12	91662	ENSG00000142405	NLRP12
Gene::59283	CACNG8	59283	ENSG00000142408	CACNG8
Gene::126208	ZNF787	126208	ENSG00000142409	ZNF787
Gene::90580	C19orf52	90580	ENSG00000142444	TIMM29
Gene::84467	FBN3	84467	ENSG00000142449	FBN3
Gene::10498	CARM1	10498	ENSG00000142453	CARM1
Gene::115704	EVI5L	115704	ENSG00000142459	EVI5L
Gene::9032	TM4SF5	9032	ENSG00000142484	TM4SF5
Gene::55244	SLC47A1	55244	ENSG00000142494	SLC47A1
Gene::5694	PSMB6	5694	ENSG00000142507	PSMB6
Gene::2854	GPR32	2854	ENSG00000142511	GPR32
Gene::89790	SIGLEC10	89790	ENSG00000142512	SIGLEC10
Gene::93650	ACPT	93650	ENSG00000142513	ACP4
Gene::354	KLK3	354	ENSG00000142515	KLK3
Gene::25888	ZNF473	25888	ENSG00000142528	ZNF473
Gene::112703	FAM71E1	112703	ENSG00000142530	GARIN5A
Gene::6205	RPS11	6205	ENSG00000142534	RPS11
Gene::113091	PTH2	113091	ENSG00000142538	PTH2
Gene::23521	RPL13A	23521	ENSG00000142541	RPL13A
Gene::90353	CTU1	90353	ENSG00000142544	CTU1
Gene::51070	NOSIP	51070	ENSG00000142546	NOSIP
Gene::402665	IGLON5	402665	ENSG00000142549	IGLON5
Gene::57333	RCN3	57333	ENSG00000142552	RCN3
Gene::80110	ZNF614	80110	ENSG00000142556	ZNF614
Gene::6518	SLC2A5	6518	ENSG00000142583	SLC2A5
Gene::473	RERE	473	ENSG00000142599	RERE
Gene::79258	MMEL1	79258	ENSG00000142606	MMEL1
Gene::85452	CFAP74	85452	ENSG00000142609	CFAP74
Gene::63976	PRDM16	63976	ENSG00000142611	PRDM16
Gene::63036	CELA2A	63036	ENSG00000142615	CELA2A
Gene::51702	PADI3	51702	ENSG00000142619	PADI3
Gene::114827	FHAD1	114827	ENSG00000142621	FHAD1
Gene::29943	PADI1	29943	ENSG00000142623	PADI1
Gene::1969	EPHA2	1969	ENSG00000142627	EPHA2
Gene::128272	ARHGEF19	128272	ENSG00000142632	ARHGEF19
Gene::79180	EFHD2	79180	ENSG00000142634	EFHD2
Gene::5195	PEX14	5195	ENSG00000142655	PEX14
Gene::5226	PGD	5226	ENSG00000142657	PGD
Gene::127294	MYOM3	127294	ENSG00000142661	MYOM3
Gene::83442	SH3BGRL3	83442	ENSG00000142669	SH3BGRL3
Gene::10256	CNKSR1	10256	ENSG00000142675	CNKSR1
Gene::6135	RPL11	6135	ENSG00000142676	RPL11
Gene::58985	IL22RA1	58985	ENSG00000142677	IL22RA1
Gene::51042	ZNF593	51042	ENSG00000142684	ZNF593
Gene::127703	C1orf216	127703	ENSG00000142686	C1orf216
Gene::79932	KIAA0319L	79932	ENSG00000142687	KIAA0319L
Gene::55194	EVA1B	55194	ENSG00000142694	EVA1B
Gene::84970	C1orf94	84970	ENSG00000142698	C1orf94
Gene::63950	DMRTA2	63950	ENSG00000142700	DMRTA2
Gene::10733	PLK4	10733	ENSG00000142731	PLK4
Gene::9064	MAP3K6	9064	ENSG00000142733	MAP3K6
Gene::8547	FCN3	8547	ENSG00000142748	FCN3
Gene::54707	GPN2	54707	ENSG00000142751	GPN2
Gene::84958	SYTL1	84958	ENSG00000142765	SYTL1
Gene::23038	WDTC1	23038	ENSG00000142784	WDTC1
Gene::10136	CELA3A	10136	ENSG00000142789	CELA3A
Gene::84224	NBPF3	84224	ENSG00000142794	NBPF3
Gene::3339	HSPG2	3339	ENSG00000142798	HSPG2
Gene::23421	ITGB3BP	23421	ENSG00000142856	ITGB3BP
Gene::26135	SERBP1	26135	ENSG00000142864	SERBP1
Gene::8915	BCL10	8915	ENSG00000142867	BCL10
Gene::3491	CYR61	3491	ENSG00000142871	CCN1
Gene::5567	PRKACB	5567	ENSG00000142875	PRKACB
Gene::10026	PIGK	10026	ENSG00000142892	PIGK
Gene::64129	TINAGL1	64129	ENSG00000142910	TINAGL1
Gene::113451	AZIN2	113451	ENSG00000142920	AZIN2
Gene::6202	RPS8	6202	ENSG00000142937	RPS8
Gene::11004	KIF2C	11004	ENSG00000142945	KIF2C
Gene::5792	PTPRF	5792	ENSG00000142949	PTPRF
Gene::266675	BEST4	266675	ENSG00000142959	BEST4
Gene::148932	MOB3C	148932	ENSG00000142961	MOB3C
Gene::1580	CYP4B1	1580	ENSG00000142973	CYP4B1
Gene::199964	TMEM61	199964	ENSG00000143001	TMEM61
Gene::63948	DMRTB1	63948	ENSG00000143006	DMRTB1
Gene::8543	LMO4	8543	ENSG00000143013	LMO4
Gene::284612	SYPL2	284612	ENSG00000143028	SYPL2
Gene::343472	BARHL2	343472	ENSG00000143032	BARHL2
Gene::22823	MTF2	22823	ENSG00000143033	MTF2
Gene::126969	SLC44A3	126969	ENSG00000143036	SLC44A3
Gene::3321	IGSF3	3321	ENSG00000143061	IGSF3
Gene::90874	ZNF697	90874	ENSG00000143067	ZNF697
Gene::55917	CTTNBP2NL	55917	ENSG00000143079	CTTNBP2NL
Gene::85369	STRIP1	85369	ENSG00000143093	STRIP1
Gene::3744	KCNA10	3744	ENSG00000143105	KCNA10
Gene::5686	PSMA5	5686	ENSG00000143106	PSMA5
Gene::163479	FNDC7	163479	ENSG00000143107	FNDC7
Gene::128346	C1orf162	128346	ENSG00000143110	C1orf162
Gene::963	CD53	963	ENSG00000143119	CD53
Gene::84432	PROK1	84432	ENSG00000143125	PROK1
Gene::1952	CELSR2	1952	ENSG00000143126	CELSR2
Gene::8515	ITGA10	8515	ENSG00000143127	ITGA10
Gene::23432	GPR161	23432	ENSG00000143147	GPR161
Gene::223	ALDH9A1	223	ENSG00000143149	ALDH9A1
Gene::481	ATP1B1	481	ENSG00000143153	ATP1B1
Gene::261726	TIPRL	261726	ENSG00000143155	TIPRL
Gene::29922	NME7	29922	ENSG00000143156	NME7
Gene::57645	POGK	57645	ENSG00000143157	POGK
Gene::25874	MPC2	25874	ENSG00000143158	MPC2
Gene::8804	CREG1	8804	ENSG00000143162	CREG1
Gene::55827	DCAF6	55827	ENSG00000143164	DCAF6
Gene::10223	GPA33	10223	ENSG00000143167	GPA33
Gene::6258	RXRG	6258	ENSG00000143171	RXRG
Gene::9095	TBX19	9095	ENSG00000143178	TBX19
Gene::7371	UCK2	7371	ENSG00000143179	UCK2
Gene::54499	TMCO1	54499	ENSG00000143183	TMCO1
Gene::6375	XCL1	6375	ENSG00000143184	XCL1
Gene::6846	XCL2	6846	ENSG00000143185	XCL2
Gene::5451	POU2F1	5451	ENSG00000143190	POU2F1
Gene::84944	MAEL	84944	ENSG00000143194	MAEL
Gene::387597	ILDR2	387597	ENSG00000143195	ILDR2
Gene::1805	DPT	1805	ENSG00000143196	DPT
Gene::4259	MGST3	4259	ENSG00000143198	MGST3
Gene::55811	ADCY10	55811	ENSG00000143199	ADCY10
Gene::64326	RFWD2	64326	ENSG00000143207	COP1
Gene::81607	PVRL4	81607	ENSG00000143217	NECTIN4
Gene::51506	UFC1	51506	ENSG00000143222	UFC1
Gene::5498	PPOX	5498	ENSG00000143224	PPOX
Gene::2212	FCGR2A	2212	ENSG00000143226	FCGR2A
Gene::83540	NUF2	83540	ENSG00000143228	NUF2
Gene::8490	RGS5	8490	ENSG00000143248	RGS5
Gene::6391	SDHC	6391	ENSG00000143252	SDHC
Gene::5202	PFDN2	5202	ENSG00000143256	PFDN2
Gene::9970	NR1I3	9970	ENSG00000143257	NR1I3
Gene::27005	USP21	27005	ENSG00000143258	USP21
Gene::2165	F13B	2165	ENSG00000143278	F13B
Gene::5546	PRCC	5546	ENSG00000143294	PRCC
Gene::83416	FCRL5	83416	ENSG00000143297	FCRL5
Gene::51093	RRNAD1	51093	ENSG00000143303	METTL25B
Gene::79590	MRPL24	79590	ENSG00000143314	MRPL24
Gene::93183	PIGM	93183	ENSG00000143315	PIGM
Gene::844	CASQ1	844	ENSG00000143318	CASQ1
Gene::81875	ISG20L2	81875	ENSG00000143319	ISG20L2
Gene::1382	CRABP2	1382	ENSG00000143320	CRABP2
Gene::3068	HDGF	3068	ENSG00000143321	HDGF
Gene::27	ABL2	27	ENSG00000143322	ABL2
Gene::9213	XPR1	9213	ENSG00000143324	XPR1
Gene::6004	RGS16	6004	ENSG00000143333	RGS16
Gene::26092	TOR1AIP1	26092	ENSG00000143337	TOR1AIP1
Gene::148753	FAM163A	148753	ENSG00000143340	FAM163A
Gene::83872	HMCN1	83872	ENSG00000143341	HMCN1
Gene::23179	RGL1	23179	ENSG00000143344	RGL1
Gene::127018	LYPLAL1	127018	ENSG00000143353	LYPLAL1
Gene::56956	LHX9	56956	ENSG00000143355	LHX9
Gene::58497	PRUNE	58497	ENSG00000143363	PRUNE1
Gene::6097	RORC	6097	ENSG00000143365	RORC
Gene::7286	TUFT1	7286	ENSG00000143367	TUFT1
Gene::10262	SF3B4	10262	ENSG00000143368	SF3B4
Gene::1893	ECM1	1893	ENSG00000143369	ECM1
Gene::57592	ZNF687	57592	ENSG00000143373	ZNF687
Gene::80222	TARS2	80222	ENSG00000143374	TARS2
Gene::57530	CGN	57530	ENSG00000143375	CGN
Gene::81609	SNX27	81609	ENSG00000143376	SNX27
Gene::9869	SETDB1	9869	ENSG00000143379	SETDB1
Gene::54507	ADAMTSL4	54507	ENSG00000143382	ADAMTSL4
Gene::4170	MCL1	4170	ENSG00000143384	MCL1
Gene::1513	CTSK	1513	ENSG00000143387	CTSK
Gene::5993	RFX5	5993	ENSG00000143390	RFX5
Gene::5298	PI4KB	5298	ENSG00000143393	PI4KB
Gene::8394	PIP5K1A	8394	ENSG00000143398	PIP5K1A
Gene::81611	ANP32E	81611	ENSG00000143401	ANP32E
Gene::55793	FAM63A	55793	ENSG00000143409	MINDY1
Gene::8416	ANXA9	8416	ENSG00000143412	ANXA9
Gene::8991	SELENBP1	8991	ENSG00000143416	SELENBP1
Gene::29956	CERS2	29956	ENSG00000143418	CERS2
Gene::2029	ENSA	2029	ENSG00000143420	ENSA
Gene::10500	SEMA6C	10500	ENSG00000143434	SEMA6C
Gene::65005	MRPL9	65005	ENSG00000143436	MRPL9
Gene::405	ARNT	405	ENSG00000143437	ARNT
Gene::23126	POGZ	23126	ENSG00000143442	POGZ
Gene::54964	C1orf56	54964	ENSG00000143443	C1orf56
Gene::51686	OAZ3	51686	ENSG00000143450	OAZ3
Gene::84072	HORMAD1	84072	ENSG00000143452	HORMAD1
Gene::55204	GOLPH3L	55204	ENSG00000143457	GOLPH3L
Gene::126626	GABPB2	126626	ENSG00000143458	GABPB2
Gene::255928	SYT14	255928	ENSG00000143469	SYT14
Gene::3756	KCNH1	3756	ENSG00000143473	KCNH1
Gene::51514	DTL	51514	ENSG00000143476	DTL
Gene::8444	DYRK3	8444	ENSG00000143479	DYRK3
Gene::1939	EIF2D	1939	ENSG00000143486	EIF2D
Gene::25896	INTS7	25896	ENSG00000143493	INTS7
Gene::79805	VASH2	79805	ENSG00000143494	VASH2
Gene::9015	TAF1A	9015	ENSG00000143498	TAF1A
Gene::56950	SMYD2	56950	ENSG00000143499	SMYD2
Gene::55061	SUSD4	55061	ENSG00000143502	SUSD4
Gene::11221	DUSP10	11221	ENSG00000143507	DUSP10
Gene::79802	HHIPL2	79802	ENSG00000143512	HHIPL2
Gene::7159	TP53BP2	7159	ENSG00000143514	TP53BP2
Gene::57198	ATP8B2	57198	ENSG00000143515	ATP8B2
Gene::388698	FLG2	388698	ENSG00000143520	FLG2
Gene::49860	CRNN	49860	ENSG00000143536	CRNN
Gene::8751	ADAM15	8751	ENSG00000143537	ADAM15
Gene::10899	JTB	10899	ENSG00000143543	JTB
Gene::5872	RAB13	5872	ENSG00000143545	RAB13
Gene::6279	S100A8	6279	ENSG00000143546	S100A8
Gene::7170	TPM3	7170	ENSG00000143549	TPM3
Gene::91181	NUP210L	91181	ENSG00000143552	NUP210L
Gene::23557	SNAPIN	23557	ENSG00000143553	SNAPIN
Gene::11000	SLC27A3	11000	ENSG00000143554	SLC27A3
Gene::6278	S100A7	6278	ENSG00000143556	S100A7
Gene::9898	UBAP2L	9898	ENSG00000143569	UBAP2L
Gene::27173	SLC39A1	27173	ENSG00000143570	SLC39A1
Gene::10456	HAX1	10456	ENSG00000143575	HAX1
Gene::148327	CREB3L4	148327	ENSG00000143578	CREB3L4
Gene::1944	EFNA3	1944	ENSG00000143590	EFNA3
Gene::89872	AQP10	89872	ENSG00000143595	AQP10
Gene::3782	KCNN3	3782	ENSG00000143603	KCNN3
Gene::25912	C1orf43	25912	ENSG00000143612	LTAP1
Gene::57459	GATAD2B	57459	ENSG00000143614	GATAD2B
Gene::3608	ILF2	3608	ENSG00000143621	ILF2
Gene::6016	RIT1	6016	ENSG00000143622	RIT1
Gene::65123	INTS3	65123	ENSG00000143624	INTS3
Gene::5313	PKLR	5313	ENSG00000143627	PKLR
Gene::57657	HCN3	57657	ENSG00000143630	HCN3
Gene::2312	FLG	2312	ENSG00000143631	FLG
Gene::58	ACTA1	58	ENSG00000143632	ACTA1
Gene::128061	C1orf131	128061	ENSG00000143633	FSAF1
Gene::2590	GALNT2	2590	ENSG00000143641	GALNT2
Gene::79573	TTC13	79573	ENSG00000143643	TTC13
Gene::51097	SCCPDH	51097	ENSG00000143653	SCCPDH
Gene::1130	LYST	1130	ENSG00000143669	LYST
Gene::84451	KIAA1804	84451	ENSG00000143674	MAP3K21
Gene::9859	CEP170	9859	ENSG00000143702	CEP170
Gene::52	ACP1	52	ENSG00000143727	ACP1
Gene::116841	SNAP47	116841	ENSG00000143740	SNAP47
Gene::6726	SRP9	6726	ENSG00000143742	SRP9
Gene::4931	NVL	4931	ENSG00000143748	NVL
Gene::163859	SDE2	163859	ENSG00000143751	SDE2
Gene::8560	DEGS1	8560	ENSG00000143753	DEGS1
Gene::23219	FBXO28	23219	ENSG00000143756	FBXO28
Gene::375	ARF1	375	ENSG00000143761	ARF1
Gene::7044	LEFTY2	7044	ENSG00000143768	LEFTY2
Gene::29097	CNIH4	29097	ENSG00000143771	CNIH4
Gene::3707	ITPKB	3707	ENSG00000143772	ITPKB
Gene::2987	GUK1	2987	ENSG00000143774	GUK1
Gene::8476	CDC42BPA	8476	ENSG00000143776	CDC42BPA
Gene::149111	CNIH3	149111	ENSG00000143786	CNIH3
Gene::79169	C1orf35	79169	ENSG00000143793	C1orf35
Gene::129642	MBOAT2	129642	ENSG00000143797	MBOAT2
Gene::142	PARP1	142	ENSG00000143799	PARP1
Gene::5664	PSEN2	5664	ENSG00000143801	PSEN2
Gene::29920	PYCR2	29920	ENSG00000143811	PYCR2
Gene::3930	LBR	3930	ENSG00000143815	LBR
Gene::7483	WNT9A	7483	ENSG00000143816	WNT9A
Gene::2052	EPHX1	2052	ENSG00000143819	EPHX1
Gene::5972	REN	5972	ENSG00000143839	REN
Gene::9580	SOX13	9580	ENSG00000143842	SOX13
Gene::55224	ETNK2	55224	ENSG00000143845	ETNK2
Gene::8497	PPFIA4	8497	ENSG00000143847	PPFIA4
Gene::22874	PLEKHA6	22874	ENSG00000143850	PLEKHA6
Gene::5778	PTPN7	5778	ENSG00000143851	PTPN7
Gene::127833	SYT2	127833	ENSG00000143858	SYT2
Gene::127829	ARL8A	127829	ENSG00000143862	ARL8A
Gene::130497	OSR1	130497	ENSG00000143867	OSR1
Gene::151449	GDF7	151449	ENSG00000143869	GDF7
Gene::10130	PDIA6	10130	ENSG00000143870	PDIA6
Gene::388	RHOB	388	ENSG00000143878	RHOB
Gene::245973	ATP6V1C2	245973	ENSG00000143882	ATP6V1C2
Gene::92906	HNRNPLL	92906	ENSG00000143889	HNRNPLL
Gene::130589	GALM	130589	ENSG00000143891	GALM
Gene::79823	CAMKMT	79823	ENSG00000143919	CAMKMT
Gene::64241	ABCG8	64241	ENSG00000143921	ABCG8
Gene::27436	EML4	27436	ENSG00000143924	EML4
Gene::805	CALM2	805	ENSG00000143933	CALM2
Gene::494143	CHAC2	494143	ENSG00000143942	CHAC2
Gene::6233	RPS27A	6233	ENSG00000143947	RPS27A
Gene::51057	WDPCP	51057	ENSG00000143951	WDPCP
Gene::51542	VPS54	51542	ENSG00000143952	VPS54
Gene::130120	REG3G	130120	ENSG00000143954	REG3G
Gene::55252	ASXL2	55252	ENSG00000143970	ASXL2
Gene::54465	ETAA1	54465	ENSG00000143971	ETAA1
Gene::6637	SNRPG	6637	ENSG00000143977	SNRPG
Gene::84696	ABHD1	84696	ENSG00000143994	ABHD1
Gene::4211	MEIS1	4211	ENSG00000143995	MEIS1
Gene::653192	TRIM43B	653192	ENSG00000144010	TRIM43B
Gene::129868	TRIM43	129868	ENSG00000144015	TRIM43
Gene::9391	CIAO1	9391	ENSG00000144021	CIAO1
Gene::84874	ZNF514	84874	ENSG00000144026	ZNF514
Gene::23020	SNRNP200	23020	ENSG00000144028	SNRNP200
Gene::64969	MRPS5	64969	ENSG00000144029	MRPS5
Gene::79998	ANKRD53	79998	ENSG00000144031	ANKRD53
Gene::51002	TPRKB	51002	ENSG00000144034	TPRKB
Gene::9027	NAT8	9027	ENSG00000144035	NAT8
Gene::23233	EXOC6B	23233	ENSG00000144036	EXOC6B
Gene::94097	SFXN5	94097	ENSG00000144040	SFXN5
Gene::113419	TEX261	113419	ENSG00000144043	TEX261
Gene::165545	DQX1	165545	ENSG00000144045	DQX1
Gene::8446	DUSP11	8446	ENSG00000144048	DUSP11
Gene::84620	ST6GAL2	84620	ENSG00000144057	ST6GAL2
Gene::4867	NPHP1	4867	ENSG00000144061	NPHP1
Gene::7851	MALL	7851	ENSG00000144063	MALL
Gene::55258	THNSL2	55258	ENSG00000144115	THNSL2
Gene::5899	RALB	5899	ENSG00000144118	RALB
Gene::165257	C1QL2	165257	ENSG00000144119	C1QL2
Gene::80775	TMEM177	80775	ENSG00000144120	TMEM177
Gene::284958	NT5DC4	284958	ENSG00000144130	NT5DC4
Gene::11159	RABL2A	11159	ENSG00000144134	RABL2A
Gene::6574	SLC20A1	6574	ENSG00000144136	SLC20A1
Gene::129804	FBLN7	129804	ENSG00000144152	FBLN7
Gene::84524	ZC3H8	84524	ENSG00000144161	ZC3H8
Gene::51601	LIPT1	51601	ENSG00000144182	LIPT1
Gene::1261	CNGA3	1261	ENSG00000144191	CNGA3
Gene::151313	FAHD2B	151313	ENSG00000144199	FAHD2B
Gene::129530	LYG1	129530	ENSG00000144214	LYG1
Gene::3899	AFF3	3899	ENSG00000144218	AFF3
Gene::23190	UBXN4	23190	ENSG00000144224	UBXN4
Gene::11249	NXPH2	11249	ENSG00000144227	NXPH2
Gene::339745	SPOPL	339745	ENSG00000144228	SPOPL
Gene::80731	THSD7B	80731	ENSG00000144229	THSD7B
Gene::2840	GPR17	2840	ENSG00000144230	GPR17
Gene::5433	POLR2D	5433	ENSG00000144231	POLR2D
Gene::83607	AMMECR1L	83607	ENSG00000144233	AMMECR1L
Gene::114805	GALNT13	114805	ENSG00000144278	GALNT13
Gene::8502	PKP4	8502	ENSG00000144283	PKP4
Gene::6323	SCN1A	6323	ENSG00000144285	SCN1A
Gene::57282	SLC4A10	57282	ENSG00000144290	SLC4A10
Gene::79634	SCRN3	79634	ENSG00000144306	SCRN3
Gene::80856	KIAA1715	80856	ENSG00000144320	LNPK
Gene::151126	ZNF385B	151126	ENSG00000144331	ZNF385B
Gene::23671	TMEFF2	23671	ENSG00000144339	TMEFF2
Gene::83879	CDCA7	83879	ENSG00000144354	CDCA7
Gene::1745	DLX1	1745	ENSG00000144355	DLX1
Gene::130507	UBR3	130507	ENSG00000144357	UBR3
Gene::493911	PHOSPHO2	493911	ENSG00000144362	PHOSPHO2
Gene::51454	GULP1	51454	ENSG00000144366	GULP1
Gene::165215	FAM171B	165215	ENSG00000144369	FAM171B
Gene::3329	HSPD1	3329	ENSG00000144381	HSPD1
Gene::284992	CCDC150	284992	ENSG00000144395	CCDC150
Gene::151194	METTL21A	151194	ENSG00000144401	METTL21A
Gene::285175	UNC80	285175	ENSG00000144406	UNC80
Gene::5746	PTH2R	5746	ENSG00000144407	PTH2R
Gene::130749	CPO	130749	ENSG00000144410	CPO
Gene::65065	NBEAL1	65065	ENSG00000144426	NBEAL1
Gene::151050	KANSL1L	151050	ENSG00000144445	KANSL1L
Gene::79582	SPAG16	79582	ENSG00000144451	SPAG16
Gene::26154	ABCA12	26154	ENSG00000144452	ABCA12
Gene::285362	SUMF1	285362	ENSG00000144455	SUMF1
Gene::57624	NYAP2	57624	ENSG00000144460	NYAP2
Gene::84236	RHBDD1	84236	ENSG00000144468	RHBDD1
Gene::57007	ACKR3	57007	ENSG00000144476	ACKR3
Gene::79054	TRPM8	79054	ENSG00000144481	TRPM8
Gene::55502	HES6	55502	ENSG00000144485	HES6
Gene::339768	ESPNL	339768	ENSG00000144488	ESPNL
Gene::51281	ANKMY1	51281	ENSG00000144504	ANKMY1
Gene::64708	COPS7B	64708	ENSG00000144524	COPS7B
Gene::129563	DIS3L2	129563	ENSG00000144535	DIS3L2
Gene::151835	CPNE9	151835	ENSG00000144550	CPNE9
Gene::2177	FANCD2	2177	ENSG00000144554	FANCD2
Gene::132001	TAMM41	132001	ENSG00000144559	TAMM41
Gene::9686	VGLL4	9686	ENSG00000144560	VGLL4
Gene::5868	RAB5A	5868	ENSG00000144566	RAB5A
Gene::79137	FAM134A	79137	ENSG00000144567	RETREG2
Gene::58190	CTDSP1	58190	ENSG00000144579	CTDSP1
Gene::9125	RQCD1	9125	ENSG00000144580	CNOT9
Gene::57574	MARCH4	57574	ENSG00000144583	MARCHF4
Gene::114790	STK11IP	114790	ENSG00000144589	STK11IP
Gene::29926	GMPPA	29926	ENSG00000144591	GMPPA
Gene::80852	GRIP2	80852	ENSG00000144596	GRIP2
Gene::85403	EAF1	85403	ENSG00000144597	EAF1
Gene::152330	CNTN4	152330	ENSG00000144619	CNTN4
Gene::51143	DYNC1LI1	51143	ENSG00000144635	DYNC1LI1
Gene::27303	RBMS3	27303	ENSG00000144642	RBMS3
Gene::339896	GADL1	339896	ENSG00000144644	GADL1
Gene::114884	OSBPL10	114884	ENSG00000144645	OSBPL10
Gene::84892	POMGNT2	84892	ENSG00000144647	POMGNT2
Gene::1238	ACKR2	1238	ENSG00000144648	ACKR2
Gene::729085	FAM198A	729085	ENSG00000144649	GASK1A
Gene::64651	CSRNP1	64651	ENSG00000144655	CSRNP1
Gene::54977	SLC25A38	54977	ENSG00000144659	SLC25A38
Gene::3680	ITGA9	3680	ENSG00000144668	ITGA9
Gene::9389	SLC22A14	9389	ENSG00000144671	SLC22A14
Gene::2803	GOLGA4	2803	ENSG00000144674	GOLGA4
Gene::10217	CTDSPL	10217	ENSG00000144677	CTDSPL
Gene::6769	STAC	6769	ENSG00000144681	STAC
Gene::9922	IQSEC1	9922	ENSG00000144711	IQSEC1
Gene::23066	CAND2	23066	ENSG00000144712	CAND2
Gene::6161	RPL32	6161	ENSG00000144713	RPL32
Gene::5793	PTPRG	5793	ENSG00000144724	PTPRG
Gene::54756	IL17RD	54756	ENSG00000144730	IL17RD
Gene::55164	SHQ1	55164	ENSG00000144736	SHQ1
Gene::115286	SLC25A26	115286	ENSG00000144741	SLC25A26
Gene::9039	UBA3	9039	ENSG00000144744	UBA3
Gene::10550	ARL6IP5	10550	ENSG00000144746	ARL6IP5
Gene::7110	TMF1	7110	ENSG00000144747	TMF1
Gene::26018	LRIG1	26018	ENSG00000144749	LRIG1
Gene::57408	LRTM1	57408	ENSG00000144771	LRTM1
Gene::8994	LIMD1	8994	ENSG00000144791	LIMD1
Gene::285349	ZNF660	285349	ENSG00000144792	ZNF660
Gene::64332	NFKBIZ	64332	ENSG00000144802	NFKBIZ
Gene::1295	COL8A1	1295	ENSG00000144810	COL8A1
Gene::91775	NXPE3	91775	ENSG00000144815	NXPE3
Gene::84873	ADGRG7	84873	ENSG00000144820	ADGRG7
Gene::22989	MYH15	22989	ENSG00000144821	MYH15
Gene::90102	PHLDB2	90102	ENSG00000144824	PHLDB2
Gene::55347	ABHD10	55347	ENSG00000144827	ABHD10
Gene::29114	TAGLN3	29114	ENSG00000144834	TAGLN3
Gene::51365	PLA1A	51365	ENSG00000144837	PLA1A
Gene::285282	RABL3	285282	ENSG00000144840	RABL3
Gene::141	ADPRH	141	ENSG00000144843	ADPRH
Gene::152404	IGSF11	152404	ENSG00000144847	IGSF11
Gene::64422	ATG3	64422	ENSG00000144848	ATG3
Gene::8856	NR1I2	8856	ENSG00000144852	NR1I2
Gene::91653	BOC	91653	ENSG00000144857	BOC
Gene::58477	SRPRB	58477	ENSG00000144867	SRPRB
Gene::66000	TMEM108	66000	ENSG00000144868	TMEM108
Gene::185	AGTR1	185	ENSG00000144891	AGTR1
Gene::116931	MED12L	116931	ENSG00000144893	MED12L
Gene::83939	EIF2A	83939	ENSG00000144895	EIF2A
Gene::10840	ALDH1L1	10840	ENSG00000144908	ALDH1L1
Gene::114885	OSBPL11	114885	ENSG00000144909	OSBPL11
Gene::7220	TRPC1	7220	ENSG00000144935	TRPC1
Gene::57552	NCEH1	57552	ENSG00000144959	NCEH1
Gene::83893	SPATA16	83893	ENSG00000144962	SPATA16
Gene::653333	FAM86B2	653333	ENSG00000145002	FAM86B2
Gene::4026	LPP	4026	ENSG00000145012	LPP
Gene::93109	TMEM44	93109	ENSG00000145014	TMEM44
Gene::9711	KIAA0226	9711	ENSG00000145016	RUBCN
Gene::275	AMT	275	ENSG00000145020	AMT
Gene::6988	TCTA	6988	ENSG00000145022	TCTA
Gene::84276	NICN1	84276	ENSG00000145029	NICN1
Gene::90226	UCN2	90226	ENSG00000145040	UCN2
Gene::9730	VPRBP	9730	ENSG00000145041	DCAF1
Gene::7873	MANF	7873	ENSG00000145050	MANF
Gene::9515	STXBP5L	9515	ENSG00000145087	STXBP5L
Gene::55840	EAF2	55840	ENSG00000145088	EAF2
Gene::286676	ILDR1	286676	ENSG00000145103	ILDR1
Gene::116211	TM4SF19	116211	ENSG00000145107	TM4SF19
Gene::4585	MUC4	4585	ENSG00000145113	MUC4
Gene::9353	SLIT2	9353	ENSG00000145147	SLIT2
Gene::8893	EIF2B5	8893	ENSG00000145191	EIF2B5
Gene::197	AHSG	197	ENSG00000145192	AHSG
Gene::9718	ECE2	9718	ENSG00000145194	ECE2
Gene::90113	VWA5B2	90113	ENSG00000145198	VWA5B2
Gene::1609	DGKQ	1609	ENSG00000145214	DGKQ
Gene::81608	FIP1L1	81608	ENSG00000145216	FIP1L1
Gene::10861	SLC26A1	10861	ENSG00000145217	SLC26A1
Gene::55646	LYAR	55646	ENSG00000145220	LYAR
Gene::1060	CENPC	1060	ENSG00000145241	CENPC
Gene::2044	EPHA5	2044	ENSG00000145242	EPHA5
Gene::10699	CORIN	10699	ENSG00000145244	CORIN
Gene::57205	ATP10D	57205	ENSG00000145246	ATP10D
Gene::132299	OCIAD2	132299	ENSG00000145247	OCIAD2
Gene::201780	SLC10A4	201780	ENSG00000145248	SLC10A4
Gene::345274	SLC10A6	345274	ENSG00000145283	SLC10A6
Gene::79966	SCD5	79966	ENSG00000145284	SCD5
Gene::51316	PLAC8	51316	ENSG00000145287	PLAC8
Gene::58478	ENOPH1	58478	ENSG00000145293	ENOPH1
Gene::85438	CABS1	85438	ENSG00000145309	CABS1
Gene::2638	GC	2638	ENSG00000145321	GC
Gene::93587	TRMT10A	93587	ENSG00000145331	TRMT10A
Gene::57563	KLHL8	57563	ENSG00000145332	KLHL8
Gene::6622	SNCA	6622	ENSG00000145335	SNCA
Gene::100996939	PYURF	100996939	ENSG00000145337	PYURF
Gene::93627	TBCK	93627	ENSG00000145348	TBCK
Gene::817	CAMK2D	817	ENSG00000145349	CAMK2D
Gene::493856	CISD2	493856	ENSG00000145354	CISD2
Gene::115265	DDIT4L	115265	ENSG00000145358	DDIT4L
Gene::287	ANK2	287	ENSG00000145362	ANK2
Gene::92610	TIFA	92610	ENSG00000145365	TIFA
Gene::166378	SPATA5	166378	ENSG00000145375	AFG2A
Gene::2169	FABP2	2169	ENSG00000145384	FABP2
Gene::890	CCNA2	890	ENSG00000145386	CCNA2
Gene::57721	METTL14	57721	ENSG00000145388	METTL14
Gene::54532	USP53	54532	ENSG00000145390	USP53
Gene::80854	SETD7	80854	ENSG00000145391	SETD7
Gene::92345	NAF1	92345	ENSG00000145414	NAF1
Gene::55016	MARCH1	55016	ENSG00000145416	MARCHF1
Gene::6423	SFRP2	6423	ENSG00000145423	SFRP2
Gene::6189	RPS3A	6189	ENSG00000145425	RPS3A
Gene::285533	RNF175	285533	ENSG00000145428	RNF175
Gene::56034	PDGFC	56034	ENSG00000145431	PDGFC
Gene::84869	CBR4	84869	ENSG00000145439	CBR4
Gene::8001	GLRA3	8001	ENSG00000145451	GLRA3
Gene::285440	CYP4V2	285440	ENSG00000145476	CYP4V2
Gene::83853	ROPN1L	83853	ENSG00000145491	ROPN1L
Gene::4726	NDUFS6	4726	ENSG00000145494	NDUFS6
Gene::10299	MARCH6	10299	ENSG00000145495	MARCHF6
Gene::85409	NKD2	85409	ENSG00000145506	NKD2
Gene::1016	CDH18	1016	ENSG00000145526	CDH18
Gene::170690	ADAMTS16	170690	ENSG00000145536	ADAMTS16
Gene::6715	SRD5A1	6715	ENSG00000145545	SRD5A1
Gene::4651	MYO10	4651	ENSG00000145555	MYO10
Gene::54491	FAM105A	54491	ENSG00000145569	OTULINL
Gene::6167	RPL37	6167	ENSG00000145592	RPL37
Gene::6502	SKP2	6502	ENSG00000145604	SKP2
Gene::9180	OSMR	9180	ENSG00000145623	OSMR
Gene::133688	UGT3A1	133688	ENSG00000145626	UGT3A1
Gene::10769	PLK2	10769	ENSG00000145632	PLK2
Gene::100132916	FAM159B	100132916	ENSG00000145642	SHISAL2B
Gene::3001	GZMA	3001	ENSG00000145649	GZMA
Gene::5295	PIK3R1	5295	ENSG00000145675	PIK3R1
Gene::1404	HAPLN1	1404	ENSG00000145681	HAPLN1
Gene::10184	LHFPL2	10184	ENSG00000145685	LHFPL2
Gene::23635	SSBP2	23635	ENSG00000145687	SSBP2
Gene::635	BHMT	635	ENSG00000145692	BHMT
Gene::256006	ANKRD31	256006	ENSG00000145700	ANKRD31
Gene::10788	IQGAP2	10788	ENSG00000145703	IQGAP2
Gene::1393	CRHBP	1393	ENSG00000145708	CRHBP
Gene::5921	RASA1	5921	ENSG00000145715	RASA1
Gene::167410	LIX1	167410	ENSG00000145721	LIX1
Gene::54826	GIN1	54826	ENSG00000145723	GIN1
Gene::23262	PPIP5K2	23262	ENSG00000145725	PPIP5K2
Gene::5066	PAM	5066	ENSG00000145730	PAM
Gene::55814	BDP1	55814	ENSG00000145734	BDP1
Gene::2966	GTF2H2	2966	ENSG00000145736	GTF2H2
Gene::64924	SLC30A5	64924	ENSG00000145740	SLC30A5
Gene::689	BTF3	689	ENSG00000145741	BTF3
Gene::64839	FBXL17	64839	ENSG00000145743	FBXL17
Gene::83890	SPATA9	83890	ENSG00000145757	SPATA9
Gene::85480	TSLP	85480	ENSG00000145777	TSLP
Gene::25816	TNFAIP8	25816	ENSG00000145779	TNFAIP8
Gene::56929	FEM1C	56929	ENSG00000145780	FEM1C
Gene::51397	COMMD10	51397	ENSG00000145781	COMMD10
Gene::9140	ATG12	9140	ENSG00000145782	ATG12
Gene::84466	MEGF10	84466	ENSG00000145794	MEGF10
Gene::171019	ADAMTS19	171019	ENSG00000145808	ADAMTS19
Gene::81555	YIPF5	81555	ENSG00000145817	YIPF5
Gene::23092	ARHGAP26	23092	ENSG00000145819	ARHGAP26
Gene::9547	CXCL14	9547	ENSG00000145824	CXCL14
Gene::3950	LECT2	3950	ENSG00000145826	LECT2
Gene::153328	SLC25A48	153328	ENSG00000145832	SLC25A48
Gene::9879	DDX46	9879	ENSG00000145833	DDX46
Gene::3578	IL9	3578	ENSG00000145839	IL9
Gene::91937	TIMD4	91937	ENSG00000145850	TIMD4
Gene::153830	RNF145	153830	ENSG00000145860	RNF145
Gene::114898	C1QTNF2	114898	ENSG00000145861	C1QTNF2
Gene::2559	GABRA6	2559	ENSG00000145863	GABRA6
Gene::2561	GABRB2	2561	ENSG00000145864	GABRB2
Gene::81545	FBXO38	81545	ENSG00000145868	FBXO38
Gene::84651	SPINK7	84651	ENSG00000145879	SPINK7
Gene::78991	PCYOX1L	78991	ENSG00000145882	PCYOX1L
Gene::2741	GLRA1	2741	ENSG00000145888	GLRA1
Gene::10318	TNIP1	10318	ENSG00000145901	TNIP1
Gene::10146	G3BP1	10146	ENSG00000145907	G3BP1
Gene::91975	ZNF300	91975	ENSG00000145908	ZNF300
Gene::23138	N4BP3	23138	ENSG00000145911	N4BP3
Gene::55651	NHP2	55651	ENSG00000145912	NHP2
Gene::64777	RMND5B	64777	ENSG00000145916	RMND5B
Gene::91272	BOD1	91272	ENSG00000145919	BOD1
Gene::10814	CPLX2	10814	ENSG00000145920	CPLX2
Gene::57451	TENM2	57451	ENSG00000145934	TENM2
Gene::3779	KCNMB1	3779	ENSG00000145936	KCNMB1
Gene::26240	FAM50B	26240	ENSG00000145945	FAM50B
Gene::340156	MYLK4	340156	ENSG00000145949	MYLK4
Gene::222826	FAM217A	222826	ENSG00000145975	FAM217A
Gene::51256	TBC1D7	51256	ENSG00000145979	TBC1D7
Gene::10667	FARS2	10667	ENSG00000145982	FARS2
Gene::54438	GFOD1	54438	ENSG00000145990	GFOD1
Gene::54901	CDKAL1	54901	ENSG00000145996	CDKAL1
Gene::84249	PSD2	84249	ENSG00000146005	PSD2
Gene::26045	LRRTM2	26045	ENSG00000146006	LRRTM2
Gene::153527	ZMAT2	153527	ENSG00000146007	ZMAT2
Gene::2676	GFRA3	2676	ENSG00000146013	GFRA3
Gene::26249	KLHL3	26249	ENSG00000146021	KLHL3
Gene::51473	DCDC2	51473	ENSG00000146038	DCDC2
Gene::10050	SLC17A4	10050	ENSG00000146039	SLC17A4
Gene::255626	HIST1H2BA	255626	ENSG00000146047	H2BC1
Gene::353219	KAAG1	353219	ENSG00000146049	KAAG1
Gene::81786	TRIM7	81786	ENSG00000146054	TRIM7
Gene::90933	TRIM41	90933	ENSG00000146063	TRIM41
Gene::192286	HIGD2A	192286	ENSG00000146066	HIGD2A
Gene::54540	FAM193B	54540	ENSG00000146067	FAM193B
Gene::7941	PLA2G7	7941	ENSG00000146070	PLA2G7
Gene::27242	TNFRSF21	27242	ENSG00000146072	TNFRSF21
Gene::22838	RNF44	22838	ENSG00000146083	RNF44
Gene::4594	MUT	4594	ENSG00000146085	MMUT
Gene::255426	RASGEF1C	255426	ENSG00000146090	RASGEF1C
Gene::79930	DOK3	79930	ENSG00000146094	DOK3
Gene::29777	ABT1	29777	ENSG00000146109	ABT1
Gene::170954	PPP1R18	170954	ENSG00000146112	PPP1R18
Gene::23500	DAAM2	23500	ENSG00000146122	DAAM2
Gene::5558	PRIM2	5558	ENSG00000146143	PRIM2
Gene::90523	MLIP	90523	ENSG00000146147	MLIP
Gene::54511	HMGCLL1	54511	ENSG00000146151	HMGCLL1
Gene::51557	LGSN	51557	ENSG00000146166	LGSN
Gene::221472	FGD2	221472	ENSG00000146192	FGD2
Gene::222663	SCUBE3	222663	ENSG00000146197	SCUBE3
Gene::50636	ANO7	50636	ENSG00000146205	ANO7
Gene::401262	CRIP3	401262	ENSG00000146215	CRIP3
Gene::84630	TTBK1	84630	ENSG00000146216	TTBK1
Gene::202500	TCTE1	202500	ENSG00000146221	DRC5
Gene::285855	RPL7L1	285855	ENSG00000146223	RPL7L1
Gene::4794	NFKBIE	4794	ENSG00000146232	NFKBIE
Gene::51302	CYP39A1	51302	ENSG00000146233	CYP39A1
Gene::7162	TPBG	7162	ENSG00000146242	TPBG
Gene::134728	IRAK1BP1	134728	ENSG00000146243	IRAK1BP1
Gene::55023	PHIP	55023	ENSG00000146247	PHIP
Gene::167681	PRSS35	167681	ENSG00000146250	PRSS35
Gene::253714	MMS22L	253714	ENSG00000146263	MMS22L
Gene::84553	FAXC	84553	ENSG00000146267	FAXC
Gene::2569	GABRR1	2569	ENSG00000146276	GABRR1
Gene::10957	PNRC1	10957	ENSG00000146278	PNRC1
Gene::135293	PM20D2	135293	ENSG00000146281	PM20D2
Gene::57038	RARS2	57038	ENSG00000146282	RARS2
Gene::256380	SCML4	256380	ENSG00000146285	SCML4
Gene::221322	TBC1D32	221322	ENSG00000146350	TBC1D32
Gene::134829	CLVS2	134829	ENSG00000146352	CLVS2
Gene::2830	GPR6	2830	ENSG00000146360	GPR6
Gene::154214	RNF217	154214	ENSG00000146373	RNF217
Gene::84870	RSPO3	84870	ENSG00000146374	RSPO3
Gene::93663	ARHGAP18	93663	ENSG00000146376	ARHGAP18
Gene::9287	TAAR2	9287	ENSG00000146378	TAAR2
Gene::319100	TAAR6	319100	ENSG00000146383	TAAR6
Gene::83551	TAAR8	83551	ENSG00000146385	TAAR8
Gene::58527	ABRACL	58527	ENSG00000146386	ABRACL
Gene::134864	TAAR1	134864	ENSG00000146399	TAAR1
Gene::116843	SLC18B1	116843	ENSG00000146409	SLC18B1
Gene::113115	MTFR2	113115	ENSG00000146410	MTFR2
Gene::154091	SLC2A12	154091	ENSG00000146411	SLC2A12
Gene::257218	SHPRH	257218	ENSG00000146414	SHPRH
Gene::51390	AIG1	51390	ENSG00000146416	AIG1
Gene::6993	DYNLT1	6993	ENSG00000146425	DYNLT1
Gene::26230	TIAM2	26230	ENSG00000146426	TIAM2
Gene::57583	TMEM181	57583	ENSG00000146433	TMEM181
Gene::154197	PNLDC1	154197	ENSG00000146453	PNLDC1
Gene::9589	WTAP	9589	ENSG00000146457	WTAP
Gene::9202	ZMYM4	9202	ENSG00000146463	ZMYM4
Gene::7432	VIP	7432	ENSG00000146469	VIP
Gene::79624	ARMT1	79624	ENSG00000146476	DCPH1
Gene::6581	SLC22A3	6581	ENSG00000146477	SLC22A3
Gene::221806	VWDE	221806	ENSG00000146530	VWDE
Gene::2768	GNA12	2768	ENSG00000146535	GNA12
Gene::84310	C7orf50	84310	ENSG00000146540	CHLSN
Gene::221935	SDK1	221935	ENSG00000146555	SDK1
Gene::221960	CCZ1B	221960	ENSG00000146574	CCZ1B
Gene::79034	C7orf26	79034	ENSG00000146576	INTS15
Gene::57786	RBAK	57786	ENSG00000146587	RBAK
Gene::9586	CREB5	9586	ENSG00000146592	CREB5
Gene::222894	FERD3L	222894	ENSG00000146618	FERD3L
Gene::1956	EGFR	1956	ENSG00000146648	EGFR
Gene::113130	CDCA5	113130	ENSG00000146670	CDCA5
Gene::3486	IGFBP3	3486	ENSG00000146674	IGFBP3
Gene::5814	PURB	5814	ENSG00000146676	PURB
Gene::3484	IGFBP1	3484	ENSG00000146678	IGFBP1
Gene::136853	SSC4D	136853	ENSG00000146700	SSC4D
Gene::4191	MDH2	4191	ENSG00000146701	MDH2
Gene::22932	POMZP3	22932	ENSG00000146707	POMZP3
Gene::2631	GBAS	2631	ENSG00000146729	NIPSNAP2
Gene::908	CCT6A	908	ENSG00000146731	CCT6A
Gene::5723	PSPH	5723	ENSG00000146733	PSPH
Gene::135892	TRIM50	135892	ENSG00000146755	TRIM50
Gene::168374	ZNF92	168374	ENSG00000146757	ZNF92
Gene::222255	ATXN7L1	222255	ENSG00000146776	ATXN7L1
Gene::64418	TMEM168	64418	ENSG00000146802	TMEM168
Gene::142685	ASB15	142685	ENSG00000146809	ASB15
Gene::55262	C7orf43	55262	ENSG00000146826	TRAPPC14
Gene::56996	SLC12A9	56996	ENSG00000146828	SLC12A9
Gene::64599	GIGYF1	64599	ENSG00000146830	GIGYF1
Gene::89122	TRIM4	89122	ENSG00000146833	TRIM4
Gene::56257	MEPCE	56257	ENSG00000146834	MEPCE
Gene::7455	ZAN	7455	ENSG00000146839	ZAN
Gene::84928	TMEM209	84928	ENSG00000146842	TMEM209
Gene::340351	AGBL3	340351	ENSG00000146856	AGBL3
Gene::346673	STRA8	346673	ENSG00000146857	STRA8
Gene::92092	ZC3HAV1L	92092	ENSG00000146858	ZC3HAV1L
Gene::55281	TMEM140	55281	ENSG00000146859	TMEM140
Gene::11011	TLK2	11011	ENSG00000146872	TLK2
Gene::2041	EPHA1	2041	ENSG00000146904	EPHA1
Gene::64434	NOM1	64434	ENSG00000146909	NOM1
Gene::285888	CNPY1	285888	ENSG00000146910	CNPY1
Gene::54892	NCAPG2	54892	ENSG00000146918	NCAPG2
Gene::136371	ASB10	136371	ENSG00000146926	ASB10
Gene::57502	NLGN4X	57502	ENSG00000146938	NLGN4X
Gene::357	SHROOM2	357	ENSG00000146950	SHROOM2
Gene::401409	RAB19	401409	ENSG00000146955	RAB19
Gene::51631	LUC7L2	51631	ENSG00000146963	LUC7L2
Gene::27147	DENND2A	27147	ENSG00000146966	DENND2A
Gene::57393	TMEM27	57393	ENSG00000147003	CLTRN
Gene::30011	SH3KBP1	30011	ENSG00000147010	SH3KBP1
Gene::83604	TMEM47	83604	ENSG00000147027	TMEM47
Gene::347404	LANCL3	347404	ENSG00000147036	LANCL3
Gene::94122	SYTL5	94122	ENSG00000147041	SYTL5
Gene::8573	CASK	8573	ENSG00000147044	CASK
Gene::7403	KDM6A	7403	ENSG00000147050	KDM6A
Gene::54466	SPIN2A	54466	ENSG00000147059	SPIN2A
Gene::4478	MSN	4478	ENSG00000147065	MSN
Gene::8852	AKAP4	8852	ENSG00000147081	AKAP4
Gene::85417	CCNB3	85417	ENSG00000147082	CCNB3
Gene::55869	HDAC8	55869	ENSG00000147099	HDAC8
Gene::6567	SLC16A2	6567	ENSG00000147100	SLC16A2
Gene::79742	CXorf36	79742	ENSG00000147113	DIPK2B
Gene::7712	ZNF157	7712	ENSG00000147117	ZNF157
Gene::7569	ZNF182	7569	ENSG00000147118	ZNF182
Gene::56548	CHST7	56548	ENSG00000147119	CHST7
Gene::55634	KRBOX4	55634	ENSG00000147121	KRABD4
Gene::54539	NDUFB11	54539	ENSG00000147123	NDUFB11
Gene::7592	ZNF41	7592	ENSG00000147124	ZNF41
Gene::347517	RAB41	347517	ENSG00000147127	RAB41
Gene::9203	ZMYM3	9203	ENSG00000147130	ZMYM3
Gene::6872	TAF1	6872	ENSG00000147133	TAF1
Gene::84636	GPR174	84636	ENSG00000147138	GPR174
Gene::4841	NONO	4841	ENSG00000147140	NONO
Gene::90060	CCDC120	90060	ENSG00000147144	CCDC120
Gene::2846	LPAR4	2846	ENSG00000147145	LPAR4
Gene::10682	EBP	10682	ENSG00000147155	EBP
Gene::158835	AWAT2	158835	ENSG00000147160	AWAT2
Gene::8473	OGT	8473	ENSG00000147162	OGT
Gene::29934	SNX12	29934	ENSG00000147164	SNX12
Gene::26548	ITGB1BP2	26548	ENSG00000147166	ITGB1BP2
Gene::3561	IL2RG	3561	ENSG00000147168	IL2RG
Gene::93953	ACRC	93953	ENSG00000147174	GCNA
Gene::7552	ZNF711	7552	ENSG00000147180	ZNF711
Gene::53336	CPXCR1	53336	ENSG00000147183	CPXCR1
Gene::1730	DIAPH2	1730	ENSG00000147202	DIAPH2
Gene::56000	NXF3	56000	ENSG00000147206	NXF3
Gene::92129	RIPPLY1	92129	ENSG00000147223	RIPPLY1
Gene::5631	PRPS1	5631	ENSG00000147224	PRPS1
Gene::55086	CXorf57	55086	ENSG00000147231	RADX
Gene::84443	FRMPD3	84443	ENSG00000147234	FRMPD3
Gene::3358	HTR2C	3358	ENSG00000147246	HTR2C
Gene::139818	DOCK11	139818	ENSG00000147251	DOCK11
Gene::3547	IGSF1	3547	ENSG00000147255	IGSF1
Gene::158763	ARHGAP36	158763	ENSG00000147256	ARHGAP36
Gene::2719	GPC3	2719	ENSG00000147257	GPC3
Gene::139760	GPR119	139760	ENSG00000147262	GPR119
Gene::27316	RBMX	27316	ENSG00000147274	RBMX
Gene::79648	MCPH1	79648	ENSG00000147316	MCPH1
Gene::9258	MFHAS1	9258	ENSG00000147324	MFHAS1
Gene::26260	FBXO25	26260	ENSG00000147364	FBXO25
Gene::89885	FATE1	89885	ENSG00000147378	FATE1
Gene::4103	MAGEA4	4103	ENSG00000147381	MAGEA4
Gene::50814	NSDHL	50814	ENSG00000147383	NSDHL
Gene::7739	ZNF185	7739	ENSG00000147394	ZNF185
Gene::1069	CETN2	1069	ENSG00000147400	CETN2
Gene::6134	RPL10	6134	ENSG00000147403	RPL10
Gene::55790	CSGALNACT1	55790	ENSG00000147408	CSGALNACT1
Gene::526	ATP6V1B2	526	ENSG00000147416	ATP6V1B2
Gene::55246	CCDC25	55246	ENSG00000147419	CCDC25
Gene::79618	HMBOX1	79618	ENSG00000147421	HMBOX1
Gene::1142	CHRNB3	1142	ENSG00000147432	CHRNB3
Gene::8973	CHRNA6	8973	ENSG00000147434	CHRNA6
Gene::2796	GNRH1	2796	ENSG00000147437	GNRH1
Gene::55909	BIN3	55909	ENSG00000147439	BIN3
Gene::9046	DOK2	9046	ENSG00000147443	DOK2
Gene::51312	SLC25A37	51312	ENSG00000147454	SLC25A37
Gene::91782	CHMP7	91782	ENSG00000147457	CHMP7
Gene::80005	DOCK5	80005	ENSG00000147459	DOCK5
Gene::6770	STAR	6770	ENSG00000147465	STAR
Gene::11212	PROSC	11212	ENSG00000147471	PLPBP
Gene::11160	ERLIN2	11160	ENSG00000147475	ERLIN2
Gene::54212	SNTG1	54212	ENSG00000147481	SNTG1
Gene::137902	PXDNL	137902	ENSG00000147485	PXDNL
Gene::9705	ST18	9705	ENSG00000147488	ST18
Gene::8601	RGS20	8601	ENSG00000147509	RGS20
Gene::6867	TACC1	6867	ENSG00000147526	TACC1
Gene::51125	GOLGA7	51125	ENSG00000147533	GOLGA7
Gene::84513	PPAPDC1B	84513	ENSG00000147535	PLPP5
Gene::84296	GINS4	84296	ENSG00000147536	GINS4
Gene::54904	WHSC1L1	54904	ENSG00000147548	NSD3
Gene::85479	DNAJC5B	85479	ENSG00000147570	DNAJC5B
Gene::1392	CRH	1392	ENSG00000147571	CRH
Gene::84675	TRIM55	84675	ENSG00000147573	TRIM55
Gene::137872	ADHFE1	137872	ENSG00000147576	ADHFE1
Gene::28957	MRPS28	28957	ENSG00000147586	MRPS28
Gene::5375	PMP2	5375	ENSG00000147588	PMP2
Gene::51110	LACTB2	51110	ENSG00000147592	LACTB2
Gene::63978	PRDM14	63978	ENSG00000147596	PRDM14
Gene::7013	TERF1	7013	ENSG00000147601	TERF1
Gene::6129	RPL7	6129	ENSG00000147604	RPL7
Gene::115111	SLC26A7	115111	ENSG00000147606	SLC26A7
Gene::85481	PSKH2	85481	ENSG00000147613	PSKH2
Gene::245972	ATP6V0D2	245972	ENSG00000147614	ATP6V0D2
Gene::55638	SYBU	55638	ENSG00000147642	SYBU
Gene::1807	DPYS	1807	ENSG00000147647	DPYS
Gene::92140	MTDH	92140	ENSG00000147649	MTDH
Gene::29967	LRP12	29967	ENSG00000147650	LRP12
Gene::9166	EBAG9	9166	ENSG00000147654	EBAG9
Gene::340419	RSPO2	340419	ENSG00000147655	RSPO2
Gene::5440	POLR2K	5440	ENSG00000147669	POLR2K
Gene::114569	MAL2	114569	ENSG00000147676	MAL2
Gene::8667	EIF3H	8667	ENSG00000147677	EIF3H
Gene::84294	UTP23	84294	ENSG00000147679	UTP23
Gene::4715	NDUFB9	4715	ENSG00000147684	NDUFB9
Gene::83940	TATDN1	83940	ENSG00000147687	TATDN1
Gene::84985	FAM83A	84985	ENSG00000147689	SACK1A
Gene::56169	GSDMC	56169	ENSG00000147697	GSDMC
Gene::51059	FAM135B	51059	ENSG00000147724	FAM135B
Gene::7553	ZNF7	7553	ENSG00000147789	ZNF7
Gene::80728	ARHGAP39	80728	ENSG00000147799	ARHGAP39
Gene::55630	SLC39A4	55630	ENSG00000147804	SLC39A4
Gene::93100	NAPRT	93100	ENSG00000147813	NAPRT
Gene::7436	VLDLR	7436	ENSG00000147852	VLDLR
Gene::50808	AK3	50808	ENSG00000147853	AK3
Gene::115426	UHRF2	115426	ENSG00000147854	UHRF2
Gene::4781	NFIB	4781	ENSG00000147862	NFIB
Gene::9350	CER1	9350	ENSG00000147869	CER1
Gene::123	PLIN2	123	ENSG00000147872	PLIN2
Gene::3442	IFNA5	3442	ENSG00000147873	IFNA5
Gene::54801	HAUS6	54801	ENSG00000147874	HAUS6
Gene::1030	CDKN2B	1030	ENSG00000147883	CDKN2B
Gene::3449	IFNA16	3449	ENSG00000147885	IFNA16
Gene::1029	CDKN2A	1029	ENSG00000147889	CDKN2A
Gene::203228	C9orf72	203228	ENSG00000147894	C9orf72
Gene::56832	IFNK	56832	ENSG00000147896	IFNK
Gene::84186	ZCCHC7	84186	ENSG00000147905	ZCCHC7
Gene::26267	FBXO10	26267	ENSG00000147912	FBXO10
Gene::10280	SIGMAR1	10280	ENSG00000147955	SIGMAR1
Gene::220869	CBWD5	220869	ENSG00000147996	ZNG1E
Gene::84131	CEP78	84131	ENSG00000148019	CEP78
Gene::4915	NTRK2	4915	ENSG00000148053	NTRK2
Gene::414328	IDNK	414328	ENSG00000148057	IDNK
Gene::53358	SHC3	53358	ENSG00000148082	SHC3
Gene::549	AUH	549	ENSG00000148090	AUH
Gene::84641	HIATL1	84641	ENSG00000148110	SLC71A2
Gene::84909	C9orf3	84909	ENSG00000148120	AOPEP
Gene::54886	LPPR1	54886	ENSG00000148123	PLPPR1
Gene::138804	OR13C4	138804	ENSG00000148136	OR13C4
Gene::58499	ZNF462	58499	ENSG00000148143	ZNF462
Gene::58493	INIP	58493	ENSG00000148153	INIP
Gene::7357	UGCG	7357	ENSG00000148154	UGCG
Gene::10880	ACTL7B	10880	ENSG00000148156	ACTL7B
Gene::401548	SNX30	401548	ENSG00000148158	SNX30
Gene::2040	STOM	2040	ENSG00000148175	STOM
Gene::2934	GSN	2934	ENSG00000148180	GSN
Gene::92399	MRRF	92399	ENSG00000148187	MRRF
Gene::2649	NR6A1	2649	ENSG00000148200	NR6A1
Gene::286204	CRB2	286204	ENSG00000148204	CRB2
Gene::392391	OR5C1	392391	ENSG00000148215	OR5C1
Gene::210	ALAD	210	ENSG00000148218	ALAD
Gene::23245	ASTN2	23245	ENSG00000148219	ASTN2
Gene::114987	WDR31	114987	ENSG00000148225	WDR31
Gene::54107	POLE3	54107	ENSG00000148229	POLE3
Gene::6836	SURF4	6836	ENSG00000148248	SURF4
Gene::26301	GBGT1	26301	ENSG00000148288	GBGT1
Gene::6834	SURF1	6834	ENSG00000148290	SURF1
Gene::6835	SURF2	6835	ENSG00000148291	SURF2
Gene::6838	SURF6	6838	ENSG00000148296	SURF6
Gene::6837	MED22	6837	ENSG00000148297	MED22
Gene::57109	REXO4	57109	ENSG00000148300	REXO4
Gene::6130	RPL7A	6130	ENSG00000148303	RPL7A
Gene::9328	GTF3C5	9328	ENSG00000148308	GTF3C5
Gene::140459	ASB6	140459	ENSG00000148331	ASB6
Gene::80142	PTGES2	80142	ENSG00000148334	PTGES2
Gene::28989	NTMT1	28989	ENSG00000148335	NTMT1
Gene::25792	CIZ1	25792	ENSG00000148337	CIZ1
Gene::114789	SLC25A25	114789	ENSG00000148339	SLC25A25
Gene::56904	SH3GLB2	56904	ENSG00000148341	SH3GLB2
Gene::84895	FAM73B	84895	ENSG00000148343	MIGA2
Gene::9536	PTGES	9536	ENSG00000148344	PTGES
Gene::3934	LCN2	3934	ENSG00000148346	LCN2
Gene::90678	LRSAM1	90678	ENSG00000148356	LRSAM1
Gene::256158	HMCN2	256158	ENSG00000148357	HMCN2
Gene::57720	GPR107	57720	ENSG00000148358	GPR107
Gene::286257	C9orf142	286257	ENSG00000148362	PAXX
Gene::91734	IDI2	91734	ENSG00000148377	IDI2
Gene::56623	INPP5E	56623	ENSG00000148384	INPP5E
Gene::392399	LCN9	392399	ENSG00000148386	LCN9
Gene::9919	SEC16A	9919	ENSG00000148396	SEC16A
Gene::92715	DPH7	92715	ENSG00000148399	DPH7
Gene::4851	NOTCH1	4851	ENSG00000148400	NOTCH1
Gene::774	CACNA1B	774	ENSG00000148408	CACNA1B
Gene::138151	NACC2	138151	ENSG00000148411	NACC2
Gene::254427	PROSER2	254427	ENSG00000148426	PROSER2
Gene::9712	USP6NL	9712	ENSG00000148429	USP6NL
Gene::23412	COMMD3	23412	ENSG00000148444	COMMD3
Gene::22921	MSRB2	22921	ENSG00000148450	MSRB2
Gene::23590	PDSS1	23590	ENSG00000148459	PDSS1
Gene::221061	FAM171A1	221061	ENSG00000148468	FAM171A1
Gene::80013	FAM188A	80013	ENSG00000148481	MINDY3
Gene::221074	SLC39A12	221074	ENSG00000148482	SLC39A12
Gene::653567	TMEM236	653567	ENSG00000148483	TMEM236
Gene::6251	RSU1	6251	ENSG00000148484	RSU1
Gene::338596	ST8SIA6	338596	ENSG00000148488	ST8SIA6
Gene::56288	PARD3	56288	ENSG00000148498	PARD3
Gene::91074	ANKRD30A	91074	ENSG00000148513	ANKRD30A
Gene::6935	ZEB1	6935	ENSG00000148516	ZEB1
Gene::220965	FAM13C	220965	ENSG00000148541	FAM13C
Gene::29982	NRBF2	29982	ENSG00000148572	NRBF2
Gene::29974	A1CF	29974	ENSG00000148584	A1CF
Gene::92211	CDHR1	92211	ENSG00000148600	CDHR1
Gene::26103	LRIT1	26103	ENSG00000148602	LRIT1
Gene::5995	RGR	5995	ENSG00000148604	RGR
Gene::11128	POLR3A	11128	ENSG00000148606	POLR3A
Gene::26091	HERC4	26091	ENSG00000148634	HERC4
Gene::83938	C10orf11	83938	ENSG00000148655	LRMDA
Gene::818	CAMK2G	818	ENSG00000148660	CAMK2G
Gene::10974	ADIRF	10974	ENSG00000148671	ADIRF
Gene::2746	GLUD1	2746	ENSG00000148672	GLUD1
Gene::27063	ANKRD1	27063	ENSG00000148677	ANKRD1
Gene::3363	HTR7	3363	ENSG00000148680	HTR7
Gene::10556	RPP30	10556	ENSG00000148688	RPP30
Gene::118924	FRA10AC1	118924	ENSG00000148690	FRA10AC1
Gene::120	ADD3	120	ENSG00000148700	ADD3
Gene::3026	HABP2	3026	ENSG00000148702	HABP2
Gene::11023	VAX1	11023	ENSG00000148704	VAX1
Gene::54788	DNAJB12	54788	ENSG00000148719	DNAJB12
Gene::1979	EIF4EBP2	1979	ENSG00000148730	EIF4EBP2
Gene::64106	NPFFR1	64106	ENSG00000148734	NPFFR1
Gene::79949	PLEKHS1	79949	ENSG00000148735	PLEKHS1
Gene::6934	TCF7L2	6934	ENSG00000148737	TCF7L2
Gene::4288	MKI67	4288	ENSG00000148773	MKI67
Gene::1586	CYP17A1	1586	ENSG00000148795	CYP17A1
Gene::9118	INA	9118	ENSG00000148798	INA
Gene::282969	FUOM	282969	ENSG00000148803	FUOM
Gene::80313	LRRC27	80313	ENSG00000148814	LRRC27
Gene::92170	MTG1	92170	ENSG00000148824	MTG1
Gene::84504	NKX6-2	84504	ENSG00000148826	NKX6-2
Gene::196743	PAOX	196743	ENSG00000148832	PAOX
Gene::9446	GSTO1	9446	ENSG00000148834	GSTO1
Gene::6877	TAF5	6877	ENSG00000148835	TAF5
Gene::23082	PPRC1	23082	ENSG00000148840	PPRC1
Gene::85450	ITPRIP	85450	ENSG00000148841	ITPRIP
Gene::54805	CNNM2	54805	ENSG00000148842	CNNM2
Gene::22984	PDCD11	22984	ENSG00000148843	PDCD11
Gene::8038	ADAM12	8038	ENSG00000148848	ADAM12
Gene::6001	RGS10	6001	ENSG00000148908	RGS10
Gene::84280	BTBD10	84280	ENSG00000148925	BTBD10
Gene::133	ADM	133	ENSG00000148926	ADM
Gene::2620	GAS2	2620	ENSG00000148935	GAS2
Gene::159963	SLC5A12	159963	ENSG00000148942	SLC5A12
Gene::55327	LIN7C	55327	ENSG00000148943	LIN7C
Gene::57689	LRRC4C	57689	ENSG00000148948	LRRC4C
Gene::196294	IMMP1L	196294	ENSG00000148950	IMMP1L
Gene::6291	SAA4	6291	ENSG00000148965	SAA4
Gene::27315	PGAP2	27315	ENSG00000148985	PGAP2
Gene::64852	TUT1	64852	ENSG00000149016	TUT1
Gene::7356	SCGB1A1	7356	ENSG00000149021	SCGB1A1
Gene::90019	SYT8	90019	ENSG00000149043	SYT8
Gene::7761	ZNF214	7761	ENSG00000149050	ZNF214
Gene::7762	ZNF215	7762	ENSG00000149054	ZNF215
Gene::51144	HSD17B12	51144	ENSG00000149084	HSD17B12
Gene::51074	APIP	51074	ENSG00000149089	APIP
Gene::25891	PAMR1	25891	ENSG00000149090	PAMR1
Gene::8525	DGKZ	8525	ENSG00000149091	DGKZ
Gene::10480	EIF3M	10480	ENSG00000149100	EIF3M
Gene::85456	TNKS1BP1	85456	ENSG00000149115	CNOT12
Gene::10249	GLYAT	10249	ENSG00000149124	GLYAT
Gene::710	SERPING1	710	ENSG00000149131	SERPING1
Gene::338674	OR5F1	338674	ENSG00000149133	OR5F1
Gene::6749	SSRP1	6749	ENSG00000149136	SSRP1
Gene::8501	SLC43A1	8501	ENSG00000149150	SLC43A1
Gene::5795	PTPRJ	5795	ENSG00000149177	PTPRJ
Gene::79096	C11orf49	79096	ENSG00000149179	CSTPP1
Gene::84364	ARFGAP2	84364	ENSG00000149182	ARFGAP2
Gene::10658	CELF1	10658	ENSG00000149187	CELF1
Gene::51501	C11orf73	51501	ENSG00000149196	HIKESHI
Gene::60494	CCDC81	60494	ENSG00000149201	CCDC81
Gene::143686	SESN3	143686	ENSG00000149212	SESN3
Gene::23052	ENDOD1	23052	ENSG00000149218	ENDOD1
Gene::79780	CCDC82	79780	ENSG00000149231	CCDC82
Gene::283212	KLHL35	283212	ENSG00000149243	KLHL35
Gene::26011	TENM4	26011	ENSG00000149256	TENM4
Gene::871	SERPINH1	871	ENSG00000149257	SERPINH1
Gene::726	CAPN5	726	ENSG00000149260	CAPN5
Gene::92105	INTS4	92105	ENSG00000149262	INTS4
Gene::5058	PAK1	5058	ENSG00000149269	PAK1
Gene::6188	RPS3	6188	ENSG00000149273	RPS3
Gene::85463	ZC3H12C	85463	ENSG00000149289	ZC3H12C
Gene::54970	TTC12	54970	ENSG00000149292	TTC12
Gene::4684	NCAM1	4684	ENSG00000149294	NCAM1
Gene::1813	DRD2	1813	ENSG00000149295	DRD2
Gene::91894	C11orf52	91894	ENSG00000149300	C11orf52
Gene::9177	HTR3B	9177	ENSG00000149305	HTR3B
Gene::4863	NPAT	4863	ENSG00000149308	NPAT
Gene::472	ATM	472	ENSG00000149311	ATM
Gene::60496	AASDHPPT	60496	ENSG00000149313	AASDHPPT
Gene::89944	GLB1L2	89944	ENSG00000149328	GLB1L2
Gene::128710	SLX4IP	128710	ENSG00000149346	SLX4IP
Gene::55004	LAMTOR1	55004	ENSG00000149357	LAMTOR1
Gene::283208	P4HA3	283208	ENSG00000149380	P4HA3
Gene::2900	GRIK4	2900	ENSG00000149403	GRIK4
Gene::6768	ST14	6768	ENSG00000149418	ST14
Gene::10525	HYOU1	10525	ENSG00000149428	HYOU1
Gene::92086	GGTLC1	92086	ENSG00000149435	GGTLC1
Gene::100128496	C20orf78	100128496	ENSG00000149443	SCP2D1-AS1
Gene::80332	ADAM33	80332	ENSG00000149451	ADAM33
Gene::9376	SLC22A8	9376	ENSG00000149452	SLC22A8
Gene::57325	CSRP2BP	57325	ENSG00000149474	KAT14
Gene::26007	TKFC	26007	ENSG00000149476	TKFC
Gene::9219	MTA2	9219	ENSG00000149480	MTA2
Gene::51524	TMEM138	51524	ENSG00000149483	TMEM138
Gene::3992	FADS1	3992	ENSG00000149485	FADS1
Gene::117532	TMC2	117532	ENSG00000149488	TMC2
Gene::6094	ROM1	6094	ENSG00000149489	ROM1
Gene::256364	EML3	256364	ENSG00000149499	EML3
Gene::3619	INCENP	3619	ENSG00000149503	INCENP
Gene::22917	ZP1	22917	ENSG00000149506	ZP1
Gene::219990	OOSP2	219990	ENSG00000149507	OOSP2
Gene::932	MS4A3	932	ENSG00000149516	MS4A3
Gene::9651	PLCH2	9651	ENSG00000149527	PLCH2
Gene::79869	CPSF7	79869	ENSG00000149532	CPSF7
Gene::2206	MS4A2	2206	ENSG00000149534	MS4A2
Gene::26229	B3GAT3	26229	ENSG00000149541	B3GAT3
Gene::9538	EI24	9538	ENSG00000149547	EI24
Gene::80071	CCDC15	80071	ENSG00000149548	CCDC15
Gene::1111	CHEK1	1111	ENSG00000149554	CHEK1
Gene::9638	FEZ1	9638	ENSG00000149557	FEZ1
Gene::90952	ESAM	90952	ENSG00000149564	ESAM
Gene::84623	KIRREL3	84623	ENSG00000149571	KIRREL3
Gene::10205	MPZL2	10205	ENSG00000149573	MPZL2
Gene::6327	SCN2B	6327	ENSG00000149575	SCN2B
Gene::51092	SIDT2	51092	ENSG00000149577	SIDT2
Gene::84866	TMEM25	84866	ENSG00000149582	TMEM25
Gene::6876	TAGLN	6876	ENSG00000149591	TAGLN
Gene::57158	JPH2	57158	ENSG00000149596	JPH2
Gene::128853	DUSP15	128853	ENSG00000149599	DUSP15
Gene::149951	COMMD7	149951	ENSG00000149600	COMMD7
Gene::128864	C20orf144	128864	ENSG00000149609	C20orf144
Gene::85449	KIAA1755	85449	ENSG00000149633	KIAA1755
Gene::128497	SPATA25	128497	ENSG00000149634	SPATA25
Gene::128506	OCSTAMP	128506	ENSG00000149635	OCSTAMP
Gene::79980	DSN1	79980	ENSG00000149636	DSN1
Gene::140710	SOGA1	140710	ENSG00000149639	MTCL2
Gene::140894	CNBD2	140894	ENSG00000149646	CNBD2
Gene::391253	SPINT4	391253	ENSG00000149651	SPINT4
Gene::64405	CDH22	64405	ENSG00000149654	CDH22
Gene::149986	LSM14B	149986	ENSG00000149657	LSM14B
Gene::54915	YTHDF1	54915	ENSG00000149658	YTHDF1
Gene::81928	CABLES2	81928	ENSG00000149679	CABLES2
Gene::220064	ORAOV1	220064	ENSG00000149716	LTO1
Gene::170589	GPHA2	170589	ENSG00000149735	GPHA2
Gene::114571	SLC22A9	114571	ENSG00000149742	SLC22A9
Gene::83707	TRPT1	83707	ENSG00000149743	TRPT1
Gene::84304	NUDT22	84304	ENSG00000149761	NUDT22
Gene::83706	FERMT3	83706	ENSG00000149781	FERMT3
Gene::5331	PLCB3	5331	ENSG00000149782	PLCB3
Gene::740	MRPL49	740	ENSG00000149792	MRPL49
Gene::10435	CDC42EP2	10435	ENSG00000149798	CDC42EP2
Gene::2197	FAU	2197	ENSG00000149806	FAU
Gene::7108	TM7SF2	7108	ENSG00000149809	TM7SF2
Gene::738	VPS51	738	ENSG00000149823	VPS51
Gene::6911	TBX6	6911	ENSG00000149922	TBX6
Gene::5531	PPP4C	5531	ENSG00000149923	PPP4C
Gene::226	ALDOA	226	ENSG00000149925	ALDOA
Gene::83723	FAM57B	83723	ENSG00000149926	TLCD3B
Gene::8448	DOC2A	8448	ENSG00000149927	DOC2A
Gene::8479	HIRIP3	8479	ENSG00000149929	HIRIP3
Gene::9344	TAOK2	9344	ENSG00000149930	TAOK2
Gene::124446	TMEM219	124446	ENSG00000149932	TMEM219
Gene::8091	HMGA2	8091	ENSG00000149948	HMGA2
Gene::4314	MMP3	4314	ENSG00000149968	MMP3
Gene::22866	CNKSR2	22866	ENSG00000149970	CNKSR2
Gene::53942	CNTN5	53942	ENSG00000149972	CNTN5
Gene::51348	KLRF1	51348	ENSG00000150045	KLRF1
Gene::51267	CLEC1A	51267	ENSG00000150048	CLEC1A
Gene::283078	MKX	283078	ENSG00000150051	MKX
Gene::143098	MPP7	143098	ENSG00000150054	MPP7
Gene::3688	ITGB1	3688	ENSG00000150093	ITGB1
Gene::53828	FXYD4	53828	ENSG00000150201	FXYD4
Gene::79097	TRIM48	79097	ENSG00000150244	TRIM48
Gene::390157	OR8K1	390157	ENSG00000150261	OR8K1
Gene::390162	OR5M9	390162	ENSG00000150269	OR5M9
Gene::65217	PCDH15	65217	ENSG00000150275	PCDH15
Gene::1489	CTF1	1489	ENSG00000150281	CTF1
Gene::51503	CWC15	51503	ENSG00000150316	CWC15
Gene::2209	FCGR1A	2209	ENSG00000150337	FCGR1A
Gene::84159	ARID5B	84159	ENSG00000150347	ARID5B
Gene::57626	KLHL1	57626	ENSG00000150361	KLHL1
Gene::1006	CDH8	1006	ENSG00000150394	CDH8
Gene::55208	DCUN1D2	55208	ENSG00000150401	DCUN1D2
Gene::55002	TMCO3	55002	ENSG00000150403	SLC9D1
Gene::219854	TMEM218	219854	ENSG00000150433	TMEM218
Gene::114609	TIRAP	114609	ENSG00000150455	TIRAP
Gene::221143	N6AMT2	221143	ENSG00000150456	EEF1AKMT1
Gene::26524	LATS2	26524	ENSG00000150457	LATS2
Gene::10284	SAP18	10284	ENSG00000150459	SAP18
Gene::23284	ADGRL3	23284	ENSG00000150471	ADGRL3
Gene::57536	KIAA1328	57536	ENSG00000150477	KIAA1328
Gene::220108	FAM124A	220108	ENSG00000150510	FAM124A
Gene::4253	CTAGE5	4253	ENSG00000150527	MIA2
Gene::3176	HNMT	3176	ENSG00000150540	HNMT
Gene::116372	LYPD1	116372	ENSG00000150551	LYPD1
Gene::130576	LYPD6B	130576	ENSG00000150556	LYPD6B
Gene::27250	PDCD4	27250	ENSG00000150593	PDCD4
Gene::150	ADRA2A	150	ENSG00000150594	ADRA2A
Gene::2823	GPM6A	2823	ENSG00000150625	GPM6A
Gene::116966	WDR17	116966	ENSG00000150627	WDR17
Gene::132851	SPATA4	132851	ENSG00000150628	SPATA4
Gene::7424	VEGFC	7424	ENSG00000150630	VEGFC
Gene::79839	CCDC102B	79839	ENSG00000150636	CCDC102B
Gene::10666	CD226	10666	ENSG00000150637	CD226
Gene::84735	CNDP1	84735	ENSG00000150656	CNDP1
Gene::161835	FSIP1	161835	ENSG00000150667	FSIP1
Gene::1740	DLG2	1740	ENSG00000150672	DLG2
Gene::220047	CCDC83	220047	ENSG00000150676	CCDC83
Gene::64407	RGS18	64407	ENSG00000150681	RGS18
Gene::11098	PRSS23	11098	ENSG00000150687	PRSS23
Gene::54545	MTMR12	54545	ENSG00000150712	MTMR12
Gene::151242	PPP1R1C	151242	ENSG00000150722	PPP1R1C
Gene::341032	C11orf53	341032	ENSG00000150750	POU2AF2
Gene::22948	CCT5	22948	ENSG00000150753	CCT5
Gene::134145	FAM173B	134145	ENSG00000150756	ATPSCKMT
Gene::1793	DOCK1	1793	ENSG00000150760	DOCK1
Gene::85458	DIXDC1	85458	ENSG00000150764	DIXDC1
Gene::1737	DLAT	1737	ENSG00000150768	DLAT
Gene::120379	PIH1D2	120379	ENSG00000150773	PIH1D2
Gene::55216	C11orf57	55216	ENSG00000150776	NKAPD1
Gene::26521	TIMM8B	26521	ENSG00000150779	TIMM8B
Gene::3606	IL18	3606	ENSG00000150782	IL18
Gene::56158	TEX12	56158	ENSG00000150783	TEX12
Gene::5805	PTS	5805	ENSG00000150787	PTS
Gene::5305	PIP4K2A	5305	ENSG00000150867	PIP4K2A
Gene::130813	C2orf50	130813	ENSG00000150873	CIMIP5
Gene::341640	FREM2	341640	ENSG00000150893	FREM2
Gene::2308	FOXO1	2308	ENSG00000150907	FOXO1
Gene::51232	CRIM1	51232	ENSG00000150938	CRIM1
Gene::9871	SEC24D	9871	ENSG00000150961	SEC24D
Gene::23457	ABCB9	23457	ENSG00000150967	ABCB9
Gene::196383	RILPL2	196383	ENSG00000150977	RILPL2
Gene::57647	DHX37	57647	ENSG00000150990	DHX37
Gene::7316	UBC	7316	ENSG00000150991	UBC
Gene::3708	ITPR1	3708	ENSG00000150995	ITPR1
Gene::84076	TKTL2	84076	ENSG00000151005	TKTL2
Gene::339105	PRSS53	339105	ENSG00000151006	PRSS53
Gene::23657	SLC7A11	23657	ENSG00000151012	SLC7A11
Gene::25819	CCRN4L	25819	ENSG00000151014	NOCT
Gene::219670	ENKUR	219670	ENSG00000151023	ENKUR
Gene::57512	GPR158	57512	ENSG00000151025	GPR158
Gene::119180	LYZL2	119180	ENSG00000151033	LYZL2
Gene::93589	CACNA2D4	93589	ENSG00000151062	CACNA2D4
Gene::196513	DCP1B	196513	ENSG00000151065	DCP1B
Gene::775	CACNA1C	775	ENSG00000151067	CACNA1C
Gene::3742	KCNA6	3742	ENSG00000151079	KCNA6
Gene::7068	THRB	7068	ENSG00000151090	THRB
Gene::55768	NGLY1	55768	ENSG00000151092	NGLY1
Gene::54995	OXSM	54995	ENSG00000151093	OXSM
Gene::55293	UEVLD	55293	ENSG00000151116	UEVLD
Gene::144110	TMEM86A	144110	ENSG00000151117	TMEM86A
Gene::121053	C12orf45	121053	ENSG00000151131	NOPCHAP1
Gene::90488	TMEM263	90488	ENSG00000151135	TMEM263
Gene::121551	BTBD11	121551	ENSG00000151136	ABTB3
Gene::89910	UBE3B	89910	ENSG00000151148	UBE3B
Gene::288	ANK3	288	ENSG00000151150	ANK3
Gene::253430	IPMK	253430	ENSG00000151151	IPMK
Gene::144715	RAD9B	144715	ENSG00000151164	RAD9B
Gene::196463	PLBD2	196463	ENSG00000151176	PLBD2
Gene::9231	DLG5	9231	ENSG00000151208	DLG5
Gene::4143	MAT1A	4143	ENSG00000151224	MAT1A
Gene::114134	SLC2A13	114134	ENSG00000151229	SLC2A13
Gene::283464	GXYLT1	283464	ENSG00000151233	GXYLT1
Gene::5756	TWF1	5756	ENSG00000151239	TWF1
Gene::22982	DIP2C	22982	ENSG00000151240	DIP2C
Gene::1977	EIF4E	1977	ENSG00000151247	EIF4E
Gene::9223	MAGI1	9223	ENSG00000151276	MAGI1
Gene::93081	TEX30	93081	ENSG00000151287	TEX30
Gene::1456	CSNK1G3	1456	ENSG00000151292	CSNK1G3
Gene::153443	SRFBP1	153443	ENSG00000151304	SRFBP1
Gene::9472	AKAP6	9472	ENSG00000151320	AKAP6
Gene::64067	NPAS3	64067	ENSG00000151322	NPAS3
Gene::283635	FAM177A1	283635	ENSG00000151327	FAM177A1
Gene::51562	MBIP	51562	ENSG00000151332	MBIP
Gene::145282	MIPOL1	145282	ENSG00000151338	MIPOL1
Gene::2132	EXT2	2132	ENSG00000151348	EXT2
Gene::129787	TMEM18	129787	ENSG00000151353	TMEM18
Gene::55821	ALLC	55821	ENSG00000151360	ALLC
Gene::65987	KCTD14	65987	ENSG00000151364	KCTD14
Gene::7069	THRSP	7069	ENSG00000151365	THRSP
Gene::4718	NDUFC2	4718	ENSG00000151366	NDUFC2
Gene::10873	ME3	10873	ENSG00000151376	ME3
Gene::343930	MSGN1	343930	ENSG00000151379	MSGN1
Gene::81792	ADAMTS12	81792	ENSG00000151388	ADAMTS12
Gene::80224	NUBPL	80224	ENSG00000151413	NUBPL
Gene::140609	NEK7	140609	ENSG00000151414	NEK7
Gene::127124	ATP6V1G3	127124	ENSG00000151418	ATP6V1G3
Gene::2241	FER	2241	ENSG00000151422	FER
Gene::63894	VIPAS39	63894	ENSG00000151445	VIPAS39
Gene::57182	ANKRD50	57182	ENSG00000151458	ANKRD50
Gene::26019	UPF2	26019	ENSG00000151461	UPF2
Gene::8872	CDC123	8872	ENSG00000151465	CDC123
Gene::132320	SCLT1	132320	ENSG00000151466	SCLT1
Gene::83643	CCDC3	83643	ENSG00000151468	CCDC3
Gene::132321	C4orf33	132321	ENSG00000151470	C4orf33
Gene::55691	FRMD4A	55691	ENSG00000151474	FRMD4A
Gene::83447	SLC25A31	83447	ENSG00000151475	SLC25A31
Gene::5800	PTPRO	5800	ENSG00000151490	PTPRO
Gene::2059	EPS8	2059	ENSG00000151491	EPS8
Gene::27034	ACAD8	27034	ENSG00000151498	ACAD8
Gene::29087	THYN1	29087	ENSG00000151500	THYN1
Gene::112936	VPS26B	112936	ENSG00000151502	VPS26B
Gene::23310	NCAPD3	23310	ENSG00000151503	NCAPD3
Gene::143187	VTI1A	143187	ENSG00000151532	VTI1A
Gene::5860	QDPR	5860	ENSG00000151552	QDPR
Gene::57700	FAM160B1	57700	ENSG00000151553	FHIP2A
Gene::121601	ANO4	121601	ENSG00000151572	ANO4
Gene::374618	TEX9	374618	ENSG00000151575	TEX9
Gene::79691	QTRTD1	79691	ENSG00000151576	QTRT2
Gene::1814	DRD3	1814	ENSG00000151577	DRD3
Gene::166785	MMAA	166785	ENSG00000151611	MMAA
Gene::152485	ZNF827	152485	ENSG00000151612	ZNF827
Gene::5458	POU4F2	5458	ENSG00000151615	POU4F2
Gene::1909	EDNRA	1909	ENSG00000151617	EDNRA
Gene::4306	NR3C2	4306	ENSG00000151623	NR3C2
Gene::1646	AKR1C2	1646	ENSG00000151632	AKR1C2
Gene::10570	DPYSL4	10570	ENSG00000151640	DPYSL4
Gene::27287	VENTX	27287	ENSG00000151650	VENTX
Gene::101	ADAM8	101	ENSG00000151651	ADAM8
Gene::3698	ITIH2	3698	ENSG00000151655	ITIH2
Gene::22944	KIN	22944	ENSG00000151657	KIN
Gene::5281	PIGF	5281	ENSG00000151665	PIGF
Gene::150709	ANKAR	150709	ENSG00000151687	ANKAR
Gene::3628	INPP1	3628	ENSG00000151689	INPP1
Gene::54842	MFSD6	54842	ENSG00000151690	MFSD6
Gene::9781	RNF144A	9781	ENSG00000151692	RNF144A
Gene::8853	ASAP2	8853	ENSG00000151693	ASAP2
Gene::6868	ADAM17	6868	ENSG00000151694	ADAM17
Gene::2313	FLI1	2313	ENSG00000151702	FLI1
Gene::3758	KCNJ1	3758	ENSG00000151704	KCNJ1
Gene::120224	TMEM45B	120224	ENSG00000151715	TMEM45B
Gene::80014	WWC2	80014	ENSG00000151718	WWC2
Gene::79682	CENPU	79682	ENSG00000151725	CENPU
Gene::2180	ACSL1	2180	ENSG00000151726	ACSL1
Gene::291	SLC25A4	291	ENSG00000151729	SLC25A4
Gene::196394	AMN1	196394	ENSG00000151743	AMN1
Gene::636	BICD1	636	ENSG00000151746	BICD1
Gene::60485	SAV1	60485	ENSG00000151748	SAV1
Gene::160857	CCDC122	160857	ENSG00000151773	CCDC122
Gene::387923	SERP2	387923	ENSG00000151778	SERP2
Gene::51594	NBAS	51594	ENSG00000151779	NBAS
Gene::79750	ZNF385D	79750	ENSG00000151789	ZNF385D
Gene::6999	TDO2	6999	ENSG00000151790	TDO2
Gene::60558	GUF1	60558	ENSG00000151806	GUF1
Gene::341880	SLC35F4	341880	ENSG00000151812	SLC35F4
Gene::2555	GABRA2	2555	ENSG00000151834	GABRA2
Gene::26278	SACS	26278	ENSG00000151835	SACS
Gene::729665	CCDC175	729665	ENSG00000151838	CCDC175
Gene::5042	PABPC3	5042	ENSG00000151846	PABPC3
Gene::55835	CENPJ	55835	ENSG00000151849	CPAP
Gene::26272	FBXO4	26272	ENSG00000151876	FBXO4
Gene::64417	C5orf28	64417	ENSG00000151881	TMEM267
Gene::56477	CCL28	56477	ENSG00000151882	CCL28
Gene::79668	PARP8	79668	ENSG00000151883	PARP8
Gene::2674	GFRA1	2674	ENSG00000151892	GFRA1
Gene::143384	CACUL1	143384	ENSG00000151893	CACUL1
Gene::667	DST	667	ENSG00000151914	DST
Gene::221336	BEND6	221336	ENSG00000151917	BEND6
Gene::7073	TIAL1	7073	ENSG00000151923	TIAL1
Gene::9531	BAG3	9531	ENSG00000151929	BAG3
Gene::144423	GLT1D1	144423	ENSG00000151948	GLT1D1
Gene::121256	TMEM132D	121256	ENSG00000151952	TMEM132D
Gene::166863	RBM46	166863	ENSG00000151962	RBM46
Gene::29970	SCHIP1	29970	ENSG00000151967	SCHIP1
Gene::84539	MCHR2	84539	ENSG00000152034	MCHR2
Gene::23704	KCNE4	23704	ENSG00000152049	KCNE4
Gene::130340	AP1S3	130340	ENSG00000152056	AP1S3
Gene::9910	RABGAP1L	9910	ENSG00000152061	RABGAP1L
Gene::91409	CCDC74B	91409	ENSG00000152076	CCDC74B
Gene::148534	TMEM56	148534	ENSG00000152078	TLCD4
Gene::80097	MZT2B	80097	ENSG00000152082	MZT2B
Gene::112714	TUBA3E	112714	ENSG00000152086	TUBA3E
Gene::460	ASTN1	460	ENSG00000152092	ASTN1
Gene::653275	CFC1B	653275	ENSG00000152093	CFC1B
Gene::130074	FAM168B	130074	ENSG00000152102	FAM168B
Gene::5784	PTPN14	5784	ENSG00000152104	PTPN14
Gene::4249	MGAT5	4249	ENSG00000152127	MGAT5
Gene::81615	TMEM163	81615	ENSG00000152128	TMEM163
Gene::253635	GPATCH11	253635	ENSG00000152133	GPATCH11
Gene::26353	HSPB8	26353	ENSG00000152137	HSPB8
Gene::79833	GEMIN6	79833	ENSG00000152147	GEMIN6
Gene::130733	TMEM178A	130733	ENSG00000152154	TMEM178A
Gene::5457	POU4F1	5457	ENSG00000152192	POU4F1
Gene::79596	RNF219	79596	ENSG00000152193	OBI1
Gene::57105	CYSLTR2	57105	ENSG00000152207	CYSLTR2
Gene::2895	GRID2	2895	ENSG00000152208	GRID2
Gene::115761	ARL11	115761	ENSG00000152213	ARL11
Gene::6014	RIT2	6014	ENSG00000152214	RIT2
Gene::26040	SETBP1	26040	ENSG00000152217	SETBP1
Gene::120534	ARL14EP	120534	ENSG00000152219	ARL14EP
Gene::57724	EPG5	57724	ENSG00000152223	EPG5
Gene::9050	PSTPIP2	9050	ENSG00000152229	PSTPIP2
Gene::498	ATP5A1	498	ENSG00000152234	ATP5F1A
Gene::115106	HAUS1	115106	ENSG00000152240	HAUS1
Gene::147339	C18orf25	147339	ENSG00000152242	ARK2N
Gene::57405	SPC25	57405	ENSG00000152253	SPC25
Gene::57818	G6PC2	57818	ENSG00000152254	G6PC2
Gene::5163	PDK1	5163	ENSG00000152256	PDK1
Gene::5741	PTH	5741	ENSG00000152266	PTH
Gene::5140	PDE3B	5140	ENSG00000152270	PDE3B
Gene::83439	TCF7L1	83439	ENSG00000152284	TCF7L1
Gene::10618	TGOLN2	10618	ENSG00000152291	TGOLN2
Gene::284948	SH2D6	284948	ENSG00000152292	SH2D6
Gene::56659	KCNK13	56659	ENSG00000152315	KCNK13
Gene::127933	UHMK1	127933	ENSG00000152332	UHMK1
Gene::83734	ATG10	83734	ENSG00000152348	ATG10
Gene::134359	POC5	134359	ENSG00000152359	POC5
Gene::6695	SPOCK1	6695	ENSG00000152377	SPOCK1
Gene::167555	FAM151B	167555	ENSG00000152380	FAM151B
Gene::117143	TADA1	117143	ENSG00000152382	TADA1
Gene::2977	GUCY1A2	2977	ENSG00000152402	GUCY1A2
Gene::143884	CWF19L2	143884	ENSG00000152404	CWF19L2
Gene::133746	JMY	133746	ENSG00000152409	JMY
Gene::9456	HOMER1	9456	ENSG00000152413	HOMER1
Gene::7518	XRCC4	7518	ENSG00000152422	XRCC4
Gene::66037	BOLL	66037	ENSG00000152430	BOLL
Gene::284306	ZNF547	284306	ENSG00000152433	ZNF547
Gene::374928	ZNF773	374928	ENSG00000152439	ZNF773
Gene::284309	ZNF776	284309	ENSG00000152443	ZNF776
Gene::10172	ZNF256	10172	ENSG00000152454	ZNF256
Gene::79723	SUV39H2	79723	ENSG00000152455	SUV39H2
Gene::64421	DCLRE1C	64421	ENSG00000152457	DCLRE1C
Gene::55301	OLAH	55301	ENSG00000152463	OLAH
Gene::10557	RPP38	10557	ENSG00000152464	RPP38
Gene::9397	NMT2	9397	ENSG00000152465	NMT2
Gene::284312	ZSCAN1	284312	ENSG00000152467	ZSCAN1
Gene::116412	ZNF837	116412	ENSG00000152475	ZNF837
Gene::219333	USP12	219333	ENSG00000152484	USP12
Gene::152137	CCDC50	152137	ENSG00000152492	CCDC50
Gene::814	CAMK4	814	ENSG00000152495	CAMK4
Gene::55521	TRIM36	55521	ENSG00000152503	TRIM36
Gene::678	ZFP36L2	678	ENSG00000152518	ZFP36L2
Gene::255967	PAN3	255967	ENSG00000152520	PAN3
Gene::130271	PLEKHH2	130271	ENSG00000152527	PLEKHH2
Gene::5213	PFKM	5213	ENSG00000152556	PFKM
Gene::114908	TMEM123	114908	ENSG00000152558	TMEM123
Gene::2893	GRIA4	2893	ENSG00000152578	GRIA4
Gene::285313	IGSF10	285313	ENSG00000152580	IGSF10
Gene::79925	SPEF2	79925	ENSG00000152582	SPEF2
Gene::8404	SPARCL1	8404	ENSG00000152583	SPARCL1
Gene::1834	DSPP	1834	ENSG00000152591	DSPP
Gene::1758	DMP1	1758	ENSG00000152592	DMP1
Gene::56955	MEPE	56955	ENSG00000152595	MEPE
Gene::4154	MBNL1	4154	ENSG00000152601	MBNL1
Gene::133690	CAPSL	133690	ENSG00000152611	CAPSL
Gene::133686	NADK2	133686	ENSG00000152620	NADK2
Gene::23171	GPD1L	23171	ENSG00000152642	GPD1L
Gene::2697	GJA1	2697	ENSG00000152661	GJA1
Gene::10309	CCNO	10309	ENSG00000152669	CCNO
Gene::54514	DDX4	54514	ENSG00000152670	DDX4
Gene::165530	CLEC4F	165530	ENSG00000152672	CLEC4F
Gene::55676	SLC30A6	55676	ENSG00000152683	SLC30A6
Gene::53918	PELO	53918	ENSG00000152684	PELO
Gene::25780	RASGRP3	25780	ENSG00000152689	RASGRP3
Gene::51128	SAR1B	51128	ENSG00000152700	SAR1B
Gene::347732	CATSPER3	347732	ENSG00000152705	CATSPER3
Gene::160897	GPR180	160897	ENSG00000152749	GPR180
Gene::200132	TCTEX1D1	200132	ENSG00000152760	DYNLT5
Gene::79819	WDR78	79819	ENSG00000152763	DNAI4
Gene::118932	ANKRD22	118932	ENSG00000152766	ANKRD22
Gene::10160	FARP1	10160	ENSG00000152767	FARP1
Gene::24138	IFIT5	24138	ENSG00000152778	IFIT5
Gene::387700	SLC16A12	387700	ENSG00000152779	SLC16A12
Gene::53354	PANK1	53354	ENSG00000152782	PANK1
Gene::56978	PRDM8	56978	ENSG00000152784	PRDM8
Gene::651	BMP3	651	ENSG00000152785	BMP3
Gene::9987	HNRNPDL	9987	ENSG00000152795	HNRNPDL
Gene::3087	HHEX	3087	ENSG00000152804	HHEX
Gene::7402	UTRN	7402	ENSG00000152818	UTRN
Gene::2911	GRM1	2911	ENSG00000152822	GRM1
Gene::5796	PTPRK	5796	ENSG00000152894	PTPRK
Gene::9453	GGPS1	9453	ENSG00000152904	GGPS1
Gene::85445	CNTNAP4	85445	ENSG00000152910	CNTNAP4
Gene::51351	ZNF117	51351	ENSG00000152926	ZNF117
Gene::115827	RAB3C	115827	ENSG00000152932	RAB3C
Gene::160492	LMNTD1	160492	ENSG00000152936	LMNTD1
Gene::153562	MARVELD2	153562	ENSG00000152939	MARVELD2
Gene::5884	RAD17	5884	ENSG00000152942	RAD17
Gene::9412	MED21	9412	ENSG00000152944	MED21
Gene::5352	PLOD2	5352	ENSG00000152952	PLOD2
Gene::55351	STK32B	55351	ENSG00000152953	STK32B
Gene::140767	NRSN1	140767	ENSG00000152954	NRSN1
Gene::152789	JAKMIP1	152789	ENSG00000152969	JAKMIP1
Gene::7545	ZIC1	7545	ENSG00000152977	ZIC1
Gene::166647	ADGRA3	166647	ENSG00000152990	ADGRA3
Gene::1360	CPB1	1360	ENSG00000153002	CPB1
Gene::285672	SREK1IP1	285672	ENSG00000153006	SREK1IP1
Gene::55203	LGI2	55203	ENSG00000153012	LGI2
Gene::10283	CWC27	10283	ENSG00000153015	CWC27
Gene::3140	MR1	3140	ENSG00000153029	MR1
Gene::6728	SRP19	6728	ENSG00000153037	SRP19
Gene::64946	CENPH	64946	ENSG00000153044	CENPH
Gene::9425	CDYL	9425	ENSG00000153046	CDYL
Gene::23589	CARHSP1	23589	ENSG00000153048	CARHSP1
Gene::146279	TEKT5	146279	ENSG00000153060	TEKT5
Gene::55024	BANK1	55024	ENSG00000153064	BANK1
Gene::51061	TXNDC11	51061	ENSG00000153066	TXNDC11
Gene::1601	DAB2	1601	ENSG00000153071	DAB2
Gene::130013	ACMSD	130013	ENSG00000153086	ACMSD
Gene::55289	ACOXL	55289	ENSG00000153093	ACOXL
Gene::10018	BCL2L11	10018	ENSG00000153094	BCL2L11
Gene::64682	ANAPC1	64682	ENSG00000153107	ANAPC1
Gene::831	CAST	831	ENSG00000153113	CAST
Gene::60592	SCOC	60592	ENSG00000153130	SCOC
Gene::1047	CLGN	1047	ENSG00000153132	CLGN
Gene::1070	CETN3	1070	ENSG00000153140	CETN3
Gene::8467	SMARCA5	8467	ENSG00000153147	SMARCA5
Gene::221711	SYCP2L	221711	ENSG00000153157	SYCP2L
Gene::654	BMP6	654	ENSG00000153162	BMP6
Gene::653489	RGPD3	653489	ENSG00000153165	RGPD3
Gene::283349	RASSF3	283349	ENSG00000153179	RASSF3
Gene::3192	HNRNPU	3192	ENSG00000153187	HNRNPU
Gene::5903	RANBP2	5903	ENSG00000153201	RANBP2
Gene::25909	AHCTF1	25909	ENSG00000153207	AHCTF1
Gene::10461	MERTK	10461	ENSG00000153208	MERTK
Gene::84910	TMEM87B	84910	ENSG00000153214	TMEM87B
Gene::5801	PTPRR	5801	ENSG00000153233	PTPRR
Gene::4929	NR4A2	4929	ENSG00000153234	NR4A2
Gene::130940	CCDC148	130940	ENSG00000153237	CCDC148
Gene::22925	PLA2R1	22925	ENSG00000153246	PLA2R1
Gene::5937	RBMS1	5937	ENSG00000153250	RBMS1
Gene::6328	SCN3A	6328	ENSG00000153253	SCN3A
Gene::55079	FEZF2	55079	ENSG00000153266	FEZF2
Gene::10225	CD96	10225	ENSG00000153283	CD96
Gene::9481	SLC25A27	9481	ENSG00000153291	SLC25A27
Gene::266977	ADGRF1	266977	ENSG00000153292	ADGRF1
Gene::221393	ADGRF4	221393	ENSG00000153294	ADGRF4
Gene::79981	FRMD1	79981	ENSG00000153303	FRMD1
Gene::51571	FAM49B	51571	ENSG00000153310	CYRIB
Gene::50807	ASAP1	50807	ENSG00000153317	ASAP1
Gene::22878	TRAPPC8	22878	ENSG00000153339	TRAPPC8
Gene::153643	FAM81B	153643	ENSG00000153347	FAM81B
Gene::125476	INO80C	125476	ENSG00000153391	INO80C
Gene::79888	LPCAT1	79888	ENSG00000153395	LPCAT1
Gene::153478	PLEKHG4B	153478	ENSG00000153404	PLEKHG4B
Gene::57407	NMRAL1	57407	ENSG00000153406	NMRAL1
Gene::124402	UBALD1	124402	ENSG00000153443	UBALD1
Gene::146556	C16orf89	146556	ENSG00000153446	C16orf89
Gene::26175	TMEM251	26175	ENSG00000153485	LYSET
Gene::3621	ING1	3621	ENSG00000153487	ING1
Gene::121793	TEX29	121793	ENSG00000153495	TEX29
Gene::122258	SPACA7	122258	ENSG00000153498	SPACA7
Gene::113622	ADPRHL1	113622	ENSG00000153531	ADPRHL1
Gene::112616	CMTM7	112616	ENSG00000153551	CMTM7
Gene::25827	FBXL2	25827	ENSG00000153558	FBXL2
Gene::7342	UBP1	7342	ENSG00000153560	UBP1
Gene::64795	RMND5A	64795	ENSG00000153561	RMND5A
Gene::925	CD8A	925	ENSG00000153563	CD8A
Gene::22934	RPIA	22934	ENSG00000153574	RPIA
Gene::5789	PTPRD	5789	ENSG00000153707	PTPRD
Gene::286343	LURAP1L	286343	ENSG00000153714	LURAP1L
Gene::154043	CNKSR3	154043	ENSG00000153721	CNKSR3
Gene::2960	GTF2E1	2960	ENSG00000153767	GTF2E1
Gene::10428	CFDP1	10428	ENSG00000153774	CFDP1
Gene::90316	TGIF2LX	90316	ENSG00000153779	TGIF2LX
Gene::55625	ZDHHC7	55625	ENSG00000153786	ZDHHC7
Gene::339145	FAM92B	339145	ENSG00000153789	CIBAR2
Gene::136895	C7orf31	136895	ENSG00000153790	SPMIP4
Gene::9407	TMPRSS11D	9407	ENSG00000153802	TMPRSS11D
Gene::221895	JAZF1	221895	ENSG00000153814	JAZF1
Gene::80790	CMIP	80790	ENSG00000153815	CMIP
Gene::80309	SPHKAP	80309	ENSG00000153820	SPHKAP
Gene::3773	KCNJ16	3773	ENSG00000153822	KCNJ16
Gene::55022	PID1	55022	ENSG00000153823	PID1
Gene::9320	TRIP12	9320	ENSG00000153827	TRIP12
Gene::130888	FBXO36	130888	ENSG00000153832	FBXO36
Gene::1054	CEBPG	1054	ENSG00000153879	CEBPG
Gene::79047	KCTD15	79047	ENSG00000153885	KCTD15
Gene::148103	ZNF599	148103	ENSG00000153896	ZNF599
Gene::255231	MCOLN2	255231	ENSG00000153898	MCOLN2
Gene::163175	LGI4	163175	ENSG00000153902	LGI4
Gene::23576	DDAH1	23576	ENSG00000153904	DDAH1
Gene::140890	SREK1	140890	ENSG00000153914	SREK1
Gene::1105	CHD1	1105	ENSG00000153922	CHD1
Gene::162282	ANKFN1	162282	ENSG00000153930	ANKFN1
Gene::8526	DGKE	8526	ENSG00000153933	DGKE
Gene::9653	HS2ST1	9653	ENSG00000153936	HS2ST1
Gene::124540	MSI2	124540	ENSG00000153944	MSI2
Gene::781	CACNA2D1	781	ENSG00000153956	CACNA2D1
Gene::221302	ZUFSP	221302	ENSG00000153975	ZUP1
Gene::9955	HS3ST3A1	9955	ENSG00000153976	HS3ST3A1
Gene::284161	GDPD1	284161	ENSG00000153982	GDPD1
Gene::116150	NUS1	116150	ENSG00000153989	NUS1
Gene::223117	SEMA3D	223117	ENSG00000153993	SEMA3D
Gene::5529	PPP2R5E	5529	ENSG00000154001	PPP2R5E
Gene::127247	ASB17	127247	ENSG00000154007	ASB17
Gene::10750	GRAP	10750	ENSG00000154016	GRAP
Gene::125206	SLC5A10	125206	ENSG00000154025	SLC5A10
Gene::26289	AK5	26289	ENSG00000154027	AK5
Gene::26256	CABYR	26256	ENSG00000154040	CABYR
Gene::55364	IMPACT	55364	ENSG00000154059	IMPACT
Gene::147463	ANKRD29	147463	ENSG00000154065	ANKRD29
Gene::135154	SDHAF4	135154	ENSG00000154079	SDHAF4
Gene::83539	CHST9	83539	ENSG00000154080	CHST9
Gene::7070	THY1	7070	ENSG00000154096	THY1
Gene::123872	DNAAF1	123872	ENSG00000154099	DNAAF1
Gene::404550	C16orf74	404550	ENSG00000154102	CLMB
Gene::219899	TBCEL	219899	ENSG00000154114	TBCEL
Gene::57338	JPH3	57338	ENSG00000154118	JPH3
Gene::56172	ANKH	56172	ENSG00000154122	ANKH
Gene::90268	OTULIN	90268	ENSG00000154124	OTULIN
Gene::84959	UBASH3B	84959	ENSG00000154127	UBASH3B
Gene::54538	ROBO4	54538	ENSG00000154133	ROBO4
Gene::64221	ROBO3	64221	ENSG00000154134	ROBO3
Gene::116337	PANX3	116337	ENSG00000154143	PANX3
Gene::84897	TBRG1	84897	ENSG00000154144	TBRG1
Gene::4900	NRGN	4900	ENSG00000154146	NRGN
Gene::54463	FAM134B	54463	ENSG00000154153	RETREG1
Gene::1010	CDH12	1010	ENSG00000154162	CDH12
Gene::2838	GPR15	2838	ENSG00000154165	GPR15
Gene::9868	TOMM70A	9868	ENSG00000154174	TOMM70
Gene::25890	ABI3BP	25890	ENSG00000154175	ABI3BP
Gene::284	ANGPT1	284	ENSG00000154188	ANGPT1
Gene::26207	PITPNC1	26207	ENSG00000154217	PITPNC1
Gene::200014	CC2D1B	200014	ENSG00000154222	CC2D1B
Gene::204219	CERS3	204219	ENSG00000154227	CERS3
Gene::5578	PRKCA	5578	ENSG00000154229	PRKCA
Gene::79705	LRRK1	79705	ENSG00000154237	LRRK1
Gene::201134	CEP112	201134	ENSG00000154240	CEP112
Gene::64090	GAL3ST2	64090	ENSG00000154252	GAL3ST2
Gene::10350	ABCA9	10350	ENSG00000154258	ABCA9
Gene::23460	ABCA6	23460	ENSG00000154262	ABCA6
Gene::10349	ABCA10	10349	ENSG00000154263	ABCA10
Gene::23461	ABCA5	23461	ENSG00000154265	ABCA5
Gene::5169	ENPP3	5169	ENSG00000154269	ENPP3
Gene::55286	C4orf19	55286	ENSG00000154274	PGCKA1
Gene::7345	UCHL1	7345	ENSG00000154277	UCHL1
Gene::375056	MIA3	375056	ENSG00000154305	MIA3
Gene::84976	DISP1	84976	ENSG00000154309	DISP1
Gene::23043	TNIK	23043	ENSG00000154310	TNIK
Gene::83648	FAM167A	83648	ENSG00000154319	FAM167A
Gene::252969	NEIL2	252969	ENSG00000154328	NEIL2
Gene::5239	PGM5	5239	ENSG00000154330	PGM5
Gene::89780	WNT3A	89780	ENSG00000154342	WNT3A
Gene::84033	OBSCN	84033	ENSG00000154358	OBSCN
Gene::91694	LONRF1	91694	ENSG00000154359	LONRF1
Gene::81559	TRIM11	81559	ENSG00000154370	TRIM11
Gene::55740	ENAH	55740	ENSG00000154380	ENAH
Gene::5506	PPP1R3A	5506	ENSG00000154415	PPP1R3A
Gene::126731	CCSAP	126731	ENSG00000154429	CCSAP
Gene::136991	ASZ1	136991	ENSG00000154438	ASZ1
Gene::57630	SH3RF1	57630	ENSG00000154447	SH3RF1
Gene::115362	GBP5	115362	ENSG00000154451	GBP5
Gene::9184	BUB3	9184	ENSG00000154473	BUB3
Gene::2849	GPR26	2849	ENSG00000154478	GPR26
Gene::129881	CCDC173	129881	ENSG00000154479	CFAP210
Gene::118856	MMP21	118856	ENSG00000154485	MMP21
Gene::118611	C10orf90	118611	ENSG00000154493	C10orf90
Gene::388650	FAM69A	388650	ENSG00000154511	DIPK1A
Gene::518	ATP5G3	518	ENSG00000154518	ATP5MC3
Gene::728577	CNTNAP3B	728577	ENSG00000154529	CNTNAP3B
Gene::728239	MAGED4	728239	ENSG00000154545	MAGED4
Gene::135295	SRSF12	135295	ENSG00000154548	SRSF12
Gene::27295	PDLIM3	27295	ENSG00000154553	PDLIM3
Gene::8470	SORBS2	8470	ENSG00000154556	SORBS2
Gene::6921	TCEB1	6921	ENSG00000154582	ELOC
Gene::23643	LY96	23643	ENSG00000154589	LY96
Gene::143471	PSMA8	143471	ENSG00000154611	PSMA8
Gene::9087	TMSB4Y	9087	ENSG00000154620	TMSB4Y
Gene::1525	CXADR	1525	ENSG00000154639	CXADR
Gene::10950	BTG3	10950	ENSG00000154640	BTG3
Gene::54149	C21orf91	54149	ENSG00000154642	C21orf91
Gene::140578	CHODL	140578	ENSG00000154645	CHODL
Gene::5651	TMPRSS15	5651	ENSG00000154646	TMPRSS15
Gene::4685	NCAM2	4685	ENSG00000154654	NCAM2
Gene::91133	L3MBTL4	91133	ENSG00000154655	L3MBTL4
Gene::5137	PDE1C	5137	ENSG00000154678	PDE1C
Gene::27342	RABGEF1	27342	ENSG00000154710	RABGEF1
Gene::54148	MRPL39	54148	ENSG00000154719	MRPL39
Gene::58494	JAM2	58494	ENSG00000154721	JAM2
Gene::522	ATP5J	522	ENSG00000154723	ATP5PF
Gene::2551	GABPA	2551	ENSG00000154727	GABPA
Gene::9510	ADAMTS1	9510	ENSG00000154734	ADAMTS1
Gene::11096	ADAMTS5	11096	ENSG00000154736	ADAMTS5
Gene::80746	TSEN2	80746	ENSG00000154743	TSEN2
Gene::146857	SLFN13	146857	ENSG00000154760	SLFN13
Gene::7476	WNT7A	7476	ENSG00000154764	WNT7A
Gene::7508	XPC	7508	ENSG00000154767	XPC
Gene::51244	CCDC174	51244	ENSG00000154781	CCDC174
Gene::152273	FGD5	152273	ENSG00000154783	FGD5
Gene::201163	FLCN	201163	ENSG00000154803	FLCN
Gene::285381	DPH3	285381	ENSG00000154813	DPH3
Gene::92106	OXNAD1	92106	ENSG00000154814	OXNAD1
Gene::23228	PLCL2	23228	ENSG00000154822	PLCL2
Gene::30827	CXXC1	30827	ENSG00000154832	CXXC1
Gene::220134	SKA1	220134	ENSG00000154839	SKA1
Gene::9989	PPP4R1	9989	ENSG00000154845	PPP4R1
Gene::147495	APCDD1	147495	ENSG00000154856	APCDD1
Gene::63895	PIEZO2	63895	ENSG00000154864	PIEZO2
Gene::65258	MPPE1	65258	ENSG00000154889	MPPE1
Gene::124739	USP43	124739	ENSG00000154914	USP43
Gene::51560	RAB6B	51560	ENSG00000154917	RAB6B
Gene::146956	EME1	146956	ENSG00000154920	EME1
Gene::2047	EPHB1	2047	ENSG00000154928	EPHB1
Gene::84532	ACSS1	84532	ENSG00000154930	ACSS1
Gene::91369	ANKRD40	91369	ENSG00000154945	ANKRD40
Gene::7566	ZNF18	7566	ENSG00000154957	ZNF18
Gene::56934	CA10	56934	ENSG00000154975	CA10
Gene::81552	VOPP1	81552	ENSG00000154978	VOPP1
Gene::346288	SEPT14	346288	ENSG00000154997	SEPTIN14
Gene::139322	APOOL	139322	ENSG00000155008	APOOL
Gene::27123	DKK2	27123	ENSG00000155011	DKK2
Gene::113612	CYP2U1	113612	ENSG00000155016	CYP2U1
Gene::222967	RSPH10B	222967	ENSG00000155026	RSPH10B
Gene::80028	FBXL18	80028	ENSG00000155034	FBXL18
Gene::129684	CNTNAP5	129684	ENSG00000155052	CNTNAP5
Gene::150696	PROM2	150696	ENSG00000155066	PROM2
Gene::221264	AK9	221264	ENSG00000155085	AK9
Gene::4956	ODF1	4956	ENSG00000155087	ODF1
Gene::7071	KLF10	7071	ENSG00000155090	KLF10
Gene::5799	PTPRN2	5799	ENSG00000155093	PTPRN2
Gene::51582	AZIN1	51582	ENSG00000155096	AZIN1
Gene::528	ATP6V1C1	528	ENSG00000155097	ATP6V1C1
Gene::55529	TMEM55A	55529	ENSG00000155099	PIP4P2
Gene::51633	OTUD6B	51633	ENSG00000155100	OTUD6B
Gene::23097	CDK19	23097	ENSG00000155111	CDK19
Gene::112495	GTF3C6	112495	ENSG00000155115	GTF3C6
Gene::158219	TTC39B	158219	ENSG00000155158	TTC39B
Gene::55326	AGPAT5	55326	ENSG00000155189	AGPAT5
Gene::64210	MMS19	64210	ENSG00000155229	MMS19
Gene::79544	OR4K1	79544	ENSG00000155249	OR4K1
Gene::55361	PI4K2A	55361	ENSG00000155252	PI4K2A
Gene::83742	MARVELD1	83742	ENSG00000155254	MARVELD1
Gene::118813	ZFYVE27	118813	ENSG00000155256	ZFYVE27
Gene::401647	GOLGA7B	401647	ENSG00000155265	GOLGA7B
Gene::27201	GPR78	27201	ENSG00000155269	GPR78
Gene::152992	TRMT44	152992	ENSG00000155275	TRMT44
Gene::81894	SLC25A28	81894	ENSG00000155287	SLC25A28
Gene::6782	HSPA13	6782	ENSG00000155304	HSPA13
Gene::64092	SAMSN1	64092	ENSG00000155307	SAMSN1
Gene::29761	USP25	29761	ENSG00000155313	USP25
Gene::65983	GRAMD3	65983	ENSG00000155324	GRAMD2B
Gene::54819	ZCCHC10	54819	ENSG00000155329	ZCCHC10
Gene::388272	C16orf87	388272	ENSG00000155330	HDIP1
Gene::4343	MOV10	4343	ENSG00000155363	MOV10
Gene::389	RHOC	389	ENSG00000155366	RHOC
Gene::333926	PPM1J	333926	ENSG00000155367	PPM1J
Gene::1622	DBI	1622	ENSG00000155368	DBI
Gene::6566	SLC16A1	6566	ENSG00000155380	SLC16A1
Gene::55027	HEATR3	55027	ENSG00000155393	HEATR3
Gene::378108	TRIM74	378108	ENSG00000155428	TRIM74
Gene::84365	NIFK	84365	ENSG00000155438	NIFK
Gene::5018	OXA1L	5018	ENSG00000155463	OXA1L
Gene::9056	SLC7A7	9056	ENSG00000155465	SLC7A7
Gene::9947	MAGEC1	9947	ENSG00000155495	MAGEC1
Gene::23367	LARP1	23367	ENSG00000155506	LARP1
Gene::9337	CNOT8	9337	ENSG00000155508	CNOT8
Gene::2890	GRIA1	2890	ENSG00000155511	GRIA1
Gene::136332	LRGUK	136332	ENSG00000155530	LRGUK
Gene::133383	SETD9	133383	ENSG00000155542	SETD9
Gene::166968	MIER3	166968	ENSG00000155545	MIER3
Gene::23165	NUP205	23165	ENSG00000155561	NUP205
Gene::342357	ZKSCAN2	342357	ENSG00000155592	ZKSCAN2
Gene::138241	C9orf85	138241	ENSG00000155621	C9orf85
Gene::9502	XAGE2	9502	ENSG00000155622	XAGE2
Gene::118788	PIK3AP1	118788	ENSG00000155629	PIK3AP1
Gene::129831	RBM45	129831	ENSG00000155636	RBM45
Gene::7273	TTN	7273	ENSG00000155657	TTN
Gene::11326	VSIG4	11326	ENSG00000155659	VSIG4
Gene::9601	PDIA4	9601	ENSG00000155660	PDIA4
Gene::79831	KDM8	79831	ENSG00000155666	KDM8
Gene::255762	PDZD9	255762	ENSG00000155714	PDZD9
Gene::146183	OTOA	146183	ENSG00000155719	OTOA
Gene::130535	KCTD18	130535	ENSG00000155729	KCTD18
Gene::285172	FAM126B	285172	ENSG00000155744	HYCC2
Gene::130540	ALS2CR12	130540	ENSG00000155749	FLACC1
Gene::151254	ALS2CR11	151254	ENSG00000155754	CATSPERT
Gene::65062	TMEM237	65062	ENSG00000155755	TMEM237
Gene::8324	FZD7	8324	ENSG00000155760	FZD7
Gene::200162	SPAG17	200162	ENSG00000155761	SPAG17
Gene::64798	DEPTOR	64798	ENSG00000155792	DEPTOR
Gene::56776	FMN2	56776	ENSG00000155816	FMN2
Gene::56254	RNF20	56254	ENSG00000155827	RNF20
Gene::1539	CYLC2	1539	ENSG00000155833	CYLC2
Gene::133522	PPARGC1B	133522	ENSG00000155846	PPARGC1B
Gene::9844	ELMO1	9844	ENSG00000155849	ELMO1
Gene::1836	SLC26A2	1836	ENSG00000155850	SLC26A2
Gene::134353	LSM11	134353	ENSG00000155858	LSM11
Gene::9443	MED7	9443	ENSG00000155868	MED7
Gene::158297	SAXO1	158297	ENSG00000155875	SAXO1
Gene::10670	RRAGA	10670	ENSG00000155876	RRAGA
Gene::25769	SLC24A2	25769	ENSG00000155886	SLC24A2
Gene::287015	TRIM42	287015	ENSG00000155890	TRIM42
Gene::92370	PXYLP1	92370	ENSG00000155893	PXYLP1
Gene::114	ADCY8	114	ENSG00000155897	ADCY8
Gene::5922	RASA2	5922	ENSG00000155903	RASA2
Gene::55005	RMND1	55005	ENSG00000155906	RMND1
Gene::154064	RAET1L	154064	ENSG00000155918	RAET1L
Gene::6503	SLA	6503	ENSG00000155926	SLA
Gene::51643	TMBIM4	51643	ENSG00000155957	TMBIM4
Gene::7411	VBP1	7411	ENSG00000155959	VBP1
Gene::116442	RAB39B	116442	ENSG00000155961	RAB39B
Gene::1193	CLIC2	1193	ENSG00000155962	CLIC2
Gene::2334	AFF2	2334	ENSG00000155966	AFF2
Gene::286097	MICU3	286097	ENSG00000155970	MICU3
Gene::23426	GRIP1	23426	ENSG00000155974	GRIP1
Gene::137492	VPS37A	137492	ENSG00000155975	VPS37A
Gene::3798	KIF5A	3798	ENSG00000155980	KIF5A
Gene::10	NAT2	10	ENSG00000156006	NAT2
Gene::4107	MAGEA8	4107	ENSG00000156009	MAGEA8
Gene::23362	PSD3	23362	ENSG00000156011	PSD3
Gene::138199	C9orf41	138199	ENSG00000156017	CARNMT1
Gene::90550	MCU	90550	ENSG00000156026	MCU
Gene::91748	ELMSAN1	91748	ENSG00000156030	MIDEAS
Gene::118491	CFAP70	118491	ENSG00000156042	CFAP70
Gene::9630	GNA14	9630	ENSG00000156049	GNA14
Gene::145483	FAM161B	145483	ENSG00000156050	FAM161B
Gene::2776	GNAQ	2776	ENSG00000156052	GNAQ
Gene::11197	WIF1	11197	ENSG00000156076	WIF1
Gene::7363	UGT2B4	7363	ENSG00000156096	UGT2B4
Gene::83873	GPR61	83873	ENSG00000156097	GPR61
Gene::4325	MMP16	4325	ENSG00000156103	MMP16
Gene::132	ADK	132	ENSG00000156110	ADK
Gene::3778	KCNMA1	3778	ENSG00000156113	KCNMA1
Gene::10538	BATF	10538	ENSG00000156127	BATF
Gene::1633	DCK	1633	ENSG00000156136	DCK
Gene::9508	ADAMTS3	9508	ENSG00000156140	ADAMTS3
Gene::257	ALX3	257	ENSG00000156150	ALX3
Gene::286148	DPY19L4	286148	ENSG00000156162	DPY19L4
Gene::137682	NDUFAF6	137682	ENSG00000156170	NDUFAF6
Gene::128338	DRAM2	128338	ENSG00000156171	DRAM2
Gene::157657	C8orf37	157657	ENSG00000156172	CFAP418
Gene::5470	PPEF2	5470	ENSG00000156194	PPEF2
Gene::161502	C15orf26	161502	ENSG00000156206	CFAP161
Gene::57188	ADAMTSL3	57188	ENSG00000156218	ADAMTSL3
Gene::419	ART3	419	ENSG00000156219	ART3
Gene::9154	SLC28A1	9154	ENSG00000156222	SLC28A1
Gene::123720	WHAMM	123720	ENSG00000156232	WHAMM
Gene::10563	CXCL13	10563	ENSG00000156234	CXCL13
Gene::29104	N6AMT1	29104	ENSG00000156239	HEMK2
Gene::10069	RWDD2B	10069	ENSG00000156253	RWDD2B
Gene::10600	USP16	10600	ENSG00000156256	USP16
Gene::10694	CCT8	10694	ENSG00000156261	CCT8
Gene::56911	MAP3K7CL	56911	ENSG00000156265	MAP3K7CL
Gene::84779	NAA11	84779	ENSG00000156269	NAA11
Gene::571	BACH1	571	ENSG00000156273	BACH1
Gene::26285	CLDN17	26285	ENSG00000156282	CLDN17
Gene::9073	CLDN8	9073	ENSG00000156284	CLDN8
Gene::7102	TSPAN7	7102	ENSG00000156298	TSPAN7
Gene::7074	TIAM1	7074	ENSG00000156299	TIAM1
Gene::57466	SCAF4	57466	ENSG00000156304	SCAF4
Gene::6103	RPGR	6103	ENSG00000156313	RPGR
Gene::23552	CDK20	23552	ENSG00000156345	CDK20
Gene::84108	PCGF6	84108	ENSG00000156374	PCGF6
Gene::122416	ANKRD9	122416	ENSG00000156381	ANKRD9
Gene::119392	SFR1	119392	ENSG00000156384	SFR1
Gene::22986	SORCS3	22986	ENSG00000156395	SORCS3
Gene::118980	SFXN2	118980	ENSG00000156398	SFXN2
Gene::9556	C14orf2	9556	ENSG00000156411	ATP5MJ
Gene::2528	FUT6	2528	ENSG00000156413	FUT6
Gene::122402	TDRD9	122402	ENSG00000156414	TDRD9
Gene::8817	FGF18	8817	ENSG00000156427	FGF18
Gene::5097	PCDH1	5097	ENSG00000156453	PCDH1
Gene::153769	SH3RF2	153769	ENSG00000156463	SH3RF2
Gene::392255	GDF6	392255	ENSG00000156466	GDF6
Gene::7381	UQCRB	7381	ENSG00000156467	UQCRB
Gene::51001	MTERF3	51001	ENSG00000156469	MTERF3
Gene::9791	PTDSS1	9791	ENSG00000156471	PTDSS1
Gene::5521	PPP2R2B	5521	ENSG00000156475	PPP2R2B
Gene::6156	RPL30	6156	ENSG00000156482	RPL30
Gene::3788	KCNS2	3788	ENSG00000156486	KCNS2
Gene::159091	FAM122C	159091	ENSG00000156500	PABIR3
Gene::6832	SUPV3L1	6832	ENSG00000156502	SUPV3L1
Gene::159090	FAM122B	159090	ENSG00000156504	PABIR2
Gene::1915	EEF1A1	1915	ENSG00000156508	EEF1A1
Gene::286151	FBXO43	286151	ENSG00000156509	FBXO43
Gene::80201	HKDC1	80201	ENSG00000156510	HKDC1
Gene::3098	HK1	3098	ENSG00000156515	HK1
Gene::219743	TYSND1	219743	ENSG00000156521	TYSND1
Gene::84295	PHF6	84295	ENSG00000156531	PHF6
Gene::135228	CD109	135228	ENSG00000156535	CD109
Gene::57497	LRFN2	57497	ENSG00000156564	LRFN2
Gene::4838	NODAL	4838	ENSG00000156574	NODAL
Gene::10394	PRG3	10394	ENSG00000156575	PRG3
Gene::9246	UBE2L6	9246	ENSG00000156587	UBE2L6
Gene::25921	ZDHHC5	25921	ENSG00000156599	ZDHHC5
Gene::219541	MED19	219541	ENSG00000156603	MED19
Gene::60685	ZFAND3	60685	ENSG00000156639	ZFAND3
Gene::27020	NPTN	27020	ENSG00000156642	NPTN
Gene::23522	KAT6B	23522	ENSG00000156650	KAT6B
Gene::142891	SAMD8	142891	ENSG00000156671	SAMD8
Gene::80223	RAB11FIP1	80223	ENSG00000156675	RAB11FIP1
Gene::137970	UNC5D	137970	ENSG00000156687	UNC5D
Gene::219970	GLYATL2	219970	ENSG00000156689	GLYATL2
Gene::10813	UTP14A	10813	ENSG00000156697	UTP14A
Gene::9131	AIFM1	9131	ENSG00000156709	AIFM1
Gene::5603	MAPK13	5603	ENSG00000156711	MAPK13
Gene::9530	BAG4	9530	ENSG00000156735	BAG4
Gene::931	MS4A1	931	ENSG00000156738	MS4A1
Gene::93594	TBC1D31	93594	ENSG00000156787	TBC1D31
Gene::55093	WDYHV1	55093	ENSG00000156795	NTAQ1
Gene::29028	ATAD2	29028	ENSG00000156802	ATAD2
Gene::114907	FBXO32	114907	ENSG00000156804	FBXO32
Gene::286053	NSMCE2	286053	ENSG00000156831	NSMCE2
Gene::115509	ZNF689	115509	ENSG00000156853	ZNF689
Gene::78994	PRR14	78994	ENSG00000156858	PRR14
Gene::64319	FBRS	64319	ENSG00000156860	FBRS
Gene::391059	FRRS1	391059	ENSG00000156869	FRRS1
Gene::5261	PHKG2	5261	ENSG00000156873	PHKG2
Gene::64645	HIAT1	64645	ENSG00000156875	SLC71A1
Gene::163786	SASS6	163786	ENSG00000156876	SASS6
Gene::1339	COX6A2	1339	ENSG00000156885	COX6A2
Gene::3681	ITGAD	3681	ENSG00000156886	ITGAD
Gene::139378	ADGRG4	139378	ENSG00000156920	ADGRG4
Gene::7547	ZIC3	7547	ENSG00000156925	ZIC3
Gene::115416	MALSU1	115416	ENSG00000156928	MALSU1
Gene::23355	VPS8	23355	ENSG00000156931	VPS8
Gene::2585	GALK2	2585	ENSG00000156958	GALK2
Gene::375323	LHFPL4	375323	ENSG00000156959	LHFPL4
Gene::93010	B3GNT7	93010	ENSG00000156966	B3GNT7
Gene::255027	MPV17L	255027	ENSG00000156968	MPV17L
Gene::701	BUB1B	701	ENSG00000156970	BUB1B
Gene::5147	PDE6D	5147	ENSG00000156973	PDE6D
Gene::1974	EIF4A2	1974	ENSG00000156976	EIF4A2
Gene::7862	BRPF1	7862	ENSG00000156983	BRPF1
Gene::285367	RPUSD3	285367	ENSG00000156990	RPUSD3
Gene::6750	SST	6750	ENSG00000157005	SST
Gene::9797	TATDN2	9797	ENSG00000157014	TATDN2
Gene::51738	GHRL	51738	ENSG00000157017	GHRL
Gene::6396	SEC13	6396	ENSG00000157020	SEC13
Gene::9941	EXOG	9941	ENSG00000157036	EXOG
Gene::123803	NTAN1	123803	ENSG00000157045	NTAN1
Gene::81626	SHCBP1L	81626	ENSG00000157060	SHCBP1L
Gene::23057	NMNAT2	23057	ENSG00000157064	NMNAT2
Gene::9372	ZFYVE9	9372	ENSG00000157077	ZFYVE9
Gene::491	ATP2B2	491	ENSG00000157087	ATP2B2
Gene::131375	LYZL4	131375	ENSG00000157093	LYZL4
Gene::6529	SLC6A1	6529	ENSG00000157103	SLC6A1
Gene::23049	SMG1	23049	ENSG00000157106	SMG1
Gene::115548	FCHO2	115548	ENSG00000157107	FCHO2
Gene::11030	RBPMS	11030	ENSG00000157110	RBPMS
Gene::134285	TMEM171	134285	ENSG00000157111	TMEM171
Gene::131377	KLHL40	131377	ENSG00000157119	KLHL40
Gene::731	C8A	731	ENSG00000157131	C8A
Gene::7079	TIMP4	7079	ENSG00000157150	TIMP4
Gene::6854	SYN2	6854	ENSG00000157152	SYN2
Gene::3084	NRG1	3084	ENSG00000157168	NRG1
Gene::54953	C1orf27	54953	ENSG00000157181	ODR4
Gene::1376	CPT2	1376	ENSG00000157184	CPT2
Gene::55707	NECAP2	55707	ENSG00000157191	NECAP2
Gene::7804	LRP8	7804	ENSG00000157193	LRP8
Gene::200008	CDCP2	200008	ENSG00000157211	CDCP2
Gene::22976	PAXIP1	22976	ENSG00000157212	PAXIP1
Gene::261729	STEAP2	261729	ENSG00000157214	STEAP2
Gene::23648	SSBP3	23648	ENSG00000157216	SSBP3
Gene::3361	HTR5A	3361	ENSG00000157219	HTR5A
Gene::9069	CLDN12	9069	ENSG00000157224	CLDN12
Gene::4323	MMP14	4323	ENSG00000157227	MMP14
Gene::8321	FZD1	8321	ENSG00000157240	FZD1
Gene::57798	GATAD1	57798	ENSG00000157259	GATAD1
Gene::203328	SUSD3	203328	ENSG00000157303	SUSD3
Gene::146456	TMED6	146456	ENSG00000157315	TMED6
Gene::348174	CLEC18A	348174	ENSG00000157322	CLEC18A
Gene::10901	DHRS4	10901	ENSG00000157326	DHRS4
Gene::93190	C1orf158	93190	ENSG00000157330	CFAP107
Gene::283971	CLEC18C	283971	ENSG00000157335	CLEC18C
Gene::221481	ARMC12	221481	ENSG00000157343	ARMC12
Gene::11269	DDX19B	11269	ENSG00000157349	DDX19B
Gene::6483	ST3GAL2	6483	ENSG00000157350	ST3GAL2
Gene::197258	FUK	197258	ENSG00000157353	FCSK
Gene::146433	IL34	146433	ENSG00000157368	IL34
Gene::115817	DHRS1	115817	ENSG00000157379	DHRS1
Gene::776	CACNA1D	776	ENSG00000157388	CACNA1D
Gene::415	ARSE	415	ENSG00000157399	ARSL
Gene::3815	KIT	3815	ENSG00000157404	KIT
Gene::54768	HYDIN	54768	ENSG00000157423	HYDIN
Gene::132949	AASDH	132949	ENSG00000157426	AASDH
Gene::7567	ZNF19	7567	ENSG00000157429	ZNF19
Gene::55799	CACNA2D3	55799	ENSG00000157445	CACNA2D3
Gene::54778	RNF111	54778	ENSG00000157450	RNF111
Gene::9133	CCNB2	9133	ENSG00000157456	CCNB2
Gene::145773	FAM81A	145773	ENSG00000157470	FAM81A
Gene::4643	MYO1E	4643	ENSG00000157483	MYO1E
Gene::26060	APPL1	26060	ENSG00000157500	APPL1
Gene::139221	MUM1L1	139221	ENSG00000157502	PWWP3B
Gene::134265	AFAP1L1	134265	ENSG00000157510	AFAP1L1
Gene::1831	TSC22D3	1831	ENSG00000157514	TSC22D3
Gene::10311	DSCR3	10311	ENSG00000157538	VPS26C
Gene::1859	DYRK1A	1859	ENSG00000157540	DYRK1A
Gene::3763	KCNJ6	3763	ENSG00000157542	KCNJ6
Gene::3772	KCNJ15	3772	ENSG00000157551	KCNJ15
Gene::2078	ERG	2078	ENSG00000157554	ERG
Gene::2114	ETS2	2114	ENSG00000157557	ETS2
Gene::90139	TSPAN18	90139	ENSG00000157570	TSPAN18
Gene::150082	LCA5L	150082	ENSG00000157578	LCA5L
Gene::347734	SLC35B2	347734	ENSG00000157593	SLC35B2
Gene::84187	TMEM164	84187	ENSG00000157600	TMEM164
Gene::4599	MX1	4599	ENSG00000157601	MX1
Gene::90993	CREB3L1	90993	ENSG00000157613	CREB3L1
Gene::25966	C2CD2	25966	ENSG00000157617	C2CD2
Gene::257397	TAB3	257397	ENSG00000157625	TAB3
Gene::124565	SLC38A10	124565	ENSG00000157637	SLC38A10
Gene::257169	C9orf43	257169	ENSG00000157653	C9orf43
Gene::445815	PALM2-AKAP2	445815	ENSG00000157654	PALM2AKAP2
Gene::114991	ZNF618	114991	ENSG00000157657	ZNF618
Gene::9162	DGKI	9162	ENSG00000157680	DGKI
Gene::203197	C9orf91	203197	ENSG00000157693	TMEM268
Gene::136306	SVOPL	136306	ENSG00000157703	SVOPL
Gene::79856	SNX22	79856	ENSG00000157734	SNX22
Gene::254048	UBN2	254048	ENSG00000157741	UBN2
Gene::673	BRAF	673	ENSG00000157764	BRAF
Gene::10568	SLC34A2	10568	ENSG00000157765	SLC34A2
Gene::176	ACAN	176	ENSG00000157766	ACAN
Gene::84262	PSMG3	84262	ENSG00000157778	PSMG3
Gene::9478	CABP1	9478	ENSG00000157782	CABP1
Gene::57728	WDR19	57728	ENSG00000157796	WDR19
Gene::84255	SLC37A3	84255	ENSG00000157800	SLC37A3
Gene::10239	AP3S2	10239	ENSG00000157823	AP3S2
Gene::114793	FMNL2	114793	ENSG00000157827	FMNL2
Gene::150946	GAREML	150946	ENSG00000157833	GAREM2
Gene::121665	SPPL3	121665	ENSG00000157837	SPPL3
Gene::56896	DPYSL5	56896	ENSG00000157851	DPYSL5
Gene::92749	DRC1	92749	ENSG00000157856	DRC1
Gene::9364	RAB28	9364	ENSG00000157869	RAB28
Gene::127281	FAM213B	127281	ENSG00000157870	PRXL2B
Gene::8764	TNFRSF14	8764	ENSG00000157873	TNFRSF14
Gene::55229	PANK4	55229	ENSG00000157881	PANK4
Gene::130106	CIB4	130106	ENSG00000157884	CIB4
Gene::84465	MEGF11	84465	ENSG00000157890	MEGF11
Gene::64897	C12orf43	64897	ENSG00000157895	C12orf43
Gene::5192	PEX10	5192	ENSG00000157911	PEX10
Gene::11079	RER1	11079	ENSG00000157916	RER1
Gene::55698	RADIL	55698	ENSG00000157927	RADIL
Gene::6497	SKI	6497	ENSG00000157933	SKI
Gene::26100	WIPI2	26100	ENSG00000157954	WIPI2
Gene::26119	LDLRAP1	26119	ENSG00000157978	LDLRAP1
Gene::116987	AGAP1	116987	ENSG00000157985	AGAP1
Gene::200634	KRTCAP3	200634	ENSG00000157992	KRTCAP3
Gene::100310846	ANKRD61	100310846	ENSG00000157999	ANKRD61
Gene::5051	PAFAH2	5051	ENSG00000158006	PAFAH2
Gene::2134	EXTL1	2134	ENSG00000158008	EXTL1
Gene::7780	SLC30A2	7780	ENSG00000158014	SLC30A2
Gene::9577	BRE	9577	ENSG00000158019	BABAM2
Gene::84676	TRIM63	84676	ENSG00000158022	TRIM63
Gene::144406	WDR66	144406	ENSG00000158023	CFAP251
Gene::63875	MRPL17	63875	ENSG00000158042	MRPL17
Gene::1844	DUSP2	1844	ENSG00000158050	DUSP2
Gene::57822	GRHL3	57822	ENSG00000158055	GRHL3
Gene::91544	UBXN11	91544	ENSG00000158062	UBXN11
Gene::338323	NLRP14	338323	ENSG00000158077	NLRP14
Gene::138639	PTPDC1	138639	ENSG00000158079	PTPDC1
Gene::79623	GALNT14	79623	ENSG00000158089	GALNT14
Gene::4690	NCK1	4690	ENSG00000158092	NCK1
Gene::3242	HPD	3242	ENSG00000158104	HPD
Gene::114822	RHPN1	114822	ENSG00000158106	RHPN1
Gene::127262	TPRG1L	127262	ENSG00000158109	TPRG1L
Gene::254050	LRRC43	254050	ENSG00000158113	LRRC43
Gene::195827	AAED1	195827	ENSG00000158122	PRXL2C
Gene::7498	XDH	7498	ENSG00000158125	XDH
Gene::55113	XKR8	55113	ENSG00000158156	XKR8
Gene::26504	CNNM4	26504	ENSG00000158158	CNNM4
Gene::2140	EYA3	2140	ENSG00000158161	EYA3
Gene::199221	DZIP1L	199221	ENSG00000158163	DZIP1L
Gene::11013	TMSB15A	11013	ENSG00000158164	TMSB15A
Gene::2176	FANCC	2176	ENSG00000158169	FANCC
Gene::22808	MRAS	22808	ENSG00000158186	MRAS
Gene::10163	WASF2	10163	ENSG00000158195	WASF2
Gene::171586	ABHD3	171586	ENSG00000158201	ABHD3
Gene::83850	ESYT3	83850	ENSG00000158220	ESYT3
Gene::55179	FAIM	55179	ENSG00000158234	FAIM
Gene::115572	FAM46B	115572	ENSG00000158246	TENT5B
Gene::64084	CLSTN2	64084	ENSG00000158258	CLSTN2
Gene::81035	COLEC12	81035	ENSG00000158270	COLEC12
Gene::388591	RNF207	388591	ENSG00000158286	RNF207
Gene::8450	CUL4B	8450	ENSG00000158290	CUL4B
Gene::387509	GPR153	387509	ENSG00000158292	GPR153
Gene::64849	SLC13A3	64849	ENSG00000158296	SLC13A3
Gene::114928	GPRASP2	114928	ENSG00000158301	GPRASP2
Gene::54933	RHBDL2	54933	ENSG00000158315	RHBDL2
Gene::26053	AUTS2	26053	ENSG00000158321	AUTS2
Gene::57477	SHROOM4	57477	ENSG00000158352	SHROOM4
Gene::3017	HIST1H2BD	3017	ENSG00000158373	H2BC5
Gene::995	CDC25C	995	ENSG00000158402	CDC25C
Gene::8365	HIST1H4H	8365	ENSG00000158406	H4C8
Gene::129531	MITD1	129531	ENSG00000158411	MITD1
Gene::9669	EIF5B	9669	ENSG00000158417	EIF5B
Gene::158787	RIBC1	158787	ENSG00000158423	RIBC1
Gene::286527	TMSB15B	286527	ENSG00000158427	TMSB15B
Gene::375307	CATIP	375307	ENSG00000158428	CATIP
Gene::55571	CNOT11	55571	ENSG00000158435	CNOT11
Gene::3745	KCNB1	3745	ENSG00000158445	KCNB1
Gene::340348	TSPAN33	340348	ENSG00000158457	TSPAN33
Gene::9542	NRG2	9542	ENSG00000158458	NRG2
Gene::23382	AHCYL2	23382	ENSG00000158467	AHCYL2
Gene::9334	B4GALT5	9334	ENSG00000158470	B4GALT5
Gene::912	CD1D	912	ENSG00000158473	CD1D
Gene::909	CD1A	909	ENSG00000158477	CD1A
Gene::9825	SPATA2	9825	ENSG00000158480	SPATA2
Gene::911	CD1C	911	ENSG00000158481	CD1C
Gene::55199	FAM86C1	55199	ENSG00000158483	FAM86C1P
Gene::910	CD1B	910	ENSG00000158485	CD1B
Gene::55567	DNAH3	55567	ENSG00000158486	DNAH3
Gene::913	CD1E	913	ENSG00000158488	CD1E
Gene::57824	HMHB1	57824	ENSG00000158497	HMHB1
Gene::1358	CPA2	1358	ENSG00000158516	CPA2
Gene::653361	NCF1	653361	ENSG00000158517	NCF1
Gene::93979	CPA5	93979	ENSG00000158525	CPA5
Gene::90121	TSR2	90121	ENSG00000158526	TSR2
Gene::55607	PPP1R9A	55607	ENSG00000158528	PPP1R9A
Gene::124245	ZC3H18	124245	ENSG00000158545	ZC3H18
Gene::130617	ZFAND2B	130617	ENSG00000158552	ZFAND2B
Gene::94026	POM121L2	94026	ENSG00000158553	POM121L2
Gene::81544	GDPD5	81544	ENSG00000158555	GDPD5
Gene::1780	DYNC1I1	1780	ENSG00000158560	DYNC1I1
Gene::5207	PFKFB1	5207	ENSG00000158571	PFKFB1
Gene::212	ALAS2	212	ENSG00000158578	ALAS2
Gene::222068	TMED4	222068	ENSG00000158604	TMED4
Gene::84919	PPP1R15B	84919	ENSG00000158615	PPP1R15B
Gene::26958	COPG2	26958	ENSG00000158623	COPG2
Gene::56946	C11orf30	56946	ENSG00000158636	EMSY
Gene::90737	PAGE5	90737	ENSG00000158639	PAGE5
Gene::137964	AGPAT6	137964	ENSG00000158669	GPAT4
Gene::168507	PKD1L1	168507	ENSG00000158683	PKD1L1
Gene::9753	ZSCAN12	9753	ENSG00000158691	ZSCAN12
Gene::8407	TAGLN2	8407	ENSG00000158710	TAGLN2
Gene::2005	ELK4	2005	ENSG00000158711	ELK4
Gene::56833	SLAMF8	56833	ENSG00000158714	SLAMF8
Gene::85414	SLC45A3	85414	ENSG00000158715	SLC45A3
Gene::54935	DUSP23	54935	ENSG00000158716	DUSP23
Gene::115992	RNF166	115992	ENSG00000158717	RNF166
Gene::4681	NBL1	4681	ENSG00000158747	NBL1
Gene::3362	HTR6	3362	ENSG00000158748	HTR6
Gene::142683	ITLN2	142683	ENSG00000158764	ITLN2
Gene::50848	F11R	50848	ENSG00000158769	F11R
Gene::7391	USF1	7391	ENSG00000158773	USF1
Gene::64600	PLA2G2F	64600	ENSG00000158786	PLA2G2F
Gene::124044	SPATA2L	124044	ENSG00000158792	SPATA2L
Gene::4817	NIT1	4817	ENSG00000158793	NIT1
Gene::9191	DEDD	9191	ENSG00000158796	DEDD
Gene::92822	ZNF276	92822	ENSG00000158805	ZNF276
Gene::10361	NPM2	10361	ENSG00000158806	NPM2
Gene::1896	EDA	1896	ENSG00000158813	EDA
Gene::8822	FGF17	8822	ENSG00000158815	FGF17
Gene::127731	VWA5B1	127731	ENSG00000158816	VWA5B1
Gene::978	CDA	978	ENSG00000158825	CDA
Gene::65018	PINK1	65018	ENSG00000158828	PINK1
Gene::8703	B4GALT3	8703	ENSG00000158850	B4GALT3
Gene::2039	DMTN	2039	ENSG00000158856	DMTN
Gene::9507	ADAMTS4	9507	ENSG00000158859	ADAMTS4
Gene::64760	FAM160B2	64760	ENSG00000158863	FHIP2B
Gene::4720	NDUFS2	4720	ENSG00000158864	NDUFS2
Gene::115584	SLC5A11	115584	ENSG00000158865	SLC5A11
Gene::2207	FCER1G	2207	ENSG00000158869	FCER1G
Gene::336	APOA2	336	ENSG00000158874	APOA2
Gene::84134	TOMM40L	84134	ENSG00000158882	TOMM40L
Gene::4359	MPZ	4359	ENSG00000158887	MPZ
Gene::90199	WFDC8	90199	ENSG00000158901	WFDC8
Gene::57805	CCAR2	57805	ENSG00000158941	CCAR2
Gene::7484	WNT9B	7484	ENSG00000158955	WNT9B
Gene::57685	CACHD1	57685	ENSG00000158966	CACHD1
Gene::56990	CDC42SE2	56990	ENSG00000158985	CDC42SE2
Gene::51735	RAPGEF6	51735	ENSG00000158987	RAPGEF6
Gene::2035	EPB41	2035	ENSG00000159023	EPB41
Gene::54069	MIS18A	54069	ENSG00000159055	MIS18A
Gene::79053	ALG8	79053	ENSG00000159063	ALG8
Gene::54461	FBXW5	54461	ENSG00000159069	FBXW5
Gene::56683	C21orf59	56683	ENSG00000159079	CFAP298
Gene::8867	SYNJ1	8867	ENSG00000159082	SYNJ1
Gene::94104	PAXBP1	94104	ENSG00000159086	PAXBP1
Gene::3455	IFNAR2	3455	ENSG00000159110	IFNAR2
Gene::124995	MRPL10	124995	ENSG00000159111	MRPL10
Gene::3460	IFNGR2	3460	ENSG00000159128	IFNGR2
Gene::2618	GART	2618	ENSG00000159131	GART
Gene::6651	SON	6651	ENSG00000159140	SON
Gene::29980	DONSON	29980	ENSG00000159147	DONSON
Gene::9900	SV2A	9900	ENSG00000159164	SV2A
Gene::3898	LAD1	3898	ENSG00000159166	LAD1
Gene::6781	STC1	6781	ENSG00000159167	STC1
Gene::7135	TNNI1	7135	ENSG00000159173	TNNI1
Gene::1465	CSRP1	1465	ENSG00000159176	CSRP1
Gene::84366	PRAC1	84366	ENSG00000159182	PRAC1
Gene::10481	HOXB13	10481	ENSG00000159184	HOXB13
Gene::714	C1QC	714	ENSG00000159189	C1QC
Gene::9992	KCNE2	9992	ENSG00000159197	KCNE2
Gene::516	ATP5G1	516	ENSG00000159199	ATP5MC1
Gene::1827	RCAN1	1827	ENSG00000159200	RCAN1
Gene::65264	UBE2Z	65264	ENSG00000159202	UBE2Z
Gene::148523	CIART	148523	ENSG00000159208	CIART
Gene::11267	SNF8	11267	ENSG00000159210	SNF8
Gene::54102	CLIC6	54102	ENSG00000159212	CLIC6
Gene::149473	CCDC24	149473	ENSG00000159214	CCDC24
Gene::861	RUNX1	861	ENSG00000159216	RUNX1
Gene::10642	IGF2BP1	10642	ENSG00000159217	IGF2BP1
Gene::2695	GIP	2695	ENSG00000159224	GIP
Gene::873	CBR1	873	ENSG00000159228	CBR1
Gene::874	CBR3	874	ENSG00000159231	CBR3
Gene::57369	GJD2	57369	ENSG00000159248	GJD2
Gene::70	ACTC1	70	ENSG00000159251	ACTC1
Gene::23515	MORC3	23515	ENSG00000159256	MORC3
Gene::8208	CHAF1B	8208	ENSG00000159259	CHAF1B
Gene::23562	CLDN14	23562	ENSG00000159261	CLDN14
Gene::6493	SIM2	6493	ENSG00000159263	SIM2
Gene::3141	HLCS	3141	ENSG00000159267	HLCS
Gene::342096	GOLGA6A	342096	ENSG00000159289	GOLGA6A
Gene::80274	SCUBE1	80274	ENSG00000159307	SCUBE1
Gene::201176	ARHGAP27	201176	ENSG00000159314	ARHGAP27
Gene::83440	ADPGK	83440	ENSG00000159322	ADPGK
Gene::5763	PTMS	5763	ENSG00000159335	PTMS
Gene::283748	PLA2G4D	283748	ENSG00000159337	PLA2G4D
Gene::23569	PADI4	23569	ENSG00000159339	PADI4
Gene::51094	ADIPOR1	51094	ENSG00000159346	ADIPOR1
Gene::51706	CYB5R1	51706	ENSG00000159348	CYB5R1
Gene::5710	PSMD4	5710	ENSG00000159352	PSMD4
Gene::23400	ATP13A2	23400	ENSG00000159363	ATP13A2
Gene::130951	M1AP	130951	ENSG00000159374	M1AP
Gene::5692	PSMB4	5692	ENSG00000159377	PSMB4
Gene::79190	IRX6	79190	ENSG00000159387	IRX6
Gene::7832	BTG2	7832	ENSG00000159388	BTG2
Gene::221223	CES5A	221223	ENSG00000159398	CES5A
Gene::3099	HK2	3099	ENSG00000159399	HK2
Gene::715	C1R	715	ENSG00000159403	C1R
Gene::11189	CELF3	11189	ENSG00000159409	CELF3
Gene::8659	ALDH4A1	8659	ENSG00000159423	ALDH4A1
Gene::57519	STARD9	57519	ENSG00000159433	STARD9
Gene::117145	THEM4	117145	ENSG00000159445	THEM4
Gene::7062	TCHH	7062	ENSG00000159450	TCHH
Gene::26239	LCE2B	26239	ENSG00000159455	LCE2B
Gene::197131	UBR1	197131	ENSG00000159459	UBR1
Gene::267	AMFR	267	ENSG00000159461	AMFR
Gene::112950	MED8	112950	ENSG00000159479	MED8
Gene::116179	TGM7	116179	ENSG00000159495	TGM7
Gene::266747	RGL4	266747	ENSG00000159496	RGL4
Gene::6706	SPRR2G	6706	ENSG00000159516	SPRR2G
Gene::114771	PGLYRP3	114771	ENSG00000159527	PGLYRP3
Gene::64843	ISL2	64843	ENSG00000159556	ISL2
Gene::89970	RSPRY1	89970	ENSG00000159579	RSPRY1
Gene::149483	CCDC17	149483	ENSG00000159588	CCDC17
Gene::60313	GPBP1L1	60313	ENSG00000159592	GPBP1L1
Gene::8883	NAE1	8883	ENSG00000159593	NAE1
Gene::51249	TMEM69	51249	ENSG00000159596	TMEM69
Gene::221188	ADGRG5	221188	ENSG00000159618	ADGRG5
Gene::84229	DRC7	84229	ENSG00000159625	DRC7
Gene::1636	ACE	1636	ENSG00000159640	ACE
Gene::374739	TEPP	374739	ENSG00000159648	SPMIP8
Gene::131669	UROC1	131669	ENSG00000159650	UROC1
Gene::9813	EFCAB14	9813	ENSG00000159658	EFCAB14
Gene::10417	SPON2	10417	ENSG00000159674	SPON2
Gene::84303	CHCHD6	84303	ENSG00000159685	CHCHD6
Gene::1487	CTBP1	1487	ENSG00000159692	CTBP1
Gene::55282	LRRC36	55282	ENSG00000159708	LRRC36
Gene::51673	TPPP3	51673	ENSG00000159713	TPPP3
Gene::29800	ZDHHC1	29800	ENSG00000159714	ZDHHC1
Gene::9114	ATP6V0D1	9114	ENSG00000159720	ATP6V0D1
Gene::181	AGRP	181	ENSG00000159723	AGRP
Gene::57732	ZFYVE28	57732	ENSG00000159733	ZFYVE28
Gene::146206	RLTPR	146206	ENSG00000159753	CARMIL2
Gene::388284	C16orf86	388284	ENSG00000159761	C16orf86
Gene::5304	PIP	5304	ENSG00000159763	PIP
Gene::9715	FAM131B	9715	ENSG00000159784	FAM131B
Gene::6002	RGS12	6002	ENSG00000159788	RGS12
Gene::5681	PSKH1	5681	ENSG00000159792	PSKH1
Gene::7791	ZYX	7791	ENSG00000159840	ZYX
Gene::29	ABR	29	ENSG00000159842	ABR
Gene::284348	LYPD5	284348	ENSG00000159871	LYPD5
Gene::150275	CCDC117	150275	ENSG00000159873	CCDC117
Gene::7773	ZNF230	7773	ENSG00000159882	ZNF230
Gene::203260	CCDC107	203260	ENSG00000159884	CCDC107
Gene::7673	ZNF222	7673	ENSG00000159885	ZNF222
Gene::4882	NPR2	4882	ENSG00000159899	NPR2
Gene::7638	ZNF221	7638	ENSG00000159905	ZNF221
Gene::353355	ZNF233	353355	ENSG00000159915	ZNF233
Gene::9310	ZNF235	9310	ENSG00000159917	ZNF235
Gene::10020	GNE	10020	ENSG00000159921	GNE
Gene::115650	TNFRSF13C	115650	ENSG00000159958	TNFRSF13C
Gene::8392	OR3A3	8392	ENSG00000159961	OR3A3
Gene::2909	ARHGAP35	2909	ENSG00000160007	ARHGAP35
Gene::5739	PTGIR	5739	ENSG00000160013	PTGIR
Gene::808	CALM3	808	ENSG00000160014	CALM3
Gene::1676	DFFA	1676	ENSG00000160049	DFFA
Gene::79140	CCDC28B	79140	ENSG00000160050	CCDC28B
Gene::55721	IQCC	55721	ENSG00000160051	IQCC
Gene::56063	TMEM234	56063	ENSG00000160055	TMEM234
Gene::55108	BSDC1	55108	ENSG00000160058	BSDC1
Gene::653121	ZBTB8A	653121	ENSG00000160062	ZBTB8A
Gene::83858	ATAD3B	83858	ENSG00000160072	ATAD3B
Gene::29101	SSU72	29101	ENSG00000160075	SSU72
Gene::118424	UBE2J2	118424	ENSG00000160087	UBE2J2
Gene::149076	ZNF362	149076	ENSG00000160094	ZNF362
Gene::252995	FNDC5	252995	ENSG00000160097	FNDC5
Gene::27151	CPAMD8	27151	ENSG00000160111	CPAMD8
Gene::2063	NR2F6	2063	ENSG00000160113	NR2F6
Gene::126549	ANKLE1	126549	ENSG00000160117	ANKLE1
Gene::131076	CCDC58	131076	ENSG00000160124	MIX23
Gene::203547	VMA21	203547	ENSG00000160131	VMA21
Gene::8997	KALRN	8997	ENSG00000160145	KALRN
Gene::148113	CILP2	148113	ENSG00000160161	CILP2
Gene::9619	ABCG1	9619	ENSG00000160179	ABCG1
Gene::7033	TFF3	7033	ENSG00000160180	TFF3
Gene::7032	TFF2	7032	ENSG00000160181	TFF2
Gene::7031	TFF1	7031	ENSG00000160182	TFF1
Gene::64699	TMPRSS3	64699	ENSG00000160183	TMPRSS3
Gene::53347	UBASH3A	53347	ENSG00000160185	UBASH3A
Gene::89765	RSPH1	89765	ENSG00000160188	RSPH1
Gene::54020	SLC37A1	54020	ENSG00000160190	SLC37A1
Gene::5152	PDE9A	5152	ENSG00000160191	PDE9A
Gene::10785	WDR4	10785	ENSG00000160193	WDR4
Gene::4731	NDUFV3	4731	ENSG00000160194	NDUFV3
Gene::5316	PKNOX1	5316	ENSG00000160199	PKNOX1
Gene::875	CBS	875	ENSG00000160200	CBS
Gene::7307	U2AF1	7307	ENSG00000160201	U2AF1
Gene::1409	CRYAA	1409	ENSG00000160202	CRYAA
Gene::11077	HSF2BP	11077	ENSG00000160207	HSF2BP
Gene::23076	RRP1B	23076	ENSG00000160208	RRP1B
Gene::8566	PDXK	8566	ENSG00000160209	PDXK
Gene::2539	G6PD	2539	ENSG00000160211	G6PD
Gene::1476	CSTB	1476	ENSG00000160213	CSTB
Gene::8568	RRP1	8568	ENSG00000160214	RRP1
Gene::56894	AGPAT3	56894	ENSG00000160216	AGPAT3
Gene::7109	TRAPPC10	7109	ENSG00000160218	TRAPPC10
Gene::139716	GAB3	139716	ENSG00000160219	GAB3
Gene::8209	C21orf33	8209	ENSG00000160221	GATD3
Gene::23308	ICOSLG	23308	ENSG00000160223	ICOSLG
Gene::326	AIRE	326	ENSG00000160224	AIRE
Gene::755	C21orf2	755	ENSG00000160226	CFAP410
Gene::81543	LRRC3	81543	ENSG00000160233	LRRC3
Gene::3689	ITGB2	3689	ENSG00000160255	ITGB2
Gene::85395	FAM207A	85395	ENSG00000160256	SLX9
Gene::5900	RALGDS	5900	ENSG00000160271	RALGDS
Gene::10841	FTCD	10841	ENSG00000160282	FTCD
Gene::84221	SPATC1L	84221	ENSG00000160284	SPATC1L
Gene::4047	LSS	4047	ENSG00000160285	LSS
Gene::7410	VAV2	7410	ENSG00000160293	VAV2
Gene::8888	MCM3AP	8888	ENSG00000160294	MCM3AP
Gene::54058	C21orf58	54058	ENSG00000160298	C21orf58
Gene::5116	PCNT	5116	ENSG00000160299	PCNT
Gene::23181	DIP2A	23181	ENSG00000160305	DIP2A
Gene::6285	S100B	6285	ENSG00000160307	S100B
Gene::3275	PRMT2	3275	ENSG00000160310	PRMT2
Gene::125875	CLDND2	125875	ENSG00000160318	CLDND2
Gene::7757	ZNF208	7757	ENSG00000160321	ZNF208
Gene::11093	ADAMTS13	11093	ENSG00000160323	ADAMTS13
Gene::11094	CACFD1	11094	ENSG00000160325	CACFD1
Gene::11182	SLC2A6	11182	ENSG00000160326	SLC2A6
Gene::388561	ZNF761	388561	ENSG00000160336	ZNF761
Gene::2220	FCN2	2220	ENSG00000160339	FCN2
Gene::138162	C9orf116	138162	ENSG00000160345	PIERCE1
Gene::3933	LCN1	3933	ENSG00000160349	LCN1
Gene::148206	ZNF714	148206	ENSG00000160352	ZNF714
Gene::26086	GPSM1	26086	ENSG00000160360	GPSM1
Gene::126526	C19orf47	126526	ENSG00000160392	C19orf47
Gene::147746	HIPK4	147746	ENSG00000160396	HIPK4
Gene::286207	C9orf117	286207	ENSG00000160401	CFAP157
Gene::27433	TOR2A	27433	ENSG00000160404	TOR2A
Gene::30815	ST6GALNAC6	30815	ENSG00000160408	ST6GALNAC6
Gene::92799	SHKBP1	92799	ENSG00000160410	SHKBP1
Gene::112724	RDH13	112724	ENSG00000160439	RDH13
Gene::10444	ZER1	10444	ENSG00000160445	ZER1
Gene::84885	ZDHHC12	84885	ENSG00000160446	ZDHHC12
Gene::29941	PKN3	29941	ENSG00000160447	PKN3
Gene::57731	SPTBN4	57731	ENSG00000160460	SPTBN4
Gene::84446	BRSK1	84446	ENSG00000160469	BRSK1
Gene::125965	COX6B2	125965	ENSG00000160471	COX6B2
Gene::147744	TMEM190	147744	ENSG00000160472	TMEM190
Gene::147945	NLRP4	147945	ENSG00000160505	NLRP4
Gene::84814	PPAPDC3	84814	ENSG00000160539	PLPP7
Gene::57551	TAOK1	57551	ENSG00000160551	TAOK1
Gene::9442	MED27	9442	ENSG00000160563	MED27
Gene::162989	DEDD2	162989	ENSG00000160570	DEDD2
Gene::23387	SIK3	23387	ENSG00000160584	SIK3
Gene::196264	MPZL3	196264	ENSG00000160588	MPZL3
Gene::120425	AMICA1	120425	ENSG00000160593	JAML
Gene::284086	NEK8	284086	ENSG00000160602	NEK8
Gene::116238	TLCD1	116238	ENSG00000160606	TLCD1
Gene::9159	PCSK7	9159	ENSG00000160613	PCSK7
Gene::6294	SAFB	6294	ENSG00000160633	SAFB
Gene::917	CD3G	917	ENSG00000160654	CD3G
Gene::6271	S100A1	6271	ENSG00000160678	S100A1
Gene::26097	CHTOP	26097	ENSG00000160679	CHTOP
Gene::643	CXCR5	643	ENSG00000160683	CXCR5
Gene::51043	ZBTB7B	51043	ENSG00000160685	ZBTB7B
Gene::80308	FLAD1	80308	ENSG00000160688	FLAD1
Gene::6464	SHC1	6464	ENSG00000160691	SHC1
Gene::55823	VPS11	55823	ENSG00000160695	VPS11
Gene::79671	NLRX1	79671	ENSG00000160703	NLRX1
Gene::103	ADAR	103	ENSG00000160710	ADAR
Gene::3570	IL6R	3570	ENSG00000160712	IL6R
Gene::55585	UBE2Q1	55585	ENSG00000160714	UBE2Q1
Gene::1141	CHRNB2	1141	ENSG00000160716	CHRNB2
Gene::200186	CRTC2	200186	ENSG00000160741	CRTC2
Gene::55129	ANO10	55129	ENSG00000160746	ANO10
Gene::2224	FDPS	2224	ENSG00000160752	FDPS
Gene::23623	RUSC1	23623	ENSG00000160753	RUSC1
Gene::10712	FAM189B	10712	ENSG00000160767	ENTREP3
Gene::79957	PAQR6	79957	ENSG00000160781	PAQR6
Gene::11243	PMF1	11243	ENSG00000160783	PMF1
Gene::9673	SLC25A44	9673	ENSG00000160785	SLC25A44
Gene::4000	LMNA	4000	ENSG00000160789	LMNA
Gene::1234	CCR5	1234	ENSG00000160791	CCR5
Gene::23218	NBEAL2	23218	ENSG00000160796	NBEAL2
Gene::151903	CCDC12	151903	ENSG00000160799	CCDC12
Gene::5745	PTH1R	5745	ENSG00000160801	PTH1R
Gene::56893	UBQLN4	56893	ENSG00000160803	UBQLN4
Gene::4634	MYL3	4634	ENSG00000160808	MYL3
Gene::221908	PPP1R35	221908	ENSG00000160813	PPP1R35
Gene::54865	GPATCH4	54865	ENSG00000160818	GPATCH4
Gene::149499	LRRC71	149499	ENSG00000160838	LRRC71
Gene::115352	FCRL3	115352	ENSG00000160856	FCRL3
Gene::563	AZGP1	563	ENSG00000160862	AZGP1
Gene::2264	FGFR4	2264	ENSG00000160867	FGFR4
Gene::1576	CYP3A4	1576	ENSG00000160868	CYP3A4
Gene::1551	CYP3A7	1551	ENSG00000160870	CYP3A7
Gene::112939	NACC1	112939	ENSG00000160877	NACC1
Gene::1584	CYP11B1	1584	ENSG00000160882	CYP11B1
Gene::3101	HK3	3101	ENSG00000160883	HK3
Gene::54742	LY6K	54742	ENSG00000160886	LY6K
Gene::9592	IER2	9592	ENSG00000160888	IER2
Gene::84124	ZNF394	84124	ENSG00000160908	ZNF394
Gene::10898	CPSF4	10898	ENSG00000160917	CPSF4
Gene::4061	LY6E	4061	ENSG00000160932	LY6E
Gene::51160	VPS28	51160	ENSG00000160948	VPS28
Gene::4796	TONSL	4796	ENSG00000160949	TONSL
Gene::5731	PTGER1	5731	ENSG00000160951	PTGER1
Gene::84939	MUM1	84939	ENSG00000160953	PWWP3A
Gene::9401	RECQL4	9401	ENSG00000160957	RECQL4
Gene::9684	LRRC14	9684	ENSG00000160959	LRRC14
Gene::84449	ZNF333	84449	ENSG00000160961	ZNF333
Gene::136227	COL26A1	136227	ENSG00000160963	COL26A1
Gene::84988	PPP1R16A	84988	ENSG00000160972	PPP1R16A
Gene::8928	FOXH1	8928	ENSG00000160973	FOXH1
Gene::80228	ORAI2	80228	ENSG00000160991	ORAI2
Gene::54784	ALKBH4	54784	ENSG00000160993	ALKBH4
Gene::126402	CCDC105	126402	ENSG00000160994	TEKTL1
Gene::10603	SH2B2	10603	ENSG00000160999	SH2B2
Gene::51149	C5orf45	51149	ENSG00000161010	MRNIP
Gene::8878	SQSTM1	8878	ENSG00000161011	SQSTM1
Gene::11282	MGAT4B	11282	ENSG00000161013	MGAT4B
Gene::6132	RPL8	6132	ENSG00000161016	RPL8
Gene::9794	MAML1	9794	ENSG00000161021	MAML1
Gene::114770	PGLYRP2	114770	ENSG00000161031	PGLYRP2
Gene::222229	LRWD1	222229	ENSG00000161036	LRWD1
Gene::222235	FBXL13	222235	ENSG00000161040	FBXL13
Gene::222236	NAPEPLD	222236	ENSG00000161048	NAPEPLD
Gene::92304	SCGB3A1	92304	ENSG00000161055	SCGB3A1
Gene::5701	PSMC2	5701	ENSG00000161057	PSMC2
Gene::60680	CELF5	60680	ENSG00000161082	CELF5
Gene::126321	MFSD12	126321	ENSG00000161091	MFSD12
Gene::102725072	LOC102725072	102725072	ENSG00000161103	POM121L15P
Gene::373856	USP41	373856	ENSG00000161133	USP41P
Gene::150223	YDJC	150223	ENSG00000161179	YDJC
Gene::164592	CCDC116	164592	ENSG00000161180	CCDC116
Gene::1857	DVL3	1857	ENSG00000161202	DVL3
Gene::1173	AP2M1	1173	ENSG00000161203	AP2M1
Gene::55324	ABCF3	55324	ENSG00000161204	ABCF3
Gene::5130	PCYT1A	5130	ENSG00000161217	PCYT1A
Gene::126433	FBXO27	126433	ENSG00000161243	FBXO27
Gene::93099	DMKN	93099	ENSG00000161249	DMKN
Gene::199746	U2AF1L4	199746	ENSG00000161265	U2AF1L4
Gene::622	BDH1	622	ENSG00000161267	BDH1
Gene::4868	NPHS1	4868	ENSG00000161270	NPHS1
Gene::199745	THAP8	199745	ENSG00000161277	THAP8
Gene::1346	COX7A1	1346	ENSG00000161281	COX7A1
Gene::84911	ZNF382	84911	ENSG00000161298	ZNF382
Gene::115399	LRRC56	115399	ENSG00000161328	LRRC56
Gene::57125	PLXDC1	57125	ENSG00000161381	PLXDC1
Gene::93210	PGAP3	93210	ENSG00000161395	PGAP3
Gene::22806	IKZF3	22806	ENSG00000161405	IKZF3
Gene::2905	GRIN2C	2905	ENSG00000161509	GRIN2C
Gene::2232	FDXR	2232	ENSG00000161513	FDXR
Gene::29115	SAP30BP	29115	ENSG00000161526	SAP30BP
Gene::51	ACOX1	51	ENSG00000161533	ACOX1
Gene::5635	PRPSAP1	5635	ENSG00000161542	PRPSAP1
Gene::114757	CYGB	114757	ENSG00000161544	CYGB
Gene::6427	SRSF2	6427	ENSG00000161547	SRSF2
Gene::84765	ZNF577	84765	ENSG00000161551	ZNF577
Gene::55260	TMEM143	55260	ENSG00000161558	TMEM143
Gene::317719	KLHL10	317719	ENSG00000161594	KLHL10
Gene::147872	CCDC155	147872	ENSG00000161609	KASH5
Gene::3060	HCRT	3060	ENSG00000161610	HCRT
Gene::126133	ALDH16A1	126133	ENSG00000161618	ALDH16A1
Gene::117159	DCD	117159	ENSG00000161634	DCD
Gene::3678	ITGA5	3678	ENSG00000161638	ITGA5
Gene::114132	SIGLEC11	114132	ENSG00000161640	SIGLEC11
Gene::25946	ZNF385A	25946	ENSG00000161642	ZNF385A
Gene::4356	MPP3	4356	ENSG00000161647	MPP3
Gene::146894	CD300LG	146894	ENSG00000161649	CD300LG
Gene::126123	IZUMO2	126123	ENSG00000161652	IZUMO2
Gene::162417	NAGS	162417	ENSG00000161653	NAGS
Gene::124801	LSM12	124801	ENSG00000161654	LSM12
Gene::92591	ASB16	92591	ENSG00000161664	ASB16
Gene::284361	EMC10	284361	ENSG00000161671	EMC10
Gene::126119	JOSD2	126119	ENSG00000161677	JOSD2
Gene::50944	SHANK1	50944	ENSG00000161681	SHANK1
Gene::284069	FAM171A2	284069	ENSG00000161682	FAM171A2
Gene::80174	DBF4B	80174	ENSG00000161692	DBF4B
Gene::113026	PLCD3	113026	ENSG00000161714	PLCD3
Gene::91010	FMNL3	91010	ENSG00000161791	FMNL3
Gene::362	AQP5	362	ENSG00000161798	AQP5
Gene::29127	RACGAP1	29127	ENSG00000161800	RACGAP1
Gene::125962	OR7G1	125962	ENSG00000161807	OR7G1
Gene::113251	LARP4	113251	ENSG00000161813	LARP4
Gene::160622	GRASP	160622	ENSG00000161835	TAMALIN
Gene::125950	RAVER1	125950	ENSG00000161847	RAVER1
Gene::3890	KRT84	3890	ENSG00000161849	KRT84
Gene::3888	KRT82	3888	ENSG00000161850	KRT82
Gene::256126	SYCE2	256126	ENSG00000161860	SYCE2
Gene::147841	SPC24	147841	ENSG00000161888	SPC24
Gene::117283	IP6K3	117283	ENSG00000161896	IP6K3
Gene::221496	LEMD2	221496	ENSG00000161904	LEMD2
Gene::246	ALOX15	246	ENSG00000161905	ALOX15
Gene::340205	TREML1	340205	ENSG00000161911	TREML1
Gene::115950	ZNF653	115950	ENSG00000161914	ZNF653
Gene::400569	MED11	400569	ENSG00000161920	MED11
Gene::58191	CXCL16	58191	ENSG00000161921	CXCL16
Gene::388325	SCIMP	388325	ENSG00000161929	SCIMP
Gene::255877	BCL6B	255877	ENSG00000161940	BCL6B
Gene::433	ASGR2	433	ENSG00000161944	ASGR2
Gene::8741	TNFSF13	8741	ENSG00000161955	TNFSF13
Gene::26168	SENP3	26168	ENSG00000161956	SENP3
Gene::2256	FGF11	2256	ENSG00000161958	FGF11
Gene::1973	EIF4A1	1973	ENSG00000161960	EIF4A1
Gene::6154	RPL26	6154	ENSG00000161970	RPL26
Gene::146849	CCDC42	146849	ENSG00000161973	CCDC42
Gene::51728	POLR3K	51728	ENSG00000161980	POLR3K
Gene::79622	SNRNP25	79622	ENSG00000161981	SNRNP25
Gene::146325	PRR35	146325	ENSG00000161992	PRR35
Gene::197335	WDR90	197335	ENSG00000161996	WDR90
Gene::339123	JMJD8	339123	ENSG00000161999	JMJD8
Gene::124093	CCDC78	124093	ENSG00000162004	CCDC78
Gene::6755	SSTR5	6755	ENSG00000162009	SSTR5
Gene::90864	SPSB3	90864	ENSG00000162032	SPSB3
Gene::254528	MEIOB	254528	ENSG00000162039	MEIOB
Gene::64711	HS3ST6	64711	ENSG00000162040	HS3ST6
Gene::80178	C16orf59	80178	ENSG00000162062	TEDC2
Gene::899	CCNF	899	ENSG00000162063	CCNF
Gene::57465	TBC1D24	57465	ENSG00000162065	TBC1D24
Gene::51005	AMDHD2	51005	ENSG00000162066	AMDHD2
Gene::4917	NTN3	4917	ENSG00000162068	NTN3
Gene::146439	CCDC64B	146439	ENSG00000162069	BICDL2
Gene::124222	PAQR4	124222	ENSG00000162073	PAQR4
Gene::114984	FLYWCH2	114984	ENSG00000162076	FLYWCH2
Gene::124220	ZG16B	124220	ENSG00000162078	ZG16B
Gene::7627	ZNF75A	7627	ENSG00000162086	ZNF75A
Gene::115	ADCY9	115	ENSG00000162104	ADCY9
Gene::22941	SHANK2	22941	ENSG00000162105	SHANK2
Gene::81570	CLPB	81570	ENSG00000162129	CLPB
Gene::10825	NEU3	10825	ENSG00000162139	NEU3
Gene::220002	CYB561A3	220002	ENSG00000162144	CYB561A3
Gene::220004	PPP1R32	220004	ENSG00000162148	SAXO4
Gene::80150	ASRGL1	80150	ENSG00000162174	ASRGL1
Gene::2785	GNG3	2785	ENSG00000162188	GNG3
Gene::51035	UBXN1	51035	ENSG00000162191	UBXN1
Gene::79081	LBHD1	79081	ENSG00000162194	LBHD1
Gene::283237	TTC9C	283237	ENSG00000162222	TTC9C
Gene::10629	TAF6L	10629	ENSG00000162227	TAF6L
Gene::10482	NXF1	10482	ENSG00000162231	NXF1
Gene::6811	STX5	6811	ENSG00000162236	STX5
Gene::283130	SLC25A45	283130	ENSG00000162241	SLC25A45
Gene::6159	RPL29	6159	ENSG00000162244	RPL29
Gene::3699	ITIH3	3699	ENSG00000162267	ITIH3
Gene::84447	SYVN1	84447	ENSG00000162298	SYVN1
Gene::7542	ZFPL1	7542	ENSG00000162300	ZFPL1
Gene::8986	RPS6KA4	8986	ENSG00000162302	RPS6KA4
Gene::4041	LRP5	4041	ENSG00000162337	LRP5
Gene::219931	TPCN2	219931	ENSG00000162341	TPCN2
Gene::9965	FGF19	9965	ENSG00000162344	FGF19
Gene::284541	CYP4A22	284541	ENSG00000162365	CYP4A22
Gene::10158	PDZK1IP1	10158	ENSG00000162366	PDZK1IP1
Gene::6886	TAL1	6886	ENSG00000162367	TAL1
Gene::51727	CMPK1	51727	ENSG00000162368	CMPK1
Gene::79656	BEND5	79656	ENSG00000162373	BEND5
Gene::1996	ELAVL4	1996	ENSG00000162374	ELAVL4
Gene::65260	COA7	65260	ENSG00000162377	COA7
Gene::79699	ZYG11B	79699	ENSG00000162378	ZYG11B
Gene::6512	SLC1A7	6512	ENSG00000162383	SLC1A7
Gene::54987	C1orf123	54987	ENSG00000162384	CZIB
Gene::4116	MAGOH	4116	ENSG00000162385	MAGOH
Gene::26027	ACOT11	26027	ENSG00000162390	ACOT11
Gene::338094	FAM151A	338094	ENSG00000162391	FAM151A
Gene::25973	PARS2	25973	ENSG00000162396	PARS2
Gene::163747	C1orf177	163747	ENSG00000162398	CIMAP2
Gene::7809	BSND	7809	ENSG00000162399	BSND
Gene::23358	USP24	23358	ENSG00000162402	USP24
Gene::8613	PPAP2B	8613	ENSG00000162407	PLPP3
Gene::79707	NOL9	79707	ENSG00000162408	NOL9
Gene::5563	PRKAA2	5563	ENSG00000162409	PRKAA2
Gene::9903	KLHL21	9903	ENSG00000162413	KLHL21
Gene::57643	ZSWIM5	57643	ENSG00000162415	ZSWIM5
Gene::10691	GMEB1	10691	ENSG00000162419	GMEB1
Gene::50651	SLC45A1	50651	ENSG00000162426	SLC45A1
Gene::57190	SEPN1	57190	ENSG00000162430	SELENON
Gene::205	AK4	205	ENSG00000162433	AK4
Gene::3716	JAK1	3716	ENSG00000162434	JAK1
Gene::55225	RAVER2	55225	ENSG00000162437	RAVER2
Gene::11330	CTRC	11330	ENSG00000162438	CTRC
Gene::84328	LZIC	84328	ENSG00000162441	LZIC
Gene::116362	RBP7	116362	ENSG00000162444	RBP7
Gene::148930	KNCN	148930	ENSG00000162456	KNCN
Gene::54751	FBLIM1	54751	ENSG00000162458	FBLIM1
Gene::388595	TMEM82	388595	ENSG00000162460	TMEM82
Gene::284723	SLC25A34	284723	ENSG00000162461	SLC25A34
Gene::22977	AKR7A3	22977	ENSG00000162482	AKR7A3
Gene::374946	DRAXIN	374946	ENSG00000162490	DRAXIN
Gene::10630	PDPN	10630	ENSG00000162493	PDPN
Gene::126755	LRRC38	126755	ENSG00000162494	LRRC38
Gene::9249	DHRS3	9249	ENSG00000162496	DHRS3
Gene::4146	MATN1	4146	ENSG00000162510	MATN1
Gene::7805	LAPTM5	7805	ENSG00000162511	LAPTM5
Gene::9672	SDC3	9672	ENSG00000162512	SDC3
Gene::553115	PEF1	553115	ENSG00000162517	PEF1
Gene::81493	SYNC	81493	ENSG00000162520	SYNC
Gene::5928	RBBP4	5928	ENSG00000162521	RBBP4
Gene::57648	KIAA1522	57648	ENSG00000162522	NHSL3
Gene::81629	TSSK3	81629	ENSG00000162526	TSSK3
Gene::255104	TMCO4	255104	ENSG00000162542	TMCO4
Gene::127733	UBXN10	127733	ENSG00000162543	UBXN10
Gene::55450	CAMK2N1	55450	ENSG00000162545	CAMK2N1
Gene::249	ALPL	249	ENSG00000162551	ALPL
Gene::54361	WNT4	54361	ENSG00000162552	WNT4
Gene::254173	TTLL10	254173	ENSG00000162571	TTLL10
Gene::6339	SCNN1D	6339	ENSG00000162572	SCNN1D
Gene::54587	MXRA8	54587	ENSG00000162576	MXRA8
Gene::199990	FAAP20	199990	ENSG00000162585	FAAP20
Gene::1953	MEGF6	1953	ENSG00000162591	MEGF6
Gene::148870	CCDC27	148870	ENSG00000162592	CCDC27
Gene::149233	IL23R	149233	ENSG00000162594	IL23R
Gene::9077	DIRAS3	9077	ENSG00000162595	DIRAS3
Gene::127795	C1orf87	127795	ENSG00000162598	C1orf87
Gene::4774	NFIA	4774	ENSG00000162599	NFIA
Gene::115209	OMA1	115209	ENSG00000162600	OMA1
Gene::114803	MYSM1	114803	ENSG00000162601	MYSM1
Gene::83941	TM2D1	83941	ENSG00000162604	TM2D1
Gene::7398	USP1	7398	ENSG00000162607	USP1
Gene::8880	FUBP1	8880	ENSG00000162613	FUBP1
Gene::91624	NEXN	91624	ENSG00000162614	NEXN
Gene::11080	DNAJB4	11080	ENSG00000162616	DNAJB4
Gene::64123	ADGRL4	64123	ENSG00000162618	ADGRL4
Gene::127255	LRRIQ3	127255	ENSG00000162620	LRRIQ3
Gene::105378803	LOC105378803	105378803	ENSG00000162621	LRRC53
Gene::127253	TYW3	127253	ENSG00000162623	TYW3
Gene::431707	LHX8	431707	ENSG00000162624	LHX8
Gene::51375	SNX7	51375	ENSG00000162627	SNX7
Gene::8707	B3GALT2	8707	ENSG00000162630	B3GALT2
Gene::22854	NTNG1	22854	ENSG00000162631	NTNG1
Gene::284611	FAM102B	284611	ENSG00000162636	EEIG2
Gene::113802	HENMT1	113802	ENSG00000162639	HENMT1
Gene::254268	AKNAD1	254268	ENSG00000162641	AKNAD1
Gene::148423	C1orf52	148423	ENSG00000162642	C1orf52
Gene::126820	WDR63	126820	ENSG00000162643	DNAI3
Gene::2634	GBP2	2634	ENSG00000162645	GBP2
Gene::127002	ATXN7L2	127002	ENSG00000162650	ATXN7L2
Gene::115361	GBP4	115361	ENSG00000162654	GBP4
Gene::284695	ZNF326	284695	ENSG00000162664	ZNF326
Gene::164045	HFM1	164045	ENSG00000162669	HFM1
Gene::339479	BRINP3	339479	ENSG00000162670	BRINP3
Gene::2672	GFI1	2672	ENSG00000162676	GFI1
Gene::343450	KCNT2	343450	ENSG00000162687	KCNT2
Gene::178	AGL	178	ENSG00000162688	AGL
Gene::7412	VCAM1	7412	ENSG00000162692	VCAM1
Gene::2135	EXTL2	2135	ENSG00000162694	EXTL2
Gene::148867	SLC30A7	148867	ENSG00000162695	SLC30A7
Gene::23528	ZNF281	23528	ENSG00000162702	ZNF281
Gene::10092	ARPC5	10092	ENSG00000162704	ARPC5
Gene::57863	CADM3	57863	ENSG00000162706	CADM3
Gene::114548	NLRP3	114548	ENSG00000162711	NLRP3
Gene::84838	ZNF496	84838	ENSG00000162714	ZNF496
Gene::25893	TRIM58	25893	ENSG00000162722	TRIM58
Gene::89886	SLAMF9	89886	ENSG00000162723	SLAMF9
Gene::127059	OR2M5	127059	ENSG00000162727	OR2M5
Gene::3765	KCNJ9	3765	ENSG00000162728	KCNJ9
Gene::93185	IGSF8	93185	ENSG00000162729	IGSF8
Gene::4921	DDR2	4921	ENSG00000162733	DDR2
Gene::8682	PEA15	8682	ENSG00000162734	PEA15
Gene::5824	PEX19	5824	ENSG00000162735	PEX19
Gene::23385	NCSTN	23385	ENSG00000162736	NCSTN
Gene::57216	VANGL2	57216	ENSG00000162738	VANGL2
Gene::114836	SLAMF6	114836	ENSG00000162739	SLAMF6
Gene::25903	OLFML2B	25903	ENSG00000162745	OLFML2B
Gene::127943	FCRLB	127943	ENSG00000162746	FCRLB
Gene::2215	FCGR3B	2215	ENSG00000162747	FCGR3B
Gene::284525	SLC9C2	284525	ENSG00000162753	SLC9C2
Gene::126823	KLHDC9	126823	ENSG00000162755	KLHDC9
Gene::148304	C1orf74	148304	ENSG00000162757	C1orf74
Gene::4009	LMX1A	4009	ENSG00000162761	LMX1A
Gene::440699	LRRC52	440699	ENSG00000162763	LRRC52
Gene::28982	FLVCR1	28982	ENSG00000162769	FLVCR1
Gene::149647	FAM71A	149647	ENSG00000162771	GARIN4
Gene::467	ATF3	467	ENSG00000162772	ATF3
Gene::64783	RBM15	64783	ENSG00000162775	RBM15
Gene::79961	DENND2D	79961	ENSG00000162777	DENND2D
Gene::126859	AXDND1	126859	ENSG00000162779	AXDND1
Gene::163589	TDRD5	163589	ENSG00000162782	TDRD5
Gene::51278	IER5	51278	ENSG00000162783	IER5
Gene::25992	SNED1	25992	ENSG00000162804	SNED1
Gene::10380	BPNT1	10380	ENSG00000162813	BPNT1
Gene::128153	SPATA17	128153	ENSG00000162814	SPATA17
Gene::79762	C1orf115	79762	ENSG00000162817	C1orf115
Gene::148362	BROX	148362	ENSG00000162819	BROX
Gene::100288142	NBPF20	100288142	ENSG00000162825	NBPF20
Gene::51205	ACP6	51205	ENSG00000162836	ACP6
Gene::128025	WDR64	128025	ENSG00000162843	WDR64
Gene::55083	KIF26B	55083	ENSG00000162849	KIF26B
Gene::64216	TFB2M	64216	ENSG00000162851	TFB2M
Gene::163882	CNST	163882	ENSG00000162852	CNST
Gene::129285	PPP1R21	129285	ENSG00000162869	PPP1R21
Gene::55220	KLHDC8A	55220	ENSG00000162873	KLHDC8A
Gene::148811	PM20D1	148811	ENSG00000162877	PM20D1
Gene::91461	PKDCC	91461	ENSG00000162878	PKDCC
Gene::165140	OXER1	165140	ENSG00000162881	OXER1
Gene::23498	HAAO	23498	ENSG00000162882	HAAO
Gene::148789	B3GALNT2	148789	ENSG00000162885	B3GALNT2
Gene::574431	C1orf147	574431	ENSG00000162888	IKBKE-AS1
Gene::9261	MAPKAPK2	9261	ENSG00000162889	MAPKAPK2
Gene::50604	IL20	50604	ENSG00000162891	IL20
Gene::11009	IL24	11009	ENSG00000162892	IL24
Gene::9214	FCMR	9214	ENSG00000162894	FCMR
Gene::5284	PIGR	5284	ENSG00000162896	PIGR
Gene::83953	FCAMR	83953	ENSG00000162897	FCAMR
Gene::824	CAPN2	824	ENSG00000162909	CAPN2
Gene::128308	MRPL55	128308	ENSG00000162910	MRPL55
Gene::80232	WDR26	80232	ENSG00000162923	WDR26
Gene::5966	REL	5966	ENSG00000162924	REL
Gene::150962	PUS10	150962	ENSG00000162927	PUS10
Gene::5194	PEX13	5194	ENSG00000162928	PEX13
Gene::84542	KIAA1841	84542	ENSG00000162929	SANBR
Gene::51127	TRIM17	51127	ENSG00000162931	TRIM17
Gene::130132	RFTN2	130132	ENSG00000162944	RFTN2
Gene::27185	DISC1	27185	ENSG00000162946	DISC1
Gene::92291	CAPN13	92291	ENSG00000162949	CAPN13
Gene::347730	LRRTM1	347730	ENSG00000162951	LRRTM1
Gene::51072	MEMO1	51072	ENSG00000162959	MEMO1
Gene::84661	DPY30	84661	ENSG00000162961	DPY30
Gene::129450	TYW5	129450	ENSG00000162971	TYW5
Gene::79568	C2orf47	79568	ENSG00000162972	MAIP1
Gene::3754	KCNF1	3754	ENSG00000162975	KCNF1
Gene::130814	PQLC3	130814	ENSG00000162976	SLC66A3
Gene::26225	ARL5A	26225	ENSG00000162980	ARL5A
Gene::151354	FAM84A	151354	ENSG00000162981	LRATD1
Gene::3760	KCNJ3	3760	ENSG00000162989	KCNJ3
Gene::4760	NEUROD1	4760	ENSG00000162992	NEUROD1
Gene::130162	CLHC1	130162	ENSG00000162994	CLHC1
Gene::2487	FRZB	2487	ENSG00000162998	FRZB
Gene::142679	DUSP19	142679	ENSG00000162999	DUSP19
Gene::112942	CFAP36	112942	ENSG00000163001	CFAP36
Gene::129401	NUP35	129401	ENSG00000163002	NUP35
Gene::165055	CCDC138	165055	ENSG00000163006	CCDC138
Gene::151112	ZSWIM2	151112	ENSG00000163012	ZSWIM2
Gene::150726	FBXO41	150726	ENSG00000163013	FBXO41
Gene::72	ACTG2	72	ENSG00000163017	ACTG2
Gene::80304	C2orf44	80304	ENSG00000163026	WDCP
Gene::79677	SMC6	79677	ENSG00000163029	SMC6
Gene::7447	VSNL1	7447	ENSG00000163032	VSNL1
Gene::90557	CCDC74A	90557	ENSG00000163040	CCDC74A
Gene::3020	H3F3A	3020	ENSG00000163041	H3-3A
Gene::56997	ADCK3	56997	ENSG00000163050	COQ8A
Gene::151473	SLC16A14	151473	ENSG00000163053	SLC16A14
Gene::150483	TEKT4	150483	ENSG00000163060	TEKT4
Gene::2019	EN1	2019	ENSG00000163064	EN1
Gene::6443	SGCB	6443	ENSG00000163069	SGCB
Gene::132671	SPATA18	132671	ENSG00000163071	SPATA18
Gene::115677	NOSTRIN	115677	ENSG00000163072	NOSTRIN
Gene::200373	CFAP221	200373	ENSG00000163075	CFAP221
Gene::151278	CCDC140	151278	ENSG00000163081	CCDC140
Gene::130367	SGPP2	130367	ENSG00000163082	SGPP2
Gene::3625	INHBB	3625	ENSG00000163083	INHBB
Gene::129446	XIRP2	129446	ENSG00000163092	XIRP2
Gene::129880	BBS5	129880	ENSG00000163093	BBS5
Gene::112401	BIRC8	112401	ENSG00000163098	BIRC8
Gene::56916	SMARCAD1	56916	ENSG00000163104	SMARCAD1
Gene::27306	HPGDS	27306	ENSG00000163106	HPGDS
Gene::10611	PDLIM5	10611	ENSG00000163110	PDLIM5
Gene::5161	PDHA2	5161	ENSG00000163114	PDHA2
Gene::285555	STPG2	285555	ENSG00000163116	STPG2
Gene::93082	NEURL3	93082	ENSG00000163121	NEURL3
Gene::23248	RPRD2	23248	ENSG00000163125	RPRD2
Gene::200539	ANKRD23	200539	ENSG00000163126	ANKRD23
Gene::1520	CTSS	1520	ENSG00000163131	CTSS
Gene::4487	MSX1	4487	ENSG00000163132	MSX1
Gene::133015	PACRGL	133015	ENSG00000163138	PACRGL
Gene::149428	BNIPL	149428	ENSG00000163141	BNIPL
Gene::114905	C1QTNF7	114905	ENSG00000163145	C1QTNF7
Gene::79626	TNFAIP8L2	79626	ENSG00000163154	TIPE2
Gene::388695	LYSMD1	388695	ENSG00000163155	LYSMD1
Gene::79005	SCNM1	79005	ENSG00000163156	SCNM1
Gene::29765	TMOD4	29765	ENSG00000163157	TMOD4
Gene::6944	VPS72	6944	ENSG00000163159	VPS72
Gene::2071	ERCC3	2071	ENSG00000163161	ERCC3
Gene::284996	RNF149	284996	ENSG00000163162	RNF149
Gene::55677	IWS1	55677	ENSG00000163166	IWS1
Gene::388962	BOLA3	388962	ENSG00000163170	BOLA3
Gene::10602	CDC42EP3	10602	ENSG00000163171	CDC42EP3
Gene::6282	S100A11	6282	ENSG00000163191	S100A11
Gene::84648	LCE3D	84648	ENSG00000163202	LCE3D
Gene::4184	SMCP	4184	ENSG00000163206	SMCP
Gene::3713	IVL	3713	ENSG00000163207	IVL
Gene::6707	SPRR3	6707	ENSG00000163209	SPRR3
Gene::90957	DHX57	90957	ENSG00000163214	DHX57
Gene::6703	SPRR2D	6703	ENSG00000163216	SPRR2D
Gene::27302	BMP10	27302	ENSG00000163217	BMP10
Gene::57115	PGLYRP4	57115	ENSG00000163218	PGLYRP4
Gene::9938	ARHGAP25	9938	ENSG00000163219	ARHGAP25
Gene::6280	S100A9	6280	ENSG00000163220	S100A9
Gene::6283	S100A12	6283	ENSG00000163221	S100A12
Gene::7039	TGFA	7039	ENSG00000163235	TGFA
Gene::126668	TDRD10	126668	ENSG00000163239	TDRD10
Gene::151195	CCNYL1	151195	ENSG00000163249	CCNYL1
Gene::7855	FZD5	7855	ENSG00000163251	FZD5
Gene::1420	CRYGC	1420	ENSG00000163254	CRYGC
Gene::54876	DCAF16	54876	ENSG00000163257	DCAF16
Gene::388701	C1orf189	388701	ENSG00000163263	CFAP141
Gene::4880	NPPC	4880	ENSG00000163273	NPPC
Gene::132789	GNPDA2	132789	ENSG00000163281	GNPDA2
Gene::250	ALPP	250	ENSG00000163283	ALPP
Gene::2565	GABRG1	2565	ENSG00000163285	GABRG1
Gene::251	ALPPL2	251	ENSG00000163286	ALPG
Gene::2560	GABRB1	2560	ENSG00000163288	GABRB1
Gene::152559	PAQR3	152559	ENSG00000163291	PAQR3
Gene::152519	NIPAL1	152519	ENSG00000163293	NIPAL1
Gene::248	ALPI	248	ENSG00000163295	ALPI
Gene::118429	ANTXR2	118429	ENSG00000163297	ANTXR2
Gene::113510	HELQ	113510	ENSG00000163312	HELQ
Gene::51023	MRPS18C	51023	ENSG00000163319	MRPS18C
Gene::8545	CGGBP1	8545	ENSG00000163320	CGGBP1
Gene::84142	FAM175A	84142	ENSG00000163322	ABRAXAS1
Gene::151556	GPR155	151556	ENSG00000163328	GPR155
Gene::92196	DAPL1	92196	ENSG00000163331	DAPL1
Gene::10654	PMVK	10654	ENSG00000163344	PMVK
Gene::57326	PBXIP1	57326	ENSG00000163346	PBXIP1
Gene::9076	CLDN1	9076	ENSG00000163347	CLDN1
Gene::90780	PYGO2	90780	ENSG00000163348	PYGO2
Gene::204851	HIPK1	204851	ENSG00000163349	HIPK1
Gene::55891	LENEP	55891	ENSG00000163352	LENEP
Gene::127579	DCST2	127579	ENSG00000163354	DCST2
Gene::149095	DCST1	149095	ENSG00000163357	DCST1
Gene::1293	COL6A3	1293	ENSG00000163359	COL6A3
Gene::55765	C1orf106	55765	ENSG00000163362	INAVA
Gene::55249	YY1AP1	55249	ENSG00000163374	YY1AP1
Gene::84541	KBTBD8	84541	ENSG00000163376	KBTBD8
Gene::151647	FAM19A4	151647	ENSG00000163377	TAFA4
Gene::285203	EOGT	285203	ENSG00000163378	EOGT
Gene::56203	LMOD3	56203	ENSG00000163380	LMOD3
Gene::128240	APOA1BP	128240	ENSG00000163382	NAXE
Gene::56983	POGLUT1	56983	ENSG00000163389	POGLUT1
Gene::55356	SLC22A15	55356	ENSG00000163393	SLC22A15
Gene::886	CCKAR	886	ENSG00000163394	CCKAR
Gene::91156	IGFN1	91156	ENSG00000163395	IGFN1
Gene::476	ATP1A1	476	ENSG00000163399	ATP1A1
Gene::6565	SLC15A2	6565	ENSG00000163406	SLC15A2
Gene::317649	EIF4E3	317649	ENSG00000163412	EIF4E3
Gene::60675	PROK2	60675	ENSG00000163421	PROK2
Gene::152405	C3orf30	152405	ENSG00000163424	TEX55
Gene::116064	LRRC58	116064	ENSG00000163428	LRRC58
Gene::11167	FSTL1	11167	ENSG00000163430	FSTL1
Gene::25802	LMOD1	25802	ENSG00000163431	LMOD1
Gene::1999	ELF3	1999	ENSG00000163435	ELF3
Gene::132954	PDCL2	132954	ENSG00000163440	PDCL2
Gene::92703	TMEM183A	92703	ENSG00000163444	TMEM183A
Gene::92691	TMEM169	92691	ENSG00000163449	TMEM169
Gene::3490	IGFBP7	3490	ENSG00000163453	IGFBP7
Gene::80128	TRIM46	80128	ENSG00000163462	TRIM46
Gene::200185	KRTCAP2	200185	ENSG00000163463	KRTCAP2
Gene::3577	CXCR1	3577	ENSG00000163464	CXCR1
Gene::10109	ARPC2	10109	ENSG00000163466	ARPC2
Gene::128229	TSACC	128229	ENSG00000163467	TSACC
Gene::7203	CCT3	7203	ENSG00000163468	CCT3
Gene::84283	TMEM79	84283	ENSG00000163472	TMEM79
Gene::6746	SSR2	6746	ENSG00000163479	SSR2
Gene::64320	RNF25	64320	ENSG00000163481	RNF25
Gene::27148	STK36	27148	ENSG00000163482	STK36
Gene::134	ADORA1	134	ENSG00000163485	ADORA1
Gene::152110	NEK10	152110	ENSG00000163491	NEK10
Gene::285025	CCDC141	285025	ENSG00000163492	CCDC141
Gene::54738	FEV	54738	ENSG00000163497	FEV
Gene::1412	CRYBA2	1412	ENSG00000163499	CRYBA2
Gene::3549	IHH	3549	ENSG00000163501	IHH
Gene::57650	KIAA1524	57650	ENSG00000163507	CIP2A
Gene::8320	EOMES	8320	ENSG00000163508	EOMES
Gene::57703	CWC22	57703	ENSG00000163510	CWC22
Gene::64343	AZI2	64343	ENSG00000163512	AZI2
Gene::7048	TGFBR2	7048	ENSG00000163513	TGFBR2
Gene::84666	RETNLB	84666	ENSG00000163515	RETNLB
Gene::55139	ANKZF1	55139	ENSG00000163516	ANKZF1
Gene::79885	HDAC11	79885	ENSG00000163517	HDAC11
Gene::83417	FCRL4	83417	ENSG00000163518	FCRL4
Gene::50852	TRAT1	50852	ENSG00000163519	TRAT1
Gene::2199	FBLN2	2199	ENSG00000163520	FBLN2
Gene::79411	GLB1L	79411	ENSG00000163521	GLB1L
Gene::201595	STT3B	201595	ENSG00000163527	STT3B
Gene::131474	CHCHD4	131474	ENSG00000163528	CHCHD4
Gene::151871	DPPA2	151871	ENSG00000163530	DPPA2
Gene::23114	NFASC	23114	ENSG00000163531	NFASC
Gene::115350	FCRL1	115350	ENSG00000163534	FCRL1
Gene::151246	SGOL2	151246	ENSG00000163535	SGO2
Gene::5274	SERPINI1	5274	ENSG00000163536	SERPINI1
Gene::23122	CLASP2	23122	ENSG00000163539	CLASP2
Gene::8802	SUCLG1	8802	ENSG00000163541	SUCLG1
Gene::81788	NUAK2	81788	ENSG00000163545	NUAK2
Gene::6708	SPTA1	6708	ENSG00000163554	SPTA1
Gene::5584	PRKCI	5584	ENSG00000163558	PRKCI
Gene::4332	MNDA	4332	ENSG00000163563	MNDA
Gene::149628	PYHIN1	149628	ENSG00000163564	PYHIN1
Gene::3428	IFI16	3428	ENSG00000163565	IFI16
Gene::9447	AIM2	9447	ENSG00000163568	AIM2
Gene::151651	EFHB	151651	ENSG00000163576	EFHB
Gene::56648	EIF5A2	56648	ENSG00000163577	EIF5A2
Gene::6514	SLC2A2	6514	ENSG00000163581	SLC2A2
Gene::200916	RPL22L1	200916	ENSG00000163584	RPL22L1
Gene::2168	FABP1	2168	ENSG00000163586	FABP1
Gene::151742	PPM1L	151742	ENSG00000163590	PPM1L
Gene::130026	ICA1L	130026	ENSG00000163596	ICA1L
Gene::1493	CTLA4	1493	ENSG00000163599	CTLA4
Gene::29851	ICOS	29851	ENSG00000163600	ICOS
Gene::23429	RYBP	23429	ENSG00000163602	RYBP
Gene::151987	PPP4R2	151987	ENSG00000163605	PPP4R2
Gene::131450	CD200R1	131450	ENSG00000163606	CD200R1
Gene::29083	GTPBP8	29083	ENSG00000163607	GTPBP8
Gene::25871	C3orf17	25871	ENSG00000163608	RMP64
Gene::152185	SPICE1	152185	ENSG00000163611	SPICE1
Gene::100287013	FAM86KP	100287013	ENSG00000163612	FAM86KP
Gene::57577	KIAA1407	57577	ENSG00000163617	CCDC191
Gene::8618	CADPS	8618	ENSG00000163618	CADPS
Gene::4825	NKX6-1	4825	ENSG00000163623	NKX6-1
Gene::1040	CDS1	1040	ENSG00000163624	CDS1
Gene::23001	WDFY3	23001	ENSG00000163625	WDFY3
Gene::285521	COX18	285521	ENSG00000163626	COX18
Gene::5783	PTPN13	5783	ENSG00000163629	PTPN13
Gene::132204	SYNPR	132204	ENSG00000163630	SYNPR
Gene::213	ALB	213	ENSG00000163631	ALB
Gene::132989	C4orf36	132989	ENSG00000163633	C4orf36
Gene::80145	THOC7	80145	ENSG00000163634	THOC7
Gene::6314	ATXN7	6314	ENSG00000163635	ATXN7
Gene::9861	PSMD6	9861	ENSG00000163636	PSMD6
Gene::166336	PRICKLE2	166336	ENSG00000163637	PRICKLE2
Gene::56999	ADAMTS9	56999	ENSG00000163638	ADAMTS9
Gene::152926	PPM1K	152926	ENSG00000163644	PPM1K
Gene::131831	ERICH6	131831	ENSG00000163645	ERICH6
Gene::7401	CLRN1	7401	ENSG00000163646	CLRN1
Gene::8833	GMPS	8833	ENSG00000163655	GMPS
Gene::25976	TIPARP	25976	ENSG00000163659	TIPARP
Gene::57018	CCNL1	57018	ENSG00000163660	CCNL1
Gene::5806	PTX3	5806	ENSG00000163661	PTX3
Gene::8820	HESX1	8820	ENSG00000163666	HESX1
Gene::85443	DCLK3	85443	ENSG00000163673	DCLK3
Gene::7871	SLMAP	7871	ENSG00000163681	SLMAP
Gene::6133	RPL9	6133	ENSG00000163682	RPL9
Gene::201895	SMIM14	201895	ENSG00000163683	SMIM14
Gene::11102	RPP14	11102	ENSG00000163684	RPP14
Gene::57406	ABHD6	57406	ENSG00000163686	ABHD6
Gene::1776	DNASE1L3	1776	ENSG00000163687	DNASE1L3
Gene::200844	C3orf67	200844	ENSG00000163689	CFAP20DC
Gene::54502	RBM47	54502	ENSG00000163694	RBM47
Gene::323	APBB2	323	ENSG00000163697	APBB2
Gene::132014	IL17RE	132014	ENSG00000163701	IL17RE
Gene::84818	IL17RC	84818	ENSG00000163702	IL17RC
Gene::78987	CRELD1	78987	ENSG00000163703	CRELD1
Gene::285368	PRRT3	285368	ENSG00000163704	PRRT3
Gene::115795	FANCD2OS	115795	ENSG00000163705	FANCD2OS
Gene::26577	PCOLCE2	26577	ENSG00000163710	PCOLCE2
Gene::23350	U2SURP	23350	ENSG00000163714	U2SURP
Gene::64419	MTMR14	64419	ENSG00000163719	MTMR14
Gene::151613	TTC14	151613	ENSG00000163728	TTC14
Gene::2921	CXCL3	2921	ENSG00000163734	CXCL3
Gene::6374	CXCL5	6374	ENSG00000163735	CXCL5
Gene::5473	PPBP	5473	ENSG00000163736	PPBP
Gene::5196	PF4	5196	ENSG00000163737	PF4
Gene::441024	MTHFD2L	441024	ENSG00000163738	MTHFD2L
Gene::2919	CXCL1	2919	ENSG00000163739	CXCL1
Gene::25898	RCHY1	25898	ENSG00000163743	RCHY1
Gene::57047	PLSCR2	57047	ENSG00000163746	PLSCR2
Gene::339965	CCDC158	339965	ENSG00000163749	CCDC158
Gene::1359	CPA3	1359	ENSG00000163751	CPA3
Gene::2992	GYG1	2992	ENSG00000163754	GYG1
Gene::84343	HPS3	84343	ENSG00000163755	HPS3
Gene::116441	TM4SF18	116441	ENSG00000163762	TM4SF18
Gene::11073	TOPBP1	11073	ENSG00000163781	TOPBP1
Gene::6259	RYK	6259	ENSG00000163785	RYK
Gene::54861	SNRK	54861	ENSG00000163788	SNRK
Gene::150921	TCF23	150921	ENSG00000163792	TCF23
Gene::285126	DNAJC5G	285126	ENSG00000163793	DNAJC5G
Gene::7349	UCN	7349	ENSG00000163794	UCN
Gene::130557	ZNF513	130557	ENSG00000163795	ZNF513
Gene::22950	SLC4A1AP	22950	ENSG00000163798	SLC4A1AP
Gene::151056	PLB1	151056	ENSG00000163803	PLB1
Gene::245711	SPDYA	245711	ENSG00000163806	SPDYA
Gene::57456	KIAA1143	57456	ENSG00000163807	KIAA1143
Gene::56992	KIF15	56992	ENSG00000163808	KIF15
Gene::7047	TGM4	7047	ENSG00000163810	TGM4
Gene::23160	WDR43	23160	ENSG00000163811	WDR43
Gene::51304	ZDHHC3	51304	ENSG00000163812	ZDHHC3
Gene::64866	CDCP1	64866	ENSG00000163814	CDCP1
Gene::7123	CLEC3B	7123	ENSG00000163815	CLEC3B
Gene::54716	SLC6A20	54716	ENSG00000163817	SLC6A20
Gene::54585	LZTFL1	54585	ENSG00000163818	LZTFL1
Gene::79443	FYCO1	79443	ENSG00000163820	FYCO1
Gene::1230	CCR1	1230	ENSG00000163823	CCR1
Gene::83597	RTP3	83597	ENSG00000163825	RTP3
Gene::79442	LRRC2	79442	ENSG00000163827	LRRC2
Gene::54859	ELP6	54859	ENSG00000163832	ELP6
Gene::51725	FBXO40	51725	ENSG00000163833	FBXO40
Gene::151636	DTX3L	151636	ENSG00000163840	DTX3L
Gene::7707	ZNF148	7707	ENSG00000163848	ZNF148
Gene::349565	NMNAT3	349565	ENSG00000163864	NMNAT3
Gene::113444	SMIM12	113444	ENSG00000163866	SMIM12
Gene::9204	ZMYM6	9204	ENSG00000163867	ZMYM6
Gene::131601	TPRA1	131601	ENSG00000163870	TPRA1
Gene::55689	YEATS2	55689	ENSG00000163872	YEATS2
Gene::2899	GRIK3	2899	ENSG00000163873	GRIK3
Gene::80149	ZC3H12A	80149	ENSG00000163874	ZC3H12A
Gene::64769	MEAF6	64769	ENSG00000163875	MEAF6
Gene::79753	SNIP1	79753	ENSG00000163877	SNIP1
Gene::7802	DNALI1	7802	ENSG00000163879	DNALI1
Gene::5437	POLR2H	5437	ENSG00000163882	POLR2H
Gene::28999	KLF15	28999	ENSG00000163884	KLF15
Gene::348807	CCDC37	348807	ENSG00000163885	CFAP100
Gene::94032	CAMK2N2	94032	ENSG00000163888	CAMK2N2
Gene::200879	LIPH	200879	ENSG00000163898	LIPH
Gene::90407	TMEM41A	90407	ENSG00000163900	TMEM41A
Gene::6184	RPN1	6184	ENSG00000163902	RPN1
Gene::59343	SENP2	59343	ENSG00000163904	SENP2
Gene::26508	HEYL	26508	ENSG00000163909	HEYL
Gene::55764	IFT122	55764	ENSG00000163913	IFT122
Gene::6010	RHO	6010	ENSG00000163914	RHO
Gene::5984	RFC4	5984	ENSG00000163918	RFC4
Gene::116832	RPL39L	116832	ENSG00000163923	RPL39L
Gene::8314	BAP1	8314	ENSG00000163930	BAP1
Gene::7086	TKT	7086	ENSG00000163931	TKT
Gene::5580	PRKCD	5580	ENSG00000163932	PRKCD
Gene::91869	RFT1	91869	ENSG00000163933	RFT1
Gene::51460	SFMBT1	51460	ENSG00000163935	SFMBT1
Gene::26354	GNL3	26354	ENSG00000163938	GNL3
Gene::55193	PBRM1	55193	ENSG00000163939	PBRM1
Gene::57654	UVSSA	57654	ENSG00000163945	UVSSA
Gene::23272	FAM208A	23272	ENSG00000163946	TASOR
Gene::50650	ARHGEF3	50650	ENSG00000163947	ARHGEF3
Gene::7884	SLBP	7884	ENSG00000163950	SLBP
Gene::4043	LRPAP1	4043	ENSG00000163956	LRPAP1
Gene::131540	ZDHHC19	131540	ENSG00000163958	ZDHHC19
Gene::200931	SLC51A	200931	ENSG00000163959	SLC51A
Gene::26043	UBXN7	26043	ENSG00000163960	UBXN7
Gene::165918	RNF168	165918	ENSG00000163961	RNF168
Gene::54965	PIGX	54965	ENSG00000163964	PIGX
Gene::4241	MFI2	4241	ENSG00000163975	MELTF
Gene::133060	OTOP1	133060	ENSG00000163982	OTOP1
Gene::6286	S100P	6286	ENSG00000163993	S100P
Gene::84448	ABLIM2	84448	ENSG00000163995	ABLIM2
Gene::64789	EXO5	64789	ENSG00000164002	EXO5
Gene::149461	CLDN19	149461	ENSG00000164007	CLDN19
Gene::79078	C1orf50	79078	ENSG00000164008	C1orf50
Gene::114625	ERMAP	114625	ENSG00000164010	ERMAP
Gene::51058	ZNF691	51058	ENSG00000164011	ZNF691
Gene::9255	AIMP1	9255	ENSG00000164022	AIMP1
Gene::166929	SGMS2	166929	ENSG00000164023	SGMS2
Gene::23173	METAP1	23173	ENSG00000164024	METAP1
Gene::79982	DNAJB14	79982	ENSG00000164031	DNAJB14
Gene::3015	H2AFZ	3015	ENSG00000164032	H2AZ1
Gene::51705	EMCN	51705	ENSG00000164035	EMCN
Gene::150159	SLC9B1	150159	ENSG00000164037	SLC9B1
Gene::133308	SLC9B2	133308	ENSG00000164038	SLC9B2
Gene::56898	BDH2	56898	ENSG00000164039	BDH2
Gene::10424	PGRMC2	10424	ENSG00000164040	PGRMC2
Gene::993	CDC25A	993	ENSG00000164045	CDC25A
Gene::820	CAMP	820	ENSG00000164047	CAMP
Gene::51385	ZNF589	51385	ENSG00000164048	ZNF589
Gene::285231	FBXW12	285231	ENSG00000164049	FBXW12
Gene::5364	PLXNB1	5364	ENSG00000164050	PLXNB1
Gene::79714	CCDC51	79714	ENSG00000164051	CCDC51
Gene::84126	ATRIP	84126	ENSG00000164053	ATRIP
Gene::51246	SHISA5	51246	ENSG00000164054	SHISA5
Gene::10252	SPRY1	10252	ENSG00000164056	SPRY1
Gene::8927	BSN	8927	ENSG00000164061	BSN
Gene::327	APEH	327	ENSG00000164062	APEH
Gene::27152	INTU	27152	ENSG00000164066	INTU
Gene::63891	RNF123	63891	ENSG00000164068	RNF123
Gene::22824	HSPA4L	22824	ENSG00000164070	HSPA4L
Gene::256471	MFSD8	256471	ENSG00000164073	MFSD8
Gene::80167	C4orf29	80167	ENSG00000164074	ABHD18
Gene::79012	CAMKV	79012	ENSG00000164076	CAMKV
Gene::84315	MON1A	84315	ENSG00000164077	MON1A
Gene::4486	MST1R	4486	ENSG00000164078	MST1R
Gene::23132	RAD54L2	23132	ENSG00000164080	RAD54L2
Gene::51368	TEX264	51368	ENSG00000164081	TEX264
Gene::2912	GRM2	2912	ENSG00000164082	GRM2
Gene::1849	DUSP7	1849	ENSG00000164086	DUSP7
Gene::25886	POC1A	25886	ENSG00000164087	POC1A
Gene::132160	PPM1M	132160	ENSG00000164088	PPM1M
Gene::64850	ETNPPL	64850	ENSG00000164089	ETNPPL
Gene::80335	WDR82	80335	ENSG00000164091	WDR82
Gene::5308	PITX2	5308	ENSG00000164093	PITX2
Gene::401152	C4orf3	401152	ENSG00000164096	ARLN
Gene::8492	PRSS12	8492	ENSG00000164099	PRSS12
Gene::9348	NDST3	9348	ENSG00000164100	NDST3
Gene::3148	HMGB2	3148	ENSG00000164104	HMGB2
Gene::8819	SAP30	8819	ENSG00000164105	SAP30
Gene::11341	SCRG1	11341	ENSG00000164106	SCRG1
Gene::9464	HAND2	9464	ENSG00000164107	HAND2
Gene::4085	MAD2L1	4085	ENSG00000164109	MAD2L1
Gene::308	ANXA5	308	ENSG00000164111	ANXA5
Gene::132332	TMEM155	132332	ENSG00000164112	SMIM43
Gene::132612	ADAD1	132612	ENSG00000164113	ADAD1
Gene::79884	MAP9	79884	ENSG00000164114	MAP9
Gene::2982	GUCY1A3	2982	ENSG00000164116	GUCY1A1
Gene::26269	FBXO8	26269	ENSG00000164117	FBXO8
Gene::80817	CEP44	80817	ENSG00000164118	CEP44
Gene::3248	HPGD	3248	ENSG00000164120	HPGD
Gene::140458	ASB5	140458	ENSG00000164122	ASB5
Gene::152940	C4orf45	152940	ENSG00000164123	SPMIP2
Gene::55314	TMEM144	55314	ENSG00000164124	TMEM144
Gene::51313	FAM198B	51313	ENSG00000164125	GASK1B
Gene::4886	NPY1R	4886	ENSG00000164128	NPY1R
Gene::4889	NPY5R	4889	ENSG00000164129	NPY5R
Gene::80155	NAA15	80155	ENSG00000164134	NAA15
Gene::3600	IL15	3600	ENSG00000164136	IL15
Gene::729830	FAM160A1	729830	ENSG00000164142	FHIP1A
Gene::27236	ARFIP1	27236	ENSG00000164144	ARFIP1
Gene::23379	ICE1	23379	ENSG00000164151	ICE1
Gene::64399	HHIP	64399	ENSG00000164161	HHIP
Gene::10393	ANAPC10	10393	ENSG00000164162	ANAPC10
Gene::6059	ABCE1	6059	ENSG00000164163	ABCE1
Gene::54726	OTUD4	54726	ENSG00000164164	OTUD4
Gene::11157	LSM6	11157	ENSG00000164167	LSM6
Gene::55751	TMEM184C	55751	ENSG00000164168	TMEM184C
Gene::90826	PRMT9	90826	ENSG00000164169	PRMT9
Gene::3673	ITGA2	3673	ENSG00000164171	ITGA2
Gene::4338	MOCS2	4338	ENSG00000164172	MOCS2
Gene::51151	SLC45A2	51151	ENSG00000164175	SLC45A2
Gene::10085	EDIL3	10085	ENSG00000164176	EDIL3
Gene::153396	TMEM161B	153396	ENSG00000164180	TMEM161B
Gene::79993	ELOVL7	79993	ENSG00000164181	ELOVL7
Gene::91942	NDUFAF2	91942	ENSG00000164182	NDUFAF2
Gene::133923	ZNF474	133923	ENSG00000164185	ZNF474
Gene::92255	LMBRD2	92255	ENSG00000164187	LMBRD2
Gene::202151	RANBP3L	202151	ENSG00000164188	RANBP3L
Gene::25836	NIPBL	25836	ENSG00000164190	NIPBL
Gene::285671	RNF180	285671	ENSG00000164197	RNF180
Gene::84059	ADGRV1	84059	ENSG00000164199	ADGRV1
Gene::91137	SLC25A46	91137	ENSG00000164209	SLC25A46
Gene::134429	STARD4	134429	ENSG00000164211	STARD4
Gene::5229	PGGT1B	5229	ENSG00000164219	PGGT1B
Gene::2151	F2RL2	2151	ENSG00000164220	F2RL2
Gene::153733	CCDC112	153733	ENSG00000164221	CCDC112
Gene::651746	ANKRD33B	651746	ENSG00000164236	ANKRD33B
Gene::134147	CMBL	134147	ENSG00000164237	CMBL
Gene::401207	C5orf63	401207	ENSG00000164241	C5orf63
Gene::133619	PRRC1	133619	ENSG00000164244	PRRC1
Gene::2150	F2RL1	2150	ENSG00000164251	F2RL1
Gene::55109	AGGF1	55109	ENSG00000164252	AGGF1
Gene::55255	WDR41	55255	ENSG00000164253	WDR41
Gene::56979	PRDM9	56979	ENSG00000164256	PRDM9
Gene::4724	NDUFS4	4724	ENSG00000164258	NDUFS4
Gene::117156	SCGB3A2	117156	ENSG00000164265	SCGB3A2
Gene::6690	SPINK1	6690	ENSG00000164266	SPINK1
Gene::3360	HTR4	3360	ENSG00000164270	HTR4
Gene::11082	ESM1	11082	ENSG00000164283	ESM1
Gene::134266	GRPEL2	134266	ENSG00000164284	GRPEL2
Gene::166979	CDC20B	166979	ENSG00000164287	CDC20B
Gene::153642	ARSK	153642	ENSG00000164291	ARSK
Gene::22836	RHOBTB3	22836	ENSG00000164292	RHOBTB3
Gene::493869	GPX8	493869	ENSG00000164294	GPX8
Gene::81789	TIGD6	81789	ENSG00000164296	TIGD6
Gene::84654	SPZ1	84654	ENSG00000164299	SPZ1
Gene::256987	SERINC5	256987	ENSG00000164300	SERINC5
Gene::133121	ENPP6	133121	ENSG00000164303	ENPP6
Gene::285782	CAGE1	285782	ENSG00000164304	CAGE1
Gene::836	CASP3	836	ENSG00000164305	CASP3
Gene::201973	PRIMPOL	201973	ENSG00000164306	PRIMPOL
Gene::51752	ERAP1	51752	ENSG00000164307	ERAP1
Gene::64167	ERAP2	64167	ENSG00000164308	ERAP2
Gene::202333	CMYA5	202333	ENSG00000164309	CMYA5
Gene::133584	EGFLAM	133584	ENSG00000164318	EGFLAM
Gene::57587	CFAP97	57587	ENSG00000164323	CFAP97
Gene::134288	TMEM174	134288	ENSG00000164325	TMEM174
Gene::9607	CARTPT	9607	ENSG00000164326	CARTPT
Gene::253260	RICTOR	253260	ENSG00000164327	RICTOR
Gene::167153	PAPD4	167153	ENSG00000164329	TENT2
Gene::1879	EBF1	1879	ENSG00000164330	EBF1
Gene::57763	ANKRA2	57763	ENSG00000164331	ANKRA2
Gene::134510	UBLCP1	134510	ENSG00000164332	UBLCP1
Gene::340069	FAM170A	340069	ENSG00000164334	FAM170A
Gene::84135	UTP15	84135	ENSG00000164338	UTP15
Gene::7098	TLR3	7098	ENSG00000164342	TLR3
Gene::3818	KLKB1	3818	ENSG00000164344	KLKB1
Gene::10412	NSA2	10412	ENSG00000164346	NSA2
Gene::84340	GFM2	84340	ENSG00000164347	GFM2
Gene::7015	TERT	7015	ENSG00000164362	TERT
Gene::348932	SLC6A18	348932	ENSG00000164363	SLC6A18
Gene::133957	CCDC127	133957	ENSG00000164366	CCDC127
Gene::94234	FOXQ1	94234	ENSG00000164379	FOXQ1
Gene::222611	ADGRF2	222611	ENSG00000164393	ADGRF2P
Gene::23305	ACSL6	23305	ENSG00000164398	ACSL6
Gene::3562	IL3	3562	ENSG00000164399	IL3
Gene::1437	CSF2	1437	ENSG00000164400	CSF2
Gene::23176	SEPT8	23176	ENSG00000164402	SEPTIN8
Gene::134549	SHROOM1	134549	ENSG00000164403	SHROOM1
Gene::2661	GDF9	2661	ENSG00000164404	GDF9
Gene::27089	UQCRQ	27089	ENSG00000164405	UQCRQ
Gene::116842	LEAP2	116842	ENSG00000164406	LEAP2
Gene::375519	GJB7	375519	ENSG00000164411	GJB7
Gene::10559	SLC35A1	10559	ENSG00000164414	SLC35A1
Gene::2898	GRIK2	2898	ENSG00000164418	GRIK2
Gene::115004	MB21D1	115004	ENSG00000164430	CGAS
Gene::2173	FABP7	2173	ENSG00000164434	FABP7
Gene::30012	TLX3	30012	ENSG00000164438	TLX3
Gene::167838	TXLNB	167838	ENSG00000164440	TXLNB
Gene::10370	CITED2	10370	ENSG00000164442	CITED2
Gene::221301	FAM26D	221301	ENSG00000164451	CALHM4
Gene::6862	T	6862	ENSG00000164458	TBXT
Gene::153222	CREBRF	153222	ENSG00000164463	CREBRF
Gene::285761	DCBLD1	285761	ENSG00000164465	DCBLD1
Gene::94081	SFXN1	94081	ENSG00000164466	SFXN1
Gene::154075	SAMD3	154075	ENSG00000164483	SAMD3
Gene::114801	TMEM200A	114801	ENSG00000164484	TMEM200A
Gene::116379	IL22RA2	116379	ENSG00000164485	IL22RA2
Gene::168002	DACT2	168002	ENSG00000164488	DACT2
Gene::57107	PDSS2	57107	ENSG00000164494	PDSS2
Gene::100130988	C7orf72	100130988	ENSG00000164500	SPMIP7
Gene::134957	STXBP5	134957	ENSG00000164506	STXBP5
Gene::221613	HIST1H2AA	221613	ENSG00000164508	H2AC1
Gene::133396	IL31RA	133396	ENSG00000164509	IL31RA
Gene::79722	ANKRD55	79722	ENSG00000164512	ANKRD55
Gene::135250	RAET1E	135250	ENSG00000164520	RAET1E
Gene::221476	PI16	221476	ENSG00000164530	PI16
Gene::57057	TBX20	57057	ENSG00000164532	TBX20
Gene::221955	DAGLB	221955	ENSG00000164535	DAGLB
Gene::23366	KIAA0895	23366	ENSG00000164542	MATCAP2
Gene::9263	STK17A	9263	ENSG00000164543	STK17A
Gene::29896	TRA2A	29896	ENSG00000164548	TRA2A
Gene::55568	GALNT10	55568	ENSG00000164574	GALNT10
Gene::79685	SAP30L	79685	ENSG00000164576	SAP30L
Gene::6208	RPS14	6208	ENSG00000164587	RPS14
Gene::348980	HCN1	348980	ENSG00000164588	HCN1
Gene::91977	MYOZ3	91977	ENSG00000164591	MYOZ3
Gene::10466	COG5	10466	ENSG00000164597	COG5
Gene::63974	NEUROD6	63974	ENSG00000164600	NEUROD6
Gene::154743	C7orf60	154743	ENSG00000164603	SAMTOR
Gene::54329	GPR85	54329	ENSG00000164604	GPR85
Gene::10569	SLU7	10569	ENSG00000164609	SLU7
Gene::6100	RP9	6100	ENSG00000164610	RP9
Gene::9232	PTTG1	9232	ENSG00000164611	PTTG1
Gene::819	CAMLG	819	ENSG00000164615	CAMLG
Gene::26223	FBXL21	26223	ENSG00000164616	FBXL21P
Gene::168667	BMPER	168667	ENSG00000164619	BMPER
Gene::285613	RELL2	285613	ENSG00000164620	RELL2
Gene::8645	KCNK5	8645	ENSG00000164626	KCNK5
Gene::221458	KIF6	221458	ENSG00000164627	KIF6
Gene::7559	ZNF12	7559	ENSG00000164631	ZNF12
Gene::222962	SLC29A4	222962	ENSG00000164638	SLC29A4
Gene::219557	C7orf62	219557	ENSG00000164645	TEX47
Gene::26872	STEAP1	26872	ENSG00000164647	STEAP1
Gene::55536	CDCA7L	55536	ENSG00000164649	CDCA7L
Gene::221833	SP8	221833	ENSG00000164651	SP8
Gene::54468	MIOS	54468	ENSG00000164654	MIOS
Gene::222223	KIAA1324L	222223	ENSG00000164659	ELAPOR2
Gene::25862	USP49	25862	ENSG00000164663	USP49
Gene::94120	SYTL3	94120	ENSG00000164674	SYTL3
Gene::154865	IQUB	154865	ENSG00000164675	IQUB
Gene::23462	HEY1	23462	ENSG00000164683	HEY1
Gene::619279	ZNF704	619279	ENSG00000164684	ZNF704
Gene::2171	FABP5	2171	ENSG00000164687	FABP5
Gene::6469	SHH	6469	ENSG00000164690	SHH
Gene::117289	TAGAP	117289	ENSG00000164691	TAGAP
Gene::1278	COL1A2	1278	ENSG00000164692	COL1A2
Gene::84624	FNDC1	84624	ENSG00000164694	FNDC1
Gene::92421	CHMP4C	92421	ENSG00000164695	CHMP4C
Gene::26266	SLC13A4	26266	ENSG00000164707	SLC13A4
Gene::5224	PGAM2	5224	ENSG00000164708	PGAM2
Gene::25798	BRI3	25798	ENSG00000164713	BRI3
Gene::22853	LMTK2	22853	ENSG00000164715	LMTK2
Gene::146861	SLC35G3	146861	ENSG00000164729	SLC35G3
Gene::1508	CTSB	1508	ENSG00000164733	CTSB
Gene::64321	SOX17	64321	ENSG00000164736	SOX17
Gene::10395	DLC1	10395	ENSG00000164741	DLC1
Gene::107	ADCY1	107	ENSG00000164742	ADCY1
Gene::157773	C8orf48	157773	ENSG00000164743	C8orf48
Gene::256979	SUN3	256979	ENSG00000164744	SUN3
Gene::136288	C7orf57	136288	ENSG00000164746	C7orf57
Gene::3174	HNF4G	3174	ENSG00000164749	HNF4G
Gene::5828	PEX2	5828	ENSG00000164751	PEX2
Gene::5885	RAD21	5885	ENSG00000164754	RAD21
Gene::169026	SLC30A8	169026	ENSG00000164756	SLC30A8
Gene::90390	MED30	90390	ENSG00000164758	MED30
Gene::4982	TNFRSF11B	4982	ENSG00000164761	TNFRSF11B
Gene::157869	SBSPON	157869	ENSG00000164764	SBSPON
Gene::5260	PHKG1	5260	ENSG00000164776	PHKG1
Gene::2020	EN2	2020	ENSG00000164778	EN2
Gene::27012	KCNV1	27012	ENSG00000164794	KCNV1
Gene::114788	CSMD3	114788	ENSG00000164796	CSMD3
Gene::23514	SPIDR	23514	ENSG00000164808	SPIDR
Gene::5001	ORC5	5001	ENSG00000164815	ORC5
Gene::1670	DEFA5	1670	ENSG00000164816	DEFA5
Gene::54919	DNAAF5	54919	ENSG00000164818	DNAAF5
Gene::1669	DEFA4	1669	ENSG00000164821	DEFA4
Gene::1671	DEFA6	1671	ENSG00000164822	DEFA6
Gene::734	OSGIN2	734	ENSG00000164823	OSGIN2
Gene::1672	DEFB1	1672	ENSG00000164825	DEFB1
Gene::23353	SUN1	23353	ENSG00000164828	SUN1
Gene::55074	OXR1	55074	ENSG00000164830	OXR1
Gene::157753	TMEM74	157753	ENSG00000164841	TMEM74
Gene::115330	GPR146	115330	ENSG00000164849	GPR146
Gene::2852	GPER1	2852	ENSG00000164850	GPER1
Gene::340260	UNCX	340260	ENSG00000164853	UNCX
Gene::202915	TMEM184A	202915	ENSG00000164855	TMEM184A
Gene::4846	NOS3	4846	ENSG00000164867	NOS3
Gene::10407	SPAG11B	10407	ENSG00000164871	SPAG11B
Gene::79778	MICALL2	79778	ENSG00000164877	MICALL2
Gene::761	CA3	761	ENSG00000164879	CA3
Gene::26173	INTS1	26173	ENSG00000164880	INTS1
Gene::1020	CDK5	1020	ENSG00000164885	CDK5
Gene::6522	SLC4A2	6522	ENSG00000164889	SLC4A2
Gene::157724	SLC7A13	157724	ENSG00000164893	SLC7A13
Gene::10922	FASTK	10922	ENSG00000164896	FASTK
Gene::83590	TMUB1	83590	ENSG00000164897	TMUB1
Gene::154791	C7orf55	154791	ENSG00000164898	FMC1
Gene::2636	GBX1	2636	ENSG00000164900	GBX1
Gene::51808	PHAX	51808	ENSG00000164902	PHAX
Gene::501	ALDH7A1	501	ENSG00000164904	ALDH7A1
Gene::221937	FOXK1	221937	ENSG00000164916	FOXK1
Gene::1345	COX6C	1345	ENSG00000164919	COX6C
Gene::116039	OSR2	116039	ENSG00000164920	OSR2
Gene::7534	YWHAZ	7534	ENSG00000164924	YWHAZ
Gene::79870	BAALC	79870	ENSG00000164929	BAALC
Gene::8323	FZD6	8323	ENSG00000164930	FZD6
Gene::115908	CTHRC1	115908	ENSG00000164932	CTHRC1
Gene::81034	SLC25A32	81034	ENSG00000164933	SLC25A32
Gene::25879	DCAF13	25879	ENSG00000164934	DCAF13
Gene::81501	DCSTAMP	81501	ENSG00000164935	DCSTAMP
Gene::94241	TP53INP1	94241	ENSG00000164938	TP53INP1
Gene::55656	INTS8	55656	ENSG00000164941	INTS8
Gene::25962	KIAA1429	25962	ENSG00000164944	VIRMA
Gene::158326	FREM1	158326	ENSG00000164946	FREM1
Gene::2669	GEM	2669	ENSG00000164949	GEM
Gene::54704	PDP1	54704	ENSG00000164951	PDP1
Gene::91147	TMEM67	91147	ENSG00000164953	TMEM67
Gene::9897	KIAA0196	9897	ENSG00000164961	WASHC5
Gene::138716	RPP25L	138716	ENSG00000164967	RPP25L
Gene::203259	FAM219A	203259	ENSG00000164970	FAM219A
Gene::84688	C9orf24	84688	ENSG00000164972	SPMIP6
Gene::6619	SNAPC3	6619	ENSG00000164975	SNAPC3
Gene::57462	KIAA1161	57462	ENSG00000164976	MYORG
Gene::318	NUDT2	318	ENSG00000164978	NUDT2
Gene::157378	TMEM65	157378	ENSG00000164983	TMEM65
Gene::11168	PSIP1	11168	ENSG00000164985	PSIP1
Gene::203238	CCDC171	203238	ENSG00000164989	CCDC171
Gene::51271	UBAP1	51271	ENSG00000165006	UBAP1
Gene::54769	DIRAS2	54769	ENSG00000165023	DIRAS2
Gene::6850	SYK	6850	ENSG00000165025	SYK
Gene::55335	NIPSNAP3B	55335	ENSG00000165028	NIPSNAP3B
Gene::19	ABCA1	19	ENSG00000165029	ABCA1
Gene::4783	NFIL3	4783	ENSG00000165030	NFIL3
Gene::137994	LETM2	137994	ENSG00000165046	LETM2
Gene::55798	METTL2B	55798	ENSG00000165055	METTL2B
Gene::5568	PRKACG	5568	ENSG00000165059	PRKACG
Gene::2395	FXN	2395	ENSG00000165060	FXN
Gene::79698	ZMAT4	79698	ENSG00000165061	ZMAT4
Gene::157848	NKX6-3	157848	ENSG00000165066	NKX6-3
Gene::137835	TMEM71	137835	ENSG00000165071	TMEM71
Gene::256691	MAMDC2	256691	ENSG00000165072	MAMDC2
Gene::136242	PRSS37	136242	ENSG00000165076	PRSS37
Gene::57094	CPA6	57094	ENSG00000165078	CPA6
Gene::116328	C8orf34	116328	ENSG00000165084	C8orf34
Gene::117531	TMC1	117531	ENSG00000165091	TMC1
Gene::216	ALDH1A1	216	ENSG00000165092	ALDH1A1
Gene::221656	KDM1B	221656	ENSG00000165097	KDM1B
Gene::138050	HGSNAT	138050	ENSG00000165102	HGSNAT
Gene::158158	RASEF	158158	ENSG00000165105	RASEF
Gene::80318	GKAP1	80318	ENSG00000165113	GKAP1
Gene::55582	KIF27	55582	ENSG00000165115	KIF27
Gene::84267	C9orf64	84267	ENSG00000165118	QNG1
Gene::3190	HNRNPK	3190	ENSG00000165119	HNRNPK
Gene::136263	SSMEM1	136263	ENSG00000165120	SSMEM1
Gene::79987	SVEP1	79987	ENSG00000165124	SVEP1
Gene::55503	TRPV6	55503	ENSG00000165125	TRPV6
Gene::135927	C7orf34	135927	ENSG00000165131	SOFU1
Gene::203286	ANKS6	203286	ENSG00000165138	ANKS6
Gene::2203	FBP1	2203	ENSG00000165140	FBP1
Gene::84302	TMEM246	84302	ENSG00000165152	PGAP4
Gene::11244	ZHX1	11244	ENSG00000165156	ZHX1
Gene::286464	CFAP47	286464	ENSG00000165164	CFAP47
Gene::1536	CYBB	1536	ENSG00000165168	CYBB
Gene::6990	DYNLT3	6990	ENSG00000165169	DYNLT3
Gene::155368	WBSCR27	155368	ENSG00000165171	METTL27
Gene::58526	MID1IP1	58526	ENSG00000165175	MID1IP1
Gene::158401	C9orf84	158401	ENSG00000165181	SHOC1
Gene::254158	CXorf58	254158	ENSG00000165182	CXorf58
Gene::158405	KIAA1958	158405	ENSG00000165185	KIAA1958
Gene::139411	PTCHD1	139411	ENSG00000165186	PTCHD1
Gene::138065	RNF183	138065	ENSG00000165188	RNF183
Gene::140456	ASB11	140456	ENSG00000165192	ASB11
Gene::57526	PCDH19	57526	ENSG00000165194	PCDH19
Gene::5277	PIGA	5277	ENSG00000165195	PIGA
Gene::2277	FIGF	2277	ENSG00000165197	VEGFD
Gene::158131	OR1Q1	158131	ENSG00000165202	OR1Q1
Gene::392392	OR1K1	392392	ENSG00000165204	OR1K1
Gene::55342	STRBP	55342	ENSG00000165209	STRBP
Gene::1365	CLDN3	1365	ENSG00000165215	CLDN3
Gene::26130	GAPVD1	26130	ENSG00000165219	GAPVD1
Gene::84270	C9orf89	84270	ENSG00000165233	CARD19
Gene::65268	WNK2	65268	ENSG00000165238	WNK2
Gene::538	ATP7A	538	ENSG00000165240	ATP7A
Gene::195828	ZNF367	195828	ENSG00000165244	ZNF367
Gene::22829	NLGN4Y	22829	ENSG00000165246	NLGN4Y
Gene::139324	HDX	139324	ENSG00000165259	HDX
Gene::4712	NDUFB6	4712	ENSG00000165264	NDUFB6
Gene::364	AQP7	364	ENSG00000165269	AQP7
Gene::65083	NOL6	65083	ENSG00000165271	NOL6
Gene::360	AQP3	360	ENSG00000165272	AQP3
Gene::158234	TRMT10B	158234	ENSG00000165275	TRMT10B
Gene::7415	VCP	7415	ENSG00000165280	VCP
Gene::84720	PIGO	84720	ENSG00000165282	PIGO
Gene::30968	STOML2	30968	ENSG00000165283	STOML2
Gene::254065	BRWD3	254065	ENSG00000165288	BRWD3
Gene::26050	SLITRK5	26050	ENSG00000165300	SLITRK5
Gene::9833	MELK	9833	ENSG00000165304	MELK
Gene::219681	ARMC3	219681	ENSG00000165309	ARMC3
Gene::220213	OTUD1	220213	ENSG00000165312	OTUD1
Gene::94134	ARHGAP12	94134	ENSG00000165322	ARHGAP12
Gene::120114	FAT3	120114	ENSG00000165323	FAT3
Gene::159989	CCDC67	159989	ENSG00000165325	DEUP1
Gene::143279	HECTD2	143279	ENSG00000165338	HECTD2
Gene::84889	SLC7A3	84889	ENSG00000165349	SLC7A3
Gene::254170	FBXO33	254170	ENSG00000165355	FBXO33
Gene::203522	DDX26B	203522	ENSG00000165359	INTS6L
Gene::83550	GPR101	83550	ENSG00000165370	GPR101
Gene::9075	CLDN2	9075	ENSG00000165376	CLDN2
Gene::145581	LRFN5	145581	ENSG00000165379	LRFN5
Gene::474354	LRRC18	474354	ENSG00000165383	LRRC18
Gene::171546	SPTSSA	171546	ENSG00000165389	SPTSSA
Gene::7486	WRN	7486	ENSG00000165392	WRN
Gene::220972	MARCH8	220972	ENSG00000165406	MARCHF8
Gene::7253	TSHR	7253	ENSG00000165409	TSHR
Gene::1073	CFL2	1073	ENSG00000165410	CFL2
Gene::10910	SUGT1	10910	ENSG00000165416	SUGT1
Gene::2957	GTF2A1	2957	ENSG00000165417	GTF2A1
Gene::219654	ZCCHC24	219654	ENSG00000165424	ZCCHC24
Gene::283209	PGM2L1	283209	ENSG00000165434	PGM2L1
Gene::84457	PHYHIPL	84457	ENSG00000165443	PHYHIPL
Gene::220963	SLC16A9	220963	ENSG00000165449	SLC16A9
Gene::2350	FOLR2	2350	ENSG00000165457	FOLR2
Gene::3636	INPPL1	3636	ENSG00000165458	INPPL1
Gene::401	PHOX2A	401	ENSG00000165462	PHOX2A
Gene::4153	MBL2	4153	ENSG00000165471	MBL2
Gene::2706	GJB2	2706	ENSG00000165474	GJB2
Gene::51084	CRYL1	51084	ENSG00000165475	CRYL1
Gene::221035	REEP3	221035	ENSG00000165476	REEP3
Gene::220296	HEPACAM	220296	ENSG00000165478	HEPACAM
Gene::221150	SKA3	221150	ENSG00000165480	SKA3
Gene::221154	MICU2	221154	ENSG00000165487	MICU2
Gene::220042	DDIAS	220042	ENSG00000165490	DDIAS
Gene::51585	PCF11	51585	ENSG00000165494	PCF11
Gene::63876	PKNOX2	63876	ENSG00000165495	PKNOX2
Gene::140801	RPL10L	140801	ENSG00000165496	RPL10L
Gene::122769	LRR1	122769	ENSG00000165501	LRR1
Gene::6166	RPL36AL	6166	ENSG00000165502	RPL36AL
Gene::55172	DNAAF2	55172	ENSG00000165506	DNAAF2
Gene::11067	C10orf10	11067	ENSG00000165507	DEPP1
Gene::139081	MAGEC3	139081	ENSG00000165509	MAGEC3
Gene::220979	C10orf25	220979	ENSG00000165511	ZNF22-AS1
Gene::7570	ZNF22	7570	ENSG00000165512	ZNF22
Gene::23588	KLHDC2	23588	ENSG00000165516	KLHDC2
Gene::161436	EML5	161436	ENSG00000165521	EML5
Gene::9147	NEMF	9147	ENSG00000165525	NEMF
Gene::84881	RPUSD4	84881	ENSG00000165526	RPUSD4
Gene::382	ARF6	382	ENSG00000165527	ARF6
Gene::123016	TTC8	123016	ENSG00000165533	TTC8
Gene::57156	TMEM63C	57156	ENSG00000165548	TMEM63C
Gene::58157	NGB	58157	ENSG00000165553	NGB
Gene::122945	NOXRED1	122945	ENSG00000165555	NOXRED1
Gene::1045	CDX2	1045	ENSG00000165556	CDX2
Gene::219287	AMER2	219287	ENSG00000165566	AMER2
Gene::83592	AKR1E2	83592	ENSG00000165568	AKR1E2
Gene::89890	KBTBD6	89890	ENSG00000165572	KBTBD6
Gene::6758	SSX5	6758	ENSG00000165583	SSX5
Gene::10214	SSX3	10214	ENSG00000165584	SSX3
Gene::5015	OTX2	5015	ENSG00000165588	OTX2
Gene::158584	FAAH2	158584	ENSG00000165591	FAAH2
Gene::644168	DRGX	644168	ENSG00000165606	DRGX
Gene::11164	NUDT5	11164	ENSG00000165609	NUDT5
Gene::51339	DACT1	51339	ENSG00000165617	DACT1
Gene::27199	OXGR1	27199	ENSG00000165621	OXGR1
Gene::221044	UCMA	221044	ENSG00000165623	UCMA
Gene::222389	BEND7	222389	ENSG00000165626	BEND7
Gene::509	ATP5C1	509	ENSG00000165629	ATP5F1C
Gene::8559	PRPF18	8559	ENSG00000165630	PRPF18
Gene::83860	TAF3	83860	ENSG00000165632	TAF3
Gene::196740	VSTM4	196740	ENSG00000165633	VSTM4
Gene::7417	VDAC2	7417	ENSG00000165637	VDAC2
Gene::402381	SOHLH1	402381	ENSG00000165643	SOHLH1
Gene::118881	COMTD1	118881	ENSG00000165644	COMTD1
Gene::6571	SLC18A2	6571	ENSG00000165646	SLC18A2
Gene::118987	PDZD8	118987	ENSG00000165650	PDZD8
Gene::84858	ZNF503	84858	ENSG00000165655	ZNF503
Gene::23172	FAM175B	23172	ENSG00000165660	ABRAXAS2
Gene::169714	QSOX2	169714	ENSG00000165661	QSOX2
Gene::63877	FAM204A	63877	ENSG00000165669	FAM204A
Gene::64324	NSD1	64324	ENSG00000165671	NSD1
Gene::10935	PRDX3	10935	ENSG00000165672	PRDX3
Gene::10495	ENOX2	10495	ENSG00000165675	ENOX2
Gene::27069	GHITM	27069	ENSG00000165678	GHITM
Gene::51266	CLEC1B	51266	ENSG00000165682	CLEC1B
Gene::6621	SNAPC4	6621	ENSG00000165684	SNAPC4
Gene::120939	TMEM52B	120939	ENSG00000165685	TMEM52B
Gene::23203	PMPCA	23203	ENSG00000165688	PMPCA
Gene::10807	SDCCAG3	10807	ENSG00000165689	ENTR1
Gene::90167	FRMD7	90167	ENSG00000165694	FRMD7
Gene::158067	AK8	158067	ENSG00000165695	AK8
Gene::11092	C9orf9	11092	ENSG00000165698	SPACA9
Gene::7248	TSC1	7248	ENSG00000165699	TSC1
Gene::8328	GFI1B	8328	ENSG00000165702	GFI1B
Gene::3251	HPRT1	3251	ENSG00000165704	HPRT1
Gene::118426	LOH12CR1	118426	ENSG00000165714	BORCS5
Gene::138311	FAM69B	138311	ENSG00000165716	DIPK1B
Gene::116225	ZMYND19	116225	ENSG00000165724	ZMYND19
Gene::219736	STOX1	219736	ENSG00000165730	STOX1
Gene::5979	RET	5979	ENSG00000165731	RET
Gene::9188	DDX21	9188	ENSG00000165732	DDX21
Gene::9790	BMS1	9790	ENSG00000165733	BMS1
Gene::282974	STK32C	282974	ENSG00000165752	STK32C
Gene::57608	KIAA1462	57608	ENSG00000165757	JCAD
Gene::390431	OR4K2	390431	ENSG00000165762	OR4K2
Gene::65991	FUNDC2	65991	ENSG00000165775	FUNDC2
Gene::90809	TMEM55B	90809	ENSG00000165782	PIP4P1
Gene::64745	METTL17	64745	ENSG00000165792	METTL17
Gene::29986	SLC39A2	29986	ENSG00000165794	SLC39A2
Gene::57447	NDRG2	57447	ENSG00000165795	NDRG2
Gene::84659	RNASE7	84659	ENSG00000165799	RNASE7
Gene::55701	ARHGEF40	55701	ENSG00000165801	ARHGEF40
Gene::26012	NSMF	26012	ENSG00000165802	NSMF
Gene::51222	ZNF219	51222	ENSG00000165804	ZNF219
Gene::160419	C12orf50	160419	ENSG00000165805	ZC3H11D
Gene::840	CASP7	840	ENSG00000165806	CASP7
Gene::145376	PPP1R36	145376	ENSG00000165807	PPP1R36
Gene::153579	BTNL9	153579	ENSG00000165810	BTNL9
Gene::55088	CCDC186	55088	ENSG00000165813	CCDC186
Gene::340706	VWA2	340706	ENSG00000165816	VWA2
Gene::56339	METTL3	56339	ENSG00000165819	METTL3
Gene::6297	SALL2	6297	ENSG00000165821	SALL2
Gene::118471	PRAP1	118471	ENSG00000165828	PRAP1
Gene::142940	TRUB1	142940	ENSG00000165832	TRUB1
Gene::220081	ERICH6B	220081	ENSG00000165837	ERICH6B
Gene::1557	CYP2C19	1557	ENSG00000165841	CYP2C19
Gene::53349	ZFYVE1	53349	ENSG00000165861	ZFYVE1
Gene::143379	C10orf82	143379	ENSG00000165863	SPMIP5
Gene::259217	HSPA12A	259217	ENSG00000165868	HSPA12A
Gene::10023	FRAT1	10023	ENSG00000165879	FRAT1
Gene::80019	UBTD1	80019	ENSG00000165886	UBTD1
Gene::26287	ANKRD2	26287	ENSG00000165887	ANKRD2
Gene::144455	E2F7	144455	ENSG00000165891	E2F7
Gene::143872	ARHGAP42	143872	ENSG00000165895	ARHGAP42
Gene::122961	ISCA2	122961	ENSG00000165898	ISCA2
Gene::283310	OTOGL	283310	ENSG00000165899	OTOGL
Gene::120071	GYLTL1B	120071	ENSG00000165905	LARGE2
Gene::29763	PACSIN3	29763	ENSG00000165912	PACSIN3
Gene::145567	TTC7B	145567	ENSG00000165914	TTC7B
Gene::91252	SLC39A13	91252	ENSG00000165915	SLC39A13
Gene::5702	PSMC3	5702	ENSG00000165916	PSMC3
Gene::5913	RAPSN	5913	ENSG00000165917	RAPSN
Gene::79841	AGBL2	79841	ENSG00000165923	AGBL2
Gene::123036	TC2N	123036	ENSG00000165929	TC2N
Gene::53981	CPSF2	53981	ENSG00000165934	CPSF2
Gene::341346	SMCO2	341346	ENSG00000165935	SMCO2
Gene::64112	MOAP1	64112	ENSG00000165943	MOAP1
Gene::122509	IFI27L1	122509	ENSG00000165948	IFI27L1
Gene::3429	IFI27	3429	ENSG00000165949	IFI27
Gene::145264	SERPINA12	145264	ENSG00000165953	SERPINA12
Gene::79789	CLMN	79789	ENSG00000165959	CLMN
Gene::29951	PDZRN4	29951	ENSG00000165966	PDZRN4
Gene::9152	SLC6A5	9152	ENSG00000165970	SLC6A5
Gene::120935	CCDC38	120935	ENSG00000165972	CCDC38
Gene::4745	NELL1	4745	ENSG00000165973	NELL1
Gene::9317	PTER	9317	ENSG00000165983	PTER
Gene::389941	C1QL3	389941	ENSG00000165985	C1QL3
Gene::783	CACNB2	783	ENSG00000165995	CACNB2
Gene::9200	HACD1	9200	ENSG00000165996	HACD1
Gene::221079	ARL5B	221079	ENSG00000165997	ARL5B
Gene::56935	SMCO4	56935	ENSG00000166002	SMCO4
Gene::85459	CEP295	85459	ENSG00000166004	CEP295
Gene::3747	KCNC2	3747	ENSG00000166006	KCNC2
Gene::79101	TAF1D	79101	ENSG00000166012	TAF1D
Gene::25841	ABTB2	25841	ENSG00000166016	ABTB2
Gene::27291	R3HCC1L	27291	ENSG00000166024	R3HCC1L
Gene::154810	AMOTL1	154810	ENSG00000166025	AMOTL1
Gene::5654	HTRA1	5654	ENSG00000166033	HTRA1
Gene::3990	LIPC	3990	ENSG00000166035	LIPC
Gene::9702	CEP57	9702	ENSG00000166037	CEP57
Gene::255394	TCP11L2	255394	ENSG00000166046	TCP11L2
Gene::139135	PASD1	139135	ENSG00000166049	PASD1
Gene::161742	SPRED1	161742	ENSG00000166068	SPRED1
Gene::145942	TMCO5A	145942	ENSG00000166069	TMCO5A
Gene::11245	GPR176	11245	ENSG00000166073	GPR176
Gene::83700	JAM3	83700	ENSG00000166086	JAM3
Gene::64806	IL25	64806	ENSG00000166090	IL25
Gene::116173	CMTM5	116173	ENSG00000166091	CMTM5
Gene::112937	GLB1L3	112937	ENSG00000166105	GLB1L3
Gene::170689	ADAMTS15	170689	ENSG00000166106	ADAMTS15
Gene::55530	SVOP	55530	ENSG00000166111	SVOP
Gene::219938	SPATA19	219938	ENSG00000166118	SPATA19
Gene::84706	GPT2	84706	ENSG00000166123	GPT2
Gene::81693	AMN	81693	ENSG00000166126	AMN
Gene::51762	RAB8B	51762	ENSG00000166128	RAB8B
Gene::121457	IKBIP	121457	ENSG00000166130	IKBIP
Gene::27079	RPUSD2	27079	ENSG00000166133	RPUSD2
Gene::55662	HIF1AN	55662	ENSG00000166135	HIF1AN
Gene::4714	NDUFB8	4714	ENSG00000166136	NDUFB8
Gene::84936	ZFYVE19	84936	ENSG00000166140	ZFYVE19
Gene::54866	PPP1R14D	54866	ENSG00000166143	PPP1R14D
Gene::6692	SPINT1	6692	ENSG00000166145	SPINT1
Gene::2200	FBN1	2200	ENSG00000166147	FBN1
Gene::552	AVPR1A	552	ENSG00000166148	AVPR1A
Gene::123970	C16orf78	123970	ENSG00000166152	C16orf78
Gene::120863	DEPDC4	120863	ENSG00000166153	DEPDC4
Gene::654429	LRTM2	654429	ENSG00000166159	LRTM2
Gene::728458	OPN1MW2	728458	ENSG00000166160	OPN1MW2
Gene::29117	BRD7	29117	ENSG00000166164	BRD7
Gene::1152	CKB	1152	ENSG00000166165	CKB
Gene::115708	TRMT61A	115708	ENSG00000166166	TRMT61A
Gene::8945	BTRC	8945	ENSG00000166167	BTRC
Gene::27343	POLL	27343	ENSG00000166169	POLL
Gene::9529	BAG5	9529	ENSG00000166170	BAG5
Gene::25911	DPCD	25911	ENSG00000166171	DPCD
Gene::55323	LARP6	55323	ENSG00000166173	LARP6
Gene::8539	API5	8539	ENSG00000166181	API5
Gene::374569	ASPG	374569	ENSG00000166183	ASPG
Gene::57567	ZNF319	57567	ENSG00000166188	ZNF319
Gene::79803	HPS6	79803	ENSG00000166189	HPS6
Gene::123228	SENP8	123228	ENSG00000166192	SENP8
Gene::9221	NOLC1	9221	ENSG00000166197	NOLC1
Gene::221120	ALKBH3	221120	ENSG00000166199	ALKBH3
Gene::9318	COPS2	9318	ENSG00000166200	COPS2
Gene::2562	GABRB3	2562	ENSG00000166206	GABRB3
Gene::121599	SPIC	121599	ENSG00000166211	SPIC
Gene::219793	TBATA	219793	ENSG00000166220	TBATA
Gene::8879	SGPL1	8879	ENSG00000166224	SGPL1
Gene::10818	FRS2	10818	ENSG00000166225	FRS2
Gene::10576	CCT2	10576	ENSG00000166226	CCT2
Gene::5092	PCBD1	5092	ENSG00000166228	PCBD1
Gene::25820	ARIH1	25820	ENSG00000166233	ARIH1
Gene::146562	C16orf71	146562	ENSG00000166246	DNAAF8
Gene::79827	CLMP	79827	ENSG00000166250	CLMP
Gene::55800	SCN3B	55800	ENSG00000166257	SCN3B
Gene::1353	COX11	1353	ENSG00000166260	COX11
Gene::7753	ZNF202	7753	ENSG00000166261	ZNF202
Gene::196951	FAM227B	196951	ENSG00000166262	FAM227B
Gene::252983	STXBP4	252983	ENSG00000166263	STXBP4
Gene::116159	CYYR1	116159	ENSG00000166265	CYYR1
Gene::8065	CUL5	8065	ENSG00000166266	CUL5
Gene::196446	MYRFL	196446	ENSG00000166268	MYRFL
Gene::54838	WBP1L	54838	ENSG00000166272	WBP1L
Gene::119032	C10orf32	119032	ENSG00000166275	BORCS7
Gene::717	C2	717	ENSG00000166278	C2
Gene::79156	PLEKHF1	79156	ENSG00000166289	PLEKHF1
Gene::55273	TMEM100	55273	ENSG00000166292	TMEM100
Gene::119504	ANAPC16	119504	ENSG00000166295	ANAPC16
Gene::6609	SMPD1	6609	ENSG00000166311	SMPD1
Gene::322	APBB1	322	ENSG00000166313	APBB1
Gene::79933	SYNPO2L	79933	ENSG00000166317	SYNPO2L
Gene::25961	NUDT13	25961	ENSG00000166321	NUDT13
Gene::160140	C11orf65	160140	ENSG00000166323	C11orf65
Gene::54765	TRIM44	54765	ENSG00000166326	TRIM44
Gene::101927581	CCDC182	101927581	ENSG00000166329	CCDC182
Gene::3611	ILK	3611	ENSG00000166333	ILK
Gene::6881	TAF10	6881	ENSG00000166337	TAF10
Gene::1200	TPP1	1200	ENSG00000166340	TPP1
Gene::8642	DCHS1	8642	ENSG00000166341	DCHS1
Gene::81832	NETO1	81832	ENSG00000166342	NETO1
Gene::118490	MSS51	118490	ENSG00000166343	MSS51
Gene::1528	CYB5A	1528	ENSG00000166347	CYB5A
Gene::159195	USP54	159195	ENSG00000166348	USP54
Gene::5896	RAG1	5896	ENSG00000166349	RAG1
Gene::317754	POTED	317754	ENSG00000166351	POTED
Gene::119710	C11orf74	119710	ENSG00000166352	IFTAP
Gene::126248	WDR88	126248	ENSG00000166359	WDR88
Gene::144124	OR10A5	144124	ENSG00000166363	OR10A5
Gene::120776	OR2D2	120776	ENSG00000166368	OR2D2
Gene::374868	ATP9B	374868	ENSG00000166377	ATP9B
Gene::8495	PPFIBP2	8495	ENSG00000166387	PPFIBP2
Gene::80168	MOGAT2	80168	ENSG00000166391	MOGAT2
Gene::51700	CYB5R2	51700	ENSG00000166394	CYB5R2
Gene::8710	SERPINB7	8710	ENSG00000166396	SERPINB7
Gene::9710	KIAA0355	9710	ENSG00000166398	GARRE1
Gene::5271	SERPINB8	5271	ENSG00000166401	SERPINB8
Gene::7275	TUB	7275	ENSG00000166402	TUB
Gene::79608	RIC3	79608	ENSG00000166405	RIC3
Gene::4004	LMO1	4004	ENSG00000166407	LMO1
Gene::3419	IDH3A	3419	ENSG00000166411	IDH3A
Gene::256764	WDR72	256764	ENSG00000166415	WDR72
Gene::1381	CRABP1	1381	ENSG00000166426	CRABP1
Gene::122618	PLD4	122618	ENSG00000166428	PLD4
Gene::84460	ZMAT1	84460	ENSG00000166432	ZMAT1
Gene::143570	XRRA1	143570	ENSG00000166435	XRRA1
Gene::9866	TRIM66	9866	ENSG00000166436	TRIM66
Gene::254225	RNF169	254225	ENSG00000166439	RNF169
Gene::6157	RPL27A	6157	ENSG00000166441	RPL27A
Gene::6764	ST5	6764	ENSG00000166444	DENND2B
Gene::124359	CDYL2	124359	ENSG00000166446	CDYL2
Gene::222865	TMEM130	222865	ENSG00000166448	TMEM130
Gene::283659	PRTG	283659	ENSG00000166450	PRTG
Gene::55839	CENPN	55839	ENSG00000166451	CENPN
Gene::56672	AKIP1	56672	ENSG00000166452	AKIP1
Gene::23300	ATMIN	23300	ENSG00000166454	ATMIN
Gene::123775	C16orf46	123775	ENSG00000166455	C16orf46
Gene::440026	TMEM41B	440026	ENSG00000166471	TMEM41B
Gene::114780	PKD1L2	114780	ENSG00000166473	PKD1L2
Gene::123169	LEO1	123169	ENSG00000166477	LEO1
Gene::7702	ZNF143	7702	ENSG00000166478	ZNF143
Gene::54495	TMX3	54495	ENSG00000166479	TMX3
Gene::4239	MFAP4	4239	ENSG00000166482	MFAP4
Gene::7465	WEE1	7465	ENSG00000166483	WEE1
Gene::5598	MAPK7	5598	ENSG00000166484	MAPK7
Gene::5579	PRKCB	5579	ENSG00000166501	PRKCB
Gene::50810	HDGFRP3	50810	ENSG00000166503	HDGFL3
Gene::8509	NDST2	8509	ENSG00000166507	NDST2
Gene::4176	MCM7	4176	ENSG00000166508	MCM7
Gene::10143	CLEC3A	10143	ENSG00000166509	CLEC3A
Gene::80323	CCDC68	80323	ENSG00000166510	CCDC68
Gene::26253	CLEC4E	26253	ENSG00000166523	CLEC4E
Gene::7551	ZNF3	7551	ENSG00000166526	ZNF3
Gene::338339	CLEC4D	338339	ENSG00000166527	CLEC4D
Gene::7589	ZSCAN21	7589	ENSG00000166529	ZSCAN21
Gene::57494	RIMKLB	57494	ENSG00000166532	RIMKLB
Gene::144568	A2ML1	144568	ENSG00000166535	A2ML1
Gene::146227	BEAN1	146227	ENSG00000166546	BEAN1
Gene::7084	TK2	7084	ENSG00000166548	TK2
Gene::23423	TMED3	23423	ENSG00000166557	TMED3
Gene::146167	SLC38A8	146167	ENSG00000166558	SLC38A8
Gene::90701	SEC11C	90701	ENSG00000166562	SEC11C
Gene::339302	CPLX4	339302	ENSG00000166569	CPLX4
Gene::2587	GALR1	2587	ENSG00000166573	GALR1
Gene::65084	TMEM135	65084	ENSG00000166575	TMEM135
Gene::115811	IQCD	115811	ENSG00000166578	DRC10
Gene::81565	NDEL1	81565	ENSG00000166579	NDEL1
Gene::201161	CENPV	201161	ENSG00000166582	CENPV
Gene::1014	CDH16	1014	ENSG00000166589	CDH16
Gene::6236	RRAD	6236	ENSG00000166592	RRAD
Gene::51647	FAM96B	51647	ENSG00000166595	CIAO2B
Gene::146845	CFAP52	146845	ENSG00000166596	CFAP52
Gene::7184	HSP90B1	7184	ENSG00000166598	HSP90B1
Gene::4160	MC4R	4160	ENSG00000166603	MC4R
Gene::10904	BLCAP	10904	ENSG00000166619	BLCAP
Gene::89777	SERPINB12	89777	ENSG00000166634	SERPINB12
Gene::89832	CHRFAM7A	89832	ENSG00000166664	CHRFAM7A
Gene::80063	ATF7IP2	80063	ENSG00000166669	ATF7IP2
Gene::4319	MMP10	4319	ENSG00000166670	MMP10
Gene::780776	TVP23A	780776	ENSG00000166676	TVP23A
Gene::27018	NGFRAP1	27018	ENSG00000166681	BEX3
Gene::80975	TMPRSS5	80975	ENSG00000166682	TMPRSS5
Gene::9382	COG1	9382	ENSG00000166685	COG1
Gene::144100	PLEKHA7	144100	ENSG00000166689	PLEKHA7
Gene::80095	ZNF606	80095	ENSG00000166704	ZNF606
Gene::644353	ZCCHC18	644353	ENSG00000166707	ZCCHC18
Gene::567	B2M	567	ENSG00000166710	B2M
Gene::9640	ZNF592	9640	ENSG00000166716	ZNF592
Gene::113201	CASC4	113201	ENSG00000166734	GOLM2
Gene::3359	HTR3A	3359	ENSG00000166736	HTR3A
Gene::4837	NNMT	4837	ENSG00000166741	NNMT
Gene::116285	ACSM1	116285	ENSG00000166743	ACSM1
Gene::164	AP1G1	164	ENSG00000166747	AP1G1
Gene::162394	SLFN5	162394	ENSG00000166750	SLFN5
Gene::117155	CATSPER2	117155	ENSG00000166762	CATSPER2
Gene::89927	C16orf45	89927	ENSG00000166780	BMERB1
Gene::9665	KIAA0430	9665	ENSG00000166783	MARF1
Gene::113174	SAAL1	113174	ENSG00000166788	SAAL1
Gene::219539	YPEL4	219539	ENSG00000166793	YPEL4
Gene::5479	PPIB	5479	ENSG00000166794	PPIB
Gene::3948	LDHC	3948	ENSG00000166796	LDHC
Gene::84191	FAM96A	84191	ENSG00000166797	CIAO2A
Gene::160287	LDHAL6A	160287	ENSG00000166800	LDHAL6A
Gene::63901	FAM111A	63901	ENSG00000166801	FAM111A
Gene::9768	KIAA0101	9768	ENSG00000166803	PCLAF
Gene::374654	KIF7	374654	ENSG00000166813	KIF7
Gene::197257	LDHD	197257	ENSG00000166816	LDHD
Gene::5346	PLIN1	5346	ENSG00000166819	PLIN1
Gene::8800	PEX11A	8800	ENSG00000166821	PEX11A
Gene::124491	TMEM170A	124491	ENSG00000166822	TMEM170A
Gene::55897	MESP1	55897	ENSG00000166823	MESP1
Gene::290	ANPEP	290	ENSG00000166825	ANPEP
Gene::6340	SCNN1G	6340	ENSG00000166828	SCNN1G
Gene::348093	RBPMS2	348093	ENSG00000166831	RBPMS2
Gene::89797	NAV2	89797	ENSG00000166833	NAV2
Gene::348094	ANKDD1A	348094	ENSG00000166839	ANKDD1A
Gene::92292	GLYATL1	92292	ENSG00000166840	GLYATL1
Gene::162681	C18orf54	162681	ENSG00000166845	C18orf54
Gene::84516	DCTN5	84516	ENSG00000166847	DCTN5
Gene::54386	TERF2IP	54386	ENSG00000166848	TERF2IP
Gene::5347	PLK1	5347	ENSG00000166851	PLK1
Gene::10845	CLPX	10845	ENSG00000166855	CLPX
Gene::11318	GPR182	11318	ENSG00000166856	ACKR5
Gene::9880	ZBTB39	9880	ENSG00000166860	ZBTB39
Gene::10369	CACNG2	10369	ENSG00000166862	CACNG2
Gene::6866	TAC3	6866	ENSG00000166863	TAC3
Gene::4640	MYO1A	4640	ENSG00000166866	MYO1A
Gene::63928	CHP2	63928	ENSG00000166869	CHP2
Gene::23306	NEMP1	23306	ENSG00000166881	NEMP1
Gene::219983	OR4D6	219983	ENSG00000166884	OR4D6
Gene::4665	NAB2	4665	ENSG00000166886	NAB2
Gene::23339	VPS39	23339	ENSG00000166887	VPS39
Gene::6778	STAT6	6778	ENSG00000166888	STAT6
Gene::219988	PATL1	219988	ENSG00000166889	PATL1
Gene::91419	XRCC6BP1	91419	ENSG00000166896	ATP23
Gene::114794	ELFN2	114794	ENSG00000166897	ELFN2
Gene::6809	STX3	6809	ENSG00000166900	STX3
Gene::54948	MRPL16	54948	ENSG00000166902	MRPL16
Gene::79837	PIP4K2C	79837	ENSG00000166908	PIP4K2C
Gene::54893	MTMR10	54893	ENSG00000166912	MTMR10
Gene::7529	YWHAB	7529	ENSG00000166913	YWHAB
Gene::84419	C15orf48	84419	ENSG00000166920	COXFA4L3
Gene::6447	SCG5	6447	ENSG00000166922	SCG5
Gene::26585	GREM1	26585	ENSG00000166923	GREM1
Gene::222950	NYAP1	222950	ENSG00000166924	NYAP1
Gene::81628	TSC22D4	81628	ENSG00000166925	TSC22D4
Gene::245802	MS4A6E	245802	ENSG00000166926	MS4A6E
Gene::58475	MS4A7	58475	ENSG00000166927	MS4A7
Gene::84689	MS4A14	84689	ENSG00000166928	MS4A14
Gene::64232	MS4A5	64232	ENSG00000166930	MS4A5
Gene::115752	DIS3L	115752	ENSG00000166938	DIS3L
Gene::23582	CCNDBP1	23582	ENSG00000166946	CCNDBP1
Gene::2038	EPB42	2038	ENSG00000166947	EPB42
Gene::343641	TGM6	343641	ENSG00000166948	TGM6
Gene::4088	SMAD3	4088	ENSG00000166949	SMAD3
Gene::83661	MS4A8	83661	ENSG00000166959	MS4A8
Gene::374864	CCDC178	374864	ENSG00000166960	CCDC178
Gene::219995	MS4A15	219995	ENSG00000166961	MS4A15
Gene::4130	MAP1A	4130	ENSG00000166963	MAP1A
Gene::91433	RCCD1	91433	ENSG00000166965	RCCD1
Gene::64400	AKTIP	64400	ENSG00000166971	AKTIP
Gene::10982	MAPRE2	10982	ENSG00000166974	MAPRE2
Gene::59271	EVA1C	59271	ENSG00000166979	EVA1C
Gene::401285	TCP10L2	401285	ENSG00000166984	TCP10L2
Gene::4141	MARS	4141	ENSG00000166986	MARS1
Gene::114785	MBD6	114785	ENSG00000166987	MBD6
Gene::245812	CNPY4	245812	ENSG00000166997	CNPY4
Gene::2923	PDIA3	2923	ENSG00000167004	PDIA3
Gene::11051	NUDT21	11051	ENSG00000167005	NUDT21
Gene::375607	NAT16	375607	ENSG00000167011	NAT16
Gene::145645	C15orf43	145645	ENSG00000167014	TERB2
Gene::4824	NKX3-1	4824	ENSG00000167034	NKX3-1
Gene::129049	SGSM1	129049	ENSG00000167037	SGSM1
Gene::150290	DUSP18	150290	ENSG00000167065	DUSP18
Gene::7008	TEF	7008	ENSG00000167074	TEF
Gene::150365	MEI1	150365	ENSG00000167077	MEI1
Gene::124872	B4GALNT2	124872	ENSG00000167080	B4GALNT2
Gene::5090	PBX3	5090	ENSG00000167081	PBX3
Gene::2793	GNGT2	2793	ENSG00000167083	GNGT2
Gene::5245	PHB	5245	ENSG00000167085	PHB1
Gene::6632	SNRPD1	6632	ENSG00000167088	SNRPD1
Gene::158248	TTC16	158248	ENSG00000167094	TTC16
Gene::140732	SUN5	140732	ENSG00000167098	SUN5
Gene::201191	SAMD14	201191	ENSG00000167100	SAMD14
Gene::138429	PIP5KL1	138429	ENSG00000167103	PIP5KL1
Gene::128859	BPIFB6	128859	ENSG00000167104	BPIFB6
Gene::162461	TMEM92	162461	ENSG00000167105	TMEM92
Gene::399665	FAM102A	399665	ENSG00000167106	EEIG1
Gene::80221	ACSF2	80221	ENSG00000167107	ACSF2
Gene::2801	GOLGA2	2801	ENSG00000167110	GOLGA2
Gene::26995	TRUB2	26995	ENSG00000167112	TRUB2
Gene::51117	COQ4	51117	ENSG00000167113	COQ4
Gene::10999	SLC27A4	10999	ENSG00000167114	SLC27A4
Gene::81605	URM1	81605	ENSG00000167118	URM1
Gene::51148	CERCAM	51148	ENSG00000167123	CERCAM
Gene::57171	DOLPP1	57171	ENSG00000167130	DOLPP1
Gene::388389	CCDC103	388389	ENSG00000167131	DNAAF19
Gene::2021	ENDOG	2021	ENSG00000167136	ENDOG
Gene::161514	TBC1D21	161514	ENSG00000167139	TBC1D21
Gene::51450	PRRX2	51450	ENSG00000167157	PRRX2
Gene::54578	UGT1A6	54578	ENSG00000167165	UGT1A6
Gene::56905	C15orf39	56905	ENSG00000167173	PRMT2IP
Gene::57611	ISLR2	57611	ENSG00000167178	ISLR2
Gene::6668	SP2	6668	ENSG00000167182	SP2
Gene::79170	PRR15L	79170	ENSG00000167183	PRR15L
Gene::10229	COQ7	10229	ENSG00000167186	COQ7
Gene::51704	GPRC5B	51704	ENSG00000167191	GPRC5B
Gene::1398	CRK	1398	ENSG00000167193	CRK
Gene::146378	C16orf92	146378	ENSG00000167194	FIMP1
Gene::653641	GOLGA6C	653641	ENSG00000167195	GOLGA6C
Gene::26263	FBXO22	26263	ENSG00000167196	FBXO22
Gene::23102	TBC1D2B	23102	ENSG00000167202	TBC1D2B
Gene::64127	NOD2	64127	ENSG00000167207	NOD2
Gene::124460	SNX20	124460	ENSG00000167208	SNX20
Gene::125336	LOXHD1	125336	ENSG00000167210	LOXHD1
Gene::83473	KATNAL2	83473	ENSG00000167216	KATNAL2
Gene::84064	HDHD2	84064	ENSG00000167220	HDHD2
Gene::7644	ZNF91	7644	ENSG00000167232	ZNF91
Gene::3481	IGF2	3481	ENSG00000167244	IGF2
Gene::257160	RNF214	257160	ENSG00000167257	RNF214
Gene::51755	CDK12	51755	ENSG00000167258	CDK12
Gene::64174	DPEP2	64174	ENSG00000167261	DPEP2
Gene::54920	DUS2	54920	ENSG00000167264	DUS2
Gene::51367	POP5	51367	ENSG00000167272	POP5
Gene::64772	ENGASE	64772	ENSG00000167280	ENGASE
Gene::146713	RBFOX3	146713	ENSG00000167281	RBFOX3
Gene::10632	ATP5L	10632	ENSG00000167283	ATP5MG
Gene::915	CD3D	915	ENSG00000167286	CD3D
Gene::125058	TBC1D16	125058	ENSG00000167291	TBC1D16
Gene::146705	ENTHD2	146705	ENSG00000167302	TEPSIN
Gene::4645	MYO5B	4645	ENSG00000167306	MYO5B
Gene::116969	ART5	116969	ENSG00000167311	ART5
Gene::10449	ACAA2	10449	ENSG00000167315	ACAA2
Gene::6786	STIM1	6786	ENSG00000167323	STIM1
Gene::6240	RRM1	6240	ENSG00000167325	RRM1
Gene::81285	OR51E2	81285	ENSG00000167332	OR51E2
Gene::55128	TRIM68	55128	ENSG00000167333	TRIM68
Gene::56547	MMP26	56547	ENSG00000167346	MMP26
Gene::282763	OR51B5	282763	ENSG00000167355	OR51B5
Gene::390063	OR51I1	390063	ENSG00000167359	OR51I1
Gene::390061	OR51Q1	390061	ENSG00000167360	OR51Q1
Gene::64122	FN3K	64122	ENSG00000167363	FN3K
Gene::112476	PRRT2	112476	ENSG00000167371	PRRT2
Gene::7571	ZNF23	7571	ENSG00000167377	ZNF23
Gene::126298	IRGQ	126298	ENSG00000167378	IRGQ
Gene::7769	ZNF226	7769	ENSG00000167380	ZNF226
Gene::7733	ZNF180	7733	ENSG00000167384	ZNF180
Gene::28227	PPP2R3B	28227	ENSG00000167393	PPP2R3B
Gene::79759	ZNF668	79759	ENSG00000167394	ZNF668
Gene::9726	ZNF646	9726	ENSG00000167395	ZNF646
Gene::79001	VKORC1	79001	ENSG00000167397	VKORC1
Gene::94235	GNG8	94235	ENSG00000167414	GNG8
Gene::4025	LPO	4025	ENSG00000167419	LPO
Gene::762	CA4	762	ENSG00000167434	CA4
Gene::55181	SMG8	55181	ENSG00000167447	SMG8
Gene::7171	TPM4	7171	ENSG00000167460	TPM4
Gene::4218	RAB8A	4218	ENSG00000167461	RAB8A
Gene::2879	GPX4	2879	ENSG00000167468	GPX4
Gene::90007	MIDN	90007	ENSG00000167470	MIDN
Gene::126306	JSRP1	126306	ENSG00000167476	JSRP1
Gene::199786	FAM129C	199786	ENSG00000167483	NIBAN3
Gene::55295	KLHL26	55295	ENSG00000167487	KLHL26
Gene::54815	GATAD2A	54815	ENSG00000167491	GATAD2A
Gene::4597	MVD	4597	ENSG00000167508	MVD
Gene::81620	CDT1	81620	ENSG00000167513	CDT1
Gene::51693	TRAPPC2L	51693	ENSG00000167515	TRAPPC2L
Gene::29123	ANKRD11	29123	ENSG00000167522	ANKRD11
Gene::124045	SPATA33	124045	ENSG00000167523	SPATA33
Gene::124923	SGK494	124923	ENSG00000167524	RSKR
Gene::147011	PROCA1	147011	ENSG00000167525	PROCA1
Gene::6137	RPL13	6137	ENSG00000167526	RPL13
Gene::121274	ZNF641	121274	ENSG00000167528	ZNF641
Gene::3906	LALBA	3906	ENSG00000167531	LALBA
Gene::784	CACNB3	784	ENSG00000167535	CACNB3
Gene::147015	DHRS13	147015	ENSG00000167536	DHRS13
Gene::90313	TP53I13	90313	ENSG00000167543	TP53I13
Gene::8085	KMT2D	8085	ENSG00000167548	KMT2D
Gene::84940	CORO6	84940	ENSG00000167549	CORO6
Gene::121268	RHEBL1	121268	ENSG00000167550	RHEBL1
Gene::7846	TUBA1A	7846	ENSG00000167552	TUBA1A
Gene::84790	TUBA1C	84790	ENSG00000167553	TUBA1C
Gene::162963	ZNF610	162963	ENSG00000167554	ZNF610
Gene::84436	ZNF528	84436	ENSG00000167555	ZNF528
Gene::55762	ZNF701	55762	ENSG00000167562	ZNF701
Gene::29946	SERTAD3	29946	ENSG00000167565	SERTAD3
Gene::57701	NCKAP5L	57701	ENSG00000167566	NCKAP5L
Gene::53916	RAB4B	53916	ENSG00000167578	RAB4B
Gene::359	AQP2	359	ENSG00000167580	AQP2
Gene::2819	GPD1	2819	ENSG00000167588	GPD1
Gene::148137	PROSER3	148137	ENSG00000167595	PROSER3
Gene::29785	CYP2S1	29785	ENSG00000167600	CYP2S1
Gene::558	AXL	558	ENSG00000167601	AXL
Gene::84807	NFKBID	84807	ENSG00000167604	NFKBID
Gene::147798	TMC4	147798	ENSG00000167608	TMC4
Gene::341405	ANKRD33	341405	ENSG00000167612	ANKRD33
Gene::3903	LAIR1	3903	ENSG00000167613	LAIR1
Gene::57348	TTYH1	57348	ENSG00000167614	TTYH1
Gene::114823	LENG8	114823	ENSG00000167615	LENG8
Gene::148170	CDC42EP5	148170	ENSG00000167617	CDC42EP5
Gene::3904	LAIR2	3904	ENSG00000167618	LAIR2
Gene::284339	TMEM145	284339	ENSG00000167619	TMEM145
Gene::116115	ZNF526	116115	ENSG00000167625	ZNF526
Gene::83696	TRAPPC9	83696	ENSG00000167632	TRAPPC9
Gene::3811	KIR3DL1	3811	ENSG00000167633	KIR3DL1
Gene::199713	NLRP7	199713	ENSG00000167634	NLRP7
Gene::7705	ZNF146	7705	ENSG00000167635	ZNF146
Gene::284349	ZNF283	284349	ENSG00000167637	ZNF283
Gene::94274	PPP1R14A	94274	ENSG00000167641	PPP1R14A
Gene::10653	SPINT2	10653	ENSG00000167642	SPINT2
Gene::64073	C19orf33	64073	ENSG00000167644	C19orf33
Gene::90522	YIF1B	90522	ENSG00000167645	YIF1B
Gene::352909	DNAAF3	352909	ENSG00000167646	DNAAF3
Gene::8000	PSCA	8000	ENSG00000167653	PSCA
Gene::85300	ATCAY	85300	ENSG00000167654	ATCAY
Gene::8581	LY6D	8581	ENSG00000167656	LY6D
Gene::1613	DAPK3	1613	ENSG00000167657	DAPK3
Gene::1938	EEF2	1938	ENSG00000167658	EEF2
Gene::126259	TMIGD2	126259	ENSG00000167664	TMIGD2
Gene::10036	CHAF1A	10036	ENSG00000167670	CHAF1A
Gene::80700	UBXN6	80700	ENSG00000167671	UBXN6
Gene::84717	HDGFRP2	84717	ENSG00000167674	HDGFL2
Gene::729359	PLIN4	729359	ENSG00000167676	PLIN4
Gene::10501	SEMA6B	10501	ENSG00000167680	SEMA6B
Gene::55311	ZNF444	55311	ENSG00000167685	ZNF444
Gene::64359	NXN	64359	ENSG00000167693	NXN
Gene::79850	FAM57A	79850	ENSG00000167695	TLCD3A
Gene::51031	GLOD4	51031	ENSG00000167699	GLOD4
Gene::113655	MFSD3	113655	ENSG00000167700	SLC33A2
Gene::2875	GPT	2875	ENSG00000167701	GPT
Gene::90990	KIFC2	90990	ENSG00000167702	KIFC2
Gene::124935	SLC43A2	124935	ENSG00000167703	SLC43A2
Gene::83547	RILP	83547	ENSG00000167705	RILP
Gene::5345	SERPINF2	5345	ENSG00000167711	SERPINF2
Gene::124997	WDR81	124997	ENSG00000167716	WDR81
Gene::63826	SRR	63826	ENSG00000167720	SRR
Gene::55720	TSR1	55720	ENSG00000167721	TSR1
Gene::162514	TRPV3	162514	ENSG00000167723	TRPV3
Gene::374875	HSD11B1L	374875	ENSG00000167733	HSD11B1L
Gene::124936	CYB5D2	124936	ENSG00000167740	CYB5D2
Gene::124975	GGT6	124975	ENSG00000167741	GGT6
Gene::84798	C19orf48	84798	ENSG00000167747	C19orf48P
Gene::3816	KLK1	3816	ENSG00000167748	KLK1
Gene::9622	KLK4	9622	ENSG00000167749	KLK4
Gene::3817	KLK2	3817	ENSG00000167751	KLK2
Gene::25818	KLK5	25818	ENSG00000167754	KLK5
Gene::5653	KLK6	5653	ENSG00000167755	KLK6
Gene::11012	KLK11	11012	ENSG00000167757	KLK11
Gene::26085	KLK13	26085	ENSG00000167759	KLK13
Gene::55769	ZNF83	55769	ENSG00000167766	ZNF83
Gene::144501	KRT80	144501	ENSG00000167767	KRT80
Gene::3848	KRT1	3848	ENSG00000167768	KRT1
Gene::125981	ACER1	125981	ENSG00000167769	ACER1
Gene::55611	OTUB1	55611	ENSG00000167770	OTUB1
Gene::283248	RCOR2	283248	ENSG00000167771	RCOR2
Gene::51129	ANGPTL4	51129	ENSG00000167772	ANGPTL4
Gene::51293	CD320	51293	ENSG00000167775	CD320
Gene::84926	SPRYD3	84926	ENSG00000167778	SPRYD3
Gene::3489	IGFBP6	3489	ENSG00000167779	IGFBP6
Gene::8435	SOAT2	8435	ENSG00000167780	SOAT2
Gene::148156	ZNF558	148156	ENSG00000167785	ZNF558
Gene::51475	CABP2	51475	ENSG00000167791	CABP2
Gene::4723	NDUFV1	4723	ENSG00000167792	NDUFV1
Gene::10263	CDK2AP2	10263	ENSG00000167797	CDK2AP2
Gene::254552	NUDT8	254552	ENSG00000167799	NUDT8
Gene::347853	TBX10	347853	ENSG00000167800	TBX10
Gene::7001	PRDX2	7001	ENSG00000167815	PRDX2
Gene::81168	OR8J3	81168	ENSG00000167822	OR8J3
Gene::10798	OR5I1	10798	ENSG00000167825	OR5I1
Gene::7775	ZNF232	7775	ENSG00000167840	ZNF232
Gene::79003	MIS12	79003	ENSG00000167842	MIS12
Gene::10871	CD300C	10871	ENSG00000167850	CD300C
Gene::11314	CD300A	11314	ENSG00000167851	CD300A
Gene::83659	TEKT1	83659	ENSG00000167858	TEKT1
Gene::283987	HID1	283987	ENSG00000167861	HID1
Gene::3396	ICT1	3396	ENSG00000167862	MRPL58
Gene::10476	ATP5H	10476	ENSG00000167863	ATP5PD
Gene::92162	TMEM88	92162	ENSG00000167874	TMEM88
Gene::2125	EVPL	2125	ENSG00000167880	EVPL
Gene::6730	SRP68	6730	ENSG00000167881	SRP68
Gene::146664	MGAT5B	146664	ENSG00000167889	MGAT5B
Gene::147138	TMC8	147138	ENSG00000167895	TMC8
Gene::7083	TK1	7083	ENSG00000167900	TK1
Gene::137695	TMEM68	137695	ENSG00000167904	TMEM68
Gene::1581	CYP7A1	1581	ENSG00000167910	CYP7A1
Gene::284110	GSDMA	284110	ENSG00000167914	GSDMA
Gene::192666	KRT24	192666	ENSG00000167916	KRT24
Gene::147184	TMEM99	147184	ENSG00000167920	KRT10-AS1
Gene::84514	GHDC	84514	ENSG00000167925	GHDC
Gene::83986	ITFG3	83986	ENSG00000167930	FAM234A
Gene::50964	SOST	50964	ENSG00000167941	SOST
Gene::90850	ZNF598	90850	ENSG00000167962	ZNF598
Gene::25837	RAB26	25837	ENSG00000167964	RAB26
Gene::64223	MLST8	64223	ENSG00000167965	MLST8
Gene::1877	E4F1	1877	ENSG00000167967	E4F1
Gene::1775	DNASE1L2	1775	ENSG00000167968	DNASE1L2
Gene::1632	ECI1	1632	ENSG00000167969	ECI1
Gene::57524	CASKIN1	57524	ENSG00000167971	CASKIN1
Gene::21	ABCA3	21	ENSG00000167972	ABCA3
Gene::54442	KCTD5	54442	ENSG00000167977	KCTD5
Gene::23524	SRRM2	23524	ENSG00000167978	SRRM2
Gene::146434	ZNF597	146434	ENSG00000167981	ZNF597
Gene::197358	NLRC3	197358	ENSG00000167984	NLRC3
Gene::54949	SDHAF2	54949	ENSG00000167985	SDHAF2
Gene::1642	DDB1	1642	ENSG00000167986	DDB1
Gene::55048	VPS37C	55048	ENSG00000167987	VPS37C
Gene::220001	VWCE	220001	ENSG00000167992	VWCE
Gene::5866	RAB3IL1	5866	ENSG00000167994	RAB3IL1
Gene::7439	BEST1	7439	ENSG00000167995	BEST1
Gene::2495	FTH1	2495	ENSG00000167996	FTH1
Gene::26580	BSCL2	26580	ENSG00000168000	BSCL2
Gene::5436	POLR2G	5436	ENSG00000168002	POLR2G
Gene::6520	SLC3A2	6520	ENSG00000168003	SLC3A2
Gene::117245	HRASLS5	117245	ENSG00000168004	PLAAT5
Gene::144097	C11orf84	144097	ENSG00000168005	SPINDOC
Gene::89849	ATG16L2	89849	ENSG00000168010	ATG16L2
Gene::26005	C2CD3	26005	ENSG00000168014	C2CD3
Gene::9881	TRANK1	9881	ENSG00000168016	TRANK1
Gene::199223	TTC21A	199223	ENSG00000168026	TTC21A
Gene::3921	RPSA	3921	ENSG00000168028	RPSA
Gene::956	ENTPD3	956	ENSG00000168032	ENTPD3
Gene::1499	CTNNB1	1499	ENSG00000168036	CTNNB1
Gene::54986	ULK4	54986	ENSG00000168038	ULK4
Gene::8772	FADD	8772	ENSG00000168040	FADD
Gene::4054	LTBP3	4054	ENSG00000168056	LTBP3
Gene::10004	NAALADL1	10004	ENSG00000168060	NAALADL1
Gene::29901	SAC3D1	29901	ENSG00000168061	SAC3D1
Gene::116071	BATF2	116071	ENSG00000168062	BATF2
Gene::55867	SLC22A11	55867	ENSG00000168065	SLC22A11
Gene::7536	SF1	7536	ENSG00000168066	SF1
Gene::5871	MAP4K2	5871	ENSG00000168067	MAP4K2
Gene::283129	C11orf85	283129	ENSG00000168070	MAJIN
Gene::283234	CCDC88B	283234	ENSG00000168071	CCDC88B
Gene::51435	SCARA3	51435	ENSG00000168077	SCARA3
Gene::55872	PBK	55872	ENSG00000168078	PBK
Gene::286133	SCARA5	286133	ENSG00000168079	SCARA5
Gene::5368	PNOC	5368	ENSG00000168081	PNOC
Gene::10980	COPS6	10980	ENSG00000168090	COPS6
Gene::5049	PAFAH1B2	5049	ENSG00000168092	PAFAH1B2
Gene::124401	ANKS3	124401	ENSG00000168096	ANKS3
Gene::84309	NUDT16L1	84309	ENSG00000168101	NUDT16L1
Gene::57691	KIAA1586	57691	ENSG00000168116	KIAA1586
Gene::5867	RAB4A	5867	ENSG00000168118	RAB4A
Gene::4992	OR1F1	4992	ENSG00000168124	OR1F1
Gene::81697	OR2B2	81697	ENSG00000168131	OR2B2
Gene::3761	KCNJ4	3761	ENSG00000168135	KCNJ4
Gene::55209	SETD5	55209	ENSG00000168137	SETD5
Gene::114990	VASN	114990	ENSG00000168140	VASN
Gene::222584	FAM83B	222584	ENSG00000168143	SACK1B
Gene::8290	HIST3H3	8290	ENSG00000168148	H3-4
Gene::79725	THAP9	79725	ENSG00000168152	THAP9
Gene::4993	OR2C1	4993	ENSG00000168158	OR2C1
Gene::149603	RNF187	149603	ENSG00000168159	RNF187
Gene::84376	HOOK3	84376	ENSG00000168172	HOOK3
Gene::93487	MAPK1IP1L	93487	ENSG00000168175	MAPK1IP1L
Gene::54541	DDIT4	54541	ENSG00000168209	DDIT4
Gene::3516	RBPJ	3516	ENSG00000168214	RBPJ
Gene::55788	LMBRD1	55788	ENSG00000168216	LMBRD1
Gene::29063	ZCCHC4	29063	ENSG00000168228	ZCCHC4
Gene::5729	PTGDR	5729	ENSG00000168229	PTGDR
Gene::125488	TTC39C	125488	ENSG00000168234	TTC39C
Gene::132158	GLYCTK	132158	ENSG00000168237	GLYCTK
Gene::2786	GNG4	2786	ENSG00000168243	GNG4
Gene::92181	UBTD2	92181	ENSG00000168246	UBTD2
Gene::548644	POLR2J3	548644	ENSG00000168255	POLR2J3
Gene::28511	NKIRAS2	28511	ENSG00000168256	NKIRAS2
Gene::7266	DNAJC7	7266	ENSG00000168259	DNAJC7
Gene::169522	KCNV2	169522	ENSG00000168263	KCNV2
Gene::359948	IRF2BP2	359948	ENSG00000168264	IRF2BP2
Gene::256297	PTF1A	256297	ENSG00000168267	PTF1A
Gene::64943	NT5DC2	64943	ENSG00000168268	NT5DC2
Gene::2299	FOXI1	2299	ENSG00000168269	FOXI1
Gene::440957	SMIM4	440957	ENSG00000168273	UQCC5
Gene::388753	COA6	388753	ENSG00000168275	COA6
Gene::3800	KIF5C	3800	ENSG00000168280	KIF5C
Gene::4247	MGAT2	4247	ENSG00000168282	MGAT2
Gene::648	BMI1	648	ENSG00000168283	BMI1
Gene::57215	THAP11	57215	ENSG00000168286	THAP11
Gene::27249	MMADHC	27249	ENSG00000168288	MMADHC
Gene::5162	PDHB	5162	ENSG00000168291	PDHB
Gene::54899	PXK	54899	ENSG00000168297	PXK
Gene::3008	HIST1H1E	3008	ENSG00000168298	H1-4
Gene::115294	PCMTD1	115294	ENSG00000168300	PCMTD1
Gene::200845	KCTD6	200845	ENSG00000168301	KCTD6
Gene::136647	MPLKIP	136647	ENSG00000168303	MPLKIP
Gene::8309	ACOX2	8309	ENSG00000168306	ACOX2
Gene::11170	FAM107A	11170	ENSG00000168309	FAM107A
Gene::3660	IRF2	3660	ENSG00000168310	IRF2
Gene::4336	MOBP	4336	ENSG00000168314	MOBP
Gene::1524	CX3CR1	1524	ENSG00000168329	CX3CR1
Gene::492307	C8orf22	492307	ENSG00000168333	PPDPFL
Gene::165904	XIRP1	165904	ENSG00000168334	XIRP1
Gene::84684	INSM2	84684	ENSG00000168348	INSM2
Gene::123099	DEGS2	123099	ENSG00000168350	DEGS2
Gene::11280	SCN11A	11280	ENSG00000168356	SCN11A
Gene::378	ARF4	378	ENSG00000168374	ARF4
Gene::4735	SEPT2	4735	ENSG00000168385	SEPTIN2
Gene::11259	FILIP1L	11259	ENSG00000168386	FILIP1L
Gene::84879	MFSD2A	84879	ENSG00000168389	MFSD2A
Gene::1841	DTYMK	1841	ENSG00000168393	DTYMK
Gene::6890	TAP1	6890	ENSG00000168394	TAP1
Gene::84289	ING5	84289	ENSG00000168395	ING5
Gene::23192	ATG4B	23192	ENSG00000168397	ATG4B
Gene::624	BDKRB2	624	ENSG00000168398	BDKRB2
Gene::197259	MLKL	197259	ENSG00000168404	MLKL
Gene::55159	RFWD3	55159	ENSG00000168411	RFWD3
Gene::4543	MTNR1A	4543	ENSG00000168412	MTNR1A
Gene::93107	KCNG4	93107	ENSG00000168418	KCNG4
Gene::399	RHOH	399	ENSG00000168421	RHOH
Gene::377007	KLHL30	377007	ENSG00000168427	KLHL30
Gene::91949	COG7	91949	ENSG00000168434	COG7
Gene::51362	CDC40	51362	ENSG00000168438	CDC40
Gene::10963	STIP1	10963	ENSG00000168439	STIP1
Gene::6338	SCNN1B	6338	ENSG00000168447	SCNN1B
Gene::55806	HR	55806	ENSG00000168453	HR
Gene::84203	TXNDC2	84203	ENSG00000168454	TXNDC2
Gene::11031	RAB31	11031	ENSG00000168461	RAB31
Gene::80346	REEP4	80346	ENSG00000168476	REEP4
Gene::7148	TNXB	7148	ENSG00000168477	TNXB
Gene::203190	LGI3	203190	ENSG00000168481	LGI3
Gene::6440	SFTPC	6440	ENSG00000168484	SFTPC
Gene::649	BMP1	649	ENSG00000168487	BMP1
Gene::11273	ATXN2L	11273	ENSG00000168488	ATXN2L
Gene::9796	PHYHIP	9796	ENSG00000168490	PHYHIP
Gene::256309	CCDC110	256309	ENSG00000168491	CCDC110
Gene::661	POLR3D	661	ENSG00000168495	POLR3D
Gene::2237	FEN1	2237	ENSG00000168496	FEN1
Gene::8436	SDPR	8436	ENSG00000168497	CAVIN2
Gene::23255	MTCL1	23255	ENSG00000168502	MTCL1
Gene::2637	GBX2	2637	ENSG00000168505	GBX2
Gene::148738	HFE2	148738	ENSG00000168509	HJV
Gene::10648	SCGB1D1	10648	ENSG00000168515	SCGB1D1
Gene::124790	HEXIM2	124790	ENSG00000168517	HEXIM2
Gene::2339	FNTA	2339	ENSG00000168522	FNTA
Gene::347735	SERINC2	347735	ENSG00000168528	SERINC2
Gene::4632	MYL1	4632	ENSG00000168530	MYL1
Gene::60684	TRAPPC11	60684	ENSG00000168538	TRAPPC11
Gene::1128	CHRM1	1128	ENSG00000168539	CHRM1
Gene::1281	COL3A1	1281	ENSG00000168542	COL3A1
Gene::2675	GFRA2	2675	ENSG00000168546	GFRA2
Gene::3622	ING2	3622	ENSG00000168556	ING2
Gene::55602	CDKN2AIP	55602	ENSG00000168564	CDKN2AIP
Gene::154007	SNRNP48	154007	ENSG00000168566	SNRNP48
Gene::79064	TMEM223	79064	ENSG00000168569	TMEM223
Gene::6575	SLC20A2	6575	ENSG00000168575	SLC20A2
Gene::1418	CRYGA	1418	ENSG00000168582	CRYGA
Gene::83657	DYNLRB2	83657	ENSG00000168589	DYNLRB2
Gene::79089	TMUB2	79089	ENSG00000168591	TMUB2
Gene::11086	ADAM29	11086	ENSG00000168594	ADAM29
Gene::6774	STAT3	6774	ENSG00000168610	STAT3
Gene::90204	ZSWIM1	90204	ENSG00000168612	ZSWIM1
Gene::8754	ADAM9	8754	ENSG00000168615	ADAM9
Gene::8749	ADAM18	8749	ENSG00000168619	ADAM18
Gene::2668	GDNF	2668	ENSG00000168621	GDNF
Gene::135656	DPCR1	135656	ENSG00000168631	MUCL3
Gene::164237	WFDC13	164237	ENSG00000168634	WFDC13
Gene::8313	AXIN2	8313	ENSG00000168646	AXIN2
Gene::4725	NDUFS5	4725	ENSG00000168653	NDUFS5
Gene::200403	VWA3B	200403	ENSG00000168658	VWA3B
Gene::90075	ZNF30	90075	ENSG00000168661	ZNF30
Gene::167127	UGT3A2	167127	ENSG00000168671	UGT3A2
Gene::157638	FAM84B	157638	ENSG00000168672	LRATD2
Gene::753	LDLRAD4	753	ENSG00000168675	LDLRAD4
Gene::146212	KCTD19	146212	ENSG00000168676	KCTD19
Gene::9122	SLC16A4	9122	ENSG00000168679	SLC16A4
Gene::3575	IL7R	3575	ENSG00000168685	IL7R
Gene::29100	TMEM208	29100	ENSG00000168701	TMEM208
Gene::53353	LRP1B	53353	ENSG00000168702	LRP1B
Gene::128488	WFDC12	128488	ENSG00000168703	WFDC12
Gene::10768	AHCYL1	10768	ENSG00000168710	AHCYL1
Gene::134218	DNAJC21	134218	ENSG00000168724	DNAJC21
Gene::11142	PKIG	11142	ENSG00000168734	PKIG
Gene::255743	NPNT	255743	ENSG00000168743	NPNT
Gene::140834	C20orf62	140834	ENSG00000168746	LINC01620
Gene::766	CA7	766	ENSG00000168748	CA7
Gene::51252	FAM178B	51252	ENSG00000168754	FAM178B
Gene::64591	TSPY2	64591	ENSG00000168757	TSPY2
Gene::54910	SEMA4C	54910	ENSG00000168758	SEMA4C
Gene::26505	CNNM3	26505	ENSG00000168763	CNNM3
Gene::2948	GSTM4	2948	ENSG00000168765	GSTM4
Gene::54790	TET2	54790	ENSG00000168769	TET2
Gene::80319	CXXC4	80319	ENSG00000168772	CXXC4
Gene::79867	TCTN2	79867	ENSG00000168778	TCTN2
Gene::6474	SHOX2	6474	ENSG00000168779	SHOX2
Gene::9677	PPIP5K1	9677	ENSG00000168781	PPIP5K1
Gene::10098	TSPAN5	10098	ENSG00000168785	TSPAN5
Gene::116236	ABHD15	116236	ENSG00000168792	ABHD15
Gene::9925	ZBTB5	9925	ENSG00000168795	ZBTB5
Gene::54921	CHTF8	54921	ENSG00000168802	CHTF8
Gene::161823	ADAL	161823	ENSG00000168803	MAPDA
Gene::9836	LCMT2	9836	ENSG00000168806	LCMT2
Gene::6645	SNTB2	6645	ENSG00000168807	SNTB2
Gene::3592	IL12A	3592	ENSG00000168811	IL12A
Gene::22847	ZNF507	22847	ENSG00000168813	ZNF507
Gene::53407	STX18	53407	ENSG00000168818	STX18
Gene::27065	NSG1	27065	ENSG00000168824	NSG1
Gene::166793	ZBTB49	166793	ENSG00000168826	ZBTB49
Gene::85476	GFM1	85476	ENSG00000168827	GFM1
Gene::392309	OR13J1	392309	ENSG00000168828	OR13J1
Gene::3354	HTR1E	3354	ENSG00000168830	HTR1E
Gene::56884	FSTL5	56884	ENSG00000168843	FSTL5
Gene::55308	DDX19A	55308	ENSG00000168872	DDX19A
Gene::84913	ATOH8	84913	ENSG00000168874	ATOH8
Gene::8403	SOX14	8403	ENSG00000168875	SOX14
Gene::54851	ANKRD49	54851	ENSG00000168876	ANKRD49
Gene::6439	SFTPB	6439	ENSG00000168878	SFTPB
Gene::10713	USP39	10713	ENSG00000168883	USP39
Gene::79155	TNIP2	79155	ENSG00000168884	TNIP2
Gene::388969	C2orf68	388969	ENSG00000168887	C2orf68
Gene::129303	TMEM150A	129303	ENSG00000168890	TMEM150A
Gene::51255	RNF181	51255	ENSG00000168894	RNF181
Gene::10791	VAMP5	10791	ENSG00000168899	VAMP5
Gene::10917	BTNL3	10917	ENSG00000168903	BTNL3
Gene::123355	LRRC28	123355	ENSG00000168904	LRRC28
Gene::4144	MAT2A	4144	ENSG00000168906	MAT2A
Gene::255189	PLA2G4F	255189	ENSG00000168907	PLA2G4F
Gene::375704	ENHO	375704	ENSG00000168913	ENHO
Gene::57507	ZNF608	57507	ENSG00000168916	ZNF608
Gene::80723	SLC35G2	80723	ENSG00000168917	SLC35G2
Gene::3635	INPP5D	3635	ENSG00000168918	INPP5D
Gene::3954	LETM1	3954	ENSG00000168924	LETM1
Gene::1504	CTRB1	1504	ENSG00000168925	CTRB1
Gene::440387	CTRB2	440387	ENSG00000168928	CTRB2
Gene::57093	TRIM49	57093	ENSG00000168930	TRIM49
Gene::92305	TMEM129	92305	ENSG00000168936	TMEM129
Gene::5480	PPIC	5480	ENSG00000168938	PPIC
Gene::10251	SPRY3	10251	ENSG00000168939	SPRY3
Gene::153241	CEP120	153241	ENSG00000168944	CEP120
Gene::29091	STXBP6	29091	ENSG00000168952	STXBP6
Gene::79853	TM4SF20	79853	ENSG00000168955	TM4SF20
Gene::56947	MFF	56947	ENSG00000168958	MFF
Gene::2915	GRM5	2915	ENSG00000168959	GRM5
Gene::3965	LGALS9	3965	ENSG00000168961	LGALS9
Gene::8681	JMJD7-PLA2G4B	8681	ENSG00000168970	JMJD7-PLA2G4B
Gene::10815	CPLX1	10815	ENSG00000168993	CPLX1
Gene::221749	PXDC1	221749	ENSG00000168994	PXDC1
Gene::27036	SIGLEC7	27036	ENSG00000168995	SIGLEC7
Gene::23620	NTSR2	23620	ENSG00000169006	NTSR2
Gene::1876	E2F6	1876	ENSG00000169016	E2F6
Gene::10116	FEM1B	10116	ENSG00000169018	FEM1B
Gene::54951	COMMD8	54951	ENSG00000169019	COMMD8
Gene::521	ATP5I	521	ENSG00000169020	ATP5ME
Gene::7386	UQCRFS1	7386	ENSG00000169021	UQCRFS1
Gene::84179	MFSD7	84179	ENSG00000169026	SLC49A3
Gene::1285	COL4A3	1285	ENSG00000169031	COL4A3
Gene::5604	MAP2K1	5604	ENSG00000169032	MAP2K1
Gene::5650	KLK7	5650	ENSG00000169035	KLK7
Gene::3187	HNRNPH1	3187	ENSG00000169045	HNRNPH1
Gene::3667	IRS1	3667	ENSG00000169047	IRS1
Gene::4204	MECP2	4204	ENSG00000169057	MECP2
Gene::51481	VCX3A	51481	ENSG00000169059	VCX3A
Gene::65110	UPF3A	65110	ENSG00000169062	UPF3A
Gene::79740	ZBBX	79740	ENSG00000169064	ZBBX
Gene::345651	ACTBL2	345651	ENSG00000169067	ACTBL2
Gene::4920	ROR2	4920	ENSG00000169071	ROR2
Gene::367	AR	367	ENSG00000169083	AR
Gene::207063	DHRSX	207063	ENSG00000169084	DHRSX
Gene::254778	C8orf46	254778	ENSG00000169085	VXN
Gene::79663	HSPBAP1	79663	ENSG00000169087	HSPBAP1
Gene::8623	ASMTL	8623	ENSG00000169093	ASMTL
Gene::293	SLC25A6	293	ENSG00000169100	SLC25A6
Gene::113189	CHST14	113189	ENSG00000169105	CHST14
Gene::25849	PARM1	25849	ENSG00000169116	PARM1
Gene::53944	CSNK1G1	53944	ENSG00000169118	CSNK1G1
Gene::90362	FAM110B	90362	ENSG00000169122	FAM110B
Gene::55130	ARMC4	55130	ENSG00000169126	ODAD2
Gene::84632	AFAP1L2	84632	ENSG00000169129	AFAP1L2
Gene::6940	ZNF354A	6940	ENSG00000169131	ZNF354A
Gene::22809	ATF5	22809	ENSG00000169136	ATF5
Gene::7336	UBE2V2	7336	ENSG00000169139	UBE2V2
Gene::137362	GOT1L1	137362	ENSG00000169154	GOT1L1
Gene::23099	ZBTB43	23099	ENSG00000169155	ZBTB43
Gene::126129	CPT1C	126129	ENSG00000169169	CPT1C
Gene::255738	PCSK9	255738	ENSG00000169174	PCSK9
Gene::23214	XPO6	23214	ENSG00000169180	XPO6
Gene::146395	GSG1L	146395	ENSG00000169181	GSG1L
Gene::4330	MN1	4330	ENSG00000169184	MN1
Gene::27301	APEX2	27301	ENSG00000169188	APEX2
Gene::197370	NSMCE1	197370	ENSG00000169189	NSMCE1
Gene::90693	CCDC126	90693	ENSG00000169193	CCDC126
Gene::3596	IL13	3596	ENSG00000169194	IL13
Gene::26533	OR10G3	26533	ENSG00000169208	OR10G3
Gene::5865	RAB3B	5865	ENSG00000169213	RAB3B
Gene::343169	OR6F1	343169	ENSG00000169214	OR6F1
Gene::10421	CD2BP2	10421	ENSG00000169217	CD2BP2
Gene::284654	RSPO1	284654	ENSG00000169218	RSPO1
Gene::10636	RGS14	10636	ENSG00000169220	RGS14
Gene::26000	TBC1D10B	26000	ENSG00000169221	TBC1D10B
Gene::10960	LMAN2	10960	ENSG00000169223	LMAN2
Gene::148823	GCSAML	148823	ENSG00000169224	GCSAML
Gene::53917	RAB24	53917	ENSG00000169228	RAB24
Gene::27166	PRELID1	27166	ENSG00000169230	PRELID1
Gene::7059	THBS3	7059	ENSG00000169231	THBS3
Gene::11238	CA5B	11238	ENSG00000169239	CA5B
Gene::55974	SLC50A1	55974	ENSG00000169241	SLC50A1
Gene::1942	EFNA1	1942	ENSG00000169242	EFNA1
Gene::3627	CXCL10	3627	ENSG00000169245	CXCL10
Gene::23117	NPIPB3	23117	ENSG00000169246	NPIPB3
Gene::79628	SH3TC2	79628	ENSG00000169247	SH3TC2
Gene::6373	CXCL11	6373	ENSG00000169248	CXCL11
Gene::8233	ZRSR2	8233	ENSG00000169249	ZRSR2
Gene::51068	NMD3	51068	ENSG00000169251	NMD3
Gene::154	ADRB2	154	ENSG00000169252	ADRB2
Gene::8706	B3GALNT1	8706	ENSG00000169255	B3GALNT1
Gene::114787	GPRIN1	114787	ENSG00000169258	GPRIN1
Gene::8988	HSPB3	8988	ENSG00000169271	HSPB3
Gene::7881	KCNAB1	7881	ENSG00000169282	KCNAB1
Gene::65008	MRPL1	65008	ENSG00000169288	MRPL1
Gene::126669	SHE	126669	ENSG00000169291	SHE
Gene::190	NR0B1	190	ENSG00000169297	NR0B1
Gene::55276	PGM2	55276	ENSG00000169299	PGM2
Gene::202374	STK32A	202374	ENSG00000169302	STK32A
Gene::11141	IL1RAPL1	11141	ENSG00000169306	IL1RAPL1
Gene::64805	P2RY12	64805	ENSG00000169313	P2RY12
Gene::150248	C22orf15	150248	ENSG00000169314	C22orf15
Gene::390445	OR5AU1	390445	ENSG00000169327	OR5AU1
Gene::23251	KIAA1024	23251	ENSG00000169330	MINAR1
Gene::204474	PDILT	204474	ENSG00000169340	PDILT
Gene::7369	UMOD	7369	ENSG00000169344	UMOD
Gene::2813	GP2	2813	ENSG00000169347	GP2
Gene::9197	SLC33A1	9197	ENSG00000169359	SLC33A1
Gene::10073	SNUPN	10073	ENSG00000169371	SNUPN
Gene::8738	CRADD	8738	ENSG00000169372	CRADD
Gene::25942	SIN3A	25942	ENSG00000169375	SIN3A
Gene::200894	ARL13B	200894	ENSG00000169379	ARL13B
Gene::6036	RNASE2	6036	ENSG00000169385	RNASE2
Gene::64100	ELSPBP1	64100	ENSG00000169393	ELSPBP1
Gene::6037	RNASE3	6037	ENSG00000169397	RNASE3
Gene::5747	PTK2	5747	ENSG00000169398	PTK2
Gene::728194	RSPH10B2	728194	ENSG00000169402	RSPH10B2
Gene::5724	PTAFR	5724	ENSG00000169403	PTAFR
Gene::5780	PTPN9	5780	ENSG00000169410	PTPN9
Gene::6039	RNASE6	6039	ENSG00000169413	RNASE6
Gene::4881	NPR1	4881	ENSG00000169418	NPR1
Gene::51305	KCNK9	51305	ENSG00000169427	KCNK9
Gene::3576	CXCL8	3576	ENSG00000169429	CXCL8
Gene::6335	SCN9A	6335	ENSG00000169432	SCN9A
Gene::166824	RASSF6	166824	ENSG00000169435	RASSF6
Gene::169044	COL22A1	169044	ENSG00000169436	COL22A1
Gene::6383	SDC2	6383	ENSG00000169439	SDC2
Gene::1043	CD52	1043	ENSG00000169442	CD52
Gene::93380	MMGT1	93380	ENSG00000169446	MMGT1
Gene::6699	SPRR1B	6699	ENSG00000169469	SPRR1B
Gene::6698	SPRR1A	6698	ENSG00000169474	SPRR1A
Gene::122740	OR4K14	122740	ENSG00000169484	OR4K14
Gene::81127	OR4K15	81127	ENSG00000169488	OR4K15
Gene::83877	TM2D2	83877	ENSG00000169490	TM2D2
Gene::203100	HTRA4	203100	ENSG00000169495	HTRA4
Gene::59339	PLEKHA2	59339	ENSG00000169499	PLEKHA2
Gene::25932	CLIC4	25932	ENSG00000169504	CLIC4
Gene::151258	SLC38A11	151258	ENSG00000169507	SLC38A11
Gene::1880	GPR183	1880	ENSG00000169508	GPR183
Gene::54544	CRCT1	54544	ENSG00000169509	CRCT1
Gene::83987	CCDC8	83987	ENSG00000169515	CCDC8
Gene::196074	METTL15	196074	ENSG00000169519	METTL15
Gene::129025	ZNF280A	129025	ENSG00000169548	ZNF280A
Gene::143662	MUC15	143662	ENSG00000169550	MUC15
Gene::54967	CT55	54967	ENSG00000169551	CT55
Gene::9839	ZEB2	9839	ENSG00000169554	ZEB2
Gene::2705	GJB1	2705	ENSG00000169562	GJB1
Gene::5093	PCBP1	5093	ENSG00000169564	PCBP1
Gene::3094	HINT1	3094	ENSG00000169567	HINT1
Gene::285605	DTWD2	285605	ENSG00000169570	DTWD2
Gene::7441	VPREB1	7441	ENSG00000169575	VPREB1
Gene::9022	CLIC3	9022	ENSG00000169583	CLIC3
Gene::283899	INO80E	283899	ENSG00000169592	INO80E
Gene::646	BNC1	646	ENSG00000169594	BNC1
Gene::1677	DFFB	1677	ENSG00000169598	DFFB
Gene::27247	NFU1	27247	ENSG00000169599	NFU1
Gene::84168	ANTXR1	84168	ENSG00000169604	ANTXR1
Gene::56287	GKN1	56287	ENSG00000169605	GKN1
Gene::150468	CKAP2L	150468	ENSG00000169607	CKAP2L
Gene::123207	C15orf40	123207	ENSG00000169609	C15orf40
Gene::83640	FAM103A1	83640	ENSG00000169612	RAMAC
Gene::10887	PROKR1	10887	ENSG00000169618	PROKR1
Gene::200558	APLF	200558	ENSG00000169621	APLF
Gene::654483	BOLA2B	654483	ENSG00000169627	BOLA2B
Gene::727851	RGPD8	727851	ENSG00000169629	RGPD8
Gene::23119	HIC2	23119	ENSG00000169635	HIC2
Gene::7798	LUZP1	7798	ENSG00000169641	LUZP1
Gene::284004	HEXDC	284004	ENSG00000169660	HEXD
Gene::1816	DRD5	1816	ENSG00000169676	DRD5
Gene::699	BUB1	699	ENSG00000169679	BUB1
Gene::83985	SPNS1	83985	ENSG00000169682	SPNS1
Gene::201255	LRRC45	201255	ENSG00000169683	LRRC45
Gene::1138	CHRNA5	1138	ENSG00000169684	CHRNA5
Gene::4490	MT1B	4490	ENSG00000169688	MT1B
Gene::201254	STRA13	201254	ENSG00000169689	CENPX
Gene::10555	AGPAT2	10555	ENSG00000169692	AGPAT2
Gene::79058	ASPSCR1	79058	ENSG00000169696	ASPSCR1
Gene::2815	GP9	2815	ENSG00000169704	GP9
Gene::2194	FASN	2194	ENSG00000169710	FASN
Gene::7555	CNBP	7555	ENSG00000169714	CNBP
Gene::4493	MT1E	4493	ENSG00000169715	MT1E
Gene::140625	ACTRT2	140625	ENSG00000169717	ACTRT2
Gene::64118	DUS1L	64118	ENSG00000169718	DUS1L
Gene::2873	GPS1	2873	ENSG00000169727	GPS1
Gene::5986	RFNG	5986	ENSG00000169733	RFNG
Gene::51181	DCXR	51181	ENSG00000169738	DCXR
Gene::7580	ZNF32	7580	ENSG00000169740	ZNF32
Gene::9079	LDB2	9079	ENSG00000169744	LDB2
Gene::5881	RAC3	5881	ENSG00000169750	RAC3
Gene::145957	NRG4	145957	ENSG00000169752	NRG4
Gene::3987	LIMS1	3987	ENSG00000169756	LIMS1
Gene::123591	C15orf27	123591	ENSG00000169758	TMEM266
Gene::22871	NLGN1	22871	ENSG00000169760	NLGN1
Gene::202018	TAPT1	202018	ENSG00000169762	TAPT1
Gene::7360	UGP2	7360	ENSG00000169764	UGP2
Gene::50834	TAS2R1	50834	ENSG00000169777	TAS2R1
Gene::84894	LINGO1	84894	ENSG00000169783	LINGO1
Gene::9081	PRY	9081	ENSG00000169789	PRY
Gene::159163	RBMY1F	159163	ENSG00000169800	RBMY1F
Gene::442862	PRY2	442862	ENSG00000169807	PRY2
Gene::3185	HNRNPF	3185	ENSG00000169813	HNRNPF
Gene::686	BTD	686	ENSG00000169814	BTD
Gene::55454	CSGALNACT2	55454	ENSG00000169826	CSGALNACT2
Gene::6870	TACR3	6870	ENSG00000169836	TACR3
Gene::219409	GSX1	219409	ENSG00000169840	GSX1
Gene::5099	PCDH7	5099	ENSG00000169851	PCDH7
Gene::6091	ROBO1	6091	ENSG00000169855	ROBO1
Gene::3175	ONECUT1	3175	ENSG00000169856	ONECUT1
Gene::57099	AVEN	57099	ENSG00000169857	AVEN
Gene::5028	P2RY1	5028	ENSG00000169860	P2RY1
Gene::1501	CTNND2	1501	ENSG00000169862	CTNND2
Gene::81844	TRIM56	81844	ENSG00000169871	TRIM56
Gene::140453	MUC17	140453	ENSG00000169876	MUC17
Gene::51327	AHSP	51327	ENSG00000169877	AHSP
Gene::7480	WNT10B	7480	ENSG00000169884	WNT10B
Gene::163688	CALML6	163688	ENSG00000169885	CALML6
Gene::9185	REPS2	9185	ENSG00000169891	REPS2
Gene::4584	MUC3A	4584	ENSG00000169894	MUC3A
Gene::94056	SYAP1	94056	ENSG00000169895	SYAP1
Gene::3684	ITGAM	3684	ENSG00000169896	ITGAM
Gene::260434	PYDC1	260434	ENSG00000169900	PYDC1
Gene::8460	TPST1	8460	ENSG00000169902	TPST1
Gene::7104	TM4SF4	7104	ENSG00000169903	TM4SF4
Gene::163590	TOR1AIP2	163590	ENSG00000169905	TOR1AIP2
Gene::795	S100G	795	ENSG00000169906	S100G
Gene::4071	TM4SF1	4071	ENSG00000169908	TM4SF1
Gene::23252	OTUD3	23252	ENSG00000169914	OTUD3
Gene::161725	OTUD7A	161725	ENSG00000169918	OTUD7A
Gene::2990	GUSB	2990	ENSG00000169919	GUSB
Gene::8019	BRD3	8019	ENSG00000169925	BRD3
Gene::51621	KLF13	51621	ENSG00000169926	KLF13
Gene::9758	FRMPD4	9758	ENSG00000169933	FRMPD4
Gene::23414	ZFPM2	23414	ENSG00000169946	ZFPM2
Gene::92595	ZNF764	92595	ENSG00000169951	ZNF764
Gene::159119	HSFY2	159119	ENSG00000169953	HSFY2
Gene::65988	ZNF747	65988	ENSG00000169955	ZNF747
Gene::79724	ZNF768	79724	ENSG00000169957	ZNF768
Gene::83756	TAS1R3	83756	ENSG00000169962	TAS1R3
Gene::131616	TMEM42	131616	ENSG00000169964	TMEM42
Gene::10746	MAP3K2	10746	ENSG00000169967	MAP3K2
Gene::126789	PUSL1	126789	ENSG00000169972	PUSL1
Gene::83443	SF3B5	83443	ENSG00000169976	SF3B5
Gene::7584	ZNF35	7584	ENSG00000169981	ZNF35
Gene::201798	TIGD4	201798	ENSG00000169989	TIGD4
Gene::126917	IFFO2	126917	ENSG00000169991	IFFO2
Gene::57555	NLGN2	57555	ENSG00000169992	NLGN2
Gene::4648	MYO7B	4648	ENSG00000169994	MYO7B
Gene::1107	CHD3	1107	ENSG00000170004	CHD3
Gene::201799	TMEM154	201799	ENSG00000170006	TMEM154
Gene::25924	MYRIP	25924	ENSG00000170011	MYRIP
Gene::214	ALCAM	214	ENSG00000170017	ALCAM
Gene::7532	YWHAG	7532	ENSG00000170027	YWHAG
Gene::10477	UBE2E3	10477	ENSG00000170035	UBE2E3
Gene::116840	CNTROB	116840	ENSG00000170037	CNTROB
Gene::58485	TRAPPC1	58485	ENSG00000170043	TRAPPC1
Gene::131368	ZPLD1	131368	ENSG00000170044	ZPLD1
Gene::9196	KCNAB3	9196	ENSG00000170049	KCNAB3
Gene::327657	SERPINA9	327657	ENSG00000170054	SERPINA9
Gene::285596	FAM153A	285596	ENSG00000170074	FAM153A
Gene::9283	GPR37L1	9283	ENSG00000170075	GPR37L1
Gene::375484	SIMC1	375484	ENSG00000170085	SIMC1
Gene::201931	TMEM192	201931	ENSG00000170088	TMEM192
Gene::51617	HMP19	51617	ENSG00000170091	NSG2
Gene::442590	SPDYE5	442590	ENSG00000170092	SPDYE5
Gene::866	SERPINA6	866	ENSG00000170099	SERPINA6
Gene::197320	ZNF778	197320	ENSG00000170100	ZNF778
Gene::123606	NIPA1	123606	ENSG00000170113	NIPA1
Gene::2298	FOXD4	2298	ENSG00000170122	FOXD4
Gene::2848	GPR25	2848	ENSG00000170128	GPR25
Gene::7324	UBE2E1	7324	ENSG00000170142	UBE2E1
Gene::220988	HNRNPA3	220988	ENSG00000170144	HNRNPA3
Gene::23235	SIK2	23235	ENSG00000170145	SIK2
Gene::57484	RNF150	57484	ENSG00000170153	RNF150
Gene::9720	CCDC144A	9720	ENSG00000170160	CCDC144A
Gene::245806	VGLL2	245806	ENSG00000170162	VGLL2
Gene::3233	HOXD4	3233	ENSG00000170166	HOXD4
Gene::1140	CHRNB1	1140	ENSG00000170175	CHRNB1
Gene::3238	HOXD12	3238	ENSG00000170178	HOXD12
Gene::2993	GYPA	2993	ENSG00000170180	GYPA
Gene::84640	USP38	84640	ENSG00000170185	USP38
Gene::9121	SLC16A5	9121	ENSG00000170190	SLC16A5
Gene::140838	NANP	140838	ENSG00000170191	NANP
Gene::255239	ANKK1	255239	ENSG00000170209	ANKK1
Gene::147	ADRA1B	147	ENSG00000170214	ADRA1B
Gene::56985	ADPRM	56985	ENSG00000170222	ADPRM
Gene::2172	FABP6	2172	ENSG00000170231	FABP6
Gene::114825	PWWP2A	114825	ENSG00000170234	PWWP2A
Gene::373509	USP50	373509	ENSG00000170236	USP50
Gene::55031	USP47	55031	ENSG00000170242	USP47
Gene::10015	PDCD6IP	10015	ENSG00000170248	PDCD6IP
Gene::259249	MRGPRX1	259249	ENSG00000170255	MRGPRX1
Gene::7988	ZNF212	7988	ENSG00000170260	ZNF212
Gene::56246	MRAP	56246	ENSG00000170262	MRAP
Gene::84140	FAM161A	84140	ENSG00000170264	FAM161A
Gene::8427	ZNF282	8427	ENSG00000170265	ZNF282
Gene::2720	GLB1	2720	ENSG00000170266	GLB1
Gene::84520	C14orf142	84520	ENSG00000170270	GON7
Gene::10826	FAXDC2	10826	ENSG00000170271	FAXDC2
Gene::10491	CRTAP	10491	ENSG00000170275	CRTAP
Gene::3316	HSPB2	3316	ENSG00000170276	HSPB2
Gene::202865	C7orf33	202865	ENSG00000170279	C7orf33
Gene::54714	CNGB3	54714	ENSG00000170289	CNGB3
Gene::6588	SLN	6588	ENSG00000170290	SLN
Gene::23587	ELP5	23587	ENSG00000170291	ELP5
Gene::152189	CMTM8	152189	ENSG00000170293	CMTM8
Gene::11337	GABARAP	11337	ENSG00000170296	GABARAP
Gene::284194	LGALS9B	284194	ENSG00000170298	LGALS9B
Gene::9482	STX8	9482	ENSG00000170310	STX8
Gene::983	CDK1	983	ENSG00000170312	CDK1
Gene::7314	UBB	7314	ENSG00000170315	UBB
Gene::4798	NFRKB	4798	ENSG00000170322	NFRKB
Gene::2167	FABP4	2167	ENSG00000170323	FABP4
Gene::143162	FRMPD2	143162	ENSG00000170324	FRMPD2
Gene::56980	PRDM10	56980	ENSG00000170325	PRDM10
Gene::10678	B3GNT2	10678	ENSG00000170340	B3GNT2
Gene::2353	FOS	2353	ENSG00000170345	FOS
Gene::10972	TMED10	10972	ENSG00000170348	TMED10
Gene::6419	SETMAR	6419	ENSG00000170364	SETMAR
Gene::4086	SMAD1	4086	ENSG00000170365	SMAD1
Gene::1473	CST5	1473	ENSG00000170367	CST5
Gene::1470	CST2	1470	ENSG00000170369	CST2
Gene::2018	EMX2	2018	ENSG00000170370	EMX2
Gene::1469	CST1	1469	ENSG00000170373	CST1
Gene::121340	SP7	121340	ENSG00000170374	SP7
Gene::285966	TCAF2	285966	ENSG00000170379	TCAF2
Gene::9723	SEMA3E	9723	ENSG00000170381	SEMA3E
Gene::10446	LRRN2	10446	ENSG00000170382	LRRN2
Gene::7779	SLC30A1	7779	ENSG00000170385	SLC30A1
Gene::166614	DCLK2	166614	ENSG00000170390	DCLK2
Gene::91752	ZNF804A	91752	ENSG00000170396	ZNF804A
Gene::55890	GPRC5C	55890	ENSG00000170412	GPRC5C
Gene::130827	TMEM182	130827	ENSG00000170417	TMEM182
Gene::222008	VSTM2A	222008	ENSG00000170419	VSTM2A
Gene::3856	KRT8	3856	ENSG00000170421	KRT8
Gene::196374	KRT78	196374	ENSG00000170423	KRT78
Gene::136	ADORA2B	136	ENSG00000170425	ADORA2B
Gene::121214	SDR9C7	121214	ENSG00000170426	SDR9C7
Gene::4255	MGMT	4255	ENSG00000170430	MGMT
Gene::196410	METTL7B	196410	ENSG00000170439	TMT1B
Gene::3892	KRT86	3892	ENSG00000170442	KRT86
Gene::3035	HARS	3035	ENSG00000170445	HARS1
Gene::152518	NFXL1	152518	ENSG00000170448	NFXL1
Gene::9119	KRT75	9119	ENSG00000170454	KRT75
Gene::160518	DENND5B	160518	ENSG00000170456	DENND5B
Gene::929	CD14	929	ENSG00000170458	CD14
Gene::202052	DNAJC18	202052	ENSG00000170464	DNAJC18
Gene::286887	KRT6C	286887	ENSG00000170465	KRT6C
Gene::79697	C14orf169	79697	ENSG00000170468	RIOX1
Gene::202051	SPATA24	202051	ENSG00000170469	SPATA24
Gene::57148	RALGAPB	57148	ENSG00000170471	RALGAPB
Gene::84305	WIBG	84305	ENSG00000170473	PYM1
Gene::51237	MZB1	51237	ENSG00000170476	MZB1
Gene::3851	KRT4	3851	ENSG00000170477	KRT4
Gene::9963	SLC23A1	9963	ENSG00000170482	SLC23A1
Gene::121391	KRT74	121391	ENSG00000170484	KRT74
Gene::4862	NPAS2	4862	ENSG00000170485	NPAS2
Gene::140807	KRT72	140807	ENSG00000170486	KRT72
Gene::3814	KISS1	3814	ENSG00000170498	KISS1
Gene::164832	LONRF2	164832	ENSG00000170500	LONRF2
Gene::53343	NUDT9	53343	ENSG00000170502	NUDT9
Gene::345275	HSD17B13	345275	ENSG00000170509	HSD17B13
Gene::5036	PA2G4	5036	ENSG00000170515	PA2G4
Gene::170712	COX7B2	170712	ENSG00000170516	COX7B2
Gene::79071	ELOVL6	79071	ENSG00000170522	ELOVL6
Gene::3889	KRT83	3889	ENSG00000170523	KRT83
Gene::5209	PFKFB3	5209	ENSG00000170525	PFKFB3
Gene::79905	TMC7	79905	ENSG00000170537	TMC7
Gene::23204	ARL6IP1	23204	ENSG00000170540	ARL6IP1
Gene::5272	SERPINB9	5272	ENSG00000170542	SERPINB9
Gene::57228	SMAGP	57228	ENSG00000170545	SMAGP
Gene::79192	IRX1	79192	ENSG00000170549	IRX1
Gene::1000	CDH2	1000	ENSG00000170558	CDH2
Gene::153572	IRX2	153572	ENSG00000170561	IRX2
Gene::133418	EMB	133418	ENSG00000170571	EMB
Gene::10736	SIX2	10736	ENSG00000170577	SIX2
Gene::9229	DLGAP1	9229	ENSG00000170579	DLGAP1
Gene::6773	STAT2	6773	ENSG00000170581	STAT2
Gene::134492	NUDCD2	134492	ENSG00000170584	NUDCD2
Gene::26145	IRF2BP1	26145	ENSG00000170604	IRF2BP1
Gene::441639	OR9K2	441639	ENSG00000170605	OR9K2
Gene::3308	HSPA4	3308	ENSG00000170606	HSPA4
Gene::3171	FOXA3	3171	ENSG00000170608	FOXA3
Gene::153745	FAM71B	153745	ENSG00000170613	GARIN3
Gene::375611	SLC26A5	375611	ENSG00000170615	SLC26A5
Gene::28991	COMMD5	28991	ENSG00000170619	COMMD5
Gene::6444	SGCD	6444	ENSG00000170624	SGCD
Gene::121355	GTSF1	121355	ENSG00000170627	GTSF1
Gene::7564	ZNF16	7564	ENSG00000170631	ZNF16
Gene::83787	ARMC10	83787	ENSG00000170632	ARMC10
Gene::80196	RNF34	80196	ENSG00000170633	RNF34
Gene::98	ACYP2	98	ENSG00000170634	ACYP2
Gene::80305	TRABD	80305	ENSG00000170638	TRABD
Gene::11016	ATF7	11016	ENSG00000170653	ATF7
Gene::100271927	RASA4B	100271927	ENSG00000170667	RASA4B
Gene::9306	SOCS6	9306	ENSG00000170677	SOCS6
Gene::347273	MURC	347273	ENSG00000170681	CAVIN4
Gene::26496	OR10A3	26496	ENSG00000170683	OR10A3
Gene::162979	ZNF296	162979	ENSG00000170684	ZNF296
Gene::3219	HOXB9	3219	ENSG00000170689	HOXB9
Gene::284076	TTLL6	284076	ENSG00000170703	TTLL6
Gene::5429	POLH	5429	ENSG00000170734	POLH
Gene::143425	SYT9	143425	ENSG00000170743	SYT9
Gene::3790	KCNS3	3790	ENSG00000170745	KCNS3
Gene::27288	RBMXL2	27288	ENSG00000170748	RBMXL2
Gene::3799	KIF5B	3799	ENSG00000170759	KIF5B
Gene::2861	GPR37	2861	ENSG00000170775	GPR37
Gene::11214	AKAP13	11214	ENSG00000170776	AKAP13
Gene::89882	TPD52L3	89882	ENSG00000170777	TPD52L3
Gene::55038	CDCA4	55038	ENSG00000170779	CDCA4
Gene::283297	OR10A4	283297	ENSG00000170782	OR10A4
Gene::195814	SDR16C5	195814	ENSG00000170786	SDR16C5
Gene::143241	DYDC1	143241	ENSG00000170788	DYDC1
Gene::341276	OR10A2	341276	ENSG00000170790	OR10A2
Gene::79145	CHCHD7	79145	ENSG00000170791	CHCHD7
Gene::94031	HTRA3	94031	ENSG00000170801	HTRA3
Gene::3344	FOXN2	3344	ENSG00000170802	FOXN2
Gene::442721	LMOD2	442721	ENSG00000170807	LMOD2
Gene::8419	BFSP2	8419	ENSG00000170819	BFSP2
Gene::2492	FSHR	2492	ENSG00000170820	FSHR
Gene::84669	USP32	84669	ENSG00000170832	USP32
Gene::1056	CEL	1056	ENSG00000170835	CEL
Gene::8493	PPM1D	8493	ENSG00000170836	PPM1D
Gene::2850	GPR27	2850	ENSG00000170837	GPR27
Gene::5675	PSG6	5675	ENSG00000170848	PSG6
Gene::25948	KBTBD2	25948	ENSG00000170852	KBTBD2
Gene::84864	MINA	84864	ENSG00000170854	RIOX2
Gene::51499	TRIAP1	51499	ENSG00000170855	TRIAP1
Gene::27258	LSM3	27258	ENSG00000170860	LSM3
Gene::9778	KIAA0232	9778	ENSG00000170871	KIAA0232
Gene::9788	MTSS1	9788	ENSG00000170873	MTSS1
Gene::79188	TMEM43	79188	ENSG00000170876	TMEM43
Gene::11236	RNF139	11236	ENSG00000170881	RNF139
Gene::6203	RPS9	6203	ENSG00000170889	RPS9
Gene::5319	PLA2G1B	5319	ENSG00000170890	PLA2G1B
Gene::54360	CYTL1	54360	ENSG00000170891	CYTL1
Gene::79042	TSEN34	79042	ENSG00000170892	TSEN34
Gene::7200	TRH	7200	ENSG00000170893	TRH
Gene::2941	GSTA4	2941	ENSG00000170899	GSTA4
Gene::84437	MSANTD4	84437	ENSG00000170903	MSANTD4
Gene::4696	NDUFA3	4696	ENSG00000170906	NDUFA3
Gene::126014	OSCAR	126014	ENSG00000170909	OSCAR
Gene::85315	PAQR8	85315	ENSG00000170915	PAQR8
Gene::11162	NUDT6	11162	ENSG00000170917	NUDT6
Gene::390883	OR7G3	390883	ENSG00000170920	OR7G3
Gene::26115	TANC2	26115	ENSG00000170921	TANC2
Gene::390882	OR7G2	390882	ENSG00000170923	OR7G2
Gene::56156	TEX13B	56156	ENSG00000170925	TEX13B
Gene::5314	PKHD1	5314	ENSG00000170927	PKHD1
Gene::125963	OR1M1	125963	ENSG00000170929	OR1M1
Gene::120526	DNAJC24	120526	ENSG00000170946	DNAJC24
Gene::85509	MBD3L1	85509	ENSG00000170948	MBD3L1
Gene::90338	ZNF160	90338	ENSG00000170949	ZNF160
Gene::5232	PGK2	5232	ENSG00000170950	PGK2
Gene::219858	OR8B12	219858	ENSG00000170953	OR8B12
Gene::55786	ZNF415	55786	ENSG00000170954	ZNF415
Gene::112464	PRKCDBP	112464	ENSG00000170955	CAVIN3
Gene::1084	CEACAM3	1084	ENSG00000170956	CEACAM3
Gene::341019	DCDC1	341019	ENSG00000170959	DCDC1
Gene::3037	HAS2	3037	ENSG00000170961	HAS2
Gene::80310	PDGFD	80310	ENSG00000170962	PDGFD
Gene::10761	PLAC1	10761	ENSG00000170965	PLAC1
Gene::414301	DDI1	414301	ENSG00000170967	DDI1
Gene::1901	S1PR1	1901	ENSG00000170989	S1PR1
Gene::90161	HS6ST2	90161	ENSG00000171004	HS6ST2
Gene::219875	OR4D5	219875	ENSG00000171014	OR4D5
Gene::26108	PYGO1	26108	ENSG00000171016	PYGO1
Gene::80131	LRRC8E	80131	ENSG00000171017	LRRC8E
Gene::5569	PKIA	5569	ENSG00000171033	PKIA
Gene::286046	XKR6	286046	ENSG00000171044	XKR6
Gene::203062	TSNARE1	203062	ENSG00000171045	TSNARE1
Gene::2358	FPR2	2358	ENSG00000171049	FPR2
Gene::2357	FPR1	2357	ENSG00000171051	FPR1
Gene::160065	PATE1	160065	ENSG00000171053	PATE1
Gene::347468	OR13H1	347468	ENSG00000171054	OR13H1
Gene::9637	FEZ2	9637	ENSG00000171055	FEZ2
Gene::83595	SOX7	83595	ENSG00000171056	SOX7
Gene::203076	C8orf74	203076	ENSG00000171060	C8orf74
Gene::53838	C11orf24	53838	ENSG00000171067	C11orf24
Gene::238	ALK	238	ENSG00000171094	ALK
Gene::883	CCBL1	883	ENSG00000171097	KYAT1
Gene::4534	MTM1	4534	ENSG00000171100	MTM1
Gene::29989	OBP2B	29989	ENSG00000171102	OBP2B
Gene::55006	TRMT61B	55006	ENSG00000171103	TRMT61B
Gene::3643	INSR	3643	ENSG00000171105	INSR
Gene::55669	MFN1	55669	ENSG00000171109	MFN1
Gene::155038	GIMAP8	155038	ENSG00000171115	GIMAP8
Gene::100506164	HSFX1	100506164	ENSG00000171116	HSFX1
Gene::4902	NRTN	4902	ENSG00000171119	NRTN
Gene::27094	KCNMB3	27094	ENSG00000171121	KCNMB3
Gene::2525	FUT3	2525	ENSG00000171124	FUT3
Gene::170850	KCNG3	170850	ENSG00000171126	KCNG3
Gene::155066	ATP6V0E2	155066	ENSG00000171130	ATP6V0E2
Gene::5581	PRKCE	5581	ENSG00000171132	PRKCE
Gene::26248	OR2K2	26248	ENSG00000171133	OR2K2
Gene::84522	JAGN1	84522	ENSG00000171135	JAGN1
Gene::117579	RLN3	117579	ENSG00000171136	RLN3
Gene::10474	TADA3	10474	ENSG00000171148	TADA3
Gene::9655	SOCS5	9655	ENSG00000171150	SOCS5
Gene::29071	C1GALT1C1	29071	ENSG00000171155	C1GALT1C1
Gene::79095	C9orf16	79095	ENSG00000171159	BBLN
Gene::118812	MORN4	118812	ENSG00000171160	MORN4
Gene::79894	ZNF672	79894	ENSG00000171161	ZNF672
Gene::55657	ZNF692	55657	ENSG00000171163	ZNF692
Gene::203245	NAIF1	203245	ENSG00000171169	NAIF1
Gene::64080	RBKS	64080	ENSG00000171174	RBKS
Gene::26245	OR2M4	26245	ENSG00000171180	OR2M4
Gene::2897	GRIK1	2897	ENSG00000171189	GRIK1
Gene::4589	MUC7	4589	ENSG00000171195	MUC7
Gene::58503	PROL1	58503	ENSG00000171199	OPRPN
Gene::10879	SMR3B	10879	ENSG00000171201	SMR3B
Gene::84233	TMEM126A	84233	ENSG00000171202	TMEM126A
Gene::55863	TMEM126B	55863	ENSG00000171204	TMEM126B
Gene::81603	TRIM8	81603	ENSG00000171206	TRIM8
Gene::81831	NETO2	81831	ENSG00000171208	NETO2
Gene::1448	CSN3	1448	ENSG00000171209	CSN3
Gene::49861	CLDN20	49861	ENSG00000171217	CLDN20
Gene::55561	CDC42BPG	55561	ENSG00000171219	CDC42BPG
Gene::51282	SCAND1	51282	ENSG00000171222	SCAND1
Gene::3726	JUNB	3726	ENSG00000171223	JUNB
Gene::219738	C10orf35	219738	ENSG00000171224	FAM241B
Gene::140738	TMEM37	140738	ENSG00000171227	TMEM37
Gene::7364	UGT2B7	7364	ENSG00000171234	UGT2B7
Gene::116844	LRG1	116844	ENSG00000171236	LRG1
Gene::79801	SHCBP1	79801	ENSG00000171241	SHCBP1
Gene::25928	SOSTDC1	25928	ENSG00000171243	SOSTDC1
Gene::4884	NPTX1	4884	ENSG00000171246	NPTX1
Gene::283742	FAM98B	283742	ENSG00000171262	TSLIG3B
Gene::90594	ZNF439	90594	ENSG00000171291	ZNF439
Gene::126070	ZNF440	126070	ENSG00000171295	ZNF440
Gene::2548	GAA	2548	ENSG00000171298	GAA
Gene::124583	CANT1	124583	ENSG00000171302	CANT1
Gene::3777	KCNK3	3777	ENSG00000171303	KCNK3
Gene::84287	ZDHHC16	84287	ENSG00000171307	ZDHHC16
Gene::50515	CHST11	50515	ENSG00000171310	CHST11
Gene::51013	EXOSC1	51013	ENSG00000171311	EXOSC1
Gene::5223	PGAM1	5223	ENSG00000171314	PGAM1
Gene::55636	CHD7	55636	ENSG00000171316	CHD7
Gene::157570	ESCO2	157570	ENSG00000171320	ESCO2
Gene::3880	KRT19	3880	ENSG00000171345	KRT19
Gene::3866	KRT15	3866	ENSG00000171346	KRT15
Gene::541468	LURAP1	541468	ENSG00000171357	LURAP1
Gene::8687	KRT38	8687	ENSG00000171360	KRT38
Gene::1184	CLCN5	1184	ENSG00000171365	CLCN5
Gene::11076	TPPP	11076	ENSG00000171368	TPPP
Gene::3752	KCND3	3752	ENSG00000171385	KCND3
Gene::8862	APLN	8862	ENSG00000171388	APLN
Gene::84616	KRTAP4-4	84616	ENSG00000171396	KRTAP4-4
Gene::3860	KRT13	3860	ENSG00000171401	KRT13
Gene::170626	XAGE3	170626	ENSG00000171402	XAGE3
Gene::3857	KRT9	3857	ENSG00000171403	KRT9
Gene::170627	XAGE5	170627	ENSG00000171405	XAGE5
Gene::27115	PDE7B	27115	ENSG00000171408	PDE7B
Gene::64979	MRPL36	64979	ENSG00000171421	MRPL36
Gene::51545	ZNF581	51545	ENSG00000171425	ZNF581
Gene::9	NAT1	9	ENSG00000171428	NAT1
Gene::54474	KRT20	54474	ENSG00000171431	KRT20
Gene::392465	GLOD5	392465	ENSG00000171433	GLOD5
Gene::283455	KSR2	283455	ENSG00000171435	KSR2
Gene::147807	ZNF524	147807	ENSG00000171443	ZNF524
Gene::4163	MCC	4163	ENSG00000171444	MCC
Gene::342574	KRT27	342574	ENSG00000171446	KRT27
Gene::57684	ZBTB26	57684	ENSG00000171448	ZBTB26
Gene::8941	CDK5R2	8941	ENSG00000171450	CDK5R2
Gene::92126	DSEL	92126	ENSG00000171451	DSEL
Gene::9533	POLR1C	9533	ENSG00000171453	POLR1C
Gene::171023	ASXL1	171023	ENSG00000171456	ASXL1
Gene::392390	OR1L6	392390	ENSG00000171459	OR1L6
Gene::65989	DLK2	65989	ENSG00000171462	DLK2
Gene::54811	ZNF562	54811	ENSG00000171466	ZNF562
Gene::24149	ZNF318	24149	ENSG00000171467	ZNF318
Gene::93134	ZNF561	93134	ENSG00000171469	ZNF561
Gene::147179	WIPF2	147179	ENSG00000171475	WIPF2
Gene::84525	HOPX	84525	ENSG00000171476	HOPX
Gene::729201	SPACA5B	729201	ENSG00000171478	SPACA5B
Gene::26735	OR1L3	26735	ENSG00000171481	OR1L3
Gene::126206	NLRP5	126206	ENSG00000171487	NLRP5
Gene::84230	LRRC8C	84230	ENSG00000171488	LRRC8C
Gene::389852	SPACA5	389852	ENSG00000171489	SPACA5
Gene::26156	RSL1D1	26156	ENSG00000171490	RSL1D1
Gene::55144	LRRC8D	55144	ENSG00000171492	LRRC8D
Gene::133558	MROH2B	133558	ENSG00000171495	MROH2B
Gene::138881	OR1L8	138881	ENSG00000171496	OR1L8
Gene::5481	PPID	5481	ENSG00000171497	PPID
Gene::138882	OR1N2	138882	ENSG00000171501	OR1N2
Gene::255631	COL24A1	255631	ENSG00000171502	COL24A1
Gene::2110	ETFDH	2110	ENSG00000171503	ETFDH
Gene::138883	OR1N1	138883	ENSG00000171505	OR1N1
Gene::59350	RXFP1	59350	ENSG00000171509	RXFP1
Gene::23566	LPAR3	23566	ENSG00000171517	LPAR3
Gene::5734	PTGER4	5734	ENSG00000171522	PTGER4
Gene::6902	TBCA	6902	ENSG00000171530	TBCA
Gene::4761	NEUROD2	4761	ENSG00000171532	NEUROD2
Gene::4135	MAP6	4135	ENSG00000171533	MAP6
Gene::23440	OTP	23440	ENSG00000171540	OTP
Gene::9427	ECEL1	9427	ENSG00000171551	ECEL1
Gene::598	BCL2L1	598	ENSG00000171552	BCL2L1
Gene::2266	FGG	2266	ENSG00000171557	FGG
Gene::2243	FGA	2243	ENSG00000171560	FGA
Gene::341152	OR2AT4	341152	ENSG00000171561	OR2AT4
Gene::2244	FGB	2244	ENSG00000171564	FGB
Gene::5356	PLRG1	5356	ENSG00000171566	PLRG1
Gene::201514	ZNF584	201514	ENSG00000171574	ZNF584
Gene::1826	DSCAM	1826	ENSG00000171587	DSCAM
Gene::64446	DNAI2	64446	ENSG00000171595	DNAI2
Gene::10316	NMUR1	10316	ENSG00000171596	NMUR1
Gene::22883	CLSTN1	22883	ENSG00000171603	CLSTN1
Gene::51523	CXXC5	51523	ENSG00000171604	CXXC5
Gene::10782	ZNF274	10782	ENSG00000171606	ZNF274
Gene::5293	PIK3CD	5293	ENSG00000171608	PIK3CD
Gene::171558	PTCRA	171558	ENSG00000171611	PTCRA
Gene::84275	SLC25A33	84275	ENSG00000171612	SLC25A33
Gene::8507	ENC1	8507	ENSG00000171617	ENC1
Gene::80176	SPSB1	80176	ENSG00000171621	SPSB1
Gene::5031	P2RY6	5031	ENSG00000171631	P2RY6
Gene::2186	BPTF	2186	ENSG00000171634	BPTF
Gene::170591	S100Z	170591	ENSG00000171643	S100Z
Gene::284307	ZIK1	284307	ENSG00000171649	ZIK1
Gene::27197	GPR82	27197	ENSG00000171657	GPR82
Gene::2857	GPR34	2857	ENSG00000171659	GPR34
Gene::57449	PLEKHG5	57449	ENSG00000171680	PLEKHG5
Gene::55729	ATF7IP	55729	ENSG00000171681	ATF7IP
Gene::198437	LKAAEAR1	198437	ENSG00000171695	LKAAEAR1
Gene::10287	RGS19	10287	ENSG00000171700	RGS19
Gene::6919	TCEA2	6919	ENSG00000171703	TCEA2
Gene::1673	DEFB4A	1673	ENSG00000171711	DEFB4A
Gene::203859	ANO5	203859	ENSG00000171714	ANO5
Gene::8841	HDAC3	8841	ENSG00000171720	HDAC3
Gene::284680	C1orf111	284680	ENSG00000171722	SPATA46
Gene::10243	GPHN	10243	ENSG00000171723	GPHN
Gene::57687	VAT1L	57687	ENSG00000171724	VAT1L
Gene::55092	TMEM51	55092	ENSG00000171729	TMEM51
Gene::23261	CAMTA1	23261	ENSG00000171735	CAMTA1
Gene::3960	LGALS4	3960	ENSG00000171747	LGALS4
Gene::151827	LRRC34	151827	ENSG00000171757	LRRC34
Gene::5053	PAH	5053	ENSG00000171759	PAH
Gene::79029	SPATA5L1	79029	ENSG00000171763	AFG2B
Gene::2628	GATM	2628	ENSG00000171766	GATM
Gene::93426	SYCE1	93426	ENSG00000171772	SYCE1
Gene::115861	NXNL1	115861	ENSG00000171773	NXNL1
Gene::115727	RASGRP4	115727	ENSG00000171777	RASGRP4
Gene::4807	NHLH1	4807	ENSG00000171786	NHLH1
Gene::200172	SLFNL1	200172	ENSG00000171790	SLFNL1
Gene::596	BCL2	596	ENSG00000171791	BCL2
Gene::83695	RHNO1	83695	ENSG00000171792	RHNO1
Gene::1503	CTPS1	1503	ENSG00000171793	CTPS1
Gene::8433	UTF1	8433	ENSG00000171794	UTF1
Gene::85442	KNDC1	85442	ENSG00000171798	KNDC1
Gene::83889	WDR87	83889	ENSG00000171804	WDR87
Gene::92342	METTL18	92342	ENSG00000171806	METTL18
Gene::54777	CFAP46	54777	ENSG00000171811	CFAP46
Gene::1296	COL8A2	1296	ENSG00000171812	COL8A2
Gene::170394	PWWP2B	170394	ENSG00000171813	PWWP2B
Gene::29930	PCDHB1	29930	ENSG00000171815	PCDHB1
Gene::163255	ZNF540	163255	ENSG00000171817	ZNF540
Gene::10218	ANGPTL7	10218	ENSG00000171819	ANGPTL7
Gene::144699	FBXL14	144699	ENSG00000171823	FBXL14
Gene::5394	EXOSC10	5394	ENSG00000171824	EXOSC10
Gene::148268	ZNF570	148268	ENSG00000171827	ZNF570
Gene::4815	NINJ2	4815	ENSG00000171840	NINJ2
Gene::4300	MLLT3	4300	ENSG00000171843	MLLT3
Gene::55138	FAM90A1	55138	ENSG00000171847	FAM90A1
Gene::6241	RRM2	6241	ENSG00000171848	RRM2
Gene::51112	TRAPPC12	51112	ENSG00000171853	TRAPPC12
Gene::3456	IFNB1	3456	ENSG00000171855	IFNB1
Gene::6227	RPS21	6227	ENSG00000171858	RPS21
Gene::719	C3AR1	719	ENSG00000171860	C3AR1
Gene::55178	RNMTL1	55178	ENSG00000171861	MRM3
Gene::5728	PTEN	5728	ENSG00000171862	PTEN
Gene::6201	RPS7	6201	ENSG00000171863	RPS7
Gene::23627	PRND	23627	ENSG00000171864	PRND
Gene::246243	RNASEH1	246243	ENSG00000171865	RNASEH1
Gene::5621	PRNP	5621	ENSG00000171867	PRNP
Gene::128209	KLF17	128209	ENSG00000171872	KLF17
Gene::146	ADRA1D	146	ENSG00000171873	ADRA1D
Gene::84978	FRMD5	84978	ENSG00000171877	FRMD5
Gene::361	AQP4	361	ENSG00000171885	AQP4
Gene::57834	CYP4F11	57834	ENSG00000171903	CYP4F11
Gene::83660	TLN2	83660	ENSG00000171914	TLN2
Gene::654346	LGALS9C	654346	ENSG00000171916	LGALS9C
Gene::51030	TVP23B	51030	ENSG00000171928	TVP23B
Gene::10517	FBXW10	10517	ENSG00000171931	FBXW10
Gene::26532	OR10H3	26532	ENSG00000171936	OR10H3
Gene::7764	ZNF217	7764	ENSG00000171940	ZNF217
Gene::26538	OR10H2	26538	ENSG00000171942	OR10H2
Gene::653464	SRGAP2C	653464	ENSG00000171943	SRGAP2C
Gene::390054	OR52A5	390054	ENSG00000171944	OR52A5
Gene::7857	SCG2	7857	ENSG00000171951	SCG2
Gene::91647	ATPAF2	91647	ENSG00000171953	ATPAF2
Gene::126410	CYP4F22	126410	ENSG00000171954	CYP4F22
Gene::27023	FOXB1	27023	ENSG00000171956	FOXB1
Gene::10465	PPIH	10465	ENSG00000171960	PPIH
Gene::83450	LRRC48	83450	ENSG00000171962	DRC3
Gene::126295	ZNF57	126295	ENSG00000171970	ZNF57
Gene::149840	C20orf196	149840	ENSG00000171984	SHLD1
Gene::143501	C11orf40	143501	ENSG00000171987	C11orf40
Gene::221037	JMJD1C	221037	ENSG00000171988	JMJD1C
Gene::92483	LDHAL6B	92483	ENSG00000171989	LDHAL6B
Gene::11346	SYNPO	11346	ENSG00000171992	SYNPO
Gene::80032	ZNF556	80032	ENSG00000172000	ZNF556
Gene::4118	MAL	4118	ENSG00000172005	MAL
Gene::115196	ZNF554	115196	ENSG00000172006	ZNF554
Gene::83452	RAB33B	83452	ENSG00000172007	RAB33B
Gene::7064	THOP1	7064	ENSG00000172009	THOP1
Gene::728747	ANKRD20A4	728747	ENSG00000172014	ANKRD20A4P
Gene::5068	REG3A	5068	ENSG00000172016	REG3A
Gene::2596	GAP43	2596	ENSG00000172020	GAP43
Gene::5968	REG1B	5968	ENSG00000172023	REG1B
Gene::253152	EPHX4	253152	ENSG00000172031	EPHX4
Gene::3913	LAMB2	3913	ENSG00000172037	LAMB2
Gene::10869	USP19	10869	ENSG00000172046	USP19
Gene::5859	QARS	5859	ENSG00000172053	QARS1
Gene::94103	ORMDL3	94103	ENSG00000172057	ORMDL3
Gene::8293	SERF1A	8293	ENSG00000172058	SERF1A
Gene::8462	KLF11	8462	ENSG00000172059	KLF11
Gene::131578	LRRC15	131578	ENSG00000172061	LRRC15
Gene::6606	SMN1	6606	ENSG00000172062	SMN1
Gene::9451	EIF2AK3	9451	ENSG00000172071	EIF2AK3
Gene::200523	TEX37	200523	ENSG00000172073	SPMIP9
Gene::126308	MOB3A	126308	ENSG00000172081	MOB3A
Gene::51315	KRCC1	51315	ENSG00000172086	KRCC1
Gene::10201	NME6	10201	ENSG00000172113	NME6
Gene::54205	CYCS	54205	ENSG00000172115	CYCS
Gene::926	CD8B	926	ENSG00000172116	CD8B
Gene::55106	SLFN12	55106	ENSG00000172123	SLFN12
Gene::794	CALB2	794	ENSG00000172137	CALB2
Gene::285335	SLC9C1	285335	ENSG00000172139	SLC9C1
Gene::8383	OR1A1	8383	ENSG00000172146	OR1A1
Gene::26189	OR1A2	26189	ENSG00000172150	OR1A2
Gene::120586	OR8I2	120586	ENSG00000172154	OR8I2
Gene::353134	LCE1D	353134	ENSG00000172155	LCE1D
Gene::6356	CCL11	6356	ENSG00000172156	CCL11
Gene::257019	FRMD3	257019	ENSG00000172159	FRMD3
Gene::6641	SNTB1	6641	ENSG00000172164	SNTB1
Gene::27085	MTBP	27085	ENSG00000172167	MTBP
Gene::79736	TEFM	79736	ENSG00000172171	TEFM
Gene::28998	MRPL13	28998	ENSG00000172172	MRPL13
Gene::10892	MALT1	10892	ENSG00000172175	MALT1
Gene::5617	PRL	5617	ENSG00000172179	PRL
Gene::3669	ISG20	3669	ENSG00000172183	ISG20
Gene::219429	OR4C11	219429	ENSG00000172188	OR4C11
Gene::154141	MBOAT1	154141	ENSG00000172197	MBOAT1
Gene::219417	OR8U1	219417	ENSG00000172199	OR8U1
Gene::3400	ID4	3400	ENSG00000172201	ID4
Gene::119764	OR4X2	119764	ENSG00000172208	OR4X2
Gene::2845	GPR22	2845	ENSG00000172209	GPR22
Gene::10663	CXCR6	10663	ENSG00000172215	CXCR6
Gene::1051	CEBPB	1051	ENSG00000172216	CEBPB
Gene::566	AZU1	566	ENSG00000172232	AZU1
Gene::7177	TPSAB1	7177	ENSG00000172236	TPSAB1
Gene::474	ATOH1	474	ENSG00000172238	ATOH1
Gene::10605	PAIP1	10605	ENSG00000172239	PAIP1
Gene::64581	CLEC7A	64581	ENSG00000172243	CLEC7A
Gene::375444	C5orf34	375444	ENSG00000172244	C5orf34
Gene::114900	C1QTNF4	114900	ENSG00000172247	C1QTNF4
Gene::257194	NEGR1	257194	ENSG00000172260	NEGR1
Gene::7690	ZNF131	7690	ENSG00000172262	ZBTB35
Gene::140733	MACROD2	140733	ENSG00000172264	MACROD2
Gene::1798	DPAGT1	1798	ENSG00000172269	DPAGT1
Gene::682	BSG	682	ENSG00000172270	BSG
Gene::25988	HINFP	25988	ENSG00000172273	HINFP
Gene::9085	CDY1	9085	ENSG00000172288	CDY1
Gene::390201	OR10V1	390201	ENSG00000172289	OR10V1
Gene::253782	CERS6	253782	ENSG00000172292	CERS6
Gene::55304	SPTLC3	55304	ENSG00000172296	SPTLC3
Gene::55352	COPRS	55352	ENSG00000172301	COPRS
Gene::112858	TP53RK	112858	ENSG00000172315	TP53RK
Gene::8708	B3GALT1	8708	ENSG00000172318	B3GALT1
Gene::219982	OR5A1	219982	ENSG00000172320	OR5A1
Gene::160364	CLEC12A	160364	ENSG00000172322	CLEC12A
Gene::219981	OR5A2	219981	ENSG00000172324	OR5A2
Gene::669	BPGM	669	ENSG00000172331	BPGM
Gene::10248	POP7	10248	ENSG00000172336	POP7
Gene::199857	ALG14	199857	ENSG00000172339	ALG14
Gene::8801	SUCLG2	8801	ENSG00000172340	SUCLG2
Gene::80765	STARD5	80765	ENSG00000172345	STARD5
Gene::27254	CSDC2	27254	ENSG00000172346	CSDC2
Gene::10231	RCAN2	10231	ENSG00000172348	RCAN2
Gene::3603	IL16	3603	ENSG00000172349	IL16
Gene::64137	ABCG4	64137	ENSG00000172350	ABCG4
Gene::253175	CDY1B	253175	ENSG00000172352	CDY1B
Gene::2783	GNB2	2783	ENSG00000172354	GNB2
Gene::220136	CFAP53	220136	ENSG00000172361	CFAP53
Gene::390191	OR5B12	390191	ENSG00000172362	OR5B12
Gene::390190	OR5B2	390190	ENSG00000172365	OR5B2
Gene::84331	FAM195A	84331	ENSG00000172366	MCRIP2
Gene::79849	PDZD3	79849	ENSG00000172367	NHERF4
Gene::9854	C2CD2L	9854	ENSG00000172375	C2CD2L
Gene::219954	OR9I1	219954	ENSG00000172377	OR9I1
Gene::9915	ARNT2	9915	ENSG00000172379	ARNT2
Gene::55970	GNG12	55970	ENSG00000172380	GNG12
Gene::83886	PRSS27	83886	ENSG00000172382	PRSS27
Gene::51778	MYOZ2	51778	ENSG00000172399	MYOZ2
Gene::171024	SYNPO2	171024	ENSG00000172403	SYNPO2
Gene::150353	DNAJB7	150353	ENSG00000172404	DNAJB7
Gene::10978	CLP1	10978	ENSG00000172409	CLP1
Gene::10022	INSL5	10022	ENSG00000172410	INSL5
Gene::146779	EFCAB3	146779	ENSG00000172421	EFCAB3
Gene::143941	TTC36	143941	ENSG00000172425	TTC36
Gene::221421	RSPH9	221421	ENSG00000172426	RSPH9
Gene::150678	MYEOV2	150678	ENSG00000172428	COPS9
Gene::54676	GTPBP2	54676	ENSG00000172432	GTPBP2
Gene::55277	FGGY	55277	ENSG00000172456	FGGY
Gene::283189	OR9G4	283189	ENSG00000172457	OR9G4
Gene::53342	IL17D	53342	ENSG00000172458	IL17D
Gene::219493	OR5AR1	219493	ENSG00000172459	OR5AR1
Gene::10690	FUT9	10690	ENSG00000172461	FUT9
Gene::338675	OR5AP2	338675	ENSG00000172464	OR5AP2
Gene::9338	TCEAL1	9338	ENSG00000172465	TCEAL1
Gene::7572	ZNF24	7572	ENSG00000172466	ZNF24
Gene::86614	HSFY1	86614	ENSG00000172468	HSFY1
Gene::79694	MANEA	79694	ENSG00000172469	MANEA
Gene::142684	RAB40A	142684	ENSG00000172476	RAB40A
Gene::79919	C2orf54	79919	ENSG00000172478	MAB21L4
Gene::189	AGXT	189	ENSG00000172482	AGXT
Gene::219477	OR8J1	219477	ENSG00000172487	OR8J1
Gene::390154	OR5T3	390154	ENSG00000172489	OR5T3
Gene::4299	AFF1	4299	ENSG00000172493	AFF1
Gene::134526	ACOT12	134526	ENSG00000172497	ACOT12
Gene::9158	FIBP	9158	ENSG00000172500	FIBP
Gene::57571	CARNS1	57571	ENSG00000172508	CARNS1
Gene::284433	OR10H5	284433	ENSG00000172519	OR10H5
Gene::54971	BANP	54971	ENSG00000172530	BANP
Gene::5499	PPP1CA	5499	ENSG00000172531	PPP1CA
Gene::3054	HCFC1	3054	ENSG00000172534	HCFC1
Gene::170370	FAM170B	170370	ENSG00000172538	FAM170B
Gene::1521	CTSW	1521	ENSG00000172543	CTSW
Gene::348938	NIPAL4	348938	ENSG00000172548	NIPAL4
Gene::118430	MUCL1	118430	ENSG00000172551	MUCL1
Gene::54221	SNTG2	54221	ENSG00000172554	SNTG2
Gene::408263	FNDC9	408263	ENSG00000172568	FNDC9
Gene::5139	PDE3A	5139	ENSG00000172572	PDE3A
Gene::10125	RASGRP1	10125	ENSG00000172575	RASGRP1
Gene::89857	KLHL6	89857	ENSG00000172578	KLHL6
Gene::118487	CHCHD1	118487	ENSG00000172586	CHCHD1
Gene::122704	MRPL52	122704	ENSG00000172590	MRPL52
Gene::10924	SMPDL3A	10924	ENSG00000172594	SMPDL3A
Gene::27289	RND1	27289	ENSG00000172602	RND1
Gene::5883	RAD9A	5883	ENSG00000172613	RAD9A
Gene::30008	EFEMP2	30008	ENSG00000172638	EFEMP2
Gene::121275	OR10AD1	121275	ENSG00000172640	OR10AD1
Gene::729092	AGAP5	729092	ENSG00000172650	AGAP5
Gene::253725	FAM21C	253725	ENSG00000172661	WASHC2C
Gene::80194	TMEM134	80194	ENSG00000172663	TMEM134
Gene::64393	ZMAT3	64393	ENSG00000172667	ZMAT3
Gene::93550	ZFAND4	93550	ENSG00000172671	ZFAND4
Gene::387357	THEMIS	387357	ENSG00000172673	THEMIS
Gene::4342	MOS	4342	ENSG00000172680	MOS
Gene::341116	MS4A10	341116	ENSG00000172689	MS4A10
Gene::91607	SLFN11	91607	ENSG00000172716	SLFN11
Gene::161142	FAM71D	161142	ENSG00000172717	GARIN2
Gene::6363	CCL19	6363	ENSG00000172724	CCL19
Gene::57175	CORO1B	57175	ENSG00000172725	CORO1B
Gene::84750	FUT10	84750	ENSG00000172728	POFUT3
Gene::55222	LRRC20	55222	ENSG00000172731	LRRC20
Gene::80198	MUS81	80198	ENSG00000172732	MUS81
Gene::29942	PURG	29942	ENSG00000172733	PURG
Gene::221468	TMEM217	221468	ENSG00000172738	TMEM217
Gene::390199	OR4D9	390199	ENSG00000172742	OR4D9
Gene::169270	ZNF596	169270	ENSG00000172748	ZNF596
Gene::256076	COL6A5	256076	ENSG00000172752	COL6A5
Gene::1072	CFL1	1072	ENSG00000172757	CFL1
Gene::23023	TMCC1	23023	ENSG00000172765	TMCC1
Gene::79612	NAA16	79612	ENSG00000172766	NAA16
Gene::441608	OR5B3	441608	ENSG00000172769	OR5B3
Gene::90288	EFCAB12	90288	ENSG00000172771	EFCAB12
Gene::81341	OR10W1	81341	ENSG00000172772	OR10W1
Gene::80011	FAM192A	80011	ENSG00000172775	PSME3IP1
Gene::339122	RAB43	339122	ENSG00000172780	RAB43
Gene::283985	FADS6	283985	ENSG00000172782	FADS6
Gene::55871	CBWD1	55871	ENSG00000172785	ZNG1A
Gene::3222	HOXC5	3222	ENSG00000172789	HOXC5
Gene::326624	RAB37	326624	ENSG00000172794	RAB37
Gene::167227	DCP2	167227	ENSG00000172795	DCP2
Gene::254122	SNX32	254122	ENSG00000172803	SNX32
Gene::6169	RPL38	6169	ENSG00000172809	RPL38
Gene::9420	CYP7B1	9420	ENSG00000172817	CYP7B1
Gene::5017	OVOL1	5017	ENSG00000172818	OVOL1
Gene::5916	RARG	5916	ENSG00000172819	RARG
Gene::283848	CES4A	283848	ENSG00000172824	CES4A
Gene::23491	CES3	23491	ENSG00000172828	CES3
Gene::54961	SSH3	54961	ENSG00000172830	SSH3
Gene::8824	CES2	8824	ENSG00000172831	CES2
Gene::57546	PDP2	57546	ENSG00000172840	PDP2
Gene::6670	SP3	6670	ENSG00000172845	SP3
Gene::3849	KRT2	3849	ENSG00000172867	KRT2
Gene::1657	DMXL1	1657	ENSG00000172869	DMXL1
Gene::254042	METAP1D	254042	ENSG00000172878	METAP1D
Gene::285268	ZNF621	285268	ENSG00000172888	ZNF621
Gene::51162	EGFL7	51162	ENSG00000172889	EGFL7
Gene::55191	NADSYN1	55191	ENSG00000172890	NADSYN1
Gene::1717	DHCR7	1717	ENSG00000172893	DHCR7
Gene::206338	LVRN	206338	ENSG00000172901	LVRN
Gene::26960	NBEA	26960	ENSG00000172915	NBEA
Gene::84153	RNASEH2C	84153	ENSG00000172922	RNASEH2C
Gene::26579	MYEOV	26579	ENSG00000172927	MYEOV
Gene::338692	ANKRD13D	338692	ENSG00000172932	ANKRD13D
Gene::116535	MRGPRF	116535	ENSG00000172935	MRGPRF
Gene::4615	MYD88	4615	ENSG00000172936	MYD88
Gene::116512	MRGPRD	116512	ENSG00000172938	MRGPRD
Gene::9943	OXSR1	9943	ENSG00000172939	OXSR1
Gene::9390	SLC22A13	9390	ENSG00000172940	SLC22A13
Gene::23133	PHF8	23133	ENSG00000172943	PHF8
Gene::253558	LCLAT1	253558	ENSG00000172954	LCLAT1
Gene::130	ADH6	130	ENSG00000172955	ADH6
Gene::150165	XKR3	150165	ENSG00000172967	XKR3
Gene::100288801	FRG2C	100288801	ENSG00000172969	FRG2C
Gene::10524	KAT5	10524	ENSG00000172977	KAT5
Gene::344558	SH3RF3	344558	ENSG00000172985	SH3RF3
Gene::727936	GXYLT2	727936	ENSG00000172986	GXYLT2
Gene::60495	HPSE2	60495	ENSG00000172987	HPSE2
Gene::79877	DCAKD	79877	ENSG00000172992	DCAKD
Gene::10777	ARPP21	10777	ENSG00000172995	ARPP21
Gene::93624	TADA2B	93624	ENSG00000173011	TADA2B
Gene::257236	CCDC96	257236	ENSG00000173013	CFAP184
Gene::156	ADRBK1	156	ENSG00000173020	GRK2
Gene::5970	RELA	5970	ENSG00000173039	RELA
Gene::132884	EVC2	132884	ENSG00000173040	EVC2
Gene::340252	ZNF680	340252	ENSG00000173041	ZNF680
Gene::283450	HECTD4	283450	ENSG00000173064	HECTD4
Gene::55731	FAM222B	55731	ENSG00000173065	FAM222B
Gene::54796	BNC2	54796	ENSG00000173068	BNC2
Gene::50514	DEC1	50514	ENSG00000173077	DELEC1
Gene::339403	RXFP4	339403	ENSG00000173080	RXFP4
Gene::10855	HPSE	10855	ENSG00000173083	HPSE
Gene::27235	COQ2	27235	ENSG00000173085	COQ2
Gene::160762	CCDC63	160762	ENSG00000173093	CCDC63
Gene::3310	HSPA6	3310	ENSG00000173110	HSPA6
Gene::51504	TRMT112	51504	ENSG00000173113	TRMT112
Gene::54674	LRRN3	54674	ENSG00000173114	LRRN3
Gene::22992	KDM2A	22992	ENSG00000173120	KDM2A
Gene::142827	ACSM6	142827	ENSG00000173124	ACSM6
Gene::203054	ADCK5	203054	ENSG00000173137	ADCK5
Gene::78988	MRPL57	78988	ENSG00000173141	MRPL57
Gene::64318	NOC3L	64318	ENSG00000173145	NOC3L
Gene::2101	ESRRA	2101	ENSG00000173153	ESRRA
Gene::29984	RHOD	29984	ENSG00000173156	RHOD
Gene::80070	ADAMTS20	80070	ENSG00000173157	ADAMTS20
Gene::150684	COMMD1	150684	ENSG00000173163	COMMD1
Gene::65059	RAPH1	65059	ENSG00000173166	RAPH1
Gene::4580	MTX1	4580	ENSG00000173171	MTX1
Gene::111	ADCY5	111	ENSG00000173175	ADCY5
Gene::54625	PARP14	54625	ENSG00000173193	PARP14
Gene::10800	CYSLTR1	10800	ENSG00000173198	CYSLTR1
Gene::165631	PARP15	165631	ENSG00000173200	PARP15
Gene::1163	CKS1B	1163	ENSG00000173207	CKS1B
Gene::225	ABCD2	225	ENSG00000173208	ABCD2
Gene::130872	AHSA2	130872	ENSG00000173209	AHSA2P
Gene::22885	ABLIM3	22885	ENSG00000173210	ABLIM3
Gene::126868	MAB21L3	126868	ENSG00000173212	MAB21L3
Gene::91749	KIAA1919	91749	ENSG00000173214	SLC60A2
Gene::81839	VANGL1	81839	ENSG00000173218	VANGL1
Gene::2745	GLRX	2745	ENSG00000173221	GLRX
Gene::9657	IQCB1	9657	ENSG00000173226	IQCB1
Gene::91683	SYT12	91683	ENSG00000173227	SYT12
Gene::2804	GOLGB1	2804	ENSG00000173230	GOLGB1
Gene::254439	C11orf86	254439	ENSG00000173237	C11orf86
Gene::340654	LIPM	340654	ENSG00000173239	LIPM
Gene::134391	GPR151	134391	ENSG00000173250	GPR151
Gene::10655	DMRT2	10655	ENSG00000173253	DMRT2
Gene::158399	ZNF483	158399	ENSG00000173258	ZNF483
Gene::153770	PLAC8L1	153770	ENSG00000173261	PLAC8L1
Gene::144195	SLC2A14	144195	ENSG00000173262	SLC2A14
Gene::56834	GPR137	56834	ENSG00000173264	GPR137
Gene::6623	SNCG	6623	ENSG00000173267	SNCG
Gene::79812	MMRN2	79812	ENSG00000173269	MMRN2
Gene::653784	MZT2A	653784	ENSG00000173272	MZT2A
Gene::8658	TNKS	8658	ENSG00000173273	TNKS
Gene::203523	ZNF449	203523	ENSG00000173275	ZNF449
Gene::49854	ZBTB21	49854	ENSG00000173276	ZBTB21
Gene::79660	PPP1R3B	79660	ENSG00000173281	PPP1R3B
Gene::391109	OR10K1	391109	ENSG00000173285	OR10K1
Gene::344561	GPR148	344561	ENSG00000173302	GPR148
Gene::56977	STOX2	56977	ENSG00000173320	STOX2
Gene::4296	MAP3K11	4296	ENSG00000173327	MAP3K11
Gene::10221	TRIB1	10221	ENSG00000173334	TRIB1
Gene::128822	CST9	128822	ENSG00000173335	CST9
Gene::10089	KCNK7	10089	ENSG00000173338	KCNK7
Gene::84826	SFT2D3	84826	ENSG00000173349	SFT2D3
Gene::713	C1QB	713	ENSG00000173369	C1QB
Gene::712	C1QA	712	ENSG00000173372	C1QA
Gene::79625	NDNF	79625	ENSG00000173376	NDNF
Gene::132141	IQCF1	132141	ENSG00000173389	IQCF1
Gene::4973	OLR1	4973	ENSG00000173391	OLR1
Gene::256710	GLIPR1L1	256710	ENSG00000173401	GLIPR1L1
Gene::1605	DAG1	1605	ENSG00000173402	DAG1
Gene::3642	INSM1	3642	ENSG00000173404	INSM1
Gene::1600	DAB1	1600	ENSG00000173406	DAB1
Gene::64801	ARV1	64801	ENSG00000173409	ARV1
Gene::51126	NAA20	51126	ENSG00000173418	NAA20
Gene::339834	CCDC36	339834	ENSG00000173421	IHO1
Gene::122665	RNASE8	122665	ENSG00000173431	RNASE8
Gene::6288	SAA1	6288	ENSG00000173432	SAA1
Gene::440574	MINOS1	440574	ENSG00000173436	MICOS10
Gene::254102	EHBP1L1	254102	ENSG00000173442	EHBP1L1
Gene::83591	THAP2	83591	ENSG00000173451	THAP2
Gene::256130	TMEM196	256130	ENSG00000173452	TMEM196
Gene::79102	RNF26	79102	ENSG00000173456	RNF26
Gene::26472	PPP1R14B	26472	ENSG00000173457	PPP1R14B
Gene::122651	RNASE11	122651	ENSG00000173464	RNASE11
Gene::10534	SSSCA1	10534	ENSG00000173465	ZNRD2
Gene::155465	AGR3	155465	ENSG00000173467	AGR3
Gene::6599	SMARCC1	6599	ENSG00000173473	SMARCC1
Gene::147687	ZNF417	147687	ENSG00000173480	ZNF417
Gene::5797	PTPRM	5797	ENSG00000173482	PTPRM
Gene::2286	FKBP2	2286	ENSG00000173486	FKBP2
Gene::7423	VEGFB	7423	ENSG00000173511	VEGFB
Gene::79834	PEAK1	79834	ENSG00000173517	PEAK1
Gene::8793	TNFRSF10D	8793	ENSG00000173530	TNFRSF10D
Gene::4485	MST1	4485	ENSG00000173531	MST1
Gene::8794	TNFRSF10C	8794	ENSG00000173535	TNFRSF10C
Gene::29925	GMPPB	29925	ENSG00000173540	GMPPB
Gene::92597	MOB1B	92597	ENSG00000173542	MOB1B
Gene::90441	ZNF622	90441	ENSG00000173545	ZNF622
Gene::1464	CSPG4	1464	ENSG00000173546	CSPG4
Gene::257364	SNX33	257364	ENSG00000173548	SNX33
Gene::339778	C2orf70	339778	ENSG00000173557	CIMIP2C
Gene::64859	NABP1	64859	ENSG00000173559	NABP1
Gene::165082	ADGRF3	165082	ENSG00000173567	ADGRF3
Gene::126204	NLRP13	126204	ENSG00000173572	NLRP13
Gene::1106	CHD2	1106	ENSG00000173575	CHD2
Gene::2829	XCR1	2829	ENSG00000173578	XCR1
Gene::29903	CCDC106	29903	ENSG00000173581	CCDC106
Gene::10803	CCR9	10803	ENSG00000173585	CCR9
Gene::51134	CEP83	51134	ENSG00000173588	CEP83
Gene::27284	SULT1B1	27284	ENSG00000173597	SULT1B1
Gene::11163	NUDT4	11163	ENSG00000173598	NUDT4
Gene::5091	PC	5091	ENSG00000173599	PC
Gene::10941	UGT2A1	10941	ENSG00000173610	UGT2A1
Gene::286205	SCAI	286205	ENSG00000173611	SCAI
Gene::222545	GPRC6A	222545	ENSG00000173612	GPRC6A
Gene::64802	NMNAT1	64802	ENSG00000173614	NMNAT1
Gene::78999	LRFN4	78999	ENSG00000173621	LRFN4
Gene::100128327	TRAPPC3L	100128327	ENSG00000173626	TRAPPC3L
Gene::403314	APOBEC4	403314	ENSG00000173627	APOBEC4
Gene::6573	SLC19A1	6573	ENSG00000173638	SLC19A1
Gene::27129	HSPB7	27129	ENSG00000173641	HSPB7
Gene::9986	RCE1	9986	ENSG00000173653	RCE1
Gene::7388	UQCRH	7388	ENSG00000173660	UQCRH
Gene::80835	TAS1R1	80835	ENSG00000173662	TAS1R1
Gene::390992	HES3	390992	ENSG00000173673	HES3
Gene::1964	EIF1AX	1964	ENSG00000173674	EIF1AX
Gene::100310812	SPDYE2B	100310812	ENSG00000173678	SPDYE2B
Gene::26737	OR1L1	26737	ENSG00000173679	OR1L1
Gene::256643	CXorf23	256643	ENSG00000173681	BCLAF3
Gene::5707	PSMD1	5707	ENSG00000173692	PSMD1
Gene::10149	ADGRG2	10149	ENSG00000173698	ADGRG2
Gene::130560	SPATA3	130560	ENSG00000173699	SPATA3
Gene::56667	MUC13	56667	ENSG00000173702	MUC13
Gene::26032	SUSD5	26032	ENSG00000173705	SUSD5
Gene::57493	HEG1	57493	ENSG00000173706	HEG1
Gene::124857	WFIKKN2	124857	ENSG00000173714	WFIKKN2
Gene::79703	C11orf80	79703	ENSG00000173715	TOP6BL
Gene::9804	TOMM20	9804	ENSG00000173726	TOMM20
Gene::101927789	LOC101927789	101927789	ENSG00000173727	FAUP4
Gene::200159	C1orf100	200159	ENSG00000173728	SPMIP3
Gene::3267	AGFG1	3267	ENSG00000173744	AGFG1
Gene::6777	STAT5B	6777	ENSG00000173757	STAT5B
Gene::924	CD7	924	ENSG00000173762	CD7
Gene::375337	TOPAZ1	375337	ENSG00000173769	TOPAZ1
Gene::1267	CNP	1267	ENSG00000173786	CNP
Gene::3728	JUP	3728	ENSG00000173801	JUP
Gene::9001	HAP1	9001	ENSG00000173805	HAP1
Gene::91646	TDRD12	91646	ENSG00000173809	TDRD12
Gene::10209	EIF1	10209	ENSG00000173812	EIF1
Gene::284131	ENDOV	284131	ENSG00000173818	ENDOV
Gene::57674	RNF213	57674	ENSG00000173821	RNF213
Gene::220359	TIGD3	220359	ENSG00000173825	TIGD3
Gene::81033	KCNH6	81033	ENSG00000173826	KCNH6
Gene::162333	MARCH10	162333	ENSG00000173838	MARCHF10
Gene::1263	PLK3	1263	ENSG00000173846	PLK3
Gene::10276	NET1	10276	ENSG00000173848	NET1
Gene::23333	DPY19L1	23333	ENSG00000173852	DPY19L1
Gene::162466	PHOSPHO1	162466	ENSG00000173868	PHOSPHO1
Gene::163049	ZNF791	163049	ENSG00000173875	ZNF791
Gene::80012	PHC3	80012	ENSG00000173889	PHC3
Gene::26996	GPR160	26996	ENSG00000173890	GPR160
Gene::84733	CBX2	84733	ENSG00000173894	CBX2
Gene::6712	SPTBN2	6712	ENSG00000173898	SPTBN2
Gene::27333	GOLIM4	27333	ENSG00000173905	GOLIM4
Gene::162605	KRT28	162605	ENSG00000173908	KRT28
Gene::83759	RBM4B	83759	ENSG00000173914	RBM4B
Gene::84833	USMG5	84833	ENSG00000173915	ATP5MK
Gene::3212	HOXB2	3212	ENSG00000173917	HOXB2
Gene::114897	C1QTNF1	114897	ENSG00000173918	C1QTNF1
Gene::115123	MARCH3	115123	ENSG00000173926	MARCHF3
Gene::126074	SWSAP1	126074	ENSG00000173928	SWSAP1
Gene::353189	SLCO4C1	353189	ENSG00000173930	SLCO4C1
Gene::5936	RBM4	5936	ENSG00000173933	RBM4
Gene::128344	PIFO	128344	ENSG00000173947	CIMAP3
Gene::152002	XXYLT1	152002	ENSG00000173950	XXYLT1
Gene::165324	UBXN2A	165324	ENSG00000173960	UBXN2A
Gene::101928879	LOC101928879	101928879	ENSG00000173966	COMMD5P1
Gene::84839	RAX2	84839	ENSG00000173976	RAX2
Gene::220416	LRRC63	220416	ENSG00000173988	LRRC63
Gene::8557	TCAP	8557	ENSG00000173991	TCAP
Gene::9973	CCS	9973	ENSG00000173992	CCS
Gene::375387	NRROS	375387	ENSG00000174004	NRROS
Gene::84984	CEP19	84984	ENSG00000174007	CEP19
Gene::80311	KLHL15	80311	ENSG00000174010	KLHL15
Gene::200933	FBXO45	200933	ENSG00000174013	FBXO45
Gene::220082	SPERT	220082	ENSG00000174015	CBY2
Gene::169966	FAM46D	169966	ENSG00000174016	TENT5D
Gene::2787	GNG5	2787	ENSG00000174021	GNG5
Gene::253512	SLC25A30	253512	ENSG00000174032	SLC25A30
Gene::138724	C9orf131	138724	ENSG00000174038	SPATA31G1
Gene::947	CD34	947	ENSG00000174059	CD34
Gene::8722	CTSF	8722	ENSG00000174080	CTSF
Gene::253827	MSRB3	253827	ENSG00000174099	MSRB3
Gene::23592	LEMD3	23592	ENSG00000174106	LEMD3
Gene::283951	C16orf91	283951	ENSG00000174109	UQCC4
Gene::81793	TLR10	81793	ENSG00000174123	TLR10
Gene::7096	TLR1	7096	ENSG00000174125	TLR1
Gene::10333	TLR6	10333	ENSG00000174130	TLR6
Gene::345757	FAM174A	345757	ENSG00000174132	FAM174A
Gene::285704	RGMB	285704	ENSG00000174136	RGMB
Gene::152877	FAM53A	152877	ENSG00000174137	FAM53A
Gene::57495	NWD2	57495	ENSG00000174145	NWD2
Gene::284613	CYB561D1	284613	ENSG00000174151	CYB561D1
Gene::2940	GSTA3	2940	ENSG00000174156	GSTA3
Gene::254359	ZDHHC24	254359	ENSG00000174165	ZDHHC24
Gene::54931	TRMT10C	54931	ENSG00000174173	TRMT10C
Gene::6403	SELP	6403	ENSG00000174175	SELP
Gene::348180	CTU2	348180	ENSG00000174177	CTU2
Gene::23269	MGA	23269	ENSG00000174197	MGA
Gene::144577	C12orf66	144577	ENSG00000174206	KICS2
Gene::392509	ARL13A	392509	ENSG00000174225	ARL13A
Gene::169166	SNX31	169166	ENSG00000174226	SNX31
Gene::54872	PIGG	54872	ENSG00000174227	PIGG
Gene::10594	PRPF8	10594	ENSG00000174231	PRPF8
Gene::112	ADCY6	112	ENSG00000174233	ADCY6
Gene::387849	REP15	387849	ENSG00000174236	REP15
Gene::5306	PITPNA	5306	ENSG00000174238	PITPNA
Gene::9416	DDX23	9416	ENSG00000174243	DDX23
Gene::7634	ZNF80	7634	ENSG00000174255	ZNF80
Gene::741	ZNHIT2	741	ENSG00000174276	ZNHIT2
Gene::344191	EVX2	344191	ENSG00000174279	EVX2
Gene::57659	ZBTB4	57659	ENSG00000174282	ZBTB4
Gene::8711	TNK1	8711	ENSG00000174292	TNK1
Gene::23051	ZHX3	23051	ENSG00000174306	ZHX3
Gene::23612	PHLDA3	23612	ENSG00000174307	PHLDA3
Gene::116093	DIRC1	116093	ENSG00000174325	DIRC1
Gene::162515	SLC16A11	162515	ENSG00000174326	SLC16A11
Gene::201232	SLC16A13	201232	ENSG00000174327	SLC16A13
Gene::148979	GLIS1	148979	ENSG00000174332	GLIS1
Gene::134083	OR2Y1	134083	ENSG00000174339	OR2Y1
Gene::55584	CHRNA9	55584	ENSG00000174343	CHRNA9
Gene::127435	PODN	127435	ENSG00000174348	PODN
Gene::340024	SLC6A19	340024	ENSG00000174358	SLC6A19
Gene::219833	C11orf45	219833	ENSG00000174370	KCNJ5-AS1
Gene::9156	EXO1	9156	ENSG00000174371	EXO1
Gene::253959	RALGAPA1	253959	ENSG00000174373	RALGAPA1
Gene::3981	LIG4	3981	ENSG00000174405	LIG4
Gene::128826	MIR1-1HG	128826	ENSG00000174407	MIR1-1HG
Gene::7201	TRHR	7201	ENSG00000174417	TRHR
Gene::389524	GTF2IRD2B	389524	ENSG00000174428	GTF2IRD2B
Gene::137735	ABRA	137735	ENSG00000174429	ABRA
Gene::488	ATP2A2	488	ENSG00000174437	ATP2A2
Gene::55055	ZWILCH	55055	ENSG00000174442	ZWILCH
Gene::6124	RPL4	6124	ENSG00000174444	RPL4
Gene::10302	SNAPC5	10302	ENSG00000174446	SNAPC5
Gene::147323	STARD6	147323	ENSG00000174448	STARD6
Gene::283685	GOLGA6L2	283685	ENSG00000174450	GOLGA6L2
Gene::402117	VWC2L	402117	ENSG00000174453	VWC2L
Gene::400073	C12orf76	400073	ENSG00000174456	C12orf76
Gene::170261	ZCCHC12	170261	ENSG00000174460	ZCCHC12
Gene::26047	CNTNAP2	26047	ENSG00000174469	CNTNAP2
Gene::442117	GALNTL6	442117	ENSG00000174473	GALNTL6
Gene::158038	LINGO2	158038	ENSG00000174482	LINGO2
Gene::582	BBS1	582	ENSG00000174483	BBS1
Gene::10260	DENND4A	10260	ENSG00000174485	DENND4A
Gene::9543	IGDCC3	9543	ENSG00000174498	IGDCC3
Gene::257144	GCSAM	257144	ENSG00000174500	GCSAM
Gene::400986	ANKRD36C	400986	ENSG00000174501	ANKRD36C
Gene::115019	SLC26A9	115019	ENSG00000174502	SLC26A9
Gene::148808	MFSD4	148808	ENSG00000174514	SLC60A1
Gene::246330	PELI3	246330	ENSG00000174516	PELI3
Gene::148014	TTC9B	148014	ENSG00000174521	TTC9B
Gene::283446	MYO1H	283446	ENSG00000174527	MYO1H
Gene::388730	TMEM81	388730	ENSG00000174529	TMEM81
Gene::65003	MRPL11	65003	ENSG00000174547	MRPL11
Gene::55554	KLK15	55554	ENSG00000174562	KLK15
Gene::53833	IL20RB	53833	ENSG00000174564	IL20RB
Gene::127845	GOLT1A	127845	ENSG00000174567	GOLT1A
Gene::79647	AKIRIN1	79647	ENSG00000174574	AKIRIN1
Gene::266743	NPAS4	266743	ENSG00000174576	NPAS4
Gene::55167	MSL2	55167	ENSG00000174579	MSL2
Gene::162968	ZNF497	162968	ENSG00000174586	ZNF497
Gene::133022	TRAM1L1	133022	ENSG00000174599	TRAM1L1
Gene::1240	CMKLR1	1240	ENSG00000174600	CMKLR1
Gene::90806	ANGEL2	90806	ENSG00000174606	ANGEL2
Gene::7368	UGT8	7368	ENSG00000174607	UGT8
Gene::339855	KY	339855	ENSG00000174611	KY
Gene::124152	IQCK	124152	ENSG00000174628	IQCK
Gene::6578	SLCO2A1	6578	ENSG00000174640	SLCO2A1
Gene::10781	ZNF266	10781	ENSG00000174652	ZNF266
Gene::125958	OR7D4	125958	ENSG00000174667	OR7D4
Gene::3177	SLC29A2	3177	ENSG00000174669	SLC29A2
Gene::9024	BRSK2	9024	ENSG00000174672	BRSK2
Gene::11041	B4GAT1	11041	ENSG00000174684	B4GAT1
Gene::153339	TMEM167A	153339	ENSG00000174695	TMEM167A
Gene::3952	LEP	3952	ENSG00000174697	LEP
Gene::285590	SH3PXD2B	285590	ENSG00000174705	SH3PXD2B
Gene::55196	KIAA1551	55196	ENSG00000174718	RESF1
Gene::51574	LARP7	51574	ENSG00000174720	LARP7
Gene::143282	FGFBP3	143282	ENSG00000174721	FGFBP3
Gene::9975	NR1D2	9975	ENSG00000174738	NR1D2
Gene::140886	PABPC5	140886	ENSG00000174740	PABPC5
Gene::25855	BRMS1	25855	ENSG00000174744	BRMS1
Gene::6138	RPL15	6138	ENSG00000174748	RPL15
Gene::132720	C4orf32	132720	ENSG00000174749	FAM241A
Gene::3265	HRAS	3265	ENSG00000174775	HRAS
Gene::151790	WDR49	151790	ENSG00000174776	WDR49
Gene::6731	SRP72	6731	ENSG00000174780	SRP72
Gene::126006	PCP2	126006	ENSG00000174788	PCP2
Gene::9610	RIN1	9610	ENSG00000174791	RIN1
Gene::152816	C4orf26	152816	ENSG00000174792	ODAPH
Gene::152815	THAP6	152815	ENSG00000174796	THAP6
Gene::9662	CEP135	9662	ENSG00000174799	CEP135
Gene::8322	FZD4	8322	ENSG00000174804	FZD4
Gene::57124	CD248	57124	ENSG00000174807	CD248
Gene::685	BTC	685	ENSG00000174808	BTC
Gene::5174	PDZK1	5174	ENSG00000174827	PDZK1
Gene::2015	ADGRE1	2015	ENSG00000174837	ADGRE1
Gene::201627	DENND6A	201627	ENSG00000174839	DENND6A
Gene::201626	PDE12	201626	ENSG00000174840	PDE12
Gene::11146	GLMN	11146	ENSG00000174842	GLMN
Gene::201625	DNAH12	201625	ENSG00000174844	DNAH12
Gene::10897	YIF1A	10897	ENSG00000174851	YIF1A
Gene::254263	CNIH2	254263	ENSG00000174871	CNIH2
Gene::277	AMY1B	277	ENSG00000174876	AMY1B
Gene::171389	NLRP6	171389	ENSG00000174885	NLRP6
Gene::126328	NDUFA11	126328	ENSG00000174886	NDUFA11
Gene::51319	RSRC1	51319	ENSG00000174891	RSRC1
Gene::257062	CATSPERD	257062	ENSG00000174898	CATSPERD
Gene::152078	PQLC2L	152078	ENSG00000174899	SLC66A1LP
Gene::81876	RAB1B	81876	ENSG00000174903	RAB1B
Gene::390174	OR9G1	390174	ENSG00000174914	OR9G1
Gene::81490	PTDSS2	81490	ENSG00000174915	PTDSS2
Gene::125988	C19orf70	125988	ENSG00000174917	MICOS13
Gene::285315	C3orf33	285315	ENSG00000174928	MISO1
Gene::219482	OR5M3	219482	ENSG00000174937	OR5M3
Gene::26470	SEZ6L2	26470	ENSG00000174938	SEZ6L2
Gene::253982	ASPHD1	253982	ENSG00000174939	ASPHD1
Gene::253980	KCTD13	253980	ENSG00000174943	KCTD13
Gene::9934	P2RY14	9934	ENSG00000174944	P2RY14
Gene::155185	AMZ1	155185	ENSG00000174945	AMZ1
Gene::29909	GPR171	29909	ENSG00000174946	GPR171
Gene::344758	GPR149	344758	ENSG00000174948	GPR149
Gene::388611	CD164L2	388611	ENSG00000174950	CD164L2
Gene::2523	FUT1	2523	ENSG00000174951	FUT1
Gene::170506	DHX36	170506	ENSG00000174953	DHX36
Gene::282775	OR5J2	282775	ENSG00000174957	OR5J2
Gene::84107	ZIC4	84107	ENSG00000174963	ZIC4
Gene::282770	OR10AG1	282770	ENSG00000174970	OR10AG1
Gene::219431	OR4S2	219431	ENSG00000174982	OR4S2
Gene::26259	FBXW8	26259	ENSG00000174989	FBXW8
Gene::763	CA5A	763	ENSG00000174990	CA5A
Gene::653808	ZG16	653808	ENSG00000174992	ZG16
Gene::64837	KLC2	64837	ENSG00000174996	KLC2
Gene::6580	SLC22A1	6580	ENSG00000175003	SLC22A1
Gene::387718	TEX36	387718	ENSG00000175018	TEX36
Gene::1488	CTBP2	1488	ENSG00000175029	CTBP2
Gene::9435	CHST2	9435	ENSG00000175040	CHST2
Gene::79683	ZDHHC14	79683	ENSG00000175048	ZDHHC14
Gene::545	ATR	545	ENSG00000175054	ATR
Gene::11065	UBE2C	11065	ENSG00000175063	UBE2C
Gene::147409	DSG4	147409	ENSG00000175065	DSG4
Gene::256356	GK5	256356	ENSG00000175066	GK5
Gene::80124	VCPIP1	80124	ENSG00000175073	VCPIP1
Gene::132112	RTP1	132112	ENSG00000175077	RTP1
Gene::1674	DES	1674	ENSG00000175084	DES
Gene::149420	PDIK1L	149420	ENSG00000175087	PDIK1L
Gene::92369	SPSB4	92369	ENSG00000175093	SPSB4
Gene::5897	RAG2	5897	ENSG00000175097	RAG2
Gene::7189	TRAF6	7189	ENSG00000175104	TRAF6
Gene::55279	ZNF654	55279	ENSG00000175105	ZNF654
Gene::201158	TVP23C	201158	ENSG00000175106	TVP23C
Gene::56945	MRPS22	56945	ENSG00000175110	MRPS22
Gene::55690	PACS1	55690	ENSG00000175115	PACS1
Gene::149708	WFDC5	149708	ENSG00000175121	WFDC5
Gene::65108	MARCKSL1	65108	ENSG00000175130	MARCKSL1
Gene::80851	SH3BP5L	80851	ENSG00000175137	SH3BP5L
Gene::26696	OR2T1	26696	ENSG00000175143	OR2T1
Gene::388403	YPEL2	388403	ENSG00000175155	YPEL2
Gene::253559	CADM2	253559	ENSG00000175161	CADM2
Gene::28	ABO	28	ENSG00000175164	ABO
Gene::5708	PSMD2	5708	ENSG00000175166	PSMD2
Gene::22843	PPM1E	22843	ENSG00000175175	PPM1E
Gene::131408	FAM131A	131408	ENSG00000175182	FAM131A
Gene::1466	CSRP2	1466	ENSG00000175183	CSRP2
Gene::3626	INHBC	3626	ENSG00000175189	INHBC
Gene::55486	PARL	55486	ENSG00000175193	PARL
Gene::1649	DDIT3	1649	ENSG00000175197	DDIT3
Gene::5095	PCCA	5095	ENSG00000175198	PCCA
Gene::10540	DCTN2	10540	ENSG00000175203	DCTN2
Gene::4878	NPPA	4878	ENSG00000175206	NPPA
Gene::79797	ZNF408	79797	ENSG00000175213	ZNF408
Gene::10106	CTDSP2	10106	ENSG00000175215	CTDSP2
Gene::9793	CKAP5	9793	ENSG00000175216	CKAP5
Gene::392	ARHGAP1	392	ENSG00000175220	ARHGAP1
Gene::10025	MED16	10025	ENSG00000175221	MED16
Gene::9776	ATG13	9776	ENSG00000175224	ATG13
Gene::89792	GAL3ST3	89792	ENSG00000175229	GAL3ST3
Gene::148345	C1orf127	148345	ENSG00000175262	CIROZ
Gene::8534	CHST1	8534	ENSG00000175264	CHST1
Gene::23015	GOLGA8A	23015	ENSG00000175265	GOLGA8A
Gene::146177	VWA3A	146177	ENSG00000175267	VWA3A
Gene::9537	TP53I11	9537	ENSG00000175274	TP53I11
Gene::378708	APITD1	378708	ENSG00000175279	CENPS
Gene::22845	DOLK	22845	ENSG00000175283	DOLK
Gene::254295	PHYHD1	254295	ENSG00000175287	PHYHD1
Gene::117144	CATSPER1	117144	ENSG00000175294	CATSPER1
Gene::9134	CCNE2	9134	ENSG00000175305	CCNE2
Gene::85007	PHYKPL	85007	ENSG00000175309	PHYKPL
Gene::257629	ANKS4B	257629	ENSG00000175311	ANKS4B
Gene::1474	CST6	1474	ENSG00000175315	CST6
Gene::196996	GRAMD2	196996	ENSG00000175318	GRAMD2A
Gene::162655	ZNF519	162655	ENSG00000175322	ZNF519
Gene::27257	LSM1	27257	ENSG00000175324	LSM1
Gene::5626	PROP1	5626	ENSG00000175325	PROP1
Gene::91464	ISX	91464	ENSG00000175329	ISX
Gene::8815	BANF1	8815	ENSG00000175334	BANF1
Gene::319	APOF	319	ENSG00000175336	APOF
Gene::1139	CHRNA7	1139	ENSG00000175344	CHRNA7
Gene::56674	TMEM9B	56674	ENSG00000175348	TMEM9B
Gene::56675	NRIP3	56675	ENSG00000175352	NRIP3
Gene::5771	PTPN2	5771	ENSG00000175354	PTPN2
Gene::57758	SCUBE2	57758	ENSG00000175356	SCUBE2
Gene::84285	EIF1AD	84285	ENSG00000175376	EIF1AD
Gene::4087	SMAD2	4087	ENSG00000175387	SMAD2
Gene::8665	EIF3F	8665	ENSG00000175390	EIF3F
Gene::219749	ZNF25	219749	ENSG00000175395	ZNF25
Gene::121130	OR10P1	121130	ENSG00000175398	OR10P1
Gene::285598	ARL10	285598	ENSG00000175414	ARL10
Gene::1212	CLTB	1212	ENSG00000175416	CLTB
Gene::5122	PCSK1	5122	ENSG00000175426	PCSK1
Gene::4023	LPL	4023	ENSG00000175445	LPL
Gene::317671	RFESD	317671	ENSG00000175449	RFESD
Gene::64770	CCDC14	64770	ENSG00000175455	CCDC14
Gene::374403	TBC1D10C	374403	ENSG00000175463	TBC1D10C
Gene::9092	SART1	9092	ENSG00000175467	SART1
Gene::55844	PPP2R2D	55844	ENSG00000175470	PPP2R2D
Gene::79772	MCTP1	79772	ENSG00000175471	MCTP1
Gene::57804	POLD4	57804	ENSG00000175482	POLD4
Gene::120787	OR52W1	120787	ENSG00000175485	OR52W1
Gene::126364	LRRC25	126364	ENSG00000175489	LRRC25
Gene::57628	DPP10	57628	ENSG00000175497	DPP10
Gene::23529	CLCF1	23529	ENSG00000175505	CLCF1
Gene::254187	TSGA10IP	254187	ENSG00000175513	TSGA10IP
Gene::390212	GPR152	390212	ENSG00000175514	GPR152
Gene::143630	UBQLNL	143630	ENSG00000175518	UBQLNL
Gene::50613	UBQLN3	50613	ENSG00000175520	UBQLN3
Gene::5406	PNLIP	5406	ENSG00000175535	PNLIP
Gene::387787	LIPT2	387787	ENSG00000175536	LIPT2
Gene::10008	KCNE3	10008	ENSG00000175538	KCNE3
Gene::57010	CABP4	57010	ENSG00000175544	CABP4
Gene::144245	ALG10B	144245	ENSG00000175548	ALG10B
Gene::10589	DRAP1	10589	ENSG00000175550	DRAP1
Gene::79836	LONRF3	79836	ENSG00000175556	LONRF3
Gene::7352	UCP3	7352	ENSG00000175564	UCP3
Gene::7351	UCP2	7351	ENSG00000175567	UCP2
Gene::83638	C11orf68	83638	ENSG00000175573	C11orf68
Gene::80227	PAAF1	80227	ENSG00000175575	PAAF1
Gene::51642	MRPL48	51642	ENSG00000175581	MRPL48
Gene::5870	RAB6A	5870	ENSG00000175582	RAB6A
Gene::5029	P2RY2	5029	ENSG00000175591	P2RY2
Gene::8061	FOSL1	8061	ENSG00000175592	FOSL1
Gene::2072	ERCC4	2072	ENSG00000175595	ERCC4
Gene::79783	SUGCT	79783	ENSG00000175600	SUGCT
Gene::11007	CCDC85B	11007	ENSG00000175602	CCDC85B
Gene::54968	TMEM70	54968	ENSG00000175606	TMEM70
Gene::119765	OR4B1	119765	ENSG00000175619	OR4B1
Gene::6199	RPS6KB2	6199	ENSG00000175634	RPS6KB2
Gene::116028	RMI2	116028	ENSG00000175643	RMI2
Gene::5619	PRM1	5619	ENSG00000175646	PRM1
Gene::146691	TOM1L2	146691	ENSG00000175662	TOM1L2
Gene::122046	TEX26	122046	ENSG00000175664	TEX26
Gene::58492	ZNF77	58492	ENSG00000175691	ZNF77
Gene::165829	GPR156	165829	ENSG00000175697	GPR156
Gene::126695	KDF1	126695	ENSG00000175707	KDF1
Gene::146712	B3GNTL1	146712	ENSG00000175711	QTGAL
Gene::139804	RBMXL3	139804	ENSG00000175718	RBMXL3
Gene::22877	MLXIP	22877	ENSG00000175727	MLXIP
Gene::283171	C11orf44	283171	ENSG00000175728	LINC02873
Gene::7025	NR2F1	7025	ENSG00000175745	NR2F1
Gene::400360	C15orf54	400360	ENSG00000175746	LINC02915
Gene::54998	AURKAIP1	54998	ENSG00000175756	AURKAIP1
Gene::158135	TTLL11	158135	ENSG00000175764	TTLL11
Gene::253314	EIF4E1B	253314	ENSG00000175766	EIF4E1B
Gene::401505	TOMM5	401505	ENSG00000175768	TOMM5
Gene::400359	C15orf53	400359	ENSG00000175779	LINC02694
Gene::55508	SLC35E3	55508	ENSG00000175782	SLC35E3
Gene::145270	PRIMA1	145270	ENSG00000175785	PRIMA1
Gene::169841	ZNF169	169841	ENSG00000175787	ZNF169
Gene::8607	RUVBL1	8607	ENSG00000175792	RUVBL1
Gene::2810	SFN	2810	ENSG00000175793	SFN
Gene::4482	MSRA	4482	ENSG00000175806	MSRA
Gene::158506	ZNF645	158506	ENSG00000175809	CBLL2
Gene::643677	CCDC168	643677	ENSG00000175820	LRTM3
Gene::23399	CTDNEP1	23399	ENSG00000175826	CTDNEP1
Gene::2118	ETV4	2118	ENSG00000175832	ETV4
Gene::375757	SWI5	375757	ENSG00000175854	SWI5
Gene::202309	GAPT	202309	ENSG00000175857	GAPT
Gene::10458	BAIAP2	10458	ENSG00000175866	BAIAP2
Gene::797	CALCB	797	ENSG00000175868	CALCB
Gene::200407	CREG2	200407	ENSG00000175874	CREG2
Gene::135886	WBSCR28	135886	ENSG00000175877	TMEM270
Gene::3234	HOXD8	3234	ENSG00000175879	HOXD8
Gene::340481	ZDHHC21	340481	ENSG00000175893	ZDHHC21
Gene::54084	TSPEAR	54084	ENSG00000175894	TSPEAR
Gene::79666	PLEKHF2	79666	ENSG00000175895	PLEKHF2
Gene::2	A2M	2	ENSG00000175899	A2M
Gene::379	ARL4D	379	ENSG00000175906	ARL4D
Gene::285489	DOK7	285489	ENSG00000175920	DOK7
Gene::57633	LRRN1	57633	ENSG00000175928	LRRN1
Gene::63893	UBE2O	63893	ENSG00000175931	UBE2O
Gene::93129	ORAI3	93129	ENSG00000175938	ORAI3
Gene::340359	KLHL38	340359	ENSG00000175946	KLHL38
Gene::84747	UNC119B	84747	ENSG00000175970	UNC119B
Gene::163259	DENND2C	163259	ENSG00000175984	DENND2C
Gene::400224	PLEKHD1	400224	ENSG00000175985	PLEKHD1
Gene::56676	ASCL3	56676	ENSG00000176009	ASCL3
Gene::84617	TUBB6	84617	ENSG00000176014	TUBB6
Gene::116068	LYSMD3	116068	ENSG00000176018	LYSMD3
Gene::386724	AMIGO3	386724	ENSG00000176020	AMIGO3
Gene::126792	B3GALT6	126792	ENSG00000176022	B3GALT6
Gene::79898	ZNF613	79898	ENSG00000176024	ZNF613
Gene::56673	C11orf16	56673	ENSG00000176029	C11orf16
Gene::344805	TMPRSS7	344805	ENSG00000176040	TMPRSS7
Gene::26471	NUPR1	26471	ENSG00000176046	NUPR1
Gene::9832	JAKMIP2	9832	ENSG00000176049	JAKMIP2
Gene::153364	MBLAC2	153364	ENSG00000176055	MBLAC2
Gene::286262	TPRN	286262	ENSG00000176058	TPRN
Gene::23630	KCNE5	23630	ENSG00000176076	KCNE5
Gene::257101	ZNF683	257101	ENSG00000176083	ZNF683
Gene::113829	SLC35A4	113829	ENSG00000176087	SLC35A4
Gene::55057	AIM1L	55057	ENSG00000176092	CRYBG2
Gene::9807	IP6K1	9807	ENSG00000176095	IP6K1
Gene::8636	SSNA1	8636	ENSG00000176101	SSNA1
Gene::1479	CSTF3	1479	ENSG00000176102	CSTF3
Gene::7525	YES1	7525	ENSG00000176105	YES1
Gene::79643	CHMP6	79643	ENSG00000176108	CHMP6
Gene::402682	UFSP1	402682	ENSG00000176125	UFSP1
Gene::4161	MC5R	4161	ENSG00000176136	MC5R
Gene::55254	TMEM39A	55254	ENSG00000176142	TMEM39A
Gene::55346	TCP11L1	55346	ENSG00000176148	TCP11L1
Gene::2877	GPX2	2877	ENSG00000176153	GPX2
Gene::284001	CCDC57	284001	ENSG00000176155	CCDC57
Gene::124535	HSF5	124535	ENSG00000176160	HSF5
Gene::2290	FOXG1	2290	ENSG00000176165	FOXG1
Gene::8877	SPHK1	8877	ENSG00000176170	SPHK1
Gene::664	BNIP3	664	ENSG00000176171	BNIP3
Gene::150350	ENTHD1	150350	ENSG00000176177	ENTHD1
Gene::339344	MYPOP	339344	ENSG00000176182	MYPOP
Gene::1149	CIDEA	1149	ENSG00000176194	CIDEA
Gene::390442	OR11H4	390442	ENSG00000176198	OR11H4
Gene::219986	OR4D11	219986	ENSG00000176200	OR4D11
Gene::80059	LRRTM4	80059	ENSG00000176204	LRRTM4
Gene::79915	ATAD5	79915	ENSG00000176208	ATAD5
Gene::114926	SMIM19	114926	ENSG00000176209	SMIM19
Gene::122748	OR11H6	122748	ENSG00000176219	OR11H6
Gene::342908	ZNF404	342908	ENSG00000176222	ZNF404
Gene::25914	RTTN	25914	ENSG00000176225	RTTN
Gene::390436	OR4K17	390436	ENSG00000176230	OR4K17
Gene::126541	OR10H4	126541	ENSG00000176231	OR10H4
Gene::221060	C10orf111	221060	ENSG00000176236	RPP38-DT
Gene::390058	OR51B6	390058	ENSG00000176239	OR51B6
Gene::414149	ACBD7	414149	ENSG00000176244	ACBD7
Gene::122742	OR4L1	122742	ENSG00000176246	OR4L1
Gene::29882	ANAPC2	29882	ENSG00000176248	ANAPC2
Gene::390433	OR4K13	390433	ENSG00000176253	OR4K13
Gene::127540	HMGB4	127540	ENSG00000176256	HMGB4
Gene::339487	ZBTB8OS	339487	ENSG00000176261	TSLIG1
Gene::441308	OR4F21	441308	ENSG00000176269	OR4F21
Gene::159371	SLC35G1	159371	ENSG00000176273	SLC35G1
Gene::79317	OR4K5	79317	ENSG00000176281	OR4K5
Gene::7694	ZNF135	7694	ENSG00000176293	ZNF135
Gene::390429	OR4N2	390429	ENSG00000176294	OR4N2
Gene::441670	OR4M1	441670	ENSG00000176299	OR4M1
Gene::283150	FOXR1	283150	ENSG00000176302	FOXR1
Gene::1351	COX8A	1351	ENSG00000176340	COX8A
Gene::255061	TAC4	255061	ENSG00000176358	TAC4
Gene::54993	ZSCAN2	54993	ENSG00000176371	ZSCAN2
Gene::285800	PRR18	285800	ENSG00000176381	PRR18
Gene::79369	B3GNT4	79369	ENSG00000176383	B3GNT4
Gene::246184	CDC26	246184	ENSG00000176386	CDC26
Gene::3291	HSD11B2	3291	ENSG00000176387	HSD11B2
Gene::51379	CRLF3	51379	ENSG00000176390	CRLF3
Gene::6051	RNPEP	6051	ENSG00000176393	RNPEP
Gene::163126	EID2	163126	ENSG00000176396	EID2
Gene::63951	DMRTA1	63951	ENSG00000176399	DMRTA1
Gene::126272	EID2B	126272	ENSG00000176401	EID2B
Gene::349149	GJC3	349149	ENSG00000176402	GJC3
Gene::9699	RIMS2	9699	ENSG00000176406	RIMS2
Gene::56888	KCMF1	56888	ENSG00000176407	KCMF1
Gene::84277	DNAJC30	84277	ENSG00000176410	DNAJC30
Gene::283377	SPRYD4	283377	ENSG00000176422	SPRYD4
Gene::155382	VPS37D	155382	ENSG00000176428	VPS37D
Gene::161198	CLEC14A	161198	ENSG00000176435	CLEC14A
Gene::161176	SYNE3	161176	ENSG00000176438	SYNE3
Gene::1196	CLK2	1196	ENSG00000176444	CLK2
Gene::254531	LPCAT4	254531	ENSG00000176454	LPCAT4
Gene::28232	SLCO3A1	28232	ENSG00000176463	SLCO3A1
Gene::284346	ZNF575	284346	ENSG00000176472	ZNF575
Gene::79446	WDR25	79446	ENSG00000176473	WDR25
Gene::112869	CCDC101	112869	ENSG00000176476	SGF29
Gene::11145	PLA2G16	11145	ENSG00000176485	PLAAT3
Gene::148252	DIRAS1	148252	ENSG00000176490	DIRAS1
Gene::390195	OR5AN1	390195	ENSG00000176495	OR5AN1
Gene::653583	PHLDB3	653583	ENSG00000176531	PHLDB3
Gene::222171	PRR15	222171	ENSG00000176532	PRR15
Gene::2788	GNG7	2788	ENSG00000176533	GNG7
Gene::205717	KIAA2018	205717	ENSG00000176542	USF3
Gene::256144	OR4C3	256144	ENSG00000176547	OR4C3
Gene::256148	OR4S1	256148	ENSG00000176555	OR4S1
Gene::124817	CNTD1	124817	ENSG00000176563	CNTD1
Gene::138009	DCAF4L2	138009	ENSG00000176566	DCAF4L2
Gene::390113	OR4X1	390113	ENSG00000176567	OR4X1
Gene::168975	CNBD1	168975	ENSG00000176571	CNBD1
Gene::9920	KBTBD11	9920	ENSG00000176595	KBTBD11
Gene::84002	B3GNT5	84002	ENSG00000176597	B3GNT5
Gene::80122	MAP3K19	80122	ENSG00000176601	MAP3K19
Gene::283598	C14orf177	283598	ENSG00000176605	LINC02914
Gene::84823	LMNB2	84823	ENSG00000176619	LMNB2
Gene::51115	RMDN1	51115	ENSG00000176623	RMDN1
Gene::51320	MEX3C	51320	ENSG00000176624	MEX3C
Gene::150280	HORMAD2	150280	ENSG00000176635	HORMAD2
Gene::220441	RNF152	220441	ENSG00000176641	RNF152
Gene::4642	MYO1D	4642	ENSG00000176658	MYO1D
Gene::2300	FOXL1	2300	ENSG00000176678	FOXL1
Gene::90655	TGIF2LY	90655	ENSG00000176679	TGIF2LY
Gene::9884	LRRC37A	9884	ENSG00000176681	LRRC37A
Gene::2303	FOXC2	2303	ENSG00000176692	FOXC2
Gene::81099	OR4F17	81099	ENSG00000176695	OR4F17
Gene::627	BDNF	627	ENSG00000176697	BDNF
Gene::79635	CCDC121	79635	ENSG00000176714	CCDC121
Gene::197322	ACSF3	197322	ENSG00000176715	ACSF3
Gene::666	BOK	666	ENSG00000176720	BOK
Gene::283933	ZNF843	283933	ENSG00000176723	ZNF843
Gene::401466	C8orf59	401466	ENSG00000176731	RBIS
Gene::375189	PFN4	375189	ENSG00000176732	PFN4
Gene::283111	OR51V1	283111	ENSG00000176742	OR51V1
Gene::158809	MAGEB6	158809	ENSG00000176746	MAGEB6
Gene::8851	CDK5R1	8851	ENSG00000176749	CDK5R1
Gene::644809	C15orf56	644809	ENSG00000176753	PAK6-AS1
Gene::256536	TCERG1L	256536	ENSG00000176769	TCERG1L
Gene::344148	NCKAP5	344148	ENSG00000176771	NCKAP5
Gene::286514	MAGEB18	286514	ENSG00000176774	MAGEB18
Gene::140596	DEFB104A	140596	ENSG00000176782	DEFB104A
Gene::80230	RUFY1	80230	ENSG00000176783	RUFY1
Gene::119678	OR52E2	119678	ENSG00000176787	OR52E2
Gene::10409	BASP1	10409	ENSG00000176788	BASP1
Gene::414325	DEFB103A	414325	ENSG00000176797	DEFB103A
Gene::119682	OR51L1	119682	ENSG00000176798	OR51L1
Gene::374819	LRRC37A3	374819	ENSG00000176809	LRRC37A3
Gene::54621	VSIG10	54621	ENSG00000176834	VSIG10
Gene::10265	IRX5	10265	ENSG00000176842	IRX5
Gene::284207	METRNL	284207	ENSG00000176845	METRNL
Gene::157769	FAM91A1	157769	ENSG00000176853	FAM91A1
Gene::55884	WSB2	55884	ENSG00000176871	WSB2
Gene::2902	GRIN1	2902	ENSG00000176884	GRIN1
Gene::6664	SOX11	6664	ENSG00000176887	SOX11
Gene::7298	TYMS	7298	ENSG00000176890	TYMS
Gene::81282	OR51G2	81282	ENSG00000176893	OR51G2
Gene::5827	PXMP2	5827	ENSG00000176894	PXMP2
Gene::119687	OR51A7	119687	ENSG00000176895	OR51A7
Gene::170082	TCEANC	170082	ENSG00000176896	TCEANC
Gene::401665	OR51T1	401665	ENSG00000176900	OR51T1
Gene::9240	PNMA1	9240	ENSG00000176903	PNMA1
Gene::56892	C8orf4	56892	ENSG00000176907	TCIM
Gene::284358	MAMSTR	284358	ENSG00000176909	MAMSTR
Gene::494514	TYMSOS	494514	ENSG00000176912	TYMSOS
Gene::23141	ANKLE2	23141	ENSG00000176915	ANKLE2
Gene::733	C8G	733	ENSG00000176919	C8G
Gene::2524	FUT2	2524	ENSG00000176920	FUT2
Gene::119692	OR51S1	119692	ENSG00000176922	OR51S1
Gene::119694	OR51F2	119694	ENSG00000176925	OR51F2
Gene::374786	EFCAB5	374786	ENSG00000176927	EFCAB5
Gene::51301	GCNT4	51301	ENSG00000176928	GCNT4
Gene::200958	MUC20	200958	ENSG00000176945	MUC20
Gene::51078	THAP4	51078	ENSG00000176946	THAP4
Gene::84901	NFATC2IP	84901	ENSG00000176953	NFATC2IP
Gene::4062	LY6H	4062	ENSG00000176956	LY6H
Gene::387758	FIBIN	387758	ENSG00000176971	FIBIN
Gene::23625	FAM89B	23625	ENSG00000176973	FAM89B
Gene::6470	SHMT1	6470	ENSG00000176974	SHMT1
Gene::29952	DPP7	29952	ENSG00000176978	DPP7
Gene::166655	TRIM60	166655	ENSG00000176979	TRIM60
Gene::9632	SEC24C	9632	ENSG00000176986	SEC24C
Gene::158521	FMR1NB	158521	ENSG00000176988	FMR1NB
Gene::140775	SMCR8	140775	ENSG00000176994	SMCR8
Gene::4524	MTHFR	4524	ENSG00000177000	MTHFR
Gene::503618	DEFB104B	503618	ENSG00000177023	DEFB104B
Gene::147685	C19orf18	147685	ENSG00000177025	C19orf18
Gene::10522	DEAF1	10522	ENSG00000177030	DEAF1
Gene::345778	MTX3	345778	ENSG00000177034	MTX3
Gene::283232	TMEM80	283232	ENSG00000177042	TMEM80
Gene::147912	SIX5	147912	ENSG00000177045	SIX5
Gene::3467	IFNW1	3467	ENSG00000177047	IFNW1
Gene::23403	FBXO46	23403	ENSG00000177051	FBXO46
Gene::54503	ZDHHC13	54503	ENSG00000177054	ZDHHC13
Gene::153129	SLC38A9	153129	ENSG00000177058	SLC38A9
Gene::340485	ACER2	340485	ENSG00000177076	ACER2
Gene::84942	WDR73	84942	ENSG00000177082	WDR73
Gene::5426	POLE	5426	ENSG00000177084	POLE
Gene::150368	FAM109B	150368	ENSG00000177096	PHETA2
Gene::6330	SCN4B	6330	ENSG00000177098	SCN4B
Gene::57453	DSCAML1	57453	ENSG00000177103	DSCAML1
Gene::391	RHOG	391	ENSG00000177105	RHOG
Gene::64787	EPS8L2	64787	ENSG00000177106	EPS8L2
Gene::283576	ZDHHC22	283576	ENSG00000177108	ZDHHC22
Gene::196527	ANO6	196527	ENSG00000177119	ANO6
Gene::403341	ZBTB34	403341	ENSG00000177125	ZBTB34
Gene::171483	FAM9B	171483	ENSG00000177138	FAM9B
Gene::1068	CETN1	1068	ENSG00000177143	CETN1
Gene::125228	FAM210A	125228	ENSG00000177150	MIMS1
Gene::403244	OR2T35	403244	ENSG00000177151	OR2T35
Gene::6888	TALDO1	6888	ENSG00000177156	TALDO1
Gene::8408	ULK1	8408	ENSG00000177169	ULK1
Gene::127066	OR14C36	127066	ENSG00000177174	OR14C36
Gene::284716	RIMKLA	284716	ENSG00000177181	RIMKLA
Gene::157807	CLVS1	157807	ENSG00000177182	CLVS1
Gene::391196	OR2M7	391196	ENSG00000177186	OR2M7
Gene::6197	RPS6KA3	6197	ENSG00000177189	RPS6KA3
Gene::374907	B3GNT8	374907	ENSG00000177191	B3GNT8
Gene::80324	PUS1	80324	ENSG00000177192	PUS1
Gene::80205	CHD9	80205	ENSG00000177200	CHD9
Gene::127064	OR2T12	127064	ENSG00000177201	OR2T12
Gene::171169	SPACA4	171169	ENSG00000177202	SPACA4
Gene::391195	OR2T33	391195	ENSG00000177212	OR2T33
Gene::347862	PDDC1	347862	ENSG00000177225	GATD1
Gene::493829	TRIM72	493829	ENSG00000177238	TRIM72
Gene::11253	MAN1B1	11253	ENSG00000177239	MAN1B1
Gene::55894	DEFB103B	55894	ENSG00000177243	DEFB103B
Gene::100289462	DEFB4B	100289462	ENSG00000177257	DEFB4B
Gene::3738	KCNA3	3738	ENSG00000177272	KCNA3
Gene::8325	FZD8	8325	ENSG00000177283	FZD8
Gene::219770	GJD4	219770	ENSG00000177291	GJD4
Gene::162517	FBXO39	162517	ENSG00000177294	FBXO39
Gene::53842	CLDN22	53842	ENSG00000177300	CLDN22
Gene::3737	KCNA2	3737	ENSG00000177301	KCNA2
Gene::7156	TOP3A	7156	ENSG00000177302	TOP3A
Gene::57513	CASKIN2	57513	ENSG00000177303	CASKIN2
Gene::253461	ZBTB38	253461	ENSG00000177311	ZBTB38
Gene::139105	BEND2	139105	ENSG00000177324	BEND2
Gene::286122	C8orf31	286122	ENSG00000177335	LY6S-AS1
Gene::64925	CCDC71	64925	ENSG00000177352	CCDC71
Gene::118461	C10orf71	118461	ENSG00000177354	C10orf71
Gene::144203	OVOS2	144203	ENSG00000177359	OVOS2P
Gene::221091	LRRN4CL	221091	ENSG00000177363	LRRN4CL
Gene::29928	TIMM22	29928	ENSG00000177370	TIMM22
Gene::3090	HIC1	3090	ENSG00000177374	HIC1
Gene::8541	PPFIA3	8541	ENSG00000177380	PPFIA3
Gene::64110	MAGEF1	64110	ENSG00000177383	MAGEF1
Gene::89766	UMODL1	89766	ENSG00000177398	UMODL1
Gene::219285	SAMD9L	219285	ENSG00000177409	SAMD9L
Gene::148581	UBE2U	148581	ENSG00000177414	UBE2U
Gene::5074	PAWR	5074	ENSG00000177425	PAWR
Gene::7050	TGIF1	7050	ENSG00000177426	TGIF1
Gene::125170	MIEF2	125170	ENSG00000177427	MIEF2
Gene::266812	NAP1L5	266812	ENSG00000177432	NAP1L5
Gene::167359	NIM1K	167359	ENSG00000177453	NIM1K
Gene::930	CD19	930	ENSG00000177455	CD19
Gene::203111	ERICH5	203111	ENSG00000177459	ERICH5
Gene::343172	OR2T8	343172	ENSG00000177462	OR2T8
Gene::7182	NR2C2	7182	ENSG00000177463	NR2C2
Gene::2828	GPR4	2828	ENSG00000177464	GPR4
Gene::122970	ACOT4	122970	ENSG00000177465	ACOT4
Gene::167826	OLIG3	167826	ENSG00000177468	OLIG3
Gene::284119	PTRF	284119	ENSG00000177469	CAVIN1
Gene::81469	OR2G3	81469	ENSG00000177476	OR2G3
Gene::10425	ARIH2	10425	ENSG00000177479	ARIH2
Gene::375316	RBM44	375316	ENSG00000177483	RBM44
Gene::10009	ZBTB33	10009	ENSG00000177485	ZBTB33
Gene::81470	OR2G2	81470	ENSG00000177489	OR2G2
Gene::79413	ZBED2	79413	ENSG00000177494	ZBED2
Gene::51480	VCX2	51480	ENSG00000177504	VCX2
Gene::79191	IRX3	79191	ENSG00000177508	IRX3
Gene::51046	ST8SIA3	51046	ENSG00000177511	ST8SIA3
Gene::56475	RPRM	56475	ENSG00000177519	RPRM
Gene::127623	OR2B11	127623	ENSG00000177535	OR2B11
Gene::79751	SLC25A22	79751	ENSG00000177542	SLC25A22
Gene::79874	RABEP2	79874	ENSG00000177548	RABEP2
Gene::4808	NHLH2	4808	ENSG00000177551	NHLH2
Gene::475	ATOX1	475	ENSG00000177556	ATOX1
Gene::148109	FAM187B	148109	ENSG00000177558	FAM187B
Gene::79718	TBL1XR1	79718	ENSG00000177565	TBL1XR1
Gene::401474	SAMD12	401474	ENSG00000177570	SAMD12
Gene::9332	CD163	9332	ENSG00000177575	CD163
Gene::497661	C18orf32	497661	ENSG00000177576	C18orf32
Gene::55367	PIDD1	55367	ENSG00000177595	PIDD1
Gene::126069	ZNF491	126069	ENSG00000177599	ZNF491
Gene::6181	RPLP2	6181	ENSG00000177600	RPLP2
Gene::83903	GSG2	83903	ENSG00000177602	HASPIN
Gene::3725	JUN	3725	ENSG00000177606	JUN
Gene::23283	CSTF2T	23283	ENSG00000177613	CSTF2T
Gene::79605	PGBD5	79605	ENSG00000177614	PGBD5
Gene::121273	C12orf54	121273	ENSG00000177627	LYLDT1
Gene::2629	GBA	2629	ENSG00000177628	GBA1
Gene::28976	ACAD9	28976	ENSG00000177646	ACAD9
Gene::23765	IL17RA	23765	ENSG00000177663	IL17RA
Gene::57104	PNPLA2	57104	ENSG00000177666	PNPLA2
Gene::619373	MBOAT4	619373	ENSG00000177669	MBOAT4
Gene::165100	C2orf57	165100	ENSG00000177673	TEX44
Gene::57085	AGTRAP	57085	ENSG00000177674	AGTRAP
Gene::283316	CD163L1	283316	ENSG00000177675	CD163L1
Gene::222183	SRRM3	222183	ENSG00000177679	SRRM3
Gene::168451	THAP5	168451	ENSG00000177683	THAP5
Gene::245928	DEFB114	245928	ENSG00000177684	DEFB114
Gene::283229	CRACR2B	283229	ENSG00000177685	CRACR2B
Gene::387082	SUMO4	387082	ENSG00000177688	SUMO4
Gene::139422	MAGEB10	139422	ENSG00000177689	MAGEB10
Gene::54943	DNAJC28	54943	ENSG00000177692	DNAJC28
Gene::26682	OR4F4	26682	ENSG00000177693	OR4F4
Gene::254827	NAALADL2	254827	ENSG00000177694	NAALADL2
Gene::977	CD151	977	ENSG00000177697	CD151
Gene::5441	POLR2L	5441	ENSG00000177700	POLR2L
Gene::56975	FAM20C	56975	ENSG00000177706	FAM20C
Gene::25945	PVRL3	25945	ENSG00000177707	NECTIN3
Gene::83650	SLC35G5	83650	ENSG00000177710	SLC35G5
Gene::389289	ANXA2R	389289	ENSG00000177721	ANXA2R
Gene::9772	KIAA0195	9772	ENSG00000177728	TMEM94
Gene::2314	FLII	2314	ENSG00000177731	FLII
Gene::6666	SOX12	6666	ENSG00000177732	SOX12
Gene::10949	HNRNPA0	10949	ENSG00000177733	HNRNPA0
Gene::285525	YIPF7	285525	ENSG00000177752	YIPF7
Gene::58529	MYOZ1	58529	ENSG00000177791	MYOZ1
Gene::3766	KCNJ10	3766	ENSG00000177807	KCNJ10
Gene::66005	CHID1	66005	ENSG00000177830	CHID1
Gene::56127	PCDHB9	56127	ENSG00000177839	PCDHB9
Gene::253639	ZNF620	253639	ENSG00000177842	ZNF620
Gene::9849	ZNF518A	9849	ENSG00000177853	ZNF518A
Gene::8269	TMEM187	8269	ENSG00000177854	TMEM187
Gene::374969	CCDC23	374969	ENSG00000177868	SVBP
Gene::285267	ZNF619	285267	ENSG00000177873	ZNF619
Gene::387856	CCDC184	387856	ENSG00000177875	CCDC184
Gene::1176	AP3S1	1176	ENSG00000177879	AP3S1
Gene::2885	GRB2	2885	ENSG00000177885	GRB2
Gene::360023	ZBTB41	360023	ENSG00000177888	ZBTB41
Gene::7334	UBE2N	7334	ENSG00000177889	UBE2N
Gene::645961	SPATA31C2	645961	ENSG00000177910	SPATA31C2
Gene::151188	ARL6IP6	151188	ENSG00000177917	ARL6IP6
Gene::30832	ZNF354C	30832	ENSG00000177932	ZNF354C
Gene::93661	CAPZA3	93661	ENSG00000177938	CAPZA3
Gene::158056	MAMDC4	158056	ENSG00000177943	MAMDC4
Gene::92806	CENPBD1	92806	ENSG00000177946	CENPBD1P
Gene::113746	ODF3	113746	ENSG00000177947	CIMAP1A
Gene::51272	BET1L	51272	ENSG00000177951	BET1L
Gene::6232	RPS27	6232	ENSG00000177954	RPS27
Gene::60626	RIC8A	60626	ENSG00000177963	RIC8A
Gene::55272	IMP3	55272	ENSG00000177971	IMP3
Gene::140461	ASB8	140461	ENSG00000177981	ASB8
Gene::389812	LCN15	389812	ENSG00000177984	LCN15
Gene::440836	ODF3B	440836	ENSG00000177989	CIMAP1B
Gene::283417	DPY19L2	283417	ENSG00000177990	DPY19L2
Gene::286234	SPATA31E1	286234	ENSG00000177992	SPATA31E1
Gene::129852	C2orf73	129852	ENSG00000177994	CIMIP6
Gene::285601	GPR150	285601	ENSG00000178015	GPR150
Gene::388951	TSPYL6	388951	ENSG00000178021	TSPYL6
Gene::388886	LRRC75B	388886	ENSG00000178026	LRRC75B
Gene::55929	DMAP1	55929	ENSG00000178028	DMAP1
Gene::92949	ADAMTSL1	92949	ENSG00000178031	ADAMTSL1
Gene::254228	FAM26E	254228	ENSG00000178033	CALHM5
Gene::3615	IMPDH2	3615	ENSG00000178035	IMPDH2
Gene::259173	ALS2CL	259173	ENSG00000178038	ALS2CL
Gene::4291	MLF1	4291	ENSG00000178053	MLF1
Gene::339906	PRSS42	339906	ENSG00000178055	PRSS42P
Gene::25915	NDUFAF3	25915	ENSG00000178057	NDUFAF3
Gene::205327	C2orf69	205327	ENSG00000178074	C2orf69
Gene::54762	GRAMD1C	54762	ENSG00000178075	GRAMD1C
Gene::55620	STAP2	55620	ENSG00000178078	STAP2
Gene::170572	HTR3C	170572	ENSG00000178084	HTR3C
Gene::83983	TSSK6	83983	ENSG00000178093	TSSK6
Gene::51027	BOLA1	51027	ENSG00000178096	BOLA1
Gene::9659	PDE4DIP	9659	ENSG00000178104	PDE4DIP
Gene::1662	DDX10	1662	ENSG00000178105	DDX10
Gene::286187	PPP1R42	286187	ENSG00000178125	PPP1R42
Gene::4729	NDUFV2	4729	ENSG00000178127	NDUFV2
Gene::55152	DALRD3	55152	ENSG00000178149	DALRD3
Gene::163071	ZNF114	163071	ENSG00000178150	ZNF114
Gene::85460	ZNF518B	85460	ENSG00000178163	ZNF518B
Gene::205147	AMER3	205147	ENSG00000178171	AMER3
Gene::404203	SPINK6	404203	ENSG00000178172	SPINK6
Gene::167465	ZNF366	167465	ENSG00000178175	ZNF366
Gene::254251	LCORL	254251	ENSG00000178177	LCORL
Gene::84552	PARD6G	84552	ENSG00000178184	PARD6G
Gene::285676	ZNF454	285676	ENSG00000178187	ZNF454
Gene::25970	SH2B1	25970	ENSG00000178188	SH2B1
Gene::340152	ZC3H12D	340152	ENSG00000178199	ZC3H12D
Gene::57191	VN1R1	57191	ENSG00000178201	VN1R1
Gene::143888	KDELC2	143888	ENSG00000178202	POGLUT3
Gene::5339	PLEC	5339	ENSG00000178209	PLEC
Gene::387694	SH2D4B	387694	ENSG00000178217	SH2D4B
Gene::285498	RNF212	285498	ENSG00000178222	RNF212
Gene::146547	PRSS36	146547	ENSG00000178226	PRSS36
Gene::125919	ZNF543	125919	ENSG00000178229	ZNF543
Gene::441151	TMEM151B	441151	ENSG00000178233	TMEM151B
Gene::63917	GALNT11	63917	ENSG00000178234	GALNT11
Gene::114798	SLITRK1	114798	ENSG00000178235	SLITRK1
Gene::157927	C9orf62	157927	ENSG00000178243	LINC02907
Gene::11180	WDR6	11180	ENSG00000178252	WDR6
Gene::58531	PRM3	58531	ENSG00000178257	PRM3
Gene::7142	TNP2	7142	ENSG00000178279	TNP2
Gene::653423	SPAG11A	653423	ENSG00000178287	SPAG11A
Gene::348654	GEN1	348654	ENSG00000178295	GEN1
Gene::360200	TMPRSS9	360200	ENSG00000178297	TMPRSS9
Gene::282679	AQP11	282679	ENSG00000178301	AQP11
Gene::8834	TMEM11	8834	ENSG00000178307	TMEM11
Gene::117608	ZNF354B	117608	ENSG00000178338	ZNF354B
Gene::26251	KCNG2	26251	ENSG00000178342	KCNG2
Gene::152573	SHISA3	152573	ENSG00000178343	SHISA3
Gene::120775	OR2D3	120775	ENSG00000178358	OR2D3
Gene::810	CALML3	810	ENSG00000178363	CALML3
Gene::51806	CALML5	51806	ENSG00000178372	CALML5
Gene::90637	ZFAND2A	90637	ENSG00000178381	ZFAND2A
Gene::389072	PLEKHM3	389072	ENSG00000178385	PLEKHM3
Gene::7766	ZNF223	7766	ENSG00000178386	ZNF223
Gene::3350	HTR1A	3350	ENSG00000178394	HTR1A
Gene::164127	CCDC185	164127	ENSG00000178395	CCDC185
Gene::84792	FAM220A	84792	ENSG00000178397	FAM220A
Gene::79962	DNAJC22	79962	ENSG00000178401	DNAJC22
Gene::63973	NEUROG2	63973	ENSG00000178403	NEUROG2
Gene::100653515	CEP295NL	100653515	ENSG00000178404	CEP295NL
Gene::57673	BEND3	57673	ENSG00000178409	BEND3
Gene::221294	NT5DC1	221294	ENSG00000178425	NT5DC1
Gene::2731	GLDC	2731	ENSG00000178445	GLDC
Gene::84987	COX14	84987	ENSG00000178449	COX14
Gene::157777	MCMDC2	157777	ENSG00000178460	MCMDC2
Gene::79861	TUBAL3	79861	ENSG00000178462	TUBAL3
Gene::54681	P4HTM	54681	ENSG00000178467	P4HTM
Gene::114131	UCN3	114131	ENSG00000178473	UCN3
Gene::196403	DTX3	196403	ENSG00000178498	DTX3
Gene::55175	KLHL11	55175	ENSG00000178502	KLHL11
Gene::258	AMBN	258	ENSG00000178522	AMBN
Gene::404217	CTXN1	404217	ENSG00000178531	CTXN1
Gene::788	SLC25A20	788	ENSG00000178537	SLC25A20
Gene::767	CA8	767	ENSG00000178538	CA8
Gene::940	CD28	940	ENSG00000178562	CD28
Gene::9852	EPM2AIP1	9852	ENSG00000178567	EPM2AIP1
Gene::2066	ERBB4	2066	ENSG00000178568	ERBB4
Gene::4094	MAF	4094	ENSG00000178573	MAF
Gene::56998	CTNNBIP1	56998	ENSG00000178585	CTNNBIP1
Gene::150681	OR6B3	150681	ENSG00000178586	OR6B3
Gene::245938	DEFB125	245938	ENSG00000178591	DEFB125
Gene::768239	PSAPL1	768239	ENSG00000178597	PSAPL1
Gene::150677	OTOS	150677	ENSG00000178602	OTOS
Gene::8225	GTPBP6	8225	ENSG00000178605	GTPBP6
Gene::2081	ERN1	2081	ENSG00000178607	ERN1
Gene::2859	GPR35	2859	ENSG00000178623	GPR35
Gene::282966	C10orf53	282966	ENSG00000178645	C10orf53
Gene::80034	CSRNP3	80034	ENSG00000178662	CSRNP3
Gene::349075	ZNF713	349075	ENSG00000178665	ZNF713
Gene::84875	PARP10	84875	ENSG00000178685	PARP10
Gene::284254	DYNAP	284254	ENSG00000178690	DYNAP
Gene::23512	SUZ12	23512	ENSG00000178691	SUZ12
Gene::63899	NSUN3	63899	ENSG00000178694	NSUN3
Gene::115207	KCTD12	115207	ENSG00000178695	KCTD12
Gene::200895	DHFRL1	200895	ENSG00000178700	DHFR2
Gene::54913	RPP25	54913	ENSG00000178718	RPP25
Gene::2907	GRINA	2907	ENSG00000178719	GRINA
Gene::285668	C5orf64	285668	ENSG00000178722	LINC03122
Gene::7056	THBD	7056	ENSG00000178726	THBD
Gene::2814	GP5	2814	ENSG00000178732	GP5
Gene::729420	LMO7DN	729420	ENSG00000178734	LMO7DN
Gene::9377	COX5A	9377	ENSG00000178741	COX5A
Gene::415117	STX19	415117	ENSG00000178750	STX19
Gene::151176	FAM132B	151176	ENSG00000178752	ERFE
Gene::57184	FAM219B	57184	ENSG00000178761	FAM219B
Gene::22882	ZHX2	22882	ENSG00000178764	ZHX2
Gene::1370	CPN2	1370	ENSG00000178772	CPN2
Gene::27132	CPNE7	27132	ENSG00000178773	CPNE7
Gene::389336	C5orf46	389336	ENSG00000178776	C5orf46
Gene::124599	CD300LB	124599	ENSG00000178789	CD300LB
Gene::220032	GDPD4	220032	ENSG00000178795	GDPD4
Gene::284485	RIIAD1	284485	ENSG00000178796	RIIAD1
Gene::4351	MPI	4351	ENSG00000178802	MPI
Gene::132243	H1FOO	132243	ENSG00000178804	H1-8
Gene::375593	TRIM73	375593	ENSG00000178809	TRIM73
Gene::26873	OPLAH	26873	ENSG00000178814	OPLAH
Gene::339456	TMEM52	339456	ENSG00000178821	TMEM52
Gene::135932	TMEM139	135932	ENSG00000178826	TMEM139
Gene::54546	RNF186	54546	ENSG00000178828	RNF186
Gene::124989	EFCAB13	124989	ENSG00000178852	EFCAB13
Gene::9242	MSC	9242	ENSG00000178860	MSC
Gene::81575	APOLD1	81575	ENSG00000178878	APOLD1
Gene::144347	FAM101A	144347	ENSG00000178882	RFLNA
Gene::54512	EXOSC4	54512	ENSG00000178896	EXOSC4
Gene::147991	DPY19L3	147991	ENSG00000178904	DPY19L3
Gene::6879	TAF7	6879	ENSG00000178913	TAF7
Gene::285346	ZNF852	285346	ENSG00000178917	ZNF852
Gene::2304	FOXE1	2304	ENSG00000178919	FOXE1
Gene::5198	PFAS	5198	ENSG00000178921	PFAS
Gene::81888	HYI	81888	ENSG00000178922	HYI
Gene::79415	C17orf62	79415	ENSG00000178927	CYBC1
Gene::284355	TPRX1	284355	ENSG00000178928	TPRX1
Gene::653499	LGALS7B	653499	ENSG00000178934	LGALS7B
Gene::79818	ZNF552	79818	ENSG00000178935	ZNF552
Gene::2580	GAK	2580	ENSG00000178950	GAK
Gene::51341	ZBTB7A	51341	ENSG00000178951	ZBTB7A
Gene::7284	TUFM	7284	ENSG00000178952	TUFM
Gene::127254	ERICH3	127254	ENSG00000178965	ERICH3
Gene::80010	RMI1	80010	ENSG00000178966	RMI1
Gene::80169	CTC1	80169	ENSG00000178971	CTC1
Gene::55030	FBXO34	55030	ENSG00000178974	FBXO34
Gene::6415	SEPW1	6415	ENSG00000178980	SELENOW
Gene::27335	EIF3K	27335	ENSG00000178982	EIF3K
Gene::114932	MRFAP1L1	114932	ENSG00000178988	MRFAP1L1
Gene::112574	SNX18	112574	ENSG00000178996	SNX18
Gene::161829	EXD1	161829	ENSG00000178997	EXD1
Gene::9212	AURKB	9212	ENSG00000178999	AURKB
Gene::80834	TAS1R2	80834	ENSG00000179002	TAS1R2
Gene::317761	C14orf39	317761	ENSG00000179008	C14orf39
Gene::93621	MRFAP1	93621	ENSG00000179010	MRFAP1
Gene::285237	C3orf38	285237	ENSG00000179021	C3orf38
Gene::127707	KLHDC7A	127707	ENSG00000179023	KLHDC7A
Gene::84314	TMEM107	84314	ENSG00000179029	TMEM107
Gene::23212	RRS1	23212	ENSG00000179041	RRS1
Gene::283849	EXOC3L1	283849	ENSG00000179044	EXOC3L1
Gene::205860	TRIML2	205860	ENSG00000179046	TRIML2
Gene::55920	RCC2	55920	ENSG00000179051	RCC2
Gene::286365	OR13D1	286365	ENSG00000179055	OR13D1
Gene::283284	IGSF22	283284	ENSG00000179057	IGSF22
Gene::375759	C9orf50	375759	ENSG00000179058	C9orf50
Gene::132625	ZFP42	132625	ENSG00000179059	ZFP42
Gene::220388	CCDC89	220388	ENSG00000179071	CCDC89
Gene::414318	C9orf106	414318	ENSG00000179082	LINC02913
Gene::286499	FAM133A	286499	ENSG00000179083	FAM133A
Gene::54344	DPM3	54344	ENSG00000179085	DPM3
Gene::374470	C12orf42	374470	ENSG00000179088	C12orf42
Gene::1537	CYC1	1537	ENSG00000179091	CYC1
Gene::5187	PER1	5187	ENSG00000179094	PER1
Gene::3355	HTR1F	3355	ENSG00000179097	HTR1F
Gene::160335	TMTC2	160335	ENSG00000179104	TMTC2
Gene::84667	HES7	84667	ENSG00000179111	HES7
Gene::2193	FARSA	2193	ENSG00000179115	FARSA
Gene::144108	SPTY2D1	144108	ENSG00000179119	SPTY2D1
Gene::256815	C10orf67	256815	ENSG00000179133	C10orf67
Gene::55095	SAMD4B	55095	ENSG00000179134	SAMD4B
Gene::1585	CYP11B2	1585	ENSG00000179142	CYP11B2
Gene::168537	GIMAP7	168537	ENSG00000179144	GIMAP7
Gene::59344	ALOXE3	59344	ENSG00000179148	ALOXE3
Gene::80153	EDC3	80153	ENSG00000179151	EDC3
Gene::285343	TCAIM	285343	ENSG00000179152	TCAIM
Gene::2517	FUCA1	2517	ENSG00000179163	FUCA1
Gene::222659	PXT1	222659	ENSG00000179165	PXT1
Gene::199720	GGN	199720	ENSG00000179168	GGN
Gene::343069	HNRNPCL1	343069	ENSG00000179172	HNRNPCL1
Gene::128218	TMEM125	128218	ENSG00000179178	TMEM125
Gene::144348	ZNF664	144348	ENSG00000179195	ZNF664
Gene::284369	SIGLECL1	284369	ENSG00000179213	SIGLECL1
Gene::811	CALR	811	ENSG00000179218	CALR
Gene::9500	MAGED1	9500	ENSG00000179222	MAGED1
Gene::100506127	LOC100506127	100506127	ENSG00000179240	GVQW3
Gene::143458	LDLRAD3	143458	ENSG00000179241	LDLRAD3
Gene::1002	CDH4	1002	ENSG00000179242	CDH4
Gene::440087	SMCO3	440087	ENSG00000179256	SMCO3
Gene::5886	RAD23A	5886	ENSG00000179262	RAD23A
Gene::388939	C2orf71	388939	ENSG00000179270	PCARE
Gene::90480	GADD45GIP1	90480	ENSG00000179271	GADD45GIP1
Gene::199699	DAND5	199699	ENSG00000179284	DAND5
Gene::256472	TMEM151A	256472	ENSG00000179292	TMEM151A
Gene::5781	PTPN11	5781	ENSG00000179295	PTPN11
Gene::79730	NSUN7	79730	ENSG00000179299	NSUN7
Gene::203430	ZCCHC5	203430	ENSG00000179300	RTL3
Gene::727866	FAM156B	727866	ENSG00000179304	FAM156B
Gene::23302	WSCD1	23302	ENSG00000179314	WSCD1
Gene::54734	RAB39A	54734	ENSG00000179331	RAB39A
Gene::1198	CLK3	1198	ENSG00000179335	CLK3
Gene::3119	HLA-DQB1	3119	ENSG00000179344	HLA-DQB1
Gene::2624	GATA2	2624	ENSG00000179348	GATA2
Gene::10620	ARID3B	10620	ENSG00000179361	ARID3B
Gene::203562	TMEM31	203562	ENSG00000179363	TMEM31
Gene::23241	PACS2	23241	ENSG00000179364	PACS2
Gene::255520	ELMOD2	255520	ENSG00000179387	ELMOD2
Gene::1960	EGR3	1960	ENSG00000179388	EGR3
Gene::257044	C1orf101	257044	ENSG00000179397	CATSPERE
Gene::2262	GPC5	2262	ENSG00000179399	GPC5
Gene::64856	VWA1	64856	ENSG00000179403	VWA1
Gene::165721	DNAJB8	165721	ENSG00000179407	DNAJB8
Gene::50628	GEMIN4	50628	ENSG00000179409	GEMIN4
Gene::101060301	HNRNPCL4	101060301	ENSG00000179412	HNRNPCL4
Gene::24147	FJX1	24147	ENSG00000179431	FJX1
Gene::54813	KLHL28	54813	ENSG00000179454	KLHL28
Gene::7681	MKRN3	7681	ENSG00000179455	MKRN3
Gene::10472	ZBTB18	10472	ENSG00000179456	ZBTB18
Gene::135924	OR9A2	135924	ENSG00000179468	OR9A2
Gene::122525	C14orf28	122525	ENSG00000179476	DORIP1
Gene::242	ALOX12B	242	ENSG00000179477	ALOX12B
Gene::246213	SLC17A8	246213	ENSG00000179520	SLC17A8
Gene::81858	SHARPIN	81858	ENSG00000179526	SHARPIN
Gene::85474	LBX2	85474	ENSG00000179528	LBX2
Gene::144132	DNHD1	144132	ENSG00000179532	DNHD1
Gene::139065	SLITRK4	139065	ENSG00000179542	SLITRK4
Gene::3352	HTR1D	3352	ENSG00000179546	HTR1D
Gene::79571	GCC1	79571	ENSG00000179562	GCC1
Gene::132228	LSMEM2	132228	ENSG00000179564	LSMEM2
Gene::146310	RNF151	146310	ENSG00000179580	RNF151
Gene::4261	CIITA	4261	ENSG00000179583	CIITA
Gene::161882	ZFPM1	161882	ENSG00000179588	ZFPM1
Gene::247	ALOX15B	247	ENSG00000179593	ALOX15B
Gene::201164	PLD6	201164	ENSG00000179598	PLD6
Gene::122876	GPHB5	122876	ENSG00000179600	GPHB5
Gene::2918	GRM8	2918	ENSG00000179603	GRM8
Gene::23580	CDC42EP4	23580	ENSG00000179604	CDC42EP4
Gene::121129	OR2AP1	121129	ENSG00000179615	OR2AP1
Gene::341418	OR6C4	341418	ENSG00000179626	OR6C4
Gene::100128927	ZBTB42	100128927	ENSG00000179627	ZBTB42
Gene::144811	LACC1	144811	ENSG00000179630	LACC1
Gene::84232	MAF1	84232	ENSG00000179632	MAF1
Gene::122664	TPPP2	122664	ENSG00000179636	TPPP2
Gene::2205	FCER1A	2205	ENSG00000179639	FCER1A
Gene::388394	RPRML	388394	ENSG00000179673	RPRML
Gene::80117	ARL14	80117	ENSG00000179674	ARL14
Gene::341416	OR6C2	341416	ENSG00000179695	OR6C2
Gene::126205	NLRP8	126205	ENSG00000179709	NLRP8
Gene::91523	PCED1B	91523	ENSG00000179715	PCED1B
Gene::9582	APOBEC3B	9582	ENSG00000179750	APOBEC3B
Gene::342898	SYCN	342898	ENSG00000179751	SYCN
Gene::51268	PIPOX	51268	ENSG00000179761	PIPOX
Gene::2307	FOXS1	2307	ENSG00000179772	FOXS1
Gene::220202	ATOH7	220202	ENSG00000179774	ATOH7
Gene::1003	CDH5	1003	ENSG00000179776	CDH5
Gene::116135	LRRC3B	116135	ENSG00000179796	LRRC3B
Gene::144809	FAM216B	144809	ENSG00000179813	FAM216B
Gene::117196	MRGPRX4	117196	ENSG00000179817	MRGPRX4
Gene::91663	MYADM	91663	ENSG00000179820	MYADM
Gene::117195	MRGPRX3	117195	ENSG00000179826	MRGPRX3
Gene::727957	MROH1	727957	ENSG00000179832	MROH1
Gene::9792	SERTAD2	9792	ENSG00000179833	SERTAD2
Gene::9495	AKAP5	9495	ENSG00000179841	AKAP5
Gene::284353	NKPD1	284353	ENSG00000179846	NKPD1
Gene::126326	GIPC3	126326	ENSG00000179855	GIPC3
Gene::163732	CITED4	163732	ENSG00000179862	CITED4
Gene::154664	ABCA13	154664	ENSG00000179869	ABCA13
Gene::204801	NLRP11	204801	ENSG00000179873	NLRP11
Gene::84948	TIGD5	84948	ENSG00000179886	TIGD5
Gene::23042	PDXDC1	23042	ENSG00000179889	PDXDC1
Gene::127003	C1orf194	127003	ENSG00000179902	CFAP276
Gene::7710	ZNF154	7710	ENSG00000179909	ZNF154
Gene::22864	R3HDM2	22864	ENSG00000179912	R3HDM2
Gene::10331	B3GNT3	10331	ENSG00000179913	B3GNT3
Gene::55600	ITLN1	55600	ENSG00000179914	ITLN1
Gene::9378	NRXN1	9378	ENSG00000179915	NRXN1
Gene::22928	SEPHS2	22928	ENSG00000179918	SEPHS2
Gene::121364	OR10A7	121364	ENSG00000179919	OR10A7
Gene::151306	GPBAR1	151306	ENSG00000179921	GPBAR1
Gene::147808	ZNF784	147808	ENSG00000179922	ZNF784
Gene::127665	ZNF648	127665	ENSG00000179930	ZNF648
Gene::55017	C14orf119	55017	ENSG00000179933	C14orf119
Gene::1237	CCR8	1237	ENSG00000179934	CCR8
Gene::653073	GOLGA8J	653073	ENSG00000179938	GOLGA8J
Gene::79738	BBS10	79738	ENSG00000179941	BBS10
Gene::84922	FIZ1	84922	ENSG00000179943	FIZ1
Gene::22827	PUF60	22827	ENSG00000179950	PUF60
Gene::284297	SSC5D	284297	ENSG00000179954	SSC5D
Gene::79077	DCTPP1	79077	ENSG00000179958	DCTPP1
Gene::51333	ZNF771	51333	ENSG00000179965	ZNF771
Gene::10194	TSHZ1	10194	ENSG00000179981	TSHZ1
Gene::118672	PSTK	118672	ENSG00000179988	PSTK
Gene::122809	SOCS4	122809	ENSG00000180008	SOCS4
Gene::284273	ZADH2	284273	ENSG00000180011	PTGR3
Gene::8387	OR1E1	8387	ENSG00000180016	OR1E1
Gene::197407	ZNF48	197407	ENSG00000180035	ZNF48
Gene::284418	FAM71E2	284418	ENSG00000180043	GARIN5B
Gene::401097	C3orf80	401097	ENSG00000180044	C3orf80
Gene::137814	NKX2-6	137814	ENSG00000180053	NKX2-6
Gene::284417	TMEM150B	284417	ENSG00000180061	TMEM150B
Gene::170393	C10orf91	170393	ENSG00000180066	LINC02870
Gene::253650	ANKRD18A	253650	ENSG00000180071	ANKRD18A
Gene::259239	WFDC11	259239	ENSG00000180083	WFDC11
Gene::255043	TMEM86B	255043	ENSG00000180089	TMEM86B
Gene::4994	OR3A1	4994	ENSG00000180090	OR3A1
Gene::1731	SEPT1	1731	ENSG00000180096	SEPTIN1
Gene::54952	TRNAU1AP	54952	ENSG00000180098	TRNAU1AP
Gene::11336	EXOC3	11336	ENSG00000180104	EXOC3
Gene::221400	TDRD6	221400	ENSG00000180113	TDRD6
Gene::283461	C12orf40	283461	ENSG00000180116	REDIC1
Gene::122011	CSNK1A1L	122011	ENSG00000180138	CSNK1A1L
Gene::66004	LYNX1	66004	ENSG00000180155	LYNX1
Gene::7054	TH	7054	ENSG00000180176	TH
Gene::9282	MED14	9282	ENSG00000180182	MED14
Gene::81889	FAHD1	81889	ENSG00000180185	FAHD1
Gene::157695	TDRP	157695	ENSG00000180190	TDRP
Gene::1104	RCC1	1104	ENSG00000180198	RCC1
Gene::259240	WFDC9	259240	ENSG00000180205	WFDC9
Gene::29895	MYLPF	29895	ENSG00000180209	MYL11
Gene::2147	F2	2147	ENSG00000180210	F2
Gene::196472	FAM71C	196472	ENSG00000180219	GARIN6
Gene::8575	PRKRA	8575	ENSG00000180228	PRKRA
Gene::223082	ZNRF2	223082	ENSG00000180233	ZNRF2
Gene::10692	RRH	10692	ENSG00000180245	RRH
Gene::389015	SLC9A4	389015	ENSG00000180251	SLC9A4
Gene::125893	ZNF816	125893	ENSG00000180257	ZNF816
Gene::55785	FGD6	55785	ENSG00000180263	FGD6
Gene::347088	ADGRD2	347088	ENSG00000180264	ADGRD2
Gene::124274	GPR139	124274	ENSG00000180269	GPR139
Gene::200150	PLD5	200150	ENSG00000180287	PLD5
Gene::4947	OAZ2	4947	ENSG00000180304	OAZ2
Gene::140832	WFDC10A	140832	ENSG00000180305	WFDC10A
Gene::285848	PNPLA1	285848	ENSG00000180316	PNPLA1
Gene::8092	ALX1	8092	ENSG00000180318	ALX1
Gene::124808	CCDC43	124808	ENSG00000180329	CCDC43
Gene::386618	KCTD4	386618	ENSG00000180332	KCTD4
Gene::284071	C17orf104	284071	ENSG00000180336	MEIOC
Gene::2535	FZD2	2535	ENSG00000180340	FZD2
Gene::166815	TIGD2	166815	ENSG00000180346	TIGD2
Gene::223075	CCDC129	223075	ENSG00000180347	ITPRID1
Gene::3059	HCLS1	3059	ENSG00000180353	HCLS1
Gene::222166	MTURN	222166	ENSG00000180354	MTURN
Gene::23060	ZNF609	23060	ENSG00000180357	ZNF609
Gene::5062	PAK2	5062	ENSG00000180370	PAK2
Gene::285331	CCDC66	285331	ENSG00000180376	CCDC66
Gene::245937	DEFB124	245937	ENSG00000180383	DEFB124
Gene::100505724	KRTAP9-7	100505724	ENSG00000180386	KRTAP9-7
Gene::90411	MCFD2	90411	ENSG00000180398	MCFD2
Gene::283254	HARBI1	283254	ENSG00000180423	HARBI1
Gene::245936	DEFB123	245936	ENSG00000180424	DEFB123
Gene::54494	C11orf71	54494	ENSG00000180425	C11orf71
Gene::1582	CYP8B1	1582	ENSG00000180432	CYP8B1
Gene::128371	OR6K6	128371	ENSG00000180433	OR6K6
Gene::400120	SERTM1	400120	ENSG00000180440	SERTM1
Gene::2619	GAS1	2619	ENSG00000180447	GAS1
Gene::23526	HMHA1	23526	ENSG00000180448	ARHGAP45
Gene::219960	OR10Q1	219960	ENSG00000180475	OR10Q1
Gene::51276	ZNF571	51276	ENSG00000180479	ZNF571
Gene::144321	GLIPR1L2	144321	ENSG00000180481	GLIPR1L2
Gene::245932	DEFB119	245932	ENSG00000180483	DEFB119
Gene::374986	FAM73A	374986	ENSG00000180488	MIGA1
Gene::3753	KCNE1	3753	ENSG00000180509	KCNE1
Gene::8204	NRIP1	8204	ENSG00000180530	NRIP1
Gene::201516	ZSCAN4	201516	ENSG00000180532	ZSCAN4
Gene::168620	BHLHA15	168620	ENSG00000180535	BHLHA15
Gene::221687	RNF182	221687	ENSG00000180537	RNF182
Gene::401563	C9orf139	401563	ENSG00000180539	LINC02908
Gene::85453	TSPYL5	85453	ENSG00000180543	TSPYL5
Gene::2529	FUT7	2529	ENSG00000180549	FUT7
Gene::8334	HIST1H2AC	8334	ENSG00000180573	H2AC6
Gene::387640	SKIDA1	387640	ENSG00000180592	SKIDA1
Gene::8347	HIST1H2BC	8347	ENSG00000180596	H2BC4
Gene::151963	MB21D2	151963	ENSG00000180611	MB21D2
Gene::170825	GSX2	170825	ENSG00000180613	GSX2
Gene::6752	SSTR2	6752	ENSG00000180616	SSTR2
Gene::84622	ZNF594	84622	ENSG00000180626	ZNF594
Gene::84333	PCGF5	84333	ENSG00000180628	PCGF5
Gene::146802	SLC47A2	146802	ENSG00000180638	SLC47A2
Gene::5551	PRF1	5551	ENSG00000180644	PRF1
Gene::79541	OR2A4	79541	ENSG00000180658	OR2A4
Gene::4081	MAB21L1	4081	ENSG00000180660	MAB21L1
Gene::55432	YOD1	55432	ENSG00000180667	YOD1
Gene::169200	TMEM64	169200	ENSG00000180694	TMEM64
Gene::152065	C3orf22	152065	ENSG00000180697	C3orf22
Gene::391107	OR10K2	391107	ENSG00000180708	OR10K2
Gene::1132	CHRM4	1132	ENSG00000180720	CHRM4
Gene::387914	SHISA2	387914	ENSG00000180730	SHISA2
Gene::53637	S1PR5	53637	ENSG00000180739	S1PR5
Gene::119467	CLRN3	119467	ENSG00000180745	CLRN3
Gene::80045	GPR157	80045	ENSG00000180758	GPR157
Gene::166012	CHST13	166012	ENSG00000180767	CHST13
Gene::186	AGTR2	186	ENSG00000180772	AGTR2
Gene::120103	SLC36A4	120103	ENSG00000180773	SLC36A4
Gene::253832	ZDHHC20	253832	ENSG00000180776	ZDHHC20
Gene::374860	ANKRD30B	374860	ENSG00000180777	ANKRD30B
Gene::143503	OR51E1	143503	ENSG00000180785	OR51E1
Gene::124961	ZFP3	124961	ENSG00000180787	ZFP3
Gene::79642	ARSJ	79642	ENSG00000180801	ARSJ
Gene::3225	HOXC9	3225	ENSG00000180806	HOXC9
Gene::389840	MAP3K15	389840	ENSG00000180815	MAP3K15
Gene::5464	PPA1	5464	ENSG00000180817	PPA1
Gene::3226	HOXC10	3226	ENSG00000180818	HOXC10
Gene::389362	PSMG4	389362	ENSG00000180822	PSMG4
Gene::27319	BHLHE22	27319	ENSG00000180828	BHLHE22
Gene::79929	MAP6D1	79929	ENSG00000180834	MAP6D1
Gene::10224	ZNF443	10224	ENSG00000180855	ZNF443
Gene::3579	CXCR2	3579	ENSG00000180871	CXCR2
Gene::245915	DEFB112	245915	ENSG00000180872	DEFB112
Gene::64388	GREM2	64388	ENSG00000180875	GREM2
Gene::160298	C11orf42	160298	ENSG00000180878	C11orf42
Gene::6748	SSR4	6748	ENSG00000180879	SSR4
Gene::84698	CAPS2	84698	ENSG00000180881	CAPS2
Gene::126375	ZNF792	126375	ENSG00000180884	ZNF792
Gene::404093	CUEDC1	404093	ENSG00000180891	CUEDC1
Gene::23513	SCRIB	23513	ENSG00000180900	SCRIB
Gene::23510	KCTD2	23510	ENSG00000180901	KCTD2
Gene::728294	D2HGDH	728294	ENSG00000180902	D2HGDH
Gene::5021	OXTR	5021	ENSG00000180914	OXTR
Gene::55783	CMTR2	55783	ENSG00000180917	CMTR2
Gene::196335	OR56B4	196335	ENSG00000180919	OR56B4
Gene::286077	FAM83H	286077	ENSG00000180921	SACK1H
Gene::118442	GPR62	118442	ENSG00000180929	GPR62
Gene::120796	OR56A1	120796	ENSG00000180934	OR56A1
Gene::137209	ZNF572	137209	ENSG00000180938	ZNF572
Gene::400410	ST20	400410	ENSG00000180953	ST20
Gene::23760	PITPNB	23760	ENSG00000180957	PITPNB
Gene::90843	TCEAL8	90843	ENSG00000180964	TCEAL8
Gene::390081	OR52E4	390081	ENSG00000180974	OR52E4
Gene::255252	LRRC57	255252	ENSG00000180979	LRRC57
Gene::390077	OR52N2	390077	ENSG00000180988	OR52N2
Gene::64928	MRPL14	64928	ENSG00000180992	MRPL14
Gene::283554	GPR137C	283554	ENSG00000180998	GPR137C
Gene::92346	C1orf105	92346	ENSG00000180999	C1orf105
Gene::79473	OR52N1	79473	ENSG00000181001	OR52N1
Gene::166379	BBS12	166379	ENSG00000181004	BBS12
Gene::284406	ZFP82	284406	ENSG00000181007	ZFP82
Gene::390075	OR52N5	390075	ENSG00000181009	OR52N5
Gene::286006	LSMEM1	286006	ENSG00000181016	LSMEM1
Gene::1728	NQO1	1728	ENSG00000181019	NQO1
Gene::387748	OR56B1	387748	ENSG00000181023	OR56B1
Gene::64782	AEN	64782	ENSG00000181026	AEN
Gene::79147	FKRP	79147	ENSG00000181027	FKRP
Gene::126003	TRAPPC5	126003	ENSG00000181029	TRAPPC5
Gene::9501	RPH3AL	9501	ENSG00000181031	RPH3AL
Gene::284439	SLC25A42	284439	ENSG00000181035	SLC25A42
Gene::343413	FCRL6	343413	ENSG00000181036	FCRL6
Gene::124512	METTL23	124512	ENSG00000181038	METTL23
Gene::284129	SLC26A11	284129	ENSG00000181045	SLC26A11
Gene::25994	HIGD1A	25994	ENSG00000181061	HIGD1A
Gene::1129	CHRM2	1129	ENSG00000181072	CHRM2
Gene::390072	OR52N4	390072	ENSG00000181074	OR52N4
Gene::225689	MAPK15	225689	ENSG00000181085	MAPK15
Gene::79813	EHMT1	79813	ENSG00000181090	EHMT1
Gene::9370	ADIPOQ	9370	ENSG00000181092	ADIPOQ
Gene::2149	F2R	2149	ENSG00000181104	F2R
Gene::286075	ZNF707	286075	ENSG00000181135	ZNF707
Gene::94025	MUC16	94025	ENSG00000181143	MUC16
Gene::4869	NPM1	4869	ENSG00000181163	NPM1
Gene::64219	PJA1	64219	ENSG00000181191	PJA1
Gene::55526	DHTKD1	55526	ENSG00000181192	DHTKD1
Gene::5179	PENK	5179	ENSG00000181195	PENK
Gene::26492	OR8G2	26492	ENSG00000181214	OR8G2P
Gene::389197	C4orf50	389197	ENSG00000181215	C4orf50
Gene::92815	HIST3H2A	92815	ENSG00000181218	H2AC25
Gene::155061	ZNF746	155061	ENSG00000181220	ZNF746
Gene::5430	POLR2A	5430	ENSG00000181222	POLR2A
Gene::92293	TMEM132C	92293	ENSG00000181234	TMEM132C
Gene::284427	SLC25A41	284427	ENSG00000181240	SLC25A41
Gene::219902	TMEM136	219902	ENSG00000181264	TLCD5
Gene::390181	OR5AK2	390181	ENSG00000181273	OR5AK2
Gene::23401	FRAT2	23401	ENSG00000181274	FRAT2
Gene::284114	TMEM102	284114	ENSG00000181284	TMEM102
Gene::124842	TMEM132E	124842	ENSG00000181291	TMEM132E
Gene::79692	ZNF322	79692	ENSG00000181315	ZNF322
Gene::347736	NME9	347736	ENSG00000181322	NME9
Gene::374768	SPEM1	374768	ENSG00000181323	SPEM1
Gene::341208	HEPHL1	341208	ENSG00000181333	HEPHL1
Gene::388341	LRRC75A	388341	ENSG00000181350	LRRC75A
Gene::266553	OFCC1	266553	ENSG00000181355	OFCC1
Gene::219484	OR5M8	219484	ENSG00000181371	OR5M8
Gene::6357	CCL13	6357	ENSG00000181374	CCL13
Gene::255101	CCDC108	255101	ENSG00000181378	CFAP65
Gene::91351	DDX60L	91351	ENSG00000181381	DDX60L
Gene::163183	SYNE4	163183	ENSG00000181392	SYNE4
Gene::79701	OGFOD3	79701	ENSG00000181396	OGFOD3
Gene::100287171	WASH1	100287171	ENSG00000181404	WASHC1
Gene::2837	UTS2R	2837	ENSG00000181408	UTS2R
Gene::9625	AATK	9625	ENSG00000181409	LMTK1
Gene::23109	DDN	23109	ENSG00000181418	DDN
Gene::55511	SAGE1	55511	ENSG00000181433	SAGE1
Gene::168544	ZNF467	168544	ENSG00000181444	ZNF467
Gene::6657	SOX2	6657	ENSG00000181449	SOX2
Gene::339500	ZNF678	339500	ENSG00000181450	ZNF678
Gene::55076	TMEM45A	55076	ENSG00000181458	TMEM45A
Gene::5912	RAP2B	5912	ENSG00000181467	RAP2B
Gene::57621	ZBTB2	57621	ENSG00000181472	ZBTB2
Gene::84282	RNF135	84282	ENSG00000181481	RNF135
Gene::219874	OR6T1	219874	ENSG00000181499	OR6T1
Gene::79777	ACBD4	79777	ENSG00000181513	ACBD4
Gene::338662	OR8D4	338662	ENSG00000181518	OR8D4
Gene::6448	SGSH	6448	ENSG00000181523	SGSH
Gene::10586	MAB21L2	10586	ENSG00000181541	MAB21L2
Gene::2187	FANCB	2187	ENSG00000181544	FANCB
Gene::64184	EDDM3B	64184	ENSG00000181552	EDDM3B
Gene::29072	SETD2	29072	ENSG00000181555	SETD2
Gene::10876	EDDM3A	10876	ENSG00000181562	EDDM3A
Gene::221416	C6orf223	221416	ENSG00000181577	LINC03040
Gene::259236	TMIE	259236	ENSG00000181585	TMIE
Gene::399664	MEX3D	399664	ENSG00000181588	MEX3D
Gene::390066	OR52D1	390066	ENSG00000181609	OR52D1
Gene::51649	MRPS23	51649	ENSG00000181610	MRPS23
Gene::390067	OR52H1	390067	ENSG00000181616	OR52H1
Gene::260436	FDCSP	260436	ENSG00000181617	FDCSP
Gene::64582	GPR135	64582	ENSG00000181619	GPR135
Gene::79008	SLX1B	79008	ENSG00000181625	SLX1B
Gene::342850	ANKRD62	342850	ENSG00000181626	ANKRD62
Gene::53829	P2RY13	53829	ENSG00000181631	P2RY13
Gene::9966	TNFSF15	9966	ENSG00000181634	TNFSF15
Gene::286128	ZFP41	286128	ENSG00000181638	ZFP41
Gene::7262	PHLDA2	7262	ENSG00000181649	PHLDA2
Gene::285973	ATG9B	285973	ENSG00000181652	ATG9B
Gene::54112	GPR88	54112	ENSG00000181656	GPR88
Gene::284459	HKR1	284459	ENSG00000181666	ZNF875
Gene::5324	PLAG1	5324	ENSG00000181690	PLAG1
Gene::219469	OR8H1	219469	ENSG00000181693	OR8H1
Gene::390155	OR5T1	390155	ENSG00000181698	OR5T1
Gene::286451	YIPF6	286451	ENSG00000181704	YIPF6
Gene::219464	OR5T2	219464	ENSG00000181718	OR5T2
Gene::26137	ZBTB20	26137	ENSG00000181722	ZBTB20
Gene::284383	OR2Z1	284383	ENSG00000181733	OR2Z1
Gene::205428	C3orf58	205428	ENSG00000181744	DIPK2A
Gene::90355	C5orf30	90355	ENSG00000181751	MACIR
Gene::219453	OR8K5	219453	ENSG00000181752	OR8K5
Gene::57463	AMIGO1	57463	ENSG00000181754	AMIGO1
Gene::390152	OR8H3	390152	ENSG00000181761	OR8H3
Gene::390151	OR8H2	390151	ENSG00000181767	OR8H2
Gene::2827	GPR3	2827	ENSG00000181773	GPR3
Gene::169693	TMEM252	169693	ENSG00000181778	TMEM252
Gene::284451	ODF3L2	284451	ENSG00000181781	CIMAP1D
Gene::219447	OR5AS1	219447	ENSG00000181785	OR5AS1
Gene::284382	ACTL9	284382	ENSG00000181786	ACTL9
Gene::6478	SIAH2	6478	ENSG00000181788	SIAH2
Gene::22820	COPG1	22820	ENSG00000181789	COPG1
Gene::575	ADGRB1	575	ENSG00000181790	ADGRB1
Gene::341799	OR6S1	341799	ENSG00000181803	OR6S1
Gene::285195	SLC9A9	285195	ENSG00000181804	SLC9A9
Gene::84967	LSM10	84967	ENSG00000181817	LSM10
Gene::768211	RELL1	768211	ENSG00000181826	RELL1
Gene::64864	RFX7	64864	ENSG00000181827	RFX7
Gene::55343	SLC35C1	55343	ENSG00000181830	SLC35C1
Gene::201633	TIGIT	201633	ENSG00000181847	TIGIT
Gene::10193	RNF41	10193	ENSG00000181852	RNF41
Gene::6517	SLC2A4	6517	ENSG00000181856	SLC2A4
Gene::94033	FTMT	94033	ENSG00000181867	FTMT
Gene::200205	IBA57	200205	ENSG00000181873	IBA57
Gene::1366	CLDN7	1366	ENSG00000181885	CLDN7
Gene::79673	ZNF329	79673	ENSG00000181894	ZNF329
Gene::94039	ZNF101	94039	ENSG00000181896	ZNF101
Gene::219432	OR4C6	219432	ENSG00000181903	OR4C6
Gene::134553	C5orf24	134553	ENSG00000181904	C5orf24
Gene::84890	ADO	84890	ENSG00000181915	ADO
Gene::51287	COA4	51287	ENSG00000181924	COA4
Gene::81300	OR4P4	81300	ENSG00000181927	OR4P4
Gene::5571	PRKAG1	5571	ENSG00000181929	PRKAG1
Gene::64785	GINS3	64785	ENSG00000181938	GINS3
Gene::81309	OR4C15	81309	ENSG00000181939	OR4C15
Gene::81328	OR4A15	81328	ENSG00000181958	OR4A15
Gene::81327	OR4A16	81327	ENSG00000181961	OR4A16
Gene::119774	OR52K2	119774	ENSG00000181963	OR52K2
Gene::4762	NEUROG1	4762	ENSG00000181965	NEUROG1
Gene::91050	CCDC149	91050	ENSG00000181982	CCDC149
Gene::64963	MRPS11	64963	ENSG00000181991	MRPS11
Gene::6635	SNRPE	6635	ENSG00000182004	SNRPE
Gene::219790	RTKN2	219790	ENSG00000182010	RTKN2
Gene::55228	PNMAL1	55228	ENSG00000182013	PNMA8A
Gene::51363	CHST15	51363	ENSG00000182022	CHST15
Gene::149685	ADIG	149685	ENSG00000182035	ADIG
Gene::124590	USH1G	124590	ENSG00000182040	USH1G
Gene::25834	MGAT4C	25834	ENSG00000182050	MGAT4C
Gene::283116	TRIM49B	283116	ENSG00000182053	TRIM49B
Gene::3418	IDH2	3418	ENSG00000182054	IDH2
Gene::23538	OR52A1	23538	ENSG00000182070	OR52A1
Gene::374308	PTCHD3	374308	ENSG00000182077	PTCHD3
Gene::389090	OR6B2	389090	ENSG00000182083	OR6B2
Gene::91304	TMEM259	91304	ENSG00000182087	TMEM259
Gene::7485	WRB	7485	ENSG00000182093	GET1
Gene::84629	TNRC18	84629	ENSG00000182095	TNRC18
Gene::220382	FAM181B	220382	ENSG00000182103	FAM181B
Gene::161291	TMEM30B	161291	ENSG00000182107	CDC50B
Gene::28955	DEXI	28955	ENSG00000182108	DEXI
Gene::441234	ZNF716	441234	ENSG00000182111	ZNF716
Gene::55505	NOP10	55505	ENSG00000182117	NOP10
Gene::375061	FAM89A	375061	ENSG00000182118	FAM89A
Gene::30820	KCNIP1	30820	ENSG00000182132	KCNIP1
Gene::11022	TDRKH	11022	ENSG00000182134	TDRKH
Gene::7562	ZNF708	7562	ENSG00000182141	ZNF708
Gene::9798	IST1	9798	ENSG00000182149	IST1
Gene::375748	ERCC6L2	375748	ENSG00000182150	ERCC6L2
Gene::64975	MRPL41	64975	ENSG00000182154	MRPL41
Gene::339221	ENPP7	339221	ENSG00000182156	ENPP7
Gene::64764	CREB3L2	64764	ENSG00000182158	CREB3L2
Gene::286530	P2RY8	286530	ENSG00000182162	P2RY8
Gene::8633	UNC5C	8633	ENSG00000182168	UNC5C
Gene::386746	MRGPRG	386746	ENSG00000182170	MRGPRG
Gene::283989	TSEN54	283989	ENSG00000182173	TSEN54
Gene::56963	RGMA	56963	ENSG00000182175	RGMA
Gene::401036	ASB18	401036	ENSG00000182177	ASB18
Gene::7318	UBA7	7318	ENSG00000182179	UBA7
Gene::51021	MRPS16	51021	ENSG00000182180	MRPS16
Gene::348378	FAM159A	348378	ENSG00000182183	SHISAL2A
Gene::5890	RAD51B	5890	ENSG00000182185	RAD51B
Gene::1419	CRYGB	1419	ENSG00000182187	CRYGB
Gene::23641	LDOC1	23641	ENSG00000182195	LDOC1
Gene::51329	ARL6IP4	51329	ENSG00000182196	ARL6IP4
Gene::2131	EXT1	2131	ENSG00000182197	EXT1
Gene::6472	SHMT2	6472	ENSG00000182199	SHMT2
Gene::81532	MOB2	81532	ENSG00000182208	MOB2
Gene::84439	HHIPL1	84439	ENSG00000182218	HHIPL1
Gene::10159	ATP6AP2	10159	ENSG00000182220	ATP6AP2
Gene::326340	ZAR1	326340	ENSG00000182223	ZAR1
Gene::124637	CYB5D1	124637	ENSG00000182224	CYB5D1
Gene::202134	FAM153B	202134	ENSG00000182230	FAM153B
Gene::25825	BACE2	25825	ENSG00000182240	BACE2
Gene::7325	UBE2E2	7325	ENSG00000182247	UBE2E2
Gene::23336	SYNM	23336	ENSG00000182253	SYNM
Gene::3739	KCNA4	3739	ENSG00000182255	KCNA4
Gene::2567	GABRG3	2567	ENSG00000182256	GABRG3
Gene::55267	PRR34	55267	ENSG00000182257	PRR34
Gene::338322	NLRP10	338322	ENSG00000182261	NLRP10
Gene::55137	FIGN	55137	ENSG00000182263	FIGN
Gene::284359	IZUMO1	284359	ENSG00000182264	IZUMO1
Gene::388364	TMIGD1	388364	ENSG00000182271	TMIGD1
Gene::338707	B4GALNT4	338707	ENSG00000182272	B4GALNT4
Gene::8905	AP1S2	8905	ENSG00000182287	AP1S2
Gene::65265	C8orf33	65265	ENSG00000182307	C8orf33
Gene::285429	DCAF4L1	285429	ENSG00000182308	DCAF4L1
Gene::653657	MBD3L3	653657	ENSG00000182315	MBD3L3
Gene::342945	ZSCAN22	342945	ENSG00000182318	ZSCAN22
Gene::3770	KCNJ14	3770	ENSG00000182324	KCNJ14
Gene::26233	FBXL6	26233	ENSG00000182325	FBXL6
Gene::716	C1S	716	ENSG00000182326	C1S
Gene::388323	GLTPD2	388323	ENSG00000182327	GLTPD2
Gene::100652824	KIAA2012	100652824	ENSG00000182329	KIAA2012
Gene::391002	PRAMEF8	391002	ENSG00000182330	PRAMEF8
Gene::8513	LIPF	8513	ENSG00000182333	LIPF
Gene::120066	OR5P3	120066	ENSG00000182334	OR5P3
Gene::267012	DAOA	267012	ENSG00000182346	DAOA
Gene::219578	ZNF804B	219578	ENSG00000182348	ZNF804B
Gene::146723	C17orf77	146723	ENSG00000182352	CD300LD-AS1
Gene::143879	KBTBD3	143879	ENSG00000182359	KBTBD3
Gene::54059	YBEY	54059	ENSG00000182362	YBEY
Gene::2055	CLN8	2055	ENSG00000182372	CLN8
Gene::55344	PLCXD1	55344	ENSG00000182378	PLCXD1
Gene::11247	NXPH4	11247	ENSG00000182379	NXPH4
Gene::785	CACNB4	785	ENSG00000182389	CACNB4
Gene::282618	IFNL1	282618	ENSG00000182393	IFNL1
Gene::122553	TRAPPC6B	122553	ENSG00000182400	TRAPPC6B
Gene::161779	PGBD4	161779	ENSG00000182405	PGBD4
Gene::9426	CDY2A	9426	ENSG00000182415	CDY2A
Gene::55666	NPLOC4	55666	ENSG00000182446	NPLOC4
Gene::131149	OTOL1	131149	ENSG00000182447	OTOL1
Gene::50801	KCNK4	50801	ENSG00000182450	KCNK4
Gene::400629	TEX19	400629	ENSG00000182459	TEX19
Gene::128553	TSHZ2	128553	ENSG00000182463	TSHZ2
Gene::147968	CAPN12	147968	ENSG00000182472	CAPN12
Gene::23265	EXOC7	23265	ENSG00000182473	EXOC7
Gene::3838	KPNA2	3838	ENSG00000182481	KPNA2
Gene::402415	XKRX	402415	ENSG00000182489	XKRX
Gene::633	BGN	633	ENSG00000182492	BGN
Gene::79598	CEP97	79598	ENSG00000182504	CEP97
Gene::340596	LHFPL1	340596	ENSG00000182508	LHFPL1
Gene::2242	FES	2242	ENSG00000182511	FES
Gene::51218	GLRX5	51218	ENSG00000182512	GLRX5
Gene::90736	FAM104B	90736	ENSG00000182518	VCF2
Gene::387332	TBPL2	387332	ENSG00000182521	TBPL2
Gene::859	CAV3	859	ENSG00000182533	CAV3
Gene::439921	MXRA7	439921	ENSG00000182534	MXRA7
Gene::3985	LIMK2	3985	ENSG00000182541	LIMK2
Gene::84975	MFSD5	84975	ENSG00000182544	SLC61A1
Gene::338879	RNASE10	338879	ENSG00000182545	RNASE10
Gene::55256	ADI1	55256	ENSG00000182551	ADI1
Gene::201965	RWDD4	201965	ENSG00000182552	RWDD4
Gene::201305	SPNS3	201305	ENSG00000182557	SPNS3
Gene::339390	CLEC4G	339390	ENSG00000182566	CLEC4G
Gene::6304	SATB1	6304	ENSG00000182568	SATB1
Gene::11248	NXPH3	11248	ENSG00000182575	NXPH3
Gene::1436	CSF1R	1436	ENSG00000182578	CSF1R
Gene::2049	EPHB3	2049	ENSG00000182580	EPHB3
Gene::26609	VCX	26609	ENSG00000182583	VCX
Gene::255324	EPGN	255324	ENSG00000182585	EPGN
Gene::337880	KRTAP11-1	337880	ENSG00000182591	KRTAP11-1
Gene::389084	C2orf82	389084	ENSG00000182600	SNORC
Gene::9951	HS3ST4	9951	ENSG00000182601	HS3ST4
Gene::22906	TRAK1	22906	ENSG00000182606	TRAK1
Gene::83882	TSPAN10	83882	ENSG00000182612	TSPAN10
Gene::285659	OR2V2	285659	ENSG00000182613	OR2V2
Gene::23236	PLCB1	23236	ENSG00000182621	PLCB1
Gene::348235	SKA2	348235	ENSG00000182628	SKA2
Gene::51289	RXFP3	51289	ENSG00000182631	RXFP3
Gene::390265	OR10G7	390265	ENSG00000182634	OR10G7
Gene::4692	NDN	4692	ENSG00000182636	NDN
Gene::374355	CCDC172	374355	ENSG00000182645	CCDC172
Gene::441669	OR4Q3	441669	ENSG00000182652	OR4Q3
Gene::50863	NTM	50863	ENSG00000182667	NTM
Gene::7267	TTC3	7267	ENSG00000182670	TTC3
Gene::9312	KCNB2	9312	ENSG00000182674	KCNB2
Gene::116729	PPP1R27	116729	ENSG00000182676	PPP1R27
Gene::283870	BRICD5	283870	ENSG00000182685	BRICD5
Gene::8811	GALR2	8811	ENSG00000182687	GALR2
Gene::389075	RESP18	389075	ENSG00000182698	RESP18
Gene::492311	IGIP	492311	ENSG00000182700	IGIP
Gene::25987	TSKU	25987	ENSG00000182704	TSKU
Gene::100272147	CMC4	100272147	ENSG00000182712	CMC4
Gene::302	ANXA2	302	ENSG00000182718	ANXA2
Gene::9628	RGS6	9628	ENSG00000182732	RGS6
Gene::3214	HOXB4	3214	ENSG00000182742	HOXB4
Gene::340146	SLC35D3	340146	ENSG00000182747	SLC35D3
Gene::164091	PAQR7	164091	ENSG00000182749	PAQR7
Gene::5069	PAPPA	5069	ENSG00000182752	PAPPA
Gene::389692	MAFA	389692	ENSG00000182759	MAFA
Gene::51335	NGRN	51335	ENSG00000182768	NGRN
Gene::2894	GRID1	2894	ENSG00000182771	GRID1
Gene::6218	RPS17	6218	ENSG00000182774	RPS17
Gene::338442	HCAR2	338442	ENSG00000182782	HCAR2
Gene::343563	OR2T29	343563	ENSG00000182783	OR2T29
Gene::55231	CCDC87	55231	ENSG00000182791	CCDC87
Gene::221357	GSTA5	221357	ENSG00000182793	GSTA5
Gene::79098	C1orf116	79098	ENSG00000182795	C1orf116
Gene::645864	MAGEB17	645864	ENSG00000182798	MAGEB17
Gene::1397	CRIP2	1397	ENSG00000182809	CRIP2
Gene::55794	DDX28	55794	ENSG00000182810	DDX28
Gene::337959	KRTAP13-2	337959	ENSG00000182816	KRTAP13-2
Gene::642643	LOC642643	642643	ENSG00000182824	FAM230E
Gene::64746	ACBD3	64746	ENSG00000182827	ACBD3
Gene::29035	C16orf72	29035	ENSG00000182831	HAPSTR1
Gene::345557	PLCXD3	345557	ENSG00000182836	PLCXD3
Gene::284013	VMO1	284013	ENSG00000182853	VMO1
Gene::390649	OR4F15	390649	ENSG00000182854	OR4F15
Gene::79087	ALG12	79087	ENSG00000182858	ALG12
Gene::3932	LCK	3932	ENSG00000182866	LCK
Gene::50614	GALNT9	50614	ENSG00000182870	GALNT9
Gene::80781	COL18A1	80781	ENSG00000182871	COL18A1
Gene::8241	RBM10	8241	ENSG00000182872	RBM10
Gene::100506504	LOC100506504	100506504	ENSG00000182873	PRKCZ-AS1
Gene::222487	ADGRG3	222487	ENSG00000182885	ADGRG3
Gene::2747	GLUD2	2747	ENSG00000182890	GLUD2
Gene::339168	TMEM95	339168	ENSG00000182896	TMEM95
Gene::126637	TCHHL1	126637	ENSG00000182898	TCHHL1
Gene::6165	RPL35A	6165	ENSG00000182899	RPL35A
Gene::6000	RGS7	6000	ENSG00000182901	RGS7
Gene::83733	SLC25A18	83733	ENSG00000182902	SLC25A18
Gene::170960	ZNF721	170960	ENSG00000182903	ZNF721
Gene::56849	TCEAL7	56849	ENSG00000182916	TCEAL7
Gene::28970	C11orf54	28970	ENSG00000182919	BKGD
Gene::80254	CEP63	80254	ENSG00000182923	CEP63
Gene::280664	WFDC10B	280664	ENSG00000182931	WFDC10B
Gene::6734	SRPR	6734	ENSG00000182934	SRPRA
Gene::347741	OTOP3	347741	ENSG00000182938	OTOP3
Gene::2130	EWSR1	2130	ENSG00000182944	EWSR1
Gene::161753	ODF3L1	161753	ENSG00000182950	CIMAP1C
Gene::10473	HMGN4	10473	ENSG00000182952	HMGN4
Gene::221178	SPATA13	221178	ENSG00000182957	SPATA13
Gene::10052	GJC1	10052	ENSG00000182963	GJC1
Gene::6656	SOX1	6656	ENSG00000182968	SOX1
Gene::25904	CNOT10	25904	ENSG00000182973	CNOT10
Gene::9112	MTA1	9112	ENSG00000182979	MTA1
Gene::389114	ZNF662	389114	ENSG00000182983	ZNF662
Gene::23705	CADM1	23705	ENSG00000182985	CADM1
Gene::162967	ZNF320	162967	ENSG00000182986	ZNF320
Gene::144608	C12orf60	144608	ENSG00000182993	C12orf60
Gene::5831	PYCR1	5831	ENSG00000183010	PYCR1
Gene::84316	NAA38	84316	ENSG00000183011	NAA38
Gene::124976	SPNS2	124976	ENSG00000183018	SPNS2
Gene::199675	MCEMP1	199675	ENSG00000183019	MCEMP1
Gene::161	AP2A2	161	ENSG00000183020	AP2A2
Gene::6546	SLC8A1	6546	ENSG00000183023	SLC8A1
Gene::8390	OR1G1	8390	ENSG00000183024	OR1G1
Gene::89874	SLC25A21	89874	ENSG00000183032	SLC25A21
Gene::92736	OTOP2	92736	ENSG00000183034	OTOP2
Gene::1538	CYLC1	1538	ENSG00000183035	CYLC1
Gene::5121	PCP4	5121	ENSG00000183036	PCP4
Gene::18	ABAT	18	ENSG00000183044	ABAT
Gene::1468	SLC25A10	1468	ENSG00000183048	SLC25A10
Gene::57118	CAMK1D	57118	ENSG00000183049	CAMK1D
Gene::729540	RGPD6	729540	ENSG00000183054	RGPD6
Gene::145748	LYSMD4	145748	ENSG00000183060	LYSMD4
Gene::164684	WBP2NL	164684	ENSG00000183066	WBP2NL
Gene::150084	IGSF5	150084	ENSG00000183067	IGSF5
Gene::1482	NKX2-5	1482	ENSG00000183072	NKX2-5
Gene::125061	AFMID	125061	ENSG00000183077	AFMID
Gene::2621	GAS6	2621	ENSG00000183087	GAS6
Gene::166752	FREM3	166752	ENSG00000183090	FREM3
Gene::4703	NEB	4703	ENSG00000183091	NEB
Gene::57596	BEGAIN	57596	ENSG00000183092	BEGAIN
Gene::10082	GPC6	10082	ENSG00000183098	GPC6
Gene::389337	ARHGEF37	389337	ENSG00000183111	ARHGEF37
Gene::163933	FAM43B	163933	ENSG00000183114	FAM43B
Gene::64478	CSMD1	64478	ENSG00000183117	CSMD1
Gene::119395	CALHM3	119395	ENSG00000183128	CALHM3
Gene::11251	PTGDR2	11251	ENSG00000183134	PTGDR2
Gene::285753	CEP57L1	285753	ENSG00000183137	CEP57L1
Gene::53820	RIPPLY3	53820	ENSG00000183145	RIPPLY3
Gene::100533178	PRORY	100533178	ENSG00000183146	PRORY
Gene::441430	ANKRD20A2	441430	ENSG00000183148	ANKRD20A2P
Gene::2842	GPR19	2842	ENSG00000183150	GPR19
Gene::125111	GJD3	125111	ENSG00000183153	GJD3
Gene::5877	RABIF	5877	ENSG00000183155	RABIF
Gene::338773	TMEM119	338773	ENSG00000183160	TMEM119
Gene::2188	FANCF	2188	ENSG00000183161	FANCF
Gene::83698	CALN1	83698	ENSG00000183166	CALN1
Gene::91689	SMDT1	91689	ENSG00000183172	SMDT1
Gene::200959	GABRR3	200959	ENSG00000183185	GABRR3
Gene::126567	C2CD4C	126567	ENSG00000183186	C2CD4C
Gene::4166	CHST6	4166	ENSG00000183196	CHST6
Gene::388468	POTEC	388468	ENSG00000183206	POTEC
Gene::10856	RUVBL2	10856	ENSG00000183207	RUVBL2
Gene::390637	GDPGP1	390637	ENSG00000183208	GDPGP1
Gene::29119	CTNNA3	29119	ENSG00000183230	CTNNA3
Gene::150221	RIMBP3C	150221	ENSG00000183246	RIMBP3C
Gene::80164	PRR36	80164	ENSG00000183248	PRR36
Gene::79339	OR51B4	79339	ENSG00000183251	OR51B4
Gene::754	PTTG1IP	754	ENSG00000183255	PTTG1IP
Gene::51428	DDX41	51428	ENSG00000183258	DDX41
Gene::140701	ABHD16B	140701	ENSG00000183260	ABHD16B
Gene::390079	OR52E8	390079	ENSG00000183269	OR52E8
Gene::160777	CCDC60	160777	ENSG00000183273	CCDC60
Gene::5343	PLGLB1	5343	ENSG00000183281	PLGLB1
Gene::9802	DAZAP2	9802	ENSG00000183283	DAZAP2
Gene::147372	CCBE1	147372	ENSG00000183287	CCBE1
Gene::9403	SEP15	9403	ENSG00000183291	SELENOF
Gene::120065	OR5P2	120065	ENSG00000183303	OR5P2
Gene::171482	FAM9A	171482	ENSG00000183304	FAM9A
Gene::266740	MAGEA2B	266740	ENSG00000183305	MAGEA2B
Gene::27439	CECR6	27439	ENSG00000183307	TMEM121B
Gene::9831	ZNF623	9831	ENSG00000183309	ZNF623
Gene::127068	OR2T34	127068	ENSG00000183310	OR2T34
Gene::338751	OR52L1	338751	ENSG00000183313	OR52L1
Gene::284656	EPHA10	284656	ENSG00000183317	EPHA10
Gene::388333	SPDYE4	388333	ENSG00000183318	SPDYE4
Gene::202243	CCDC125	202243	ENSG00000183323	CCDC125
Gene::283677	REC114	283677	ENSG00000183324	REC114
Gene::552900	BOLA2	552900	ENSG00000183336	BOLA2
Gene::54880	BCOR	54880	ENSG00000183337	BCOR
Gene::8690	JRKL	8690	ENSG00000183340	JRKL
Gene::219621	C10orf107	219621	ENSG00000183346	CABCOCO1
Gene::163351	GBP6	163351	ENSG00000183347	GBP6
Gene::158358	KIAA2026	158358	ENSG00000183354	BRD10
Gene::341277	OVCH2	341277	ENSG00000183378	OVCH2
Gene::646658	SYNDIG1L	646658	ENSG00000183379	SYNDIG1L
Gene::2275	FHL3	2275	ENSG00000183386	FHL3
Gene::120793	OR56A4	120793	ENSG00000183389	OR56A4
Gene::5367	PMCH	5367	ENSG00000183395	PMCH
Gene::440955	TMEM89	440955	ENSG00000183396	TMEM89
Gene::100128569	C19orf71	100128569	ENSG00000183397	TEKTIP1
Gene::126075	CCDC159	126075	ENSG00000183401	CCDC159
Gene::54101	RIPK4	54101	ENSG00000183421	RIPK4
Gene::345193	LRIT3	345193	ENSG00000183423	LRIT3
Gene::9284	NPIPA1	9284	ENSG00000183426	NPIPA1
Gene::10946	SF3A3	10946	ENSG00000183431	SF3A3
Gene::51270	TFDP3	51270	ENSG00000183434	TFDP3
Gene::391712	TRIM61	391712	ENSG00000183439	TRIM61
Gene::2903	GRIN2A	2903	ENSG00000183454	GRIN2A
Gene::646625	URAD	646625	ENSG00000183463	URAD
Gene::728340	GTF2H2C	728340	ENSG00000183474	GTF2H2C
Gene::140460	ASB7	140460	ENSG00000183475	ASB7
Gene::646892	SH2D7	646892	ENSG00000183476	SH2D7
Gene::11219	TREX2	11219	ENSG00000183479	TREX2
Gene::29933	GPR132	29933	ENSG00000183484	GPR132
Gene::4600	MX2	4600	ENSG00000183486	MX2
Gene::57634	EP400	57634	ENSG00000183495	EP400
Gene::84206	MEX3B	84206	ENSG00000183496	MEX3B
Gene::54855	FAM46C	54855	ENSG00000183508	TENT5C
Gene::493753	COA5	493753	ENSG00000183513	COA5
Gene::51118	UTP11L	51118	ENSG00000183520	UTP11
Gene::8624	PSMG1	8624	ENSG00000183527	PSMG1
Gene::253143	PRR14L	253143	ENSG00000183530	PRR14L
Gene::8302	KLRC4	8302	ENSG00000183542	KLRC4
Gene::54988	ACSM5	54988	ENSG00000183549	ACSM5
Gene::399814	C10orf120	399814	ENSG00000183559	C10orf120
Gene::390243	IZUMO1R	390243	ENSG00000183560	IZUMO1R
Gene::253190	SERHL2	253190	ENSG00000183569	SERHL2
Gene::54039	PCBP3	54039	ENSG00000183570	PCBP3
Gene::145814	PGPEP1L	145814	ENSG00000183571	PGPEP1L
Gene::84193	SETD3	84193	ENSG00000183576	SETD3
Gene::388121	TNFAIP8L3	388121	ENSG00000183578	TIPE3
Gene::84133	ZNRF3	84133	ENSG00000183579	ZNRF3
Gene::23194	FBXL7	23194	ENSG00000183580	FBXL7
Gene::128989	TANGO2	128989	ENSG00000183597	TANGO2
Gene::653604	HIST2H3D	653604	ENSG00000183598	H3C13
Gene::119559	SFXN4	119559	ENSG00000183605	SFXN4
Gene::200504	GKN2	200504	ENSG00000183607	GKN2
Gene::84734	FAM167B	84734	ENSG00000183615	FAM167B
Gene::116541	MRPL54	116541	ENSG00000183617	MRPL54
Gene::220929	ZNF438	220929	ENSG00000183621	ZNF438
Gene::56941	HMCES	56941	ENSG00000183624	HMCES
Gene::1232	CCR3	1232	ENSG00000183625	CCR3
Gene::8214	DGCR6	8214	ENSG00000183628	DGCR6
Gene::100130613	PRR32	100130613	ENSG00000183631	PRR32
Gene::24150	TP53TG3	24150	ENSG00000183632	TP53TG3
Gene::94137	RP1L1	94137	ENSG00000183638	RP1L1
Gene::337879	KRTAP8-1	337879	ENSG00000183640	KRTAP8-1
Gene::145858	C15orf32	145858	ENSG00000183643	C15orf32
Gene::399949	C11orf88	399949	ENSG00000183644	HOATZ
Gene::348327	ZNF530	348327	ENSG00000183647	ZNF530
Gene::4707	NDUFB1	4707	ENSG00000183648	NDUFB1
Gene::441061	MARCH11	441061	ENSG00000183654	MARCHF11
Gene::64410	KLHL25	64410	ENSG00000183655	KLHL25
Gene::407738	FAM19A1	407738	ENSG00000183662	TAFA1
Gene::55039	TRMT12	55039	ENSG00000183665	TYW2
Gene::5678	PSG9	5678	ENSG00000183668	PSG9
Gene::2825	GPR1	2825	ENSG00000183671	CMKLR2
Gene::353500	BMP8A	353500	ENSG00000183682	BMP8A
Gene::10189	ALYREF	10189	ENSG00000183684	ALYREF
Gene::359845	FAM101B	359845	ENSG00000183688	RFLNB
Gene::80258	EFHC2	80258	ENSG00000183690	EFHC2
Gene::9241	NOG	9241	ENSG00000183691	NOG
Gene::117194	MRGPRX2	117194	ENSG00000183695	MRGPRX2
Gene::7378	UPP1	7378	ENSG00000183696	UPP1
Gene::283694	OR4N4	283694	ENSG00000183706	OR4N4
Gene::282616	IFNL2	282616	ENSG00000183709	IFNL2
Gene::4978	OPCML	4978	ENSG00000183715	OPCML
Gene::84851	TRIM52	84851	ENSG00000183718	TRIM52
Gene::10186	LHFP	10186	ENSG00000183722	LHFPL6
Gene::146223	CMTM4	146223	ENSG00000183723	CMTM4
Gene::23585	TMEM50A	23585	ENSG00000183726	TMEM50A
Gene::344018	FIGLA	344018	ENSG00000183733	FIGLA
Gene::430	ASCL2	430	ENSG00000183734	ASCL2
Gene::29110	TBK1	29110	ENSG00000183735	TBK1
Gene::23466	CBX6	23466	ENSG00000183741	CBX6
Gene::346389	MACC1	346389	ENSG00000183742	MACC1
Gene::123876	ACSM2A	123876	ENSG00000183747	ACSM2A
Gene::10607	TBL3	10607	ENSG00000183751	TBL3
Gene::9083	BPY2	9083	ENSG00000183753	BPY2
Gene::390928	PAPL	390928	ENSG00000183760	ACP7
Gene::83999	KREMEN1	83999	ENSG00000183762	KREMEN1
Gene::10293	TRAIP	10293	ENSG00000183763	TRAIP
Gene::11200	CHEK2	11200	ENSG00000183765	CHEK2
Gene::668	FOXL2	668	ENSG00000183770	FOXL2
Gene::150209	AIFM3	150209	ENSG00000183773	AIFM3
Gene::57528	KCTD16	57528	ENSG00000183775	KCTD16
Gene::10317	B3GALT5	10317	ENSG00000183778	B3GALT5
Gene::80139	ZNF703	80139	ENSG00000183779	ZNF703
Gene::148641	SLC35F3	148641	ENSG00000183780	SLC35F3
Gene::386617	KCTD8	386617	ENSG00000183783	KCTD8
Gene::157983	C9orf66	157983	ENSG00000183784	DOCK8-AS1
Gene::51807	TUBA8	51807	ENSG00000183785	TUBA8
Gene::100288332	NPIPA5	100288332	ENSG00000183793	NPIPA5
Gene::442867	BPY2B	442867	ENSG00000183795	BPY2B
Gene::90187	EMILIN3	90187	ENSG00000183798	EMILIN3
Gene::283298	OLFML1	283298	ENSG00000183801	OLFML1
Gene::221303	FAM162B	221303	ENSG00000183807	FAM162B
Gene::389677	RBM12B	389677	ENSG00000183808	RBM12B
Gene::1233	CCR4	1233	ENSG00000183813	CCR4
Gene::286826	LIN9	286826	ENSG00000183814	LIN9
Gene::114781	BTBD9	114781	ENSG00000183826	BTBD9
Gene::256281	NUDT14	256281	ENSG00000183828	NUDT14
Gene::339416	ANKRD45	339416	ENSG00000183831	ANKRD45
Gene::89876	MAATS1	89876	ENSG00000183833	CFAP91
Gene::29944	PNMA3	29944	ENSG00000183837	PNMA3
Gene::2863	GPR39	2863	ENSG00000183840	GPR39
Gene::54097	FAM3B	54097	ENSG00000183844	FAM3B
Gene::100129543	ZNF730	100129543	ENSG00000183850	ZNF730
Gene::55243	KIRREL	55243	ENSG00000183853	KIRREL1
Gene::128239	IQGAP3	128239	ENSG00000183856	IQGAP3
Gene::1260	CNGA2	1260	ENSG00000183862	CNGA2
Gene::10766	TOB2	10766	ENSG00000183864	TOB2
Gene::6331	SCN5A	6331	ENSG00000183873	SCN5A
Gene::340075	ARSI	340075	ENSG00000183876	ARSI
Gene::7404	UTY	7404	ENSG00000183878	UTY
Gene::149563	C1orf64	149563	ENSG00000183888	SRARP
Gene::130502	TTC32	130502	ENSG00000183891	TTC32
Gene::219527	LRRC55	219527	ENSG00000183908	LRRC55
Gene::146754	DNAH2	146754	ENSG00000183914	DNAH2
Gene::4068	SH2D1A	4068	ENSG00000183918	SH2D1A
Gene::100288072	SDR42E2	100288072	ENSG00000183921	SDR42E2
Gene::5613	PRKX	5613	ENSG00000183943	PRKX
Gene::387893	SETD8	387893	ENSG00000183955	KMT5A
Gene::131096	KCNH8	131096	ENSG00000183960	KCNH8
Gene::6525	SMTN	6525	ENSG00000183963	SMTN
Gene::283869	NPW	283869	ENSG00000183971	NPW
Gene::151649	PP2D1	151649	ENSG00000183977	PP2D1
Gene::28958	COA3	28958	ENSG00000183978	COA3
Gene::256933	NPB	256933	ENSG00000183979	NPB
Gene::256435	ST6GALNAC3	256435	ENSG00000184005	ST6GALNAC3
Gene::8073	PTP4A2	8073	ENSG00000184007	PTP4A2
Gene::71	ACTG1	71	ENSG00000184009	ACTG1
Gene::7113	TMPRSS2	7113	ENSG00000184012	TMPRSS2
Gene::23258	DENND5A	23258	ENSG00000184014	DENND5A
Gene::127069	OR2T10	127069	ENSG00000184022	OR2T10
Gene::10281	DSCR4	10281	ENSG00000184029	DSCR4
Gene::337976	KRTAP20-2	337976	ENSG00000184032	KRTAP20-2
Gene::1485	CTAG1B	1485	ENSG00000184033	CTAG1B
Gene::56616	DIABLO	56616	ENSG00000184047	DIABLO
Gene::26276	VPS33B	26276	ENSG00000184056	VPS33B
Gene::6899	TBX1	6899	ENSG00000184058	TBX1
Gene::55803	ADAP2	55803	ENSG00000184060	ADAP2
Gene::29796	UQCR10	29796	ENSG00000184076	UQCR10
Gene::54954	FAM120C	54954	ENSG00000184083	FAM120C
Gene::339976	TRIML1	339976	ENSG00000184108	TRIML1
Gene::8663	EIF3C	8663	ENSG00000184110	EIF3C
Gene::7122	CLDN5	7122	ENSG00000184113	CLDN5
Gene::8508	NIPSNAP1	8508	ENSG00000184117	NIPSNAP1
Gene::390648	OR4F6	390648	ENSG00000184140	OR4F6
Gene::6900	CNTN2	6900	ENSG00000184144	CNTN2
Gene::163778	SPRR4	163778	ENSG00000184148	SPRR4
Gene::127385	OR10J5	127385	ENSG00000184155	OR10J5
Gene::3786	KCNQ3	3786	ENSG00000184156	KCNQ3
Gene::152	ADRA2C	152	ENSG00000184160	ADRA2C
Gene::126382	NR2C2AP	126382	ENSG00000184162	NR2C2AP
Gene::388581	FAM132A	388581	ENSG00000184163	C1QTNF12
Gene::79174	CRELD2	79174	ENSG00000184164	CRELD2
Gene::4991	OR1D2	4991	ENSG00000184166	OR1D2
Gene::152579	SCFD2	152579	ENSG00000184178	SCFD2
Gene::140739	UBE2F	140739	ENSG00000184182	UBE2F
Gene::3768	KCNJ12	3768	ENSG00000184185	KCNJ12
Gene::54328	GPR173	54328	ENSG00000184194	GPR173
Gene::5504	PPP1R2	5504	ENSG00000184203	PPP1R2
Gene::64061	TSPYL2	64061	ENSG00000184205	TSPYL2
Gene::643707	GOLGA6L4	643707	ENSG00000184206	GOLGA6L4
Gene::283871	PGP	283871	ENSG00000184207	PGP
Gene::79640	C22orf46	79640	ENSG00000184208	C22orf46P
Gene::11066	SNRNP35	11066	ENSG00000184209	SNRNP35
Gene::347516	DGAT2L6	347516	ENSG00000184210	DGAT2L6
Gene::3654	IRAK1	3654	ENSG00000184216	IRAK1
Gene::84319	CMSS1	84319	ENSG00000184220	CMSS1
Gene::116448	OLIG1	116448	ENSG00000184221	OLIG1
Gene::5101	PCDH9	5101	ENSG00000184226	PCDH9
Gene::641371	ACOT1	641371	ENSG00000184227	ACOT1
Gene::220323	OAF	220323	ENSG00000184232	OAF
Gene::220	ALDH1A3	220	ENSG00000184254	ALDH1A3
Gene::8338	HIST2H2AC	8338	ENSG00000184260	H2AC20
Gene::56660	KCNK12	56660	ENSG00000184261	KCNK12
Gene::317772	HIST2H2AB	317772	ENSG00000184270	H2AC21
Gene::5463	POU6F1	5463	ENSG00000184271	POU6F1
Gene::245911	DEFB108B	245911	ENSG00000184276	DEFB108B
Gene::80213	TM2D3	80213	ENSG00000184277	TM2D3
Gene::10078	TSSC4	10078	ENSG00000184281	TSSC4
Gene::4070	TACSTD2	4070	ENSG00000184292	TACSTD2
Gene::160365	CLECL1	160365	ENSG00000184293	CLECL1
Gene::4990	SIX6	4990	ENSG00000184302	SIX6
Gene::5587	PRKD1	5587	ENSG00000184304	PRKD1
Gene::401145	CCSER1	401145	ENSG00000184305	CCSER1
Gene::254887	ZDHHC23	254887	ENSG00000184307	ZDHHC23
Gene::374977	MROH7	374977	ENSG00000184313	MROH7
Gene::338324	S100A7A	338324	ENSG00000184330	S100A7A
Gene::26576	SRPK3	26576	ENSG00000184343	SRPK3
Gene::9573	GDF3	9573	ENSG00000184344	GDF3
Gene::389123	IQCF2	389123	ENSG00000184345	IQCF2
Gene::6586	SLIT3	6586	ENSG00000184347	SLIT3
Gene::1946	EFNA5	1946	ENSG00000184349	EFNA5
Gene::116534	MRGPRE	116534	ENSG00000184350	MRGPRE
Gene::337882	KRTAP19-1	337882	ENSG00000184351	KRTAP19-1
Gene::3009	HIST1H1B	3009	ENSG00000184357	H1-5
Gene::124783	SPATA32	124783	ENSG00000184361	SPATA32
Gene::11187	PKP3	11187	ENSG00000184363	PKP3
Gene::256714	MAP7D2	256714	ENSG00000184368	MAP7D2
Gene::1435	CSF1	1435	ENSG00000184371	CSF1
Gene::10584	COLEC10	10584	ENSG00000184374	COLEC10
Gene::84517	ACTRT3	84517	ENSG00000184378	ACTRT3
Gene::8398	PLA2G6	8398	ENSG00000184381	PLA2G6
Gene::84441	MAML2	84441	ENSG00000184384	MAML2
Gene::645974	PABPC1L2B	645974	ENSG00000184388	PABPC1L2B
Gene::127550	A3GALT2	127550	ENSG00000184389	A3GALT2
Gene::390437	OR4N5	390437	ENSG00000184394	OR4N5
Gene::26039	SS18L1	26039	ENSG00000184402	SS18L1
Gene::3751	KCND2	3751	ENSG00000184408	KCND2
Gene::116447	TOP1MT	116447	ENSG00000184428	TOP1MT
Gene::9276	COPB2	9276	ENSG00000184432	COPB2
Gene::64922	LRRC19	64922	ENSG00000184434	LRRC19
Gene::80764	THAP7	80764	ENSG00000184436	THAP7
Gene::9735	KNTC1	9735	ENSG00000184445	KNTC1
Gene::2826	CCR10	2826	ENSG00000184451	CCR10
Gene::400746	NCMAP	400746	ENSG00000184454	NCMAP
Gene::254240	BPIFC	254240	ENSG00000184459	BPIFC
Gene::253769	WDR27	253769	ENSG00000184465	WDR27
Gene::10587	TXNRD2	10587	ENSG00000184470	TXNRD2
Gene::390664	C1QTNF8	390664	ENSG00000184471	C1QTNF8
Gene::390083	OR56A3	390083	ENSG00000184478	OR56A3
Gene::4303	FOXO4	4303	ENSG00000184481	FOXO4
Gene::5454	POU3F2	5454	ENSG00000184486	POU3F2
Gene::11156	PTP4A3	11156	ENSG00000184489	PTP4A3
Gene::200350	FOXD4L1	200350	ENSG00000184492	FOXD4L1
Gene::348013	TMEM255B	348013	ENSG00000184497	TMEM255B
Gene::5627	PROS1	5627	ENSG00000184500	PROS1
Gene::2520	GAST	2520	ENSG00000184502	GAST
Gene::256646	NUTM1	256646	ENSG00000184507	NUTM1
Gene::374659	HDDC3	374659	ENSG00000184508	HDDC3
Gene::340542	BEX5	340542	ENSG00000184515	BEX5
Gene::162239	ZFP1	162239	ENSG00000184517	ZFP1
Gene::51286	CEND1	51286	ENSG00000184524	CEND1
Gene::352999	C6orf58	352999	ENSG00000184530	C6orf58
Gene::201140	DHRS7C	201140	ENSG00000184544	DHRS7C
Gene::1850	DUSP8	1850	ENSG00000184545	DUSP8
Gene::9021	SOCS3	9021	ENSG00000184557	SOCS3
Gene::201243	C17orf74	201243	ENSG00000184560	SPEM2
Gene::84189	SLITRK6	84189	ENSG00000184564	SLITRK6
Gene::440822	PIWIL3	440822	ENSG00000184571	PIWIL3
Gene::57121	LPAR5	57121	ENSG00000184574	LPAR5
Gene::11260	XPOT	11260	ENSG00000184575	XPOT
Gene::340061	TMEM173	340061	ENSG00000184584	STING1
Gene::5142	PDE4B	5142	ENSG00000184588	PDE4B
Gene::284467	FAM19A3	284467	ENSG00000184599	TAFA3
Gene::400258	C14orf180	400258	ENSG00000184601	C14orf180
Gene::8303	SNN	8303	ENSG00000184602	SNN
Gene::90134	KCNH7	90134	ENSG00000184611	KCNH7
Gene::4753	NELL2	4753	ENSG00000184613	NELL2
Gene::124751	KRBA2	124751	ENSG00000184619	KRABD2
Gene::9968	MED12	9968	ENSG00000184634	MED12
Gene::81931	ZNF93	81931	ENSG00000184635	ZNF93
Gene::10801	SEPT9	10801	ENSG00000184640	SEPTIN9
Gene::203074	PRSS55	203074	ENSG00000184647	PRSS55
Gene::146852	ODF4	146852	ENSG00000184650	ODF4
Gene::349334	FOXD4L4	349334	ENSG00000184659	FOXD4L4
Gene::157313	CDCA2	157313	ENSG00000184661	CDCA2
Gene::138046	RALYL	138046	ENSG00000184672	RALYL
Gene::139285	AMER1	139285	ENSG00000184675	AMER1
Gene::9923	ZBTB40	9923	ENSG00000184677	ZBTB40
Gene::8349	HIST2H2BE	8349	ENSG00000184678	H2BC21
Gene::9074	CLDN6	9074	ENSG00000184697	CLDN6
Gene::390059	OR51M1	390059	ENSG00000184698	OR51M1
Gene::5413	SEPT5	5413	ENSG00000184702	SEPTIN5
Gene::56478	EIF4ENIF1	56478	ENSG00000184708	EIF4ENIF1
Gene::389816	LRRC26	389816	ENSG00000184709	LRRC26
Gene::619189	SERINC4	619189	ENSG00000184716	SERINC4
Gene::55328	RNLS	55328	ENSG00000184719	RNLS
Gene::337966	KRTAP6-1	337966	ENSG00000184724	KRTAP6-1
Gene::55911	APOBR	55911	ENSG00000184730	APOBR
Gene::642273	FAM110C	642273	ENSG00000184731	FAM110C
Gene::168400	DDX53	168400	ENSG00000184735	DDX53
Gene::25923	ATL3	25923	ENSG00000184743	ATL3
Gene::55967	NDUFA12	55967	ENSG00000184752	NDUFA12
Gene::644538	SMIM10	644538	ENSG00000184785	SMIM10
Gene::6991	TCTE3	6991	ENSG00000184786	DYNLT2
Gene::7327	UBE2G2	7327	ENSG00000184787	UBE2G2
Gene::340562	SATL1	340562	ENSG00000184788	SATL1
Gene::23762	OSBP2	23762	ENSG00000184792	OSBP2
Gene::286753	TUSC5	286753	ENSG00000184811	TRARG1
Gene::389151	PRR23B	389151	ENSG00000184814	PRR23B
Gene::201501	ZBTB7C	201501	ENSG00000184828	ZBTB7C
Gene::79135	APOO	79135	ENSG00000184831	APOO
Gene::51334	PRR16	51334	ENSG00000184838	PRR16
Gene::54732	TMED9	54732	ENSG00000184840	TMED9
Gene::1812	DRD1	1812	ENSG00000184845	DRD1
Gene::25880	TMEM186	25880	ENSG00000184857	TMEM186
Gene::93517	SDR42E1	93517	ENSG00000184860	SDR42E1
Gene::155435	RBM33	155435	ENSG00000184863	RBM33
Gene::9823	ARMCX2	9823	ENSG00000184867	ARMCX2
Gene::90135	BTBD6	90135	ENSG00000184887	BTBD6
Gene::6736	SRY	6736	ENSG00000184895	SRY
Gene::8971	H1FX	8971	ENSG00000184897	H1-10
Gene::375287	RBM43	375287	ENSG00000184898	RBM43
Gene::6612	SUMO3	6612	ENSG00000184900	SUMO3
Gene::83943	IMMP2L	83943	ENSG00000184903	IMMP2L
Gene::140597	TCEAL2	140597	ENSG00000184905	TCEAL2
Gene::1188	CLCNKB	1188	ENSG00000184908	CLCNKB
Gene::728656	DMRTC1B	728656	ENSG00000184911	DMRTC1B
Gene::3714	JAG2	3714	ENSG00000184916	JAG2
Gene::752	FMNL1	752	ENSG00000184922	FMNL1
Gene::728118	NUTM2A	728118	ENSG00000184923	NUTM2A
Gene::391356	PTRHD1	391356	ENSG00000184924	PTRHD1
Gene::286256	LCN12	286256	ENSG00000184925	LCN12
Gene::8590	OR6A2	8590	ENSG00000184933	OR6A2
Gene::7490	WT1	7490	ENSG00000184937	WT1
Gene::146198	ZFP90	146198	ENSG00000184939	ZFP90
Gene::375318	AQP12A	375318	ENSG00000184945	AQP12A
Gene::646851	FAM227A	646851	ENSG00000184949	FAM227A
Gene::390327	OR6C70	390327	ENSG00000184954	OR6C70
Gene::4588	MUC6	4588	ENSG00000184956	MUC6
Gene::79050	NOC4L	79050	ENSG00000184967	NOC4L
Gene::11274	USP18	11274	ENSG00000184979	USP18
Gene::4700	NDUFA6	4700	ENSG00000184983	NDUFA6
Gene::1133	CHRM5	1133	ENSG00000184984	CHRM5
Gene::57537	SORCS2	57537	ENSG00000184985	SORCS2
Gene::80757	TMEM121	80757	ENSG00000184986	TMEM121
Gene::113277	TMEM106A	113277	ENSG00000184988	TMEM106A
Gene::10572	SIVA1	10572	ENSG00000184990	SIVA1
Gene::140707	BRI3BP	140707	ENSG00000184992	BRI3BP
Gene::338376	IFNE	338376	ENSG00000184995	IFNE
Gene::387775	SLC22A10	387775	ENSG00000184999	SLC22A10
Gene::8694	DGAT1	8694	ENSG00000185000	DGAT1
Gene::222546	RFX6	222546	ENSG00000185002	RFX6
Gene::6092	ROBO2	6092	ENSG00000185008	ROBO2
Gene::26985	AP3M1	26985	ENSG00000185009	AP3M1
Gene::2157	F8	2157	ENSG00000185010	F8
Gene::93034	NT5C1B	93034	ENSG00000185013	NT5C1B
Gene::377677	CA13	377677	ENSG00000185015	CA13
Gene::22888	UBOX5	22888	ENSG00000185019	UBOX5
Gene::23764	MAFF	23764	ENSG00000185022	MAFF
Gene::2972	BRF1	2972	ENSG00000185024	BRF1
Gene::389257	LRRC14B	389257	ENSG00000185028	LRRC14B
Gene::10509	SEMA4B	10509	ENSG00000185033	SEMA4B
Gene::339766	MROH2A	339766	ENSG00000185038	MROH2A
Gene::102723555	SPDYE16	102723555	ENSG00000185040	SPDYE16
Gene::10519	CIB1	10519	ENSG00000185043	CIB1
Gene::56899	ANKS1B	56899	ENSG00000185046	ANKS1B
Gene::7469	NELFA	7469	ENSG00000185049	NELFA
Gene::57419	SLC24A3	57419	ENSG00000185052	SLC24A3
Gene::137868	SGCZ	137868	ENSG00000185053	SGCZ
Gene::133491	C5orf47	133491	ENSG00000185056	C5orf47
Gene::51350	KRT76	51350	ENSG00000185069	KRT76
Gene::23768	FLRT2	23768	ENSG00000185070	FLRT2
Gene::80789	INTS5	80789	ENSG00000185085	INTS5
Gene::51065	RPS27L	51065	ENSG00000185088	RPS27L
Gene::149175	MANEAL	149175	ENSG00000185090	MANEAL
Gene::122622	ADSSL1	122622	ENSG00000185100	ADSS1
Gene::338440	ANO9	338440	ENSG00000185101	ANO9
Gene::11124	FAF1	11124	ENSG00000185104	FAF1
Gene::255275	MYADML2	255275	ENSG00000185105	MYADML2
Gene::131583	FAM43A	131583	ENSG00000185112	FAM43A
Gene::56160	NDNL2	56160	ENSG00000185115	NSMCE3
Gene::3297	HSF1	3297	ENSG00000185122	HSF1
Gene::387263	C6orf120	387263	ENSG00000185127	C6orf120
Gene::5813	PURA	5813	ENSG00000185129	PURA
Gene::8340	HIST1H2BL	8340	ENSG00000185130	H2BC13
Gene::27124	INPP5J	27124	ENSG00000185133	INPP5J
Gene::4887	NPY2R	4887	ENSG00000185149	NPY2R
Gene::83881	MIXL1	83881	ENSG00000185155	MIXL1
Gene::162387	MFSD6L	162387	ENSG00000185156	MFSD6L
Gene::114659	LRRC37B	114659	ENSG00000185158	LRRC37B
Gene::317781	DDX51	317781	ENSG00000185163	DDX51
Gene::283820	NOMO2	283820	ENSG00000185164	NOMO2
Gene::653437	AQP12B	653437	ENSG00000185176	AQP12B
Gene::90827	ZNF479	90827	ENSG00000185177	ZNF479
Gene::59307	SIGIRR	59307	ENSG00000185187	SIGIRR
Gene::340371	NRBP2	340371	ENSG00000185189	NRBP2
Gene::400668	PRSS57	400668	ENSG00000185198	PRSS57
Gene::10581	IFITM2	10581	ENSG00000185201	IFITM2
Gene::7127	TNFAIP2	7127	ENSG00000185215	TNFAIP2
Gene::353274	ZNF445	353274	ENSG00000185219	ZNF445
Gene::267002	PGBD2	267002	ENSG00000185220	PGBD2
Gene::51186	WBP5	51186	ENSG00000185222	TCEAL9
Gene::4158	MC2R	4158	ENSG00000185231	MC2R
Gene::9230	RAB11B	9230	ENSG00000185236	RAB11B
Gene::10196	PRMT3	10196	ENSG00000185238	PRMT3
Gene::2811	GP1BA	2811	ENSG00000185245	GP1BA
Gene::55015	PRPF39	55015	ENSG00000185246	PRPF39
Gene::4110	MAGEA11	4110	ENSG00000185247	MAGEA11
Gene::285755	PPIL6	285755	ENSG00000185250	PPIL6
Gene::7625	ZNF74	7625	ENSG00000185252	ZNF74
Gene::285600	KIAA0825	285600	ENSG00000185261	KIAA0825
Gene::283991	UBALD2	283991	ENSG00000185262	UBALD2
Gene::339669	TEX33	339669	ENSG00000185264	CIMIP4
Gene::441549	CDNF	441549	ENSG00000185267	CDNF
Gene::147111	NOTUM	147111	ENSG00000185269	NOTUM
Gene::123103	KLHL33	123103	ENSG00000185271	KLHL33
Gene::54033	RBM11	54033	ENSG00000185272	RBM11
Gene::64409	WBSCR17	64409	ENSG00000185274	GALNT17
Gene::84614	ZBTB37	84614	ENSG00000185278	ZBTB37
Gene::389493	NUPR1L	389493	ENSG00000185290	NUPR2
Gene::3563	IL3RA	3563	ENSG00000185291	IL3RA
Gene::162540	SPPL2C	162540	ENSG00000185294	SPPL2C
Gene::339230	CCDC137	339230	ENSG00000185298	CCDC137
Gene::729238	SFTPA2	729238	ENSG00000185303	SFTPA2
Gene::729857	RGPD2	729857	ENSG00000185304	RGPD2
Gene::54622	ARL15	54622	ENSG00000185305	ARL15
Gene::115749	C12orf56	115749	ENSG00000185306	C12orf56
Gene::6336	SCN10A	6336	ENSG00000185313	SCN10A
Gene::8558	CDK10	8558	ENSG00000185324	CDK10
Gene::284186	TMEM105	284186	ENSG00000185332	TMEM105
Gene::8651	SOCS1	8651	ENSG00000185338	SOCS1
Gene::6948	TCN2	6948	ENSG00000185339	TCN2
Gene::10634	GAS2L1	10634	ENSG00000185340	GAS2L1
Gene::23545	ATP6V0A2	23545	ENSG00000185344	ATP6V0A2
Gene::5071	PARK2	5071	ENSG00000185345	PRKN
Gene::283643	C14orf80	283643	ENSG00000185347	TEDC1
Gene::266722	HS6ST3	266722	ENSG00000185352	HS6ST3
Gene::9146	HGS	9146	ENSG00000185359	HGS
Gene::126282	TNFAIP8L1	126282	ENSG00000185361	TIPE1
Gene::26693	OR2V1	26693	ENSG00000185372	OR2V1
Gene::5892	RAD51D	5892	ENSG00000185379	RAD51D
Gene::26333	OR7A17	26333	ENSG00000185385	OR7A17
Gene::5600	MAPK11	5600	ENSG00000185386	MAPK11
Gene::93349	SP140L	93349	ENSG00000185404	SP140L
Gene::51263	MRPL30	51263	ENSG00000185414	MRPL30
Gene::123283	TARSL2	123283	ENSG00000185418	TARS3
Gene::64754	SMYD3	64754	ENSG00000185420	SMYD3
Gene::25840	METTL7A	25840	ENSG00000185432	TMT1A
Gene::163702	IFNLR1	163702	ENSG00000185436	IFNLR1
Gene::6450	SH3BGR	6450	ENSG00000185437	SH3BGR
Gene::400451	FAM174B	400451	ENSG00000185442	FAM174B
Gene::158724	FAM47A	158724	ENSG00000185448	FAM47A
Gene::374920	C19orf68	374920	ENSG00000185453	ZSWIM9
Gene::402569	KPNA7	402569	ENSG00000185467	KPNA7
Gene::374395	TMEM179B	374395	ENSG00000185475	TMEM179B
Gene::285513	GPRIN3	285513	ENSG00000185477	GPRIN3
Gene::3854	KRT6B	3854	ENSG00000185479	KRT6B
Gene::55010	PARPBP	55010	ENSG00000185480	PARPBP
Gene::246329	STAC3	246329	ENSG00000185482	STAC3
Gene::4919	ROR1	4919	ENSG00000185483	ROR1
Gene::4582	MUC1	4582	ENSG00000185499	MUC1
Gene::80233	FAAP100	80233	ENSG00000185504	FAAP100
Gene::3665	IRF7	3665	ENSG00000185507	IRF7
Gene::26013	L3MBTL1	26013	ENSG00000185513	L3MBTL1
Gene::79184	BRCC3	79184	ENSG00000185515	BRCC3
Gene::9899	SV2B	9899	ENSG00000185518	SV2B
Gene::348487	FAM131C	348487	ENSG00000185519	FAM131C
Gene::256329	LMNTD2	256329	ENSG00000185522	LMNTD2
Gene::149643	SPATA45	149643	ENSG00000185523	SPATA45
Gene::5148	PDE6G	5148	ENSG00000185527	PDE6G
Gene::5592	PRKG1	5592	ENSG00000185532	PRKG1
Gene::7026	NR2F2	7026	ENSG00000185551	NR2F2
Gene::8788	DLK1	8788	ENSG00000185559	DLK1
Gene::727910	TLCD2	727910	ENSG00000185561	TLCD2
Gene::4045	LSAMP	4045	ENSG00000185565	LSAMP
Gene::113146	AHNAK2	113146	ENSG00000185567	AHNAK2
Gene::169611	OLFML2A	169611	ENSG00000185585	OLFML2A
Gene::6667	SP1	6667	ENSG00000185591	SP1
Gene::145946	SPATA8	145946	ENSG00000185594	SPATA8
Gene::64976	MRPL40	64976	ENSG00000185608	MRPL40
Gene::440097	DBX2	440097	ENSG00000185610	DBX2
Gene::389119	FAM212A	389119	ENSG00000185614	INKA1
Gene::64714	PDIA2	64714	ENSG00000185615	PDIA2
Gene::10336	PCGF3	10336	ENSG00000185619	PCGF3
Gene::89782	LMLN	89782	ENSG00000185621	LMLN
Gene::5034	P4HB	5034	ENSG00000185624	P4HB
Gene::5719	PSMD13	5719	ENSG00000185627	PSMD13
Gene::5087	PBX1	5087	ENSG00000185630	PBX1
Gene::56901	NDUFA4L2	56901	ENSG00000185633	COXFA4L2
Gene::399694	SHC4	399694	ENSG00000185634	SHC4
Gene::338785	KRT79	338785	ENSG00000185640	KRT79
Gene::677	ZFP36L1	677	ENSG00000185650	ZFP36L1
Gene::7332	UBE2L3	7332	ENSG00000185651	UBE2L3
Gene::4908	NTF3	4908	ENSG00000185652	NTF3
Gene::54014	BRWD1	54014	ENSG00000185658	BRWD1
Gene::644994	SMIM23	644994	ENSG00000185662	SMIM23
Gene::6490	PMEL	6490	ENSG00000185664	PMEL
Gene::8224	SYN3	8224	ENSG00000185666	SYN3
Gene::5453	POU3F1	5453	ENSG00000185668	POU3F1
Gene::333929	SNAI3	333929	ENSG00000185669	SNAI3
Gene::79842	ZBTB3	79842	ENSG00000185670	ZBTB3
Gene::254773	LYG2	254773	ENSG00000185674	LYG2
Gene::254956	MORN5	254956	ENSG00000185681	MORN5
Gene::23532	PRAME	23532	ENSG00000185686	PRAME
Gene::404220	C6orf201	404220	ENSG00000185689	TEX56P
Gene::4603	MYBL1	4603	ENSG00000185697	MYBL1
Gene::730094	C16orf52	730094	ENSG00000185716	MOSMO
Gene::4733	DRG1	4733	ENSG00000185721	DRG1
Gene::51479	ANKFY1	51479	ENSG00000185722	ANKFY1
Gene::253943	YTHDF3	253943	ENSG00000185728	YTHDF3
Gene::79943	ZNF696	79943	ENSG00000185730	ZNF696
Gene::105	ADARB2	105	ENSG00000185736	ADARB2
Gene::10718	NRG3	10718	ENSG00000185737	NRG3
Gene::6345	SRL	6345	ENSG00000185739	SRL
Gene::399947	C11orf87	399947	ENSG00000185742	C11orf87
Gene::3434	IFIT1	3434	ENSG00000185745	IFIT1
Gene::159013	CXorf38	159013	ENSG00000185753	CXorf38
Gene::100132463	CLDN24	100132463	ENSG00000185758	CLDN24
Gene::56479	KCNQ5	56479	ENSG00000185760	KCNQ5
Gene::339366	ADAMTSL5	339366	ENSG00000185761	ADAMTSL5
Gene::80333	KCNIP4	80333	ENSG00000185774	KCNIP4
Gene::389730	SPATA31A6	389730	ENSG00000185775	SPATA31A6
Gene::10933	MORF4L1	10933	ENSG00000185787	MORF4L1
Gene::338321	NLRP9	338321	ENSG00000185792	NLRP9
Gene::348793	WDR53	348793	ENSG00000185798	WDR53
Gene::1762	DMWD	1762	ENSG00000185800	DMWD
Gene::79581	SLC52A2	79581	ENSG00000185803	SLC52A2
Gene::51227	PIGP	51227	ENSG00000185808	PIGP
Gene::10320	IKZF1	10320	ENSG00000185811	IKZF1
Gene::5833	PCYT2	5833	ENSG00000185813	PCYT2
Gene::339983	NAT8L	339983	ENSG00000185818	ASPNAT
Gene::390326	OR6C76	390326	ENSG00000185821	OR6C76
Gene::23742	NPAP1	23742	ENSG00000185823	NPAP1
Gene::10134	BCAP31	10134	ENSG00000185825	BCAP31
Gene::51326	ARL17A	51326	ENSG00000185829	ARL17A
Gene::54584	GNB1L	54584	ENSG00000185838	GNB1L
Gene::127602	DNAH14	127602	ENSG00000185842	DNAH14
Gene::339512	C1orf110	339512	ENSG00000185860	CCDC190
Gene::2124	EVI2B	2124	ENSG00000185862	EVI2B
Gene::100505993	TMEM210	100505993	ENSG00000185863	TMEM210
Gene::440345	NPIPB4	440345	ENSG00000185864	NPIPB4
Gene::374899	ZNF829	374899	ENSG00000185869	ZNF829
Gene::132724	TMPRSS11B	132724	ENSG00000185873	TMPRSS11B
Gene::79896	THNSL1	79896	ENSG00000185875	THNSL1
Gene::140691	TRIM69	140691	ENSG00000185880	TRIM69
Gene::527	ATP6V0C	527	ENSG00000185883	ATP6V0C
Gene::8519	IFITM1	8519	ENSG00000185885	IFITM1
Gene::339501	PRSS38	339501	ENSG00000185888	PRSS38
Gene::442868	BPY2C	442868	ENSG00000185894	BPY2C
Gene::3916	LAMP1	3916	ENSG00000185896	LAMP1
Gene::2865	FFAR3	2865	ENSG00000185897	FFAR3
Gene::338398	TAS2R60	338398	ENSG00000185899	TAS2R60
Gene::84197	POMK	84197	ENSG00000185900	POMK
Gene::283897	C16orf54	283897	ENSG00000185905	C16orf54
Gene::200942	KLHDC8B	200942	ENSG00000185909	KLHDC8B
Gene::257240	KLHL34	257240	ENSG00000185915	KLHL34
Gene::54093	SETD4	54093	ENSG00000185917	SETD4
Gene::5727	PTCH1	5727	ENSG00000185920	PTCH1
Gene::146760	RTN4RL1	146760	ENSG00000185924	RTN4RL1
Gene::119749	OR4C46	119749	ENSG00000185926	OR4C46
Gene::255022	CALHM1	255022	ENSG00000185933	CALHM1
Gene::439915	KRTAP5-5	439915	ENSG00000185940	KRTAP5-5
Gene::286183	NKAIN3	286183	ENSG00000185942	NKAIN3
Gene::55599	RNPC3	55599	ENSG00000185946	RNPC3
Gene::10308	ZNF267	10308	ENSG00000185947	ZNF267
Gene::8660	IRS2	8660	ENSG00000185950	IRS2
Gene::402573	C7orf61	402573	ENSG00000185955	SPACDR
Gene::121006	FAM186A	121006	ENSG00000185958	FAM186A
Gene::6473	SHOX	6473	ENSG00000185960	SHOX
Gene::353142	LCE3A	353142	ENSG00000185962	LCE3A
Gene::23299	BICD2	23299	ENSG00000185963	BICD2
Gene::353145	LCE3E	353145	ENSG00000185966	LCE3E
Gene::881	CCIN	881	ENSG00000185972	CCIN
Gene::55217	TMLHE	55217	ENSG00000185973	TMLHE
Gene::6011	GRK1	6011	ENSG00000185974	GRK1
Gene::245939	DEFB128	245939	ENSG00000185982	DEFB128
Gene::84631	SLITRK2	84631	ENSG00000185985	SLITRK2
Gene::126520	PLK5	126520	ENSG00000185988	PLK5
Gene::22821	RASA3	22821	ENSG00000185989	RASA3
Gene::84859	LRCH3	84859	ENSG00000186001	LRCH3
Gene::93273	LEMD1	93273	ENSG00000186007	LEMD1
Gene::496	ATP4B	496	ENSG00000186009	ATP4B
Gene::51079	NDUFA13	51079	ENSG00000186010	NDUFA13
Gene::84924	ZNF566	84924	ENSG00000186017	ZNF566
Gene::57711	ZNF529	57711	ENSG00000186020	ZNF529
Gene::342909	ZNF284	342909	ENSG00000186026	ZNF284
Gene::285242	HTR3E	285242	ENSG00000186038	HTR3E
Gene::220107	DLEU7	220107	ENSG00000186047	DLEU7
Gene::319101	KRT73	319101	ENSG00000186049	KRT73
Gene::6887	TAL2	6887	ENSG00000186051	TAL2
Gene::64853	AIDA	64853	ENSG00000186063	AIDA
Gene::84529	C15orf41	84529	ENSG00000186073	CDIN1
Gene::146722	CD300LF	146722	ENSG00000186074	CD300LF
Gene::124626	ZPBP2	124626	ENSG00000186075	ZPBP2
Gene::3852	KRT5	3852	ENSG00000186081	KRT5
Gene::653149	NBPF6	653149	ENSG00000186086	NBPF6
Gene::54103	GSAP	54103	ENSG00000186088	GSAP
Gene::200909	HTR3D	200909	ENSG00000186090	HTR3D
Gene::79501	OR4F5	79501	ENSG00000186092	OR4F5
Gene::84871	AGBL4	84871	ENSG00000186094	AGBL4
Gene::503582	ARGFX	503582	ENSG00000186103	ARGFX
Gene::120227	CYP2R1	120227	ENSG00000186104	CYP2R1
Gene::100130733	LRRC70	100130733	ENSG00000186105	LRRC70
Gene::157567	ANKRD46	157567	ENSG00000186106	ANKRD46
Gene::23396	PIP5K1C	23396	ENSG00000186111	PIP5K1C
Gene::219436	OR5D14	219436	ENSG00000186113	OR5D14
Gene::8529	CYP4F2	8529	ENSG00000186115	CYP4F2
Gene::374973	TEX38	374973	ENSG00000186118	TEX38
Gene::219438	OR5D18	219438	ENSG00000186119	OR5D18
Gene::10773	ZBTB6	10773	ENSG00000186130	ZBTB6
Gene::130355	C2orf76	130355	ENSG00000186132	C2orf76
Gene::353164	TAS2R42	353164	ENSG00000186136	TAS2R42
Gene::10623	POLR3C	10623	ENSG00000186141	POLR3C
Gene::339779	PRR30	339779	ENSG00000186143	PRR30
Gene::644414	DEFB131	644414	ENSG00000186146	DEFB131A
Gene::164153	UBL4B	164153	ENSG00000186150	UBL4B
Gene::51741	WWOX	51741	ENSG00000186153	WWOX
Gene::199974	CYP4Z1	199974	ENSG00000186160	CYP4Z1
Gene::338657	CCDC84	338657	ENSG00000186166	CENATAC
Gene::283149	BCL9L	283149	ENSG00000186174	BCL9L
Gene::51082	POLR1D	51082	ENSG00000186184	POLR1D
Gene::146909	KIF18B	146909	ENSG00000186185	KIF18B
Gene::84937	ZNRF1	84937	ENSG00000186187	ZNRF1
Gene::338557	FFAR4	338557	ENSG00000186188	FFAR4
Gene::359710	BPIFB3	359710	ENSG00000186190	BPIFB3
Gene::149954	BPIFB4	149954	ENSG00000186191	BPIFB4
Gene::89958	SAPCD2	89958	ENSG00000186193	SAPCD2
Gene::128178	EDARADD	128178	ENSG00000186197	EDARADD
Gene::123264	SLC51B	123264	ENSG00000186198	SLC51B
Gene::66002	CYP4F12	66002	ENSG00000186204	CYP4F12
Gene::64757	MARC1	64757	ENSG00000186205	MTARC1
Gene::254910	LCE5A	254910	ENSG00000186207	LCE5A
Gene::345079	SOWAHB	345079	ENSG00000186212	SOWAHB
Gene::55330	BLOC1S4	55330	ENSG00000186222	BLOC1S4
Gene::353135	LCE1E	353135	ENSG00000186226	LCE1E
Gene::388567	ZNF749	388567	ENSG00000186230	ZNF749
Gene::114792	KLHL32	114792	ENSG00000186231	KLHL32
Gene::57496	MKL2	57496	ENSG00000186260	MRTFB
Gene::151888	BTLA	151888	ENSG00000186265	BTLA
Gene::7565	ZNF17	7565	ENSG00000186272	ZNF17
Gene::55693	KDM4D	55693	ENSG00000186280	KDM4D
Gene::150763	GPAT2	150763	ENSG00000186281	GPAT2
Gene::64222	TOR3A	64222	ENSG00000186283	TOR3A
Gene::340529	PABPC1L2A	340529	ENSG00000186288	PABPC1L2A
Gene::2558	GABRA5	2558	ENSG00000186297	GABRA5
Gene::5501	PPP1CC	5501	ENSG00000186298	PPP1CC
Gene::148254	ZNF555	148254	ENSG00000186300	ZNF555
Gene::128360	OR10T2	128360	ENSG00000186306	OR10T2
Gene::4675	NAP1L3	4675	ENSG00000186310	NAP1L3
Gene::153768	PRELID2	153768	ENSG00000186314	PRELID2
Gene::23621	BACE1	23621	ENSG00000186318	BACE1
Gene::388531	RGS9BP	388531	ENSG00000186326	RGS9BP
Gene::389177	TMEM212	389177	ENSG00000186329	TMEM212
Gene::285641	SLC36A3	285641	ENSG00000186334	SLC36A3
Gene::153201	SLC36A2	153201	ENSG00000186335	SLC36A2
Gene::7058	THBS2	7058	ENSG00000186340	THBS2
Gene::6256	RXRA	6256	ENSG00000186350	RXRA
Gene::353322	ANKRD37	353322	ENSG00000186352	ANKRD37
Gene::200035	NUDT17	200035	ENSG00000186364	NUDT17
Gene::100127206	KIAA1024L	100127206	ENSG00000186367	MINAR2
Gene::7626	ZNF75D	7626	ENSG00000186376	ZNF75D
Gene::260293	CYP4X1	260293	ENSG00000186377	CYP4X1
Gene::353288	KRT26	353288	ENSG00000186393	KRT26
Gene::3858	KRT10	3858	ENSG00000186395	KRT10
Gene::101059918	GOLGA8R	101059918	ENSG00000186399	GOLGA8R
Gene::342510	CD300E	342510	ENSG00000186407	CD300E
Gene::728621	CCDC30	728621	ENSG00000186409	CCDC30
Gene::55922	NKRF	55922	ENSG00000186416	NKRF
Gene::342035	GLDN	342035	ENSG00000186417	GLDN
Gene::2204	FCAR	2204	ENSG00000186431	FCAR
Gene::3840	KPNA4	3840	ENSG00000186432	KPNA4
Gene::10345	TRDN	10345	ENSG00000186439	TRDN
Gene::128366	OR6P1	128366	ENSG00000186440	OR6P1
Gene::3850	KRT3	3850	ENSG00000186442	KRT3
Gene::115560	ZNF501	115560	ENSG00000186446	ZNF501
Gene::10168	ZNF197	10168	ENSG00000186448	ZNF197
Gene::353324	SPATA12	353324	ENSG00000186451	SPATA12
Gene::283471	TMPRSS12	283471	ENSG00000186452	TMPRSS12
Gene::653140	FAM228A	653140	ENSG00000186453	FAM228A
Gene::400830	DEFB132	400830	ENSG00000186458	DEFB132
Gene::4674	NAP1L2	4674	ENSG00000186462	NAP1L2
Gene::6228	RPS23	6228	ENSG00000186468	RPS23
Gene::54331	GNG2	54331	ENSG00000186469	GNG2
Gene::11118	BTN3A2	11118	ENSG00000186470	BTN3A2
Gene::158798	AKAP14	158798	ENSG00000186471	AKAP14
Gene::27445	PCLO	27445	ENSG00000186472	PCLO
Gene::43849	KLK12	43849	ENSG00000186474	KLK12
Gene::401190	RGS7BP	401190	ENSG00000186479	RGS7BP
Gene::3638	INSIG1	3638	ENSG00000186480	INSIG1
Gene::23040	MYT1L	23040	ENSG00000186487	MYT1L
Gene::153571	C5orf38	153571	ENSG00000186493	IRX2-DT
Gene::252884	ZNF396	252884	ENSG00000186496	ZNF396
Gene::84065	TMEM222	84065	ENSG00000186501	TMEM222
Gene::219956	OR9Q1	219956	ENSG00000186509	OR9Q1
Gene::1187	CLCNKA	1187	ENSG00000186510	CLCNKA
Gene::219957	OR9Q2	219957	ENSG00000186513	OR9Q2
Gene::257106	ARHGAP30	257106	ENSG00000186517	ARHGAP30
Gene::151011	SEPT10	151011	ENSG00000186522	SEPTIN10
Gene::85002	FAM86B1	85002	ENSG00000186523	FAM86B1
Gene::11283	CYP4F8	11283	ENSG00000186526	CYP4F8
Gene::4051	CYP4F3	4051	ENSG00000186529	CYP4F3
Gene::114826	SMYD4	114826	ENSG00000186532	SMYD4
Gene::245908	DEFB105A	245908	ENSG00000186562	DEFB105A
Gene::2306	FOXD2	2306	ENSG00000186564	FOXD2
Gene::23131	GPATCH8	23131	ENSG00000186566	GPATCH8
Gene::56971	CEACAM19	56971	ENSG00000186567	CEACAM19
Gene::245910	DEFB107A	245910	ENSG00000186572	DEFB107A
Gene::4771	NF2	4771	ENSG00000186575	NF2
Gene::221491	C6orf1	221491	ENSG00000186577	SMIM29
Gene::245909	DEFB106A	245909	ENSG00000186579	DEFB106A
Gene::375686	SPATC1	375686	ENSG00000186583	SPATC1
Gene::7328	UBE2H	7328	ENSG00000186591	UBE2H
Gene::504180	DEFB105B	504180	ENSG00000186599	DEFB105B
Gene::84842	HPDL	84842	ENSG00000186603	HPDL
Gene::11104	KATNA1	11104	ENSG00000186625	KATNA1
Gene::123722	FSD2	123722	ENSG00000186628	FSD2
Gene::116985	ARAP1	116985	ENSG00000186635	ARAP1
Gene::347240	KIF24	347240	ENSG00000186638	KIF24
Gene::5138	PDE2A	5138	ENSG00000186642	PDE2A
Gene::102723849	SPDYE17	102723849	ENSG00000186645	SPDYE17
Gene::90668	LRRC16B	90668	ENSG00000186648	CARMIL3
Gene::5553	PRG2	5553	ENSG00000186652	PRG2
Gene::55615	PRR5	55615	ENSG00000186654	PRR5
Gene::80829	ZFP91	80829	ENSG00000186660	ZFP91
Gene::284018	C17orf58	284018	ENSG00000186665	C17orf58
Gene::144233	BCDIN3D	144233	ENSG00000186666	BCDIN3D
Gene::139599	MAGEE2	139599	ENSG00000186675	MAGEE2
Gene::339761	CYP27C1	339761	ENSG00000186684	CYP27C1
Gene::90624	LYRM7	90624	ENSG00000186687	LYRM7
Gene::387885	CCDC42B	387885	ENSG00000186710	CFAP73
Gene::493860	CCDC73	493860	ENSG00000186714	CCDC73
Gene::11223	MST1L	11223	ENSG00000186715	MST1L
Gene::613	BCR	613	ENSG00000186716	BCR
Gene::26539	OR10H1	26539	ENSG00000186723	OR10H1
Gene::758	MPPED1	758	ENSG00000186732	MPPED1
Gene::25794	FSCN2	25794	ENSG00000186765	FSCN2
Gene::399823	FOXI2	399823	ENSG00000186766	FOXI2
Gene::139886	SPIN4	139886	ENSG00000186767	SPIN4
Gene::654254	ZNF732	654254	ENSG00000186777	ZNF732
Gene::474343	SPIN2B	474343	ENSG00000186787	SPIN2B
Gene::389762	SPATA31D3	389762	ENSG00000186788	SPATA31D3
Gene::2301	FOXE3	2301	ENSG00000186790	FOXE3
Gene::8372	HYAL3	8372	ENSG00000186792	HYAL3
Gene::338567	KCNK18	338567	ENSG00000186795	KCNK18
Gene::3446	IFNA10	3446	ENSG00000186803	IFNA10
Gene::147645	VSIG10L	147645	ENSG00000186806	VSIG10L
Gene::2833	CXCR3	2833	ENSG00000186810	CXCR3
Gene::84307	ZNF397	84307	ENSG00000186812	ZNF397
Gene::100101467	ZSCAN30	100101467	ENSG00000186814	ZSCAN30
Gene::53373	TPCN1	53373	ENSG00000186815	TPCN1
Gene::11006	LILRB4	11006	ENSG00000186818	LILRB4
Gene::408029	C2orf27B	408029	ENSG00000186825	CDRT15P3
Gene::7293	TNFRSF4	7293	ENSG00000186827	TNFRSF4
Gene::3868	KRT16	3868	ENSG00000186832	KRT16
Gene::10614	HEXIM1	10614	ENSG00000186834	HEXIM1
Gene::348303	SELV	348303	ENSG00000186838	SELENOV
Gene::353131	LCE1A	353131	ENSG00000186844	LCE1A
Gene::3861	KRT14	3861	ENSG00000186847	KRT14
Gene::129293	TRABD2A	129293	ENSG00000186854	TRABD2A
Gene::83902	KRTAP17-1	83902	ENSG00000186860	KRTAP17-1
Gene::79955	PDZD7	79955	ENSG00000186862	PDZD7
Gene::23275	POFUT2	23275	ENSG00000186866	POFUT2
Gene::84109	QRFPR	84109	ENSG00000186867	QRFPR
Gene::4137	MAPT	4137	ENSG00000186868	MAPT
Gene::54821	ERCC6L	54821	ENSG00000186871	ERCC6L
Gene::138805	OR13F1	138805	ENSG00000186881	OR13F1
Gene::200728	TMEM17	200728	ENSG00000186889	TMEM17
Gene::8784	TNFRSF18	8784	ENSG00000186891	TNFRSF18
Gene::2248	FGF3	2248	ENSG00000186895	FGF3
Gene::338761	C1QL4	338761	ENSG00000186897	C1QL4
Gene::349667	RTN4RL2	349667	ENSG00000186907	RTN4RL2
Gene::23390	ZDHHC17	23390	ENSG00000186908	ZDHHC17
Gene::256394	SERPINA11	256394	ENSG00000186910	SERPINA11
Gene::5030	P2RY4	5030	ENSG00000186912	P2RY4
Gene::55893	ZNF395	55893	ENSG00000186918	ZNF395
Gene::353174	ZACN	353174	ENSG00000186919	ZACN
Gene::337979	KRTAP22-1	337979	ENSG00000186924	KRTAP22-1
Gene::337973	KRTAP19-6	337973	ENSG00000186925	KRTAP19-6
Gene::337967	KRTAP6-2	337967	ENSG00000186930	KRTAP6-2
Gene::138802	OR13C8	138802	ENSG00000186943	OR13C8
Gene::5465	PPARA	5465	ENSG00000186951	PPARA
Gene::642987	TMEM232	642987	ENSG00000186952	TMEM232
Gene::337969	KRTAP19-2	337969	ENSG00000186965	KRTAP19-2
Gene::337971	KRTAP19-4	337971	ENSG00000186967	KRTAP19-4
Gene::254950	KRTAP15-1	254950	ENSG00000186970	KRTAP15-1
Gene::284827	KRTAP13-4	284827	ENSG00000186971	KRTAP13-4
Gene::440585	FAM183A	440585	ENSG00000186973	CFAP144
Gene::64800	EFCAB6	64800	ENSG00000186976	EFCAB6
Gene::337972	KRTAP19-5	337972	ENSG00000186977	KRTAP19-5
Gene::337963	KRTAP23-1	337963	ENSG00000186980	KRTAP23-1
Gene::256949	KANK3	256949	ENSG00000186994	KANK3
Gene::129080	EMID1	129080	ENSG00000186998	EMID1
Gene::10881	ACTL7A	10881	ENSG00000187003	ACTL7A
Gene::337977	KRTAP21-1	337977	ENSG00000187005	KRTAP21-1
Gene::6007	RHD	6007	ENSG00000187010	RHD
Gene::388407	C17orf82	388407	ENSG00000187013	LINC02875
Gene::83715	ESPN	83715	ENSG00000187017	ESPN
Gene::5407	PNLIPRP1	5407	ENSG00000187021	PNLIPRP1
Gene::138428	PTRH1	138428	ENSG00000187024	PTRH1
Gene::337978	KRTAP21-2	337978	ENSG00000187026	KRTAP21-2
Gene::344658	SAMD7	344658	ENSG00000187033	SAMD7
Gene::353345	GPR141	353345	ENSG00000187037	GPR141
Gene::164656	TMPRSS6	164656	ENSG00000187045	TMPRSS6
Gene::1579	CYP4A11	1579	ENSG00000187048	CYP4A11
Gene::51259	TMEM216	51259	ENSG00000187049	TMEM216
Gene::91582	RPS19BP1	91582	ENSG00000187051	RPS19BP1
Gene::339967	TMPRSS11A	339967	ENSG00000187054	TMPRSS11A
Gene::100130348	TMEM262	100130348	ENSG00000187066	CATSPERH
Gene::285382	C3orf70	285382	ENSG00000187068	C3orf70
Gene::7003	TEAD1	7003	ENSG00000187079	TEAD1
Gene::391191	OR2AK2	391191	ENSG00000187080	OR2AK2
Gene::503841	DEFB106B	503841	ENSG00000187082	DEFB106B
Gene::5333	PLCD1	5333	ENSG00000187091	PLCD1
Gene::885	CCK	885	ENSG00000187094	CCK
Gene::957	ENTPD5	957	ENSG00000187097	ENTPD5
Gene::4286	MITF	4286	ENSG00000187098	MITF
Gene::399671	HEATR4	399671	ENSG00000187105	HEATR4
Gene::4673	NAP1L1	4673	ENSG00000187109	NAP1L1
Gene::353514	LILRA5	353514	ENSG00000187116	LILRA5
Gene::152100	CMC1	152100	ENSG00000187118	CMC1
Gene::6585	SLIT1	6585	ENSG00000187122	SLIT1
Gene::130574	LYPD6	130574	ENSG00000187123	LYPD6
Gene::1645	AKR1C1	1645	ENSG00000187134	AKR1C1
Gene::342865	VSTM2B	342865	ENSG00000187135	VSTM2B
Gene::27022	FOXD3	27022	ENSG00000187140	FOXD3
Gene::374955	SPATA21	374955	ENSG00000187144	SPATA21
Gene::55182	RNF220	55182	ENSG00000187147	RNF220
Gene::253935	ANGPTL5	253935	ENSG00000187151	ANGPTL5
Gene::57698	SHTN1	57698	ENSG00000187164	SHTN1
Gene::341567	H1FNT	341567	ENSG00000187166	H1-7
Gene::199834	LCE4A	199834	ENSG00000187170	LCE4A
Gene::85319	BAGE2	85319	ENSG00000187172	BAGE2
Gene::353139	LCE2A	353139	ENSG00000187173	LCE2A
Gene::353332	KRTAP12-1	353332	ENSG00000187175	KRTAP12-1
Gene::353140	LCE2C	353140	ENSG00000187180	LCE2C
Gene::339327	ZNF546	339327	ENSG00000187187	ZNF546
Gene::23270	TSPYL4	23270	ENSG00000187189	TSPYL4
Gene::57054	DAZ3	57054	ENSG00000187191	DAZ3
Gene::4501	MT1X	4501	ENSG00000187193	MT1X
Gene::2650	GCNT1	2650	ENSG00000187210	GCNT1
Gene::353141	LCE2D	353141	ENSG00000187223	LCE2D
Gene::91404	SESTD1	91404	ENSG00000187231	SESTD1
Gene::353143	LCE3B	353143	ENSG00000187238	LCE3B
Gene::23048	FNBP1	23048	ENSG00000187239	FNBP1
Gene::79659	DYNC2H1	79659	ENSG00000187240	DYNC2H1
Gene::3859	KRT12	3859	ENSG00000187242	KRT12
Gene::81557	MAGED4B	81557	ENSG00000187243	MAGED4B
Gene::4059	BCAM	4059	ENSG00000187244	BCAM
Gene::222194	RSBN1L	222194	ENSG00000187257	RSBN1L
Gene::387129	NPSR1	387129	ENSG00000187258	NPSR1
Gene::349136	WDR86	349136	ENSG00000187260	WDR86
Gene::2057	EPOR	2057	ENSG00000187266	EPOR
Gene::171484	FAM9C	171484	ENSG00000187268	FAM9C
Gene::83901	KRTAP9-8	83901	ENSG00000187272	KRTAP9-8
Gene::63924	CIDEC	63924	ENSG00000187288	CIDEC
Gene::1630	DCC	1630	ENSG00000187323	DCC
Gene::51616	TAF9B	51616	ENSG00000187325	TAF9B
Gene::56123	PCDHB13	56123	ENSG00000187372	PCDHB13
Gene::9863	MAGI2	9863	ENSG00000187391	MAGI2
Gene::338645	LUZP2	338645	ENSG00000187398	LUZP2
Gene::375612	LHFPL3	375612	ENSG00000187416	LHFPL3
Gene::11261	CHP1	11261	ENSG00000187446	CHP1
Gene::2359	FPR3	2359	ENSG00000187474	FPR3
Gene::3010	HIST1H1T	3010	ENSG00000187475	H1-6
Gene::387763	C11orf96	387763	ENSG00000187479	C11orf96
Gene::3767	KCNJ11	3767	ENSG00000187486	KCNJ11
Gene::389118	CDHR4	389118	ENSG00000187492	CDHR4
Gene::1282	COL4A1	1282	ENSG00000187498	COL4A1
Gene::440107	PLEKHG7	440107	ENSG00000187510	PLEKHG7
Gene::2701	GJA4	2701	ENSG00000187513	GJA4
Gene::5757	PTMA	5757	ENSG00000187514	PTMA
Gene::25763	HYPM	25763	ENSG00000187516	H2AP
Gene::51182	HSPA14	51182	ENSG00000187522	HSPA14
Gene::344905	ATP13A5	344905	ENSG00000187527	ATP13A5
Gene::51547	SIRT7	51547	ENSG00000187531	SIRT7
Gene::401137	PRR27	401137	ENSG00000187533	PRR27
Gene::9742	IFT140	9742	ENSG00000187535	IFT140
Gene::404785	POTEG	404785	ENSG00000187537	POTEG
Gene::343071	PRAMEF10	343071	ENSG00000187545	PRAMEF10
Gene::392636	AGMO	392636	ENSG00000187546	AGMO
Gene::646643	SBK2	646643	ENSG00000187550	SBK2
Gene::340665	CYP26C1	340665	ENSG00000187553	CYP26C1
Gene::7100	TLR5	7100	ENSG00000187554	TLR5
Gene::7874	USP7	7874	ENSG00000187555	USP7
Gene::342977	NANOS3	342977	ENSG00000187556	NANOS3
Gene::286380	FOXD4L3	286380	ENSG00000187559	FOXD4L3
Gene::378884	NHLRC1	378884	ENSG00000187566	NHLRC1
Gene::359787	DPPA3	359787	ENSG00000187569	DPPA3
Gene::341947	COX8C	341947	ENSG00000187581	COX8C
Gene::84069	PLEKHN1	84069	ENSG00000187583	PLEKHN1
Gene::201181	ZNF385C	201181	ENSG00000187595	ZNF385C
Gene::28986	MAGEH1	28986	ENSG00000187601	MAGEH1
Gene::200424	TET3	200424	ENSG00000187605	TET3
Gene::57335	ZNF286A	57335	ENSG00000187607	ZNF286A
Gene::9636	ISG15	9636	ENSG00000187608	ISG15
Gene::54932	EXD3	54932	ENSG00000187609	EXD3
Gene::390148	OR5W2	390148	ENSG00000187612	OR5W2
Gene::389827	TMEM8C	389827	ENSG00000187616	MYMK
Gene::400566	C17orf97	400566	ENSG00000187624	LIAT1
Gene::387032	ZKSCAN4	387032	ENSG00000187626	ZKSCAN4
Gene::400966	RGPD1	400966	ENSG00000187627	RGPD1
Gene::317749	DHRS4L2	317749	ENSG00000187630	DHRS4L2
Gene::148398	SAMD11	148398	ENSG00000187634	SAMD11
Gene::84808	PERM1	84808	ENSG00000187642	PERM1
Gene::400673	VMAC	400673	ENSG00000187650	VMAC
Gene::100190949	C5orf52	100190949	ENSG00000187658	C5orf52
Gene::404037	HAPLN4	404037	ENSG00000187664	HAPLN4
Gene::26059	ERC2	26059	ENSG00000187672	ERC2
Gene::145173	B3GLCT	145173	ENSG00000187676	B3GLCT
Gene::81848	SPRY4	81848	ENSG00000187678	SPRY4
Gene::3266	ERAS	3266	ENSG00000187682	ERAS
Gene::51393	TRPV2	51393	ENSG00000187688	TRPV2
Gene::401138	AMTN	401138	ENSG00000187689	AMTN
Gene::340602	CXorf67	340602	ENSG00000187690	EZHIP
Gene::84281	C2orf88	84281	ENSG00000187699	AKAP19
Gene::403239	OR2T27	403239	ENSG00000187701	OR2T27
Gene::94107	TMEM203	94107	ENSG00000187713	TMEM203
Gene::6572	SLC18A3	6572	ENSG00000187714	SLC18A3
Gene::166348	KBTBD12	166348	ENSG00000187715	KBTBD12
Gene::79875	THSD4	79875	ENSG00000187720	THSD4
Gene::374407	DNAJB13	374407	ENSG00000187726	DNAJB13
Gene::2563	GABRD	2563	ENSG00000187730	GABRD
Gene::278	AMY1C	278	ENSG00000187733	AMY1C
Gene::6917	TCEA1	6917	ENSG00000187735	TCEA1
Gene::79840	NHEJ1	79840	ENSG00000187736	NHEJ1
Gene::2175	FANCA	2175	ENSG00000187741	FANCA
Gene::79048	SECISBP2	79048	ENSG00000187742	SECISBP2
Gene::340980	OR52B6	340980	ENSG00000187747	OR52B6
Gene::389766	C9orf153	389766	ENSG00000187753	C9orf153
Gene::280658	SSX7	280658	ENSG00000187754	SSX7
Gene::124	ADH1A	124	ENSG00000187758	ADH1A
Gene::10507	SEMA4D	10507	ENSG00000187764	SEMA4D
Gene::386681	KRTAP10-8	386681	ENSG00000187766	KRTAP10-8
Gene::389421	LIN28B	389421	ENSG00000187772	LIN28B
Gene::125704	FAM69C	125704	ENSG00000187773	DIPK1C
Gene::8632	DNAH17	8632	ENSG00000187775	DNAH17
Gene::10445	MCRS1	10445	ENSG00000187778	MCRS1
Gene::643236	TMEM72	643236	ENSG00000187783	TMEM72
Gene::57697	FANCM	57697	ENSG00000187790	FANCM
Gene::100129969	FAM205C	100129969	ENSG00000187791	SPATA31F3
Gene::7621	ZNF70	7621	ENSG00000187792	ZNF70
Gene::64170	CARD9	64170	ENSG00000187796	CARD9
Gene::375033	PEAR1	375033	ENSG00000187800	PEAR1
Gene::65243	ZFP69B	65243	ENSG00000187801	ZFP69B
Gene::338949	TMEM202	338949	ENSG00000187806	TMEM202
Gene::347454	SOWAHD	347454	ENSG00000187808	SOWAHD
Gene::339559	ZFP69	339559	ENSG00000187815	ZFP69
Gene::391723	HELT	391723	ENSG00000187821	HELT
Gene::340595	ZCCHC16	340595	ENSG00000187823	RTL4
Gene::388335	TMEM220	388335	ENSG00000187824	TMEM220
Gene::388960	C2orf78	388960	ENSG00000187833	C2orf78
Gene::3006	HIST1H1C	3006	ENSG00000187837	H1-2
Gene::57048	PLSCR3	57048	ENSG00000187838	PLSCR3
Gene::1978	EIF4EBP1	1978	ENSG00000187840	EIF4EBP1
Gene::22953	P2RX2	22953	ENSG00000187848	P2RX2
Gene::121549	ASCL4	121549	ENSG00000187855	ASCL4
Gene::390323	OR6C75	390323	ENSG00000187857	OR6C75
Gene::550631	CCDC157	550631	ENSG00000187860	CCDC157
Gene::164118	TTC24	164118	ENSG00000187862	TTC24
Gene::116224	FAM122A	116224	ENSG00000187866	PABIR1
Gene::342979	PALM3	342979	ENSG00000187867	PALM3
Gene::389400	GFRAL	389400	ENSG00000187871	GFRAL
Gene::199920	C1orf168	199920	ENSG00000187889	FYB2
Gene::729956	SHISA7	729956	ENSG00000187902	SHISA7
Gene::400891	LRRC74B	400891	ENSG00000187905	LRRC74B
Gene::1755	DMBT1	1755	ENSG00000187908	DMBT1
Gene::388512	CLEC17A	388512	ENSG00000187912	CLEC17A
Gene::390064	OR51I2	390064	ENSG00000187918	OR51I2
Gene::414332	LCN10	414332	ENSG00000187922	LCN10
Gene::401944	LDLRAD2	401944	ENSG00000187942	LDLRAD2
Gene::401027	C2orf66	401027	ENSG00000187944	C2orf66
Gene::341350	OVCH1	341350	ENSG00000187950	OVCH1
Gene::50626	CYHR1	50626	ENSG00000187954	ZFTRAF1
Gene::7373	COL14A1	7373	ENSG00000187955	COL14A1
Gene::92737	DNER	92737	ENSG00000187957	DNER
Gene::642843	CPSF4L	642843	ENSG00000187959	CPSF4L
Gene::339451	KLHL17	339451	ENSG00000187961	KLHL17
Gene::389874	ZCCHC13	389874	ENSG00000187969	ZCCHC13
Gene::100996415	LOC100996415	100996415	ENSG00000187979	FAM230D
Gene::391013	PLA2G2C	391013	ENSG00000187980	PLA2G2C
Gene::222696	ZSCAN23	222696	ENSG00000187987	ZSCAN23
Gene::126432	RINL	126432	ENSG00000187994	RINL
Gene::100141515	C17orf99	100141515	ENSG00000187997	IL40
Gene::162998	OR7D2	162998	ENSG00000188000	OR7D2
Gene::285386	TPRG1	285386	ENSG00000188001	TPRG1
Gene::284677	C1orf204	284677	ENSG00000188004	SNHG28
Gene::729967	MORN2	729967	ENSG00000188010	MORN2
Gene::285093	RTP5	285093	ENSG00000188011	RTP5
Gene::6274	S100A3	6274	ENSG00000188015	S100A3
Gene::29978	UBQLN2	29978	ENSG00000188021	UBQLN2
Gene::353116	RILPL1	353116	ENSG00000188026	RILPL1
Gene::646457	C19orf67	646457	ENSG00000188032	C19orf67
Gene::57474	ZNF490	57474	ENSG00000188033	ZNF490
Gene::1180	CLCN1	1180	ENSG00000188037	CLCN1
Gene::123904	NRN1L	123904	ENSG00000188038	NRN1L
Gene::284434	NWD1	284434	ENSG00000188039	NWD1
Gene::10123	ARL4C	10123	ENSG00000188042	ARL4C
Gene::168433	RNF133	168433	ENSG00000188050	RNF133
Gene::100130519	TMEM221	100130519	ENSG00000188051	TMEM221
Gene::285852	TREML4	285852	ENSG00000188056	TREML4
Gene::115273	RAB42	115273	ENSG00000188060	RAB42
Gene::7477	WNT7B	7477	ENSG00000188064	WNT7B
Gene::65998	C11orf95	65998	ENSG00000188070	ZFTA
Gene::147199	SCGB1C1	147199	ENSG00000188076	SCGB1C1
Gene::377047	PRSS45	377047	ENSG00000188086	PRSS45P
Gene::123745	PLA2G4E	123745	ENSG00000188089	PLA2G4E
Gene::51463	GPR89B	51463	ENSG00000188092	GPHRB
Gene::145873	MESP2	145873	ENSG00000188095	MESP2
Gene::643161	FAM25A	643161	ENSG00000188100	FAM25A
Gene::346007	EYS	346007	ENSG00000188107	EYS
Gene::647024	C6orf132	647024	ENSG00000188112	C6orf132
Gene::1617	DAZ1	1617	ENSG00000188120	DAZ1
Gene::338755	OR2AG2	338755	ENSG00000188124	OR2AG2
Gene::6300	MAPK12	6300	ENSG00000188130	MAPK12
Gene::401498	TMEM215	401498	ENSG00000188133	TMEM215
Gene::441457	NUTM2G	441457	ENSG00000188152	NUTM2G
Gene::1287	COL4A5	1287	ENSG00000188153	COL4A5
Gene::386674	KRTAP10-6	386674	ENSG00000188155	KRTAP10-6
Gene::375790	AGRN	375790	ENSG00000188157	AGRN
Gene::4810	NHS	4810	ENSG00000188158	NHS
Gene::340990	OTOG	340990	ENSG00000188162	OTOG
Gene::401565	FAM166A	401565	ENSG00000188163	CIMIP2A
Gene::643853	TMPPE	643853	ENSG00000188167	TMPPE
Gene::199777	ZNF626	199777	ENSG00000188171	ZNF626
Gene::253012	HEPACAM2	253012	ENSG00000188175	HEPACAM2
Gene::342527	SMTNL2	342527	ENSG00000188176	SMTNL2
Gene::376940	ZC3H6	376940	ENSG00000188177	ZC3H6
Gene::389541	LAMTOR4	389541	ENSG00000188186	LAMTOR4
Gene::5575	PRKAR1B	5575	ENSG00000188191	PRKAR1B
Gene::729262	NUTM2B	729262	ENSG00000188199	NUTM2B
Gene::374383	NCR3LG1	374383	ENSG00000188211	NCR3LG1
Gene::123879	DCUN1D3	123879	ENSG00000188215	DCUN1D3
Gene::445582	POTEE	445582	ENSG00000188219	POTEE
Gene::390927	ZNF793	390927	ENSG00000188227	ZNF793
Gene::10383	TUBB4B	10383	ENSG00000188229	TUBB4B
Gene::119016	AGAP4	119016	ENSG00000188234	AGAP4
Gene::170622	COMMD6	170622	ENSG00000188243	COMMD6
Gene::5320	PLA2G2A	5320	ENSG00000188257	PLA2G2A
Gene::400935	IL17REL	400935	ENSG00000188263	IL17REL
Gene::123688	HYKK	123688	ENSG00000188266	HYKK
Gene::26659	OR7A5	26659	ENSG00000188269	OR7A5
Gene::643338	C15orf62	643338	ENSG00000188277	C15orf62
Gene::101927859	LOC101927859	101927859	ENSG00000188280	FAM230G
Gene::285180	RUFY4	285180	ENSG00000188282	RUFY4
Gene::163087	ZNF383	163087	ENSG00000188283	ZNF383
Gene::57801	HES4	57801	ENSG00000188290	HES4
Gene::374918	IGFL1	374918	ENSG00000188293	IGFL1
Gene::79862	ZNF669	79862	ENSG00000188295	ZNF669
Gene::374872	C19orf35	374872	ENSG00000188305	PEAK3
Gene::344657	LRRIQ4	344657	ENSG00000188306	LRRIQ4
Gene::401541	CENPP	401541	ENSG00000188312	CENPP
Gene::5359	PLSCR1	5359	ENSG00000188313	PLSCR1
Gene::375341	C3orf62	375341	ENSG00000188315	C3orf62
Gene::387712	ENO4	387712	ENSG00000188316	ENO4
Gene::84527	ZNF559	84527	ENSG00000188321	ZNF559
Gene::388228	SBK1	388228	ENSG00000188322	SBK1
Gene::283365	OR6C6	283365	ENSG00000188324	OR6C6
Gene::100131137	BSPH1	100131137	ENSG00000188334	BSPH1
Gene::10991	SLC38A3	10991	ENSG00000188338	SLC38A3
Gene::81442	OR6N2	81442	ENSG00000188340	OR6N2
Gene::2963	GTF2F2	2963	ENSG00000188342	GTF2F2
Gene::137392	FAM92A1	137392	ENSG00000188343	CIBAR1
Gene::54914	FOCAD	54914	ENSG00000188352	FOCAD
Gene::284338	PRR19	284338	ENSG00000188368	PRR19
Gene::7784	ZP3	7784	ENSG00000188372	ZP3
Gene::387695	C10orf99	387695	ENSG00000188373	GPR15LG
Gene::440093	H3F3C	440093	ENSG00000188375	H3-5
Gene::3440	IFNA2	3440	ENSG00000188379	IFNA2
Gene::282973	JAKMIP3	282973	ENSG00000188385	JAKMIP3
Gene::5535	PPP3R2	5535	ENSG00000188386	PPP3R2
Gene::100133220	GOLGA6L3	100133220	ENSG00000188388	GOLGA6L3P
Gene::5133	PDCD1	5133	ENSG00000188389	PDCD1
Gene::387836	CLEC2A	387836	ENSG00000188393	CLEC2A
Gene::2844	GPR21	2844	ENSG00000188394	GPR21
Gene::343521	TCTEX1D4	343521	ENSG00000188396	DYNLT4
Gene::6402	SELL	6402	ENSG00000188404	SELL
Gene::347541	MAGEB5	347541	ENSG00000188408	MAGEB5
Gene::1121	CHM	1121	ENSG00000188419	CHM
Gene::339345	NANOS2	339345	ENSG00000188425	NANOS2
Gene::63915	BLOC1S5	63915	ENSG00000188428	BLOC1S5
Gene::100133128	LOC100133128	100133128	ENSG00000188438	DEFB108F
Gene::375298	CERKL	375298	ENSG00000188452	CERKL
Gene::283652	SLC24A5	283652	ENSG00000188467	SLC24A5
Gene::389792	IER5L	389792	ENSG00000188483	IER5L
Gene::3014	H2AFX	3014	ENSG00000188486	H2AX
Gene::387755	INSC	387755	ENSG00000188487	INSC
Gene::5104	SERPINA5	5104	ENSG00000188488	SERPINA5
Gene::284325	C19orf54	284325	ENSG00000188493	ACTMAP
Gene::197021	LCTL	197021	ENSG00000188501	LCTL
Gene::342897	NCCRP1	342897	ENSG00000188505	NCCRP1
Gene::388533	KRTDAP	388533	ENSG00000188508	KRTDAP
Gene::348645	C22orf34	348645	ENSG00000188511	MIR3667HG
Gene::84570	COL25A1	84570	ENSG00000188517	COL25A1
Gene::644815	FAM83G	644815	ENSG00000188522	SACK1G
Gene::389799	C9orf171	389799	ENSG00000188523	CFAP77
Gene::10772	SRSF10	10772	ENSG00000188529	SRSF10
Gene::3040	HBA2	3040	ENSG00000188536	HBA2
Gene::285193	DUSP28	285193	ENSG00000188542	DUSP28
Gene::388115	C15orf52	388115	ENSG00000188549	CCDC9B
Gene::4077	NBR1	4077	ENSG00000188554	NBR1
Gene::391211	OR2G6	391211	ENSG00000188558	OR2G6
Gene::57186	RALGAPA2	57186	ENSG00000188559	RALGAPA2
Gene::27158	NDOR1	27158	ENSG00000188566	NDOR1
Gene::154215	NKAIN2	154215	ENSG00000188580	NKAIN2
Gene::81851	KRTAP1-1	81851	ENSG00000188581	KRTAP1-1
Gene::344838	PAQR9	344838	ENSG00000188582	PAQR9
Gene::400797	LINC00083	400797	ENSG00000188585	CLEC20A
Gene::144535	CFAP54	144535	ENSG00000188596	CFAP54
Gene::1201	CLN3	1201	ENSG00000188603	CLN3
Gene::653820	FAM72B	653820	ENSG00000188610	RUMY2
Gene::56624	ASAH2	56624	ENSG00000188611	ASAH2
Gene::6613	SUMO2	6613	ENSG00000188612	SUMO2
Gene::340719	NANOS1	340719	ENSG00000188613	NANOS1
Gene::340784	HMX3	340784	ENSG00000188620	HMX3
Gene::388555	IGFL3	388555	ENSG00000188624	IGFL3
Gene::653720	GOLGA8M	653720	ENSG00000188626	GOLGA8M
Gene::7730	ZNF177	7730	ENSG00000188629	ZNF177
Gene::84247	LDOC1L	84247	ENSG00000188636	RTL6
Gene::1806	DPYD	1806	ENSG00000188641	DPYD
Gene::140576	S100A16	140576	ENSG00000188643	S100A16
Gene::375743	PTAR1	375743	ENSG00000188647	PTAR1
Gene::387707	CC2D2B	387707	ENSG00000188649	CC2D2B
Gene::390443	RNASE9	390443	ENSG00000188655	RNASE9
Gene::283726	SAXO2	283726	ENSG00000188659	SAXO2
Gene::6006	RHCE	6006	ENSG00000188672	RHCE
Gene::389073	C2orf80	389073	ENSG00000188674	C2orf80
Gene::169355	IDO2	169355	ENSG00000188676	IDO2
Gene::29780	PARVB	29780	ENSG00000188677	PARVB
Gene::57835	SLC4A5	57835	ENSG00000188687	SLC4A5
Gene::7390	UROS	7390	ENSG00000188690	UROS
Gene::390084	OR56A5	390084	ENSG00000188691	OR56A5
Gene::643803	KRTAP24-1	643803	ENSG00000188694	KRTAP24-1
Gene::51114	ZDHHC9	51114	ENSG00000188706	ZDHHC9
Gene::113763	ZBED6CL	113763	ENSG00000188707	ZBED10P
Gene::347148	QRFP	347148	ENSG00000188710	QRFP
Gene::338599	DUPD1	338599	ENSG00000188716	DUSP29
Gene::643155	SMIM15	643155	ENSG00000188725	SMIM15
Gene::344901	OSTN	344901	ENSG00000188729	OSTN
Gene::375567	VWC2	375567	ENSG00000188730	VWC2
Gene::340277	FAM221A	340277	ENSG00000188732	FAM221A
Gene::144404	TMEM120B	144404	ENSG00000188735	TMEM120B
Gene::401024	FSIP2	401024	ENSG00000188738	FSIP2
Gene::23029	RBM34	23029	ENSG00000188739	RBM34
Gene::10811	NOXA1	10811	ENSG00000188747	NOXA1
Gene::130612	TMEM198	130612	ENSG00000188760	TMEM198
Gene::440603	BCL2L15	440603	ENSG00000188761	BCL2L15
Gene::8326	FZD9	8326	ENSG00000188763	FZD9
Gene::399473	SPRED3	399473	ENSG00000188766	SPRED3
Gene::26254	OPTC	26254	ENSG00000188770	OPTC
Gene::349633	PLET1	349633	ENSG00000188771	PLET1
Gene::155	ADRB3	155	ENSG00000188778	ADRB3
Gene::390598	SKOR1	390598	ENSG00000188779	SKOR1
Gene::378807	CATSPER4	378807	ENSG00000188782	CATSPER4
Gene::5549	PRELP	5549	ENSG00000188783	PRELP
Gene::30814	PLA2G2E	30814	ENSG00000188784	PLA2G2E
Gene::147694	ZNF548	147694	ENSG00000188785	ZNF548
Gene::4520	MTF1	4520	ENSG00000188786	MTF1
Gene::127391	TMCO2	127391	ENSG00000188800	TMCO2
Gene::388336	SHISA6	388336	ENSG00000188803	SHISA6
Gene::199953	TMEM201	199953	ENSG00000188807	TMEM201
Gene::387921	NHLRC3	387921	ENSG00000188811	NHLRC3
Gene::3167	HMX2	3167	ENSG00000188816	HMX2
Gene::132203	SNTN	132203	ENSG00000188817	SNTN
Gene::79844	ZDHHC11	79844	ENSG00000188818	ZDHHC11
Gene::441168	FAM26F	441168	ENSG00000188820	CALHM6
Gene::1269	CNR2	1269	ENSG00000188822	CNR2
Gene::84464	SLX4	84464	ENSG00000188827	SLX4
Gene::441509	GLRA4	441509	ENSG00000188828	GLRA4
Gene::377841	ENTPD8	377841	ENSG00000188833	ENTPD8
Gene::9045	RPL14	9045	ENSG00000188846	RPL14
Gene::389206	BEND4	389206	ENSG00000188848	BEND4
Gene::149297	FAM78B	149297	ENSG00000188859	FAM78B
Gene::147837	ZNF563	147837	ENSG00000188868	ZNF563
Gene::342125	TMC3	342125	ENSG00000188869	TMC3
Gene::340441	POTEA	340441	ENSG00000188877	POTEA
Gene::85302	FBF1	85302	ENSG00000188878	FBF1
Gene::346689	KLRG2	346689	ENSG00000188883	KLRG2
Gene::431705	ASTL	431705	ENSG00000188886	ASTL
Gene::339287	MSL1	339287	ENSG00000188895	MSL1
Gene::400499	LOC400499	400499	ENSG00000188897	APOLTP
Gene::120892	LRRK2	120892	ENSG00000188906	LRRK2
Gene::390259	BSX	390259	ENSG00000188909	BSX
Gene::2707	GJB3	2707	ENSG00000188910	GJB3
Gene::642938	FAM196A	642938	ENSG00000188916	INSYN2A
Gene::79979	TRMT2B	79979	ENSG00000188917	TRMT2B
Gene::401494	HACD4	401494	ENSG00000188921	HACD4
Gene::257177	CFAP126	257177	ENSG00000188931	CFAP126
Gene::60506	NYX	60506	ENSG00000188937	NYX
Gene::158293	FAM120AOS	158293	ENSG00000188938	FAM120AOS
Gene::257313	UTS2B	257313	ENSG00000188958	UTS2B
Gene::401546	C9orf152	401546	ENSG00000188959	C9orf152
Gene::26155	NOC2L	26155	ENSG00000188976	NOC2L
Gene::345222	MSANTD1	345222	ENSG00000188981	MSANTD1
Gene::126767	AADACL3	126767	ENSG00000188984	AADACL3
Gene::25920	NELFB	25920	ENSG00000188986	NELFB
Gene::729025	SLC15A5	729025	ENSG00000188991	SLC15A5
Gene::149998	LIPI	149998	ENSG00000188992	LIPI
Gene::339977	LRRC66	339977	ENSG00000188993	LRRC66
Gene::23036	ZNF292	23036	ENSG00000188994	ZNF292
Gene::135458	HUS1B	135458	ENSG00000188996	HUS1B
Gene::283219	KCTD21	283219	ENSG00000188997	KCTD21
Gene::374897	SBSN	374897	ENSG00000189001	SBSN
Gene::134637	ADAT2	134637	ENSG00000189007	ADAT2
Gene::3805	KIR2DL4	3805	ENSG00000189013	KIR2DL4
Gene::139604	MAGEB16	139604	ENSG00000189023	MAGEB16
Gene::391104	VHLL	391104	ENSG00000189030	VHLL
Gene::63904	DUSP21	63904	ENSG00000189037	DUSP21
Gene::163081	ZNF567	163081	ENSG00000189042	ZNF567
Gene::4697	NDUFA4	4697	ENSG00000189043	COXFA4
Gene::728780	ANKDD1B	728780	ENSG00000189045	ANKDD1B
Gene::121642	ALKBH2	121642	ENSG00000189046	ALKBH2
Gene::51136	RNFT1	51136	ENSG00000189050	RNFT1
Gene::643904	RNF222	643904	ENSG00000189051	RNF222
Gene::93659	CGB5	93659	ENSG00000189052	CGB5
Gene::5649	RELN	5649	ENSG00000189056	RELN
Gene::374393	FAM111B	374393	ENSG00000189057	FAM111B
Gene::347	APOD	347	ENSG00000189058	APOD
Gene::3005	H1F0	3005	ENSG00000189060	H1-0
Gene::729447	GAGE2A	729447	ENSG00000189064	GAGE2A
Gene::9516	LITAF	9516	ENSG00000189067	LITAF
Gene::284415	VSTM1	284415	ENSG00000189068	VSTM1
Gene::83862	TMEM120A	83862	ENSG00000189077	TMEM120A
Gene::196528	ARID2	196528	ENSG00000189079	ARID2
Gene::100133093	FAM25G	100133093	ENSG00000189090	FAM25G
Gene::23450	SF3B3	23450	ENSG00000189091	SF3B3
Gene::345062	PRSS48	345062	ENSG00000189099	PRSS48
Gene::26280	IL1RAPL2	26280	ENSG00000189108	IL1RAPL2
Gene::388552	BLOC1S3	388552	ENSG00000189114	BLOC1S3
Gene::80320	SP6	80320	ENSG00000189120	SP6
Gene::340120	ANKRD34B	340120	ENSG00000189127	ANKRD34B
Gene::219348	PLAC9	219348	ENSG00000189129	PLAC9
Gene::170062	FAM47B	170062	ENSG00000189132	FAM47B
Gene::222698	NKAPL	222698	ENSG00000189134	NKAPL
Gene::84075	FSCB	84075	ENSG00000189139	FSCB
Gene::1364	CLDN4	1364	ENSG00000189143	CLDN4
Gene::126231	ZNF573	126231	ENSG00000189144	ZNF573
Gene::400581	GRAPL	400581	ENSG00000189152	GRAPL
Gene::100129583	FAM47E	100129583	ENSG00000189157	FAM47E
Gene::51155	HN1	51155	ENSG00000189159	JPT1
Gene::84503	ZNF527	84503	ENSG00000189164	ZNF527
Gene::646799	ZAR1L	646799	ENSG00000189167	ZAR1L
Gene::386685	KRTAP10-12	386685	ENSG00000189169	KRTAP10-12
Gene::6284	S100A13	6284	ENSG00000189171	S100A13
Gene::7581	ZNF33A	7581	ENSG00000189180	ZNF33A
Gene::401994	OR14I1	401994	ENSG00000189181	OR14I1
Gene::374454	KRT77	374454	ENSG00000189182	KRT77
Gene::54510	PCDH18	54510	ENSG00000189184	PCDH18
Gene::347442	DCAF8L2	347442	ENSG00000189186	DCAF8L2
Gene::162966	ZNF600	162966	ENSG00000189190	ZNF600
Gene::284697	BTBD8	284697	ENSG00000189195	BTBD8
Gene::4128	MAOA	4128	ENSG00000189221	MAOA
Gene::145853	C15orf61	145853	ENSG00000189227	C15orf61
Gene::389643	NUGGC	389643	ENSG00000189233	NUGGC
Gene::7259	TSPYL1	7259	ENSG00000189241	TSPYL1
Gene::139067	SPANXN3	139067	ENSG00000189252	SPANXN3
Gene::642446	TRIM64B	642446	ENSG00000189253	TRIM64B
Gene::55629	PNRC2	55629	ENSG00000189266	PNRC2
Gene::51233	DRICH1	51233	ENSG00000189269	DRICH1
Gene::2709	GJB5	2709	ENSG00000189280	GJB5
Gene::2272	FHIT	2272	ENSG00000189283	FHIT
Gene::285016	FAM150B	285016	ENSG00000189292	ALKAL2
Gene::80317	ZKSCAN3	80317	ENSG00000189298	ZKSCAN3
Gene::139628	FOXR2	139628	ENSG00000189299	FOXR2
Gene::27341	RRP7A	27341	ENSG00000189306	RRP7A
Gene::132660	LIN54	132660	ENSG00000189308	LIN54
Gene::9679	FAM53B	9679	ENSG00000189319	FAM53B
Gene::389558	FAM180A	389558	ENSG00000189320	FAM180A
Gene::389384	C6orf222	389384	ENSG00000189325	BNIP5
Gene::441525	SPANXN4	441525	ENSG00000189326	SPANXN4
Gene::57402	S100A14	57402	ENSG00000189334	S100A14
Gene::23254	KAZN	23254	ENSG00000189337	KAZN
Gene::728661	SLC35E2B	728661	ENSG00000189339	SLC35E2B
Gene::165186	FAM179A	165186	ENSG00000189350	TOGARAM2
Gene::389761	SPATA31D4	389761	ENSG00000189357	SPATA31D4
Gene::100131211	NEMP2	100131211	ENSG00000189362	NEMP2
Gene::200810	ALG1L	200810	ENSG00000189366	ALG1L1P
Gene::9729	KIAA0408	9729	ENSG00000189367	KIAA0408
Gene::23708	GSPT2	23708	ENSG00000189369	GSPT2
Gene::254272	TBC1D28	254272	ENSG00000189375	TBC1D28
Gene::84933	C8orf76	84933	ENSG00000189376	C8orf76
Gene::284340	CXCL17	284340	ENSG00000189377	CXCL17
Gene::139562	OTUD6A	139562	ENSG00000189401	OTUD6A
Gene::3146	HMGB1	3146	ENSG00000189403	HMGB1
Gene::8510	MMP23B	8510	ENSG00000189409	MMP23B
Gene::400745	SH2D5	400745	ENSG00000189410	SH2D5
Gene::139735	ZFP92	139735	ENSG00000189420	ZFP92
Gene::9437	NCR1	9437	ENSG00000189430	NCR1
Gene::644943	RASSF10	644943	ENSG00000189431	RASSF10
Gene::127534	GJB4	127534	ENSG00000189433	GJB4
Gene::284521	OR2L13	284521	ENSG00000196071	OR2L13
Gene::282991	BLOC1S2	282991	ENSG00000196072	BLOC1S2
Gene::10388	SYCP2	10388	ENSG00000196074	SYCP2
Gene::3556	IL1RAP	3556	ENSG00000196083	IL1RAP
Gene::11122	PTPRT	11122	ENSG00000196090	PTPRT
Gene::4604	MYBPC1	4604	ENSG00000196091	MYBPC1
Gene::5079	PAX5	5079	ENSG00000196092	PAX5
Gene::100130451	LOC100130451	100130451	ENSG00000196096	SPAG16-DT
Gene::403278	OR5K4	403278	ENSG00000196098	OR5K4
Gene::390261	OR6M1	390261	ENSG00000196099	OR6M1
Gene::50859	SPOCK3	50859	ENSG00000196104	SPOCK3
Gene::163223	ZNF676	163223	ENSG00000196109	ZNF676
Gene::374879	ZNF699	374879	ENSG00000196110	ZNF699
Gene::23424	TDRD7	23424	ENSG00000196116	TDRD7
Gene::90835	C16orf93	90835	ENSG00000196118	CFAP119
Gene::390275	OR8A1	390275	ENSG00000196119	OR8A1
Gene::653319	KIAA0895L	653319	ENSG00000196123	MATCAP1
Gene::3123	HLA-DRB1	3123	ENSG00000196126	HLA-DRB1
Gene::317701	VN1R2	317701	ENSG00000196131	VN1R2
Gene::4661	MYT1	4661	ENSG00000196132	MYT1
Gene::12	SERPINA3	12	ENSG00000196136	SERPINA3
Gene::8644	AKR1C3	8644	ENSG00000196139	AKR1C3
Gene::26010	SPATS2L	26010	ENSG00000196141	SPATS2L
Gene::58500	ZNF250	58500	ENSG00000196150	ZNF250
Gene::151525	WDSUB1	151525	ENSG00000196151	WDSUB1
Gene::7633	ZNF79	7633	ENSG00000196152	ZNF79
Gene::6275	S100A4	6275	ENSG00000196154	S100A4
Gene::25894	PLEKHG4	25894	ENSG00000196155	PLEKHG4
Gene::85290	KRTAP4-3	85290	ENSG00000196156	KRTAP4-3
Gene::79633	FAT4	79633	ENSG00000196159	FAT4
Gene::389649	C8orf86	389649	ENSG00000196166	LINC03042
Gene::399948	COLCA1	399948	ENSG00000196167	COLCA1
Gene::124602	KIF19	124602	ENSG00000196169	KIF19
Gene::81448	OR6K2	81448	ENSG00000196171	OR6K2
Gene::148213	ZNF681	148213	ENSG00000196172	ZNF681
Gene::36	ACADSB	36	ENSG00000196177	ACADSB
Gene::83931	STK40	83931	ENSG00000196182	STK40
Gene::26476	OR10J1	26476	ENSG00000196184	OR10J1
Gene::9725	TMEM63A	9725	ENSG00000196187	TMEM63A
Gene::1510	CTSE	1510	ENSG00000196188	CTSE
Gene::64218	SEMA4A	64218	ENSG00000196189	SEMA4A
Gene::646962	HRCT1	646962	ENSG00000196196	HRCT1
Gene::54737	MPHOSPH8	54737	ENSG00000196199	MPHOSPH8
Gene::9687	GREB1	9687	ENSG00000196208	GREB1
Gene::284759	SIRPB2	284759	ENSG00000196209	SIRPB2
Gene::90321	ZNF766	90321	ENSG00000196214	ZNF766
Gene::6261	RYR1	6261	ENSG00000196218	RYR1
Gene::9901	SRGAP3	9901	ENSG00000196220	SRGAP3
Gene::387266	KRTAP5-3	387266	ENSG00000196224	KRTAP5-3
Gene::63939	FAM217B	63939	ENSG00000196227	FAM217B
Gene::442038	SULT1C3	442038	ENSG00000196228	SULT1C3
Gene::203068	TUBB	203068	ENSG00000196230	TUBB
Gene::84458	LCOR	84458	ENSG00000196233	LCOR
Gene::6829	SUPT5H	6829	ENSG00000196235	SUPT5H
Gene::63929	XPNPEP3	63929	ENSG00000196236	XPNPEP3
Gene::401992	OR2T2	401992	ENSG00000196240	OR2T2
Gene::81472	OR2C3	81472	ENSG00000196242	OR2C3
Gene::51427	ZNF107	51427	ENSG00000196247	ZNF107
Gene::219873	OR10S1	219873	ENSG00000196248	OR10S1
Gene::389376	SFTA2	389376	ENSG00000196260	SFTA2
Gene::5478	PPIA	5478	ENSG00000196262	PPIA
Gene::57573	ZNF471	57573	ENSG00000196263	ZNF471
Gene::441911	OR10J3	441911	ENSG00000196266	OR10J3
Gene::162962	ZNF836	162962	ENSG00000196267	ZNF836
Gene::284443	ZNF493	284443	ENSG00000196268	ZNF493
Gene::84163	GTF2IRD2	84163	ENSG00000196275	GTF2IRD2
Gene::2917	GRM7	2917	ENSG00000196277	GRM7
Gene::8464	SUPT3H	8464	ENSG00000196284	SUPT3H
Gene::441925	BECN2	441925	ENSG00000196289	BECN2
Gene::60491	NIF3L1	60491	ENSG00000196290	NIF3L1
Gene::487	ATP2A1	487	ENSG00000196296	ATP2A1
Gene::3376	IARS	3376	ENSG00000196305	IARS1
Gene::9883	POM121	9883	ENSG00000196313	POM121
Gene::29068	ZBTB44	29068	ENSG00000196323	ZBTB44
Gene::55340	GIMAP5	55340	ENSG00000196329	GIMAP5
Gene::56164	STK31	56164	ENSG00000196335	STK31
Gene::94027	CGB7	94027	ENSG00000196337	CGB7
Gene::54413	NLGN3	54413	ENSG00000196338	NLGN3
Gene::283159	OR8D1	283159	ENSG00000196341	OR8D1
Gene::131	ADH7	131	ENSG00000196344	ADH7
Gene::55888	ZKSCAN7	55888	ENSG00000196345	ZKSCAN7
Gene::100287226	ZNF729	100287226	ENSG00000196350	ZNF729
Gene::1604	CD55	1604	ENSG00000196352	CD55
Gene::131034	CPNE4	131034	ENSG00000196353	CPNE4
Gene::147929	ZNF565	147929	ENSG00000196357	ZNF565
Gene::84628	NTNG2	84628	ENSG00000196358	NTNG2
Gene::1995	ELAVL3	1995	ENSG00000196361	ELAVL3
Gene::11091	WDR5	11091	ENSG00000196363	WDR5
Gene::9361	LONP1	9361	ENSG00000196365	LONP1
Gene::158055	C9orf163	158055	ENSG00000196366	C9orf163
Gene::8295	TRRAP	8295	ENSG00000196367	TRRAP
Gene::55190	NUDT11	55190	ENSG00000196368	NUDT11
Gene::647135	SRGAP2B	647135	ENSG00000196369	SRGAP2B
Gene::2526	FUT4	2526	ENSG00000196371	FUT4
Gene::79754	ASB13	79754	ENSG00000196372	ASB13
Gene::222553	SLC35F1	222553	ENSG00000196376	SLC35F1
Gene::80778	ZNF34	80778	ENSG00000196378	ZNF34
Gene::163115	ZNF781	163115	ENSG00000196381	ZNF781
Gene::7699	ZNF140	7699	ENSG00000196387	ZNF140
Gene::388324	INCA1	388324	ENSG00000196388	INCA1
Gene::342132	ZNF774	342132	ENSG00000196391	ZNF774
Gene::5770	PTPN1	5770	ENSG00000196396	PTPN1
Gene::51466	EVL	51466	ENSG00000196405	EVL
Gene::64648	SPANXD	64648	ENSG00000196406	SPANXD
Gene::284486	THEM5	284486	ENSG00000196407	THEM5
Gene::124056	NOXO1	124056	ENSG00000196408	NOXO1
Gene::2050	EPHB4	2050	ENSG00000196411	EPHB4
Gene::5657	PRTN3	5657	ENSG00000196415	PRTN3
Gene::91661	ZNF765	91661	ENSG00000196417	ZNF765
Gene::7678	ZNF124	7678	ENSG00000196418	ZNF124
Gene::2547	XRCC6	2547	ENSG00000196419	XRCC6
Gene::6276	S100A5	6276	ENSG00000196420	S100A5
Gene::9858	PPP1R26	9858	ENSG00000196422	PPP1R26
Gene::148545	NBPF4	148545	ENSG00000196427	NBPF4
Gene::9819	TSC22D2	9819	ENSG00000196428	TSC22D2
Gene::1413	CRYBA4	1413	ENSG00000196431	CRYBA4
Gene::438	ASMT	438	ENSG00000196433	ASMT
Gene::440348	NPIPB15	440348	ENSG00000196436	NPIPB15
Gene::148266	ZNF569	148266	ENSG00000196437	ZNF569
Gene::100131755	ARMCX4	100131755	ENSG00000196440	ARMCX4
Gene::79693	YRDC	79693	ENSG00000196449	YRDC
Gene::27153	ZNF777	27153	ENSG00000196453	ZNF777
Gene::30849	PIK3R4	30849	ENSG00000196455	PIK3R4
Gene::285971	ZNF775	285971	ENSG00000196456	ZNF775
Gene::100289635	ZNF605	100289635	ENSG00000196458	ZNF605
Gene::6399	TRAPPC2	6399	ENSG00000196459	TRAPPC2
Gene::731220	RFX8	731220	ENSG00000196460	RFX8
Gene::140465	MYL6B	140465	ENSG00000196465	MYL6B
Gene::90576	ZNF799	90576	ENSG00000196466	ZNF799
Gene::8823	FGF16	8823	ENSG00000196468	FGF16
Gene::6477	SIAH1	6477	ENSG00000196470	SIAH1
Gene::2712	GK2	2712	ENSG00000196475	GK2
Gene::140680	C20orf96	140680	ENSG00000196476	C20orf96
Gene::2104	ESRRG	2104	ENSG00000196482	ESRRG
Gene::79711	IPO4	79711	ENSG00000196497	IPO4
Gene::9612	NCOR2	9612	ENSG00000196498	NCOR2
Gene::6817	SULT1A1	6817	ENSG00000196502	SULT1A1
Gene::132946	ARL9	132946	ENSG00000196503	ARL9
Gene::55660	PRPF40A	55660	ENSG00000196504	PRPF40A
Gene::54834	GDAP2	54834	ENSG00000196505	GDAP2
Gene::85012	TCEAL3	85012	ENSG00000196507	TCEAL3
Gene::51434	ANAPC7	51434	ENSG00000196510	ANAPC7
Gene::27010	TPK1	27010	ENSG00000196511	TPK1
Gene::6536	SLC6A9	6536	ENSG00000196517	SLC6A9
Gene::60312	AFAP1	60312	ENSG00000196526	AFAP1
Gene::4666	NACA	4666	ENSG00000196531	NACA
Gene::399687	MYO18A	399687	ENSG00000196535	MYO18A
Gene::343173	OR2T3	343173	ENSG00000196539	OR2T3
Gene::165679	SPTSSB	165679	ENSG00000196542	SPTSSB
Gene::54785	C17orf59	54785	ENSG00000196544	BORCS6
Gene::4122	MAN2A2	4122	ENSG00000196547	MAN2A2
Gene::4311	MME	4311	ENSG00000196549	MME
Gene::729533	FAM72A	729533	ENSG00000196550	RUMY1
Gene::8912	CACNA1H	8912	ENSG00000196557	CACNA1H
Gene::55959	SULF2	55959	ENSG00000196562	SULF2
Gene::3048	HBG2	3048	ENSG00000196565	HBG2
Gene::3908	LAMA2	3908	ENSG00000196569	LAMA2
Gene::345456	PFN3	345456	ENSG00000196570	PFN3
Gene::23654	PLXNB2	23654	ENSG00000196576	PLXNB2
Gene::81050	OR5AC2	81050	ENSG00000196578	OR5AC2
Gene::55966	AJAP1	55966	ENSG00000196581	AJAP1
Gene::7516	XRCC2	7516	ENSG00000196584	XRCC2
Gene::4646	MYO6	4646	ENSG00000196586	MYO6
Gene::57591	MKL1	57591	ENSG00000196588	MRTFA
Gene::729458	LOC729458	729458	ENSG00000196589	MBD3L2B
Gene::3066	HDAC2	3066	ENSG00000196591	HDAC2
Gene::158431	ZNF782	158431	ENSG00000196597	ZNF782
Gene::387601	SLC22A25	387601	ENSG00000196600	SLC22A25
Gene::728378	POTEF	728378	ENSG00000196604	POTEF
Gene::162993	ZNF846	162993	ENSG00000196605	ZNF846
Gene::4312	MMP1	4312	ENSG00000196611	MMP1
Gene::125	ADH1B	125	ENSG00000196616	ADH1B
Gene::7366	UGT2B15	7366	ENSG00000196620	UGT2B15
Gene::6925	TCF4	6925	ENSG00000196628	TCF4
Gene::65267	WNK3	65267	ENSG00000196632	WNK3
Gene::57001	SDHAF3	57001	ENSG00000196636	SDHAF3
Gene::3269	HRH1	3269	ENSG00000196639	HRH1
Gene::55684	RABL6	55684	ENSG00000196642	RABL6
Gene::7695	ZNF136	7695	ENSG00000196646	ZNF136
Gene::23660	ZKSCAN5	23660	ENSG00000196652	ZKSCAN5
Gene::91392	ZNF502	91392	ENSG00000196653	ZNF502
Gene::51399	TRAPPC4	51399	ENSG00000196655	TRAPPC4
Gene::150737	TTC30B	150737	ENSG00000196659	IFT70B
Gene::55532	SLC30A10	55532	ENSG00000196660	SLC30A10
Gene::9895	TECPR2	9895	ENSG00000196663	TECPR2
Gene::51284	TLR7	51284	ENSG00000196664	TLR7
Gene::399888	FAM180B	399888	ENSG00000196666	FAM180B
Gene::643836	ZFP62	643836	ENSG00000196670	ZFP62
Gene::112479	ERI2	112479	ENSG00000196678	ERI2
Gene::54543	TOMM7	54543	ENSG00000196683	TOMM7
Gene::84941	HSH2D	84941	ENSG00000196684	HSH2D
Gene::7442	TRPV1	7442	ENSG00000196689	TRPV1
Gene::7582	ZNF33B	7582	ENSG00000196693	ZNF33B
Gene::57473	ZNF512B	57473	ENSG00000196700	ZNF512B
Gene::51321	AMZ2	51321	ENSG00000196704	AMZ2
Gene::170959	ZNF431	170959	ENSG00000196705	ZNF431
Gene::389658	FAM150A	389658	ENSG00000196711	ALKAL1
Gene::4763	NF1	4763	ENSG00000196712	NF1
Gene::154807	VKORC1L1	154807	ENSG00000196715	VKORC1L1
Gene::147686	ZNF418	147686	ENSG00000196724	ZNF418
Gene::1612	DAPK1	1612	ENSG00000196730	DAPK1
Gene::353132	LCE1B	353132	ENSG00000196734	LCE1B
Gene::3117	HLA-DQA1	3117	ENSG00000196735	HLA-DQA1
Gene::85301	COL27A1	85301	ENSG00000196739	COL27A1
Gene::2760	GM2A	2760	ENSG00000196743	GM2A
Gene::8329	HIST1H2AI	8329	ENSG00000196747	H2AC13
Gene::389383	CLPSL2	389383	ENSG00000196748	CLPSL2
Gene::6273	S100A2	6273	ENSG00000196754	S100A2
Gene::90592	ZNF700	90592	ENSG00000196757	ZNF700
Gene::401040	LOC401040	401040	ENSG00000196758	LINC02991
Gene::5456	POU3F4	5456	ENSG00000196767	POU3F4
Gene::284532	OR14A16	284532	ENSG00000196772	OR14A16
Gene::961	CD47	961	ENSG00000196776	CD47
Gene::390036	OR52K1	390036	ENSG00000196778	OR52K1
Gene::7088	TLE1	7088	ENSG00000196781	TLE1
Gene::55534	MAML3	55534	ENSG00000196782	MAML3
Gene::8969	HIST1H2AG	8969	ENSG00000196787	H2AC11
Gene::29966	STRN3	29966	ENSG00000196792	STRN3
Gene::8187	ZNF239	8187	ENSG00000196793	ZNF239
Gene::408187	SPINK14	408187	ENSG00000196800	SPINK14
Gene::6701	SPRR2B	6701	ENSG00000196805	SPRR2B
Gene::1146	CHRNG	1146	ENSG00000196811	CHRNG
Gene::80345	ZSCAN16	80345	ENSG00000196812	ZSCAN16
Gene::89853	MVB12B	89853	ENSG00000196814	MVB12B
Gene::64771	C6orf106	64771	ENSG00000196821	ILRUN
Gene::390439	OR11G2	390439	ENSG00000196832	OR11G2
Gene::653269	POTEI	653269	ENSG00000196834	POTEI
Gene::100	ADA	100	ENSG00000196839	ADA
Gene::10865	ARID5A	10865	ENSG00000196843	ARID5A
Gene::399967	PATE2	399967	ENSG00000196844	PATE2
Gene::160760	PPTC7	160760	ENSG00000196850	PPTC7
Gene::390792	KRT39	390792	ENSG00000196859	KRT39
Gene::387990	TOMM20L	387990	ENSG00000196860	TOMM20L
Gene::285190	RGPD4	285190	ENSG00000196862	RGPD4
Gene::374354	NHLRC2	374354	ENSG00000196865	NHLRC2
Gene::3013	HIST1H2AD	3013	ENSG00000196866	H2AC7
Gene::140612	ZFP28	140612	ENSG00000196867	ZFP28
Gene::343990	KIAA1211L	343990	ENSG00000196872	CRACDL
Gene::445571	CBWD3	445571	ENSG00000196873	ZNG1C
Gene::6334	SCN8A	6334	ENSG00000196876	SCN8A
Gene::3914	LAMB3	3914	ENSG00000196878	LAMB3
Gene::128312	HIST3H2BB	128312	ENSG00000196890	H2BC26
Gene::389320	TEX43	389320	ENSG00000196900	SPMIP10
Gene::3841	KPNA5	3841	ENSG00000196911	KPNA5
Gene::57730	ANKRD36B	57730	ENSG00000196912	ANKRD36B
Gene::23365	ARHGEF12	23365	ENSG00000196914	ARHGEF12
Gene::27198	HCAR1	27198	ENSG00000196917	HCAR1
Gene::9260	PDLIM7	9260	ENSG00000196923	PDLIM7
Gene::2316	FLNA	2316	ENSG00000196924	FLNA
Gene::219623	TMEM26	219623	ENSG00000196932	TMEM26
Gene::57522	SRGAP1	57522	ENSG00000196935	SRGAP1
Gene::10447	FAM3C	10447	ENSG00000196937	FAM3C
Gene::161424	NOP9	161424	ENSG00000196943	NOP9
Gene::127074	OR2T4	127074	ENSG00000196944	OR2T4
Gene::440077	ZNF705A	440077	ENSG00000196946	ZNF705A
Gene::57181	SLC39A10	57181	ENSG00000196950	SLC39A10
Gene::837	CASP4	837	ENSG00000196954	CASP4
Gene::160	AP2A1	160	ENSG00000196961	AP2A1
Gene::199704	ZNF585A	199704	ENSG00000196967	ZNF585A
Gene::170384	FUT11	170384	ENSG00000196968	POFUT4
Gene::307	ANXA4	307	ENSG00000196975	ANXA4
Gene::8270	LAGE3	8270	ENSG00000196976	LAGE3
Gene::54554	WDR5B	54554	ENSG00000196981	WDR5B
Gene::642968	FAM163B	642968	ENSG00000196990	FAM163B
Gene::100507607	NPIPB9	100507607	ENSG00000196993	NPIPB9
Gene::11152	WDR45	11152	ENSG00000196998	WDR45
Gene::51108	METTL9	51108	ENSG00000197006	METTL9
Gene::7697	ZNF138	7697	ENSG00000197008	ZNF138
Gene::353088	ZNF429	353088	ENSG00000197013	ZNF429
Gene::388566	ZNF470	388566	ENSG00000197016	ZNF470
Gene::29950	SERTAD1	29950	ENSG00000197019	SERTAD1
Gene::163227	ZNF100	163227	ENSG00000197020	ZNF100
Gene::541578	CXorf40B	541578	ENSG00000197021	EOLA2
Gene::57541	ZNF398	57541	ENSG00000197024	ZNF398
Gene::221785	ZSCAN25	221785	ENSG00000197037	ZSCAN25
Gene::309	ANXA6	309	ENSG00000197043	ANXA6
Gene::126068	ZNF441	126068	ENSG00000197044	ZNF441
Gene::2764	GMFB	2764	ENSG00000197045	GMFB
Gene::284266	SIGLEC15	284266	ENSG00000197046	SIGLEC15
Gene::147923	ZNF420	147923	ENSG00000197050	ZNF420
Gene::284390	ZNF763	284390	ENSG00000197054	ZNF763
Gene::79830	ZMYM1	79830	ENSG00000197056	ZMYM1
Gene::401124	DTHD1	401124	ENSG00000197057	DTHD1
Gene::8364	HIST1H4C	8364	ENSG00000197061	H4C3
Gene::7741	ZSCAN26	7741	ENSG00000197062	ZSCAN26
Gene::4097	MAFG	4097	ENSG00000197063	MAFG
Gene::92714	ARRDC1	92714	ENSG00000197070	ARRDC1
Gene::85379	KIAA1671	85379	ENSG00000197077	KIAA1671
Gene::3886	KRT35	3886	ENSG00000197079	KRT35
Gene::3482	IGF2R	3482	ENSG00000197081	IGF2R
Gene::353133	LCE1C	353133	ENSG00000197084	LCE1C
Gene::79690	GAL3ST4	79690	ENSG00000197093	GAL3ST4
Gene::1778	DYNC1H1	1778	ENSG00000197102	DYNC1H1
Gene::388662	SLC6A17	388662	ENSG00000197106	SLC6A17
Gene::282617	IFNL3	282617	ENSG00000197110	IFNL3
Gene::5094	PCBP2	5094	ENSG00000197111	PCBP2
Gene::84619	ZGPAT	84619	ENSG00000197114	ZGPAT
Gene::123096	SLC25A29	123096	ENSG00000197119	SLC25A29
Gene::80055	PGAP1	80055	ENSG00000197121	PGAP1
Gene::6714	SRC	6714	ENSG00000197122	SRC
Gene::168417	ZNF679	168417	ENSG00000197123	ZNF679
Gene::91120	ZNF682	91120	ENSG00000197124	ZNF682
Gene::26493	OR8B8	26493	ENSG00000197125	OR8B8
Gene::400720	ZNF772	400720	ENSG00000197128	ZNF772
Gene::113835	ZNF257	113835	ENSG00000197134	ZNF257
Gene::399909	PCNXL3	399909	ENSG00000197136	PCNX3
Gene::203102	ADAM32	203102	ENSG00000197140	ADAM32
Gene::51703	ACSL5	51703	ENSG00000197142	ACSL5
Gene::23507	LRRC8B	23507	ENSG00000197147	LRRC8B
Gene::11194	ABCB8	11194	ENSG00000197150	ABCB8
Gene::8356	HIST1H3J	8356	ENSG00000197153	H3C12
Gene::27044	SND1	27044	ENSG00000197157	SND1
Gene::146540	ZNF785	146540	ENSG00000197162	ZNF785
Gene::6799	SULT1A2	6799	ENSG00000197165	SULT1A2
Gene::341676	NEK5	341676	ENSG00000197168	NEK5
Gene::5718	PSMD12	5718	ENSG00000197170	PSMD12
Gene::4105	MAGEA6	4105	ENSG00000197172	MAGEA6
Gene::84435	ADGRA1	84435	ENSG00000197177	ADGRA1
Gene::55124	PIWIL2	55124	ENSG00000197181	PIWIL2
Gene::140688	NOL4L	140688	ENSG00000197183	NOL4L
Gene::375791	CYSRT1	375791	ENSG00000197191	CYSRT1
Gene::6583	SLC22A4	6583	ENSG00000197208	SLC22A4
Gene::342933	ZSCAN5B	342933	ENSG00000197213	ZSCAN5B
Gene::9583	ENTPD4	9583	ENSG00000197217	ENTPD4
Gene::10438	C1D	10438	ENSG00000197223	C1D
Gene::23061	TBC1D9B	23061	ENSG00000197226	TBC1D9B
Gene::26740	OR1J2	26740	ENSG00000197233	OR1J2
Gene::8363	HIST1H4J	8363	ENSG00000197238	H4C11
Gene::155184	SLC2A7	155184	ENSG00000197241	SLC2A7
Gene::79927	FAM110D	79927	ENSG00000197245	FAM110D
Gene::5265	SERPINA1	5265	ENSG00000197249	SERPINA1
Gene::64499	TPSB2	64499	ENSG00000197253	TPSB2
Gene::25959	KANK2	25959	ENSG00000197256	KANK2
Gene::135398	C6orf141	135398	ENSG00000197261	C6orf141
Gene::2961	GTF2E2	2961	ENSG00000197265	GTF2E2
Gene::246778	IL27	246778	ENSG00000197272	IL27
Gene::2980	GUCA2A	2980	ENSG00000197273	GUCA2A
Gene::25788	RAD54B	25788	ENSG00000197275	RAD54B
Gene::7718	ZNF165	7718	ENSG00000197279	ZNF165
Gene::8831	SYNGAP1	8831	ENSG00000197283	SYNGAP1
Gene::128486	FITM2	128486	ENSG00000197296	FITM2
Gene::641	BLM	641	ENSG00000197299	BLM
Gene::100129940	LOC100129940	100129940	ENSG00000197301	HMGA2-AS1
Gene::124411	ZNF720	124411	ENSG00000197302	KRABD5
Gene::84301	DDI2	84301	ENSG00000197312	DDI2
Gene::6840	SVIL	6840	ENSG00000197321	SVIL
Gene::400591	C17orf102	400591	ENSG00000197322	TMEM132E-DT
Gene::51592	TRIM33	51592	ENSG00000197323	TRIM33
Gene::26020	LRP10	26020	ENSG00000197324	LRP10
Gene::57162	PELI1	57162	ENSG00000197329	PELI1
Gene::79027	ZNF655	79027	ENSG00000197343	ZNF655
Gene::219927	MRPL21	219927	ENSG00000197345	MRPL21
Gene::137797	LYPD2	137797	ENSG00000197353	LYPD2
Gene::91373	UAP1L1	91373	ENSG00000197355	UAP1L1
Gene::148198	ZNF98	148198	ENSG00000197360	ZNF98
Gene::283807	FBXL22	283807	ENSG00000197361	FBXL22
Gene::136051	ZNF786	136051	ENSG00000197362	ZNF786
Gene::340385	ZNF517	340385	ENSG00000197363	ZNF517
Gene::645922	S100A7L2	645922	ENSG00000197364	S100A7L2
Gene::171392	ZNF675	171392	ENSG00000197372	ZNF675
Gene::6584	SLC22A5	6584	ENSG00000197375	SLC22A5
Gene::147906	DACT3	147906	ENSG00000197380	DACT3
Gene::104	ADARB1	104	ENSG00000197381	ADARB1
Gene::344787	ZNF860	344787	ENSG00000197385	ZNF860
Gene::3064	HTT	3064	ENSG00000197386	HTT
Gene::128372	OR6N1	128372	ENSG00000197403	OR6N1
Gene::728	C5AR1	728	ENSG00000197405	C5AR1
Gene::1735	DIO3	1735	ENSG00000197406	DIO3
Gene::1555	CYP2B6	1555	ENSG00000197408	CYP2B6
Gene::8351	HIST1H3D	8351	ENSG00000197409	H3C4
Gene::54798	DCHS2	54798	ENSG00000197410	DCHS2
Gene::79674	VEPH1	79674	ENSG00000197415	VEPH1
Gene::646486	FABP12	646486	ENSG00000197416	FABP12
Gene::23729	SHPK	23729	ENSG00000197417	SHPK
Gene::390038	OR51D1	390038	ENSG00000197428	OR51D1
Gene::3652	IPP	3652	ENSG00000197429	IPP
Gene::93377	OPALIN	93377	ENSG00000197430	OPALIN
Gene::441933	OR13G1	441933	ENSG00000197437	OR13G1
Gene::4217	MAP3K5	4217	ENSG00000197442	MAP3K5
Gene::55753	OGDHL	55753	ENSG00000197444	OGDHL
Gene::1572	CYP2F1	1572	ENSG00000197446	CYP2F1
Gene::373156	GSTK1	373156	ENSG00000197448	GSTK1
Gene::3182	HNRNPAB	3182	ENSG00000197451	HNRNPAB
Gene::81466	OR2L5	81466	ENSG00000197454	OR2L5
Gene::50861	STMN3	50861	ENSG00000197457	STMN3
Gene::5154	PDGFA	5154	ENSG00000197461	PDGFA
Gene::2996	GYPE	2996	ENSG00000197465	GYPE
Gene::1305	COL13A1	1305	ENSG00000197467	COL13A1
Gene::650293	LOC650293	650293	ENSG00000197468	OR7E85BP
Gene::6693	SPN	6693	ENSG00000197471	SPN
Gene::57116	ZNF695	57116	ENSG00000197472	ZNF695
Gene::56125	PCDHB11	56125	ENSG00000197479	PCDHB11
Gene::89887	ZNF628	89887	ENSG00000197483	ZNF628
Gene::85569	GALP	85569	ENSG00000197487	GALP
Gene::81031	SLC2A10	81031	ENSG00000197496	SLC2A10
Gene::79788	ZNF665	79788	ENSG00000197497	ZNF665
Gene::84154	RPF2	84154	ENSG00000197498	RPF2
Gene::64078	SLC28A3	64078	ENSG00000197506	SLC28A3
Gene::400823	FAM177B	400823	ENSG00000197520	FAM177B
Gene::142678	MIB2	142678	ENSG00000197530	MIB2
Gene::391112	OR6Y1	391112	ENSG00000197532	OR6Y1
Gene::4644	MYO5A	4644	ENSG00000197535	MYO5A
Gene::3004	GZMM	3004	ENSG00000197540	GZMM
Gene::10533	ATG7	10533	ENSG00000197548	ATG7
Gene::26037	SIPA1L1	26037	ENSG00000197555	SIPA1L1
Gene::92104	TTC30A	92104	ENSG00000197557	IFT70A
Gene::23145	SSPO	23145	ENSG00000197558	SSPOP
Gene::1991	ELANE	1991	ENSG00000197561	ELANE
Gene::57799	RAB40C	57799	ENSG00000197562	RAB40C
Gene::23556	PIGN	23556	ENSG00000197563	PIGN
Gene::1288	COL4A6	1288	ENSG00000197565	COL4A6
Gene::57547	ZNF624	57547	ENSG00000197566	ZNF624
Gene::11147	HHLA3	11147	ENSG00000197568	ANKRD13C-DT
Gene::3201	HOXA4	3201	ENSG00000197576	HOXA4
Gene::10210	TOPORS	10210	ENSG00000197579	TOPORS
Gene::83875	BCO2	83875	ENSG00000197580	BCO2
Gene::10242	KCNMB2	10242	ENSG00000197584	KCNMB2
Gene::955	ENTPD6	955	ENSG00000197586	ENTPD6
Gene::127343	DMBX1	127343	ENSG00000197587	DMBX1
Gene::391189	OR11L1	391189	ENSG00000197591	OR11L1
Gene::5167	ENPP1	5167	ENSG00000197594	ENPP1
Gene::400165	ATP11AUN	400165	ENSG00000197595	ATP11AUN
Gene::645811	CCDC154	645811	ENSG00000197599	CCDC154
Gene::84188	FAR1	84188	ENSG00000197601	FAR1
Gene::65250	C5orf42	65250	ENSG00000197603	CPLANE1
Gene::284371	ZNF841	284371	ENSG00000197608	ZNF841
Gene::8076	MFAP5	8076	ENSG00000197614	MFAP5
Gene::4624	MYH6	4624	ENSG00000197616	MYH6
Gene::317705	VN1R5	317705	ENSG00000197617	VN1R5
Gene::284370	ZNF615	284370	ENSG00000197619	ZNF615
Gene::91966	CXorf40A	91966	ENSG00000197620	EOLA1
Gene::56882	CDC42SE1	56882	ENSG00000197622	CDC42SE1
Gene::219972	MPEG1	219972	ENSG00000197629	MPEG1
Gene::5055	SERPINB2	5055	ENSG00000197632	SERPINB2
Gene::1803	DPP4	1803	ENSG00000197635	DPP4
Gene::5275	SERPINB13	5275	ENSG00000197641	SERPINB13
Gene::80380	PDCD1LG2	80380	ENSG00000197646	PDCD1LG2
Gene::163059	ZNF433	163059	ENSG00000197647	ZNF433
Gene::196477	CCER1	196477	ENSG00000197651	CCER1
Gene::196385	DNAH10	196385	ENSG00000197653	DNAH10
Gene::283238	SLC22A24	283238	ENSG00000197658	SLC22A24
Gene::388818	KRTAP26-1	388818	ENSG00000197683	KRTAP26-1
Gene::6709	SPTAN1	6709	ENSG00000197694	SPTAN1
Gene::4828	NMB	4828	ENSG00000197696	NMB
Gene::55742	PARVA	55742	ENSG00000197702	PARVA
Gene::57565	KLHL14	57565	ENSG00000197705	KLHL14
Gene::254783	OR6C74	254783	ENSG00000197706	OR6C74
Gene::92689	FAM114A1	92689	ENSG00000197712	FAM114A1
Gene::6120	RPE	6120	ENSG00000197713	RPE
Gene::10794	ZNF460	10794	ENSG00000197714	ZNF460
Gene::1379	CR1L	1379	ENSG00000197721	CR1L
Gene::5253	PHF2	5253	ENSG00000197724	PHF2
Gene::6231	RPS26	6231	ENSG00000197728	RPS26
Gene::283579	C14orf178	283579	ENSG00000197734	SLIRP-OT1
Gene::404552	SCGB1D4	404552	ENSG00000197745	SCGB1D4
Gene::5660	PSAP	5660	ENSG00000197746	PSAP
Gene::6281	S100A10	6281	ENSG00000197747	S100A10
Gene::80217	CFAP43	80217	ENSG00000197748	CFAP43
Gene::222662	LHFPL5	222662	ENSG00000197753	LHFPL5
Gene::6168	RPL37A	6168	ENSG00000197756	RPL37A
Gene::3223	HOXC6	3223	ENSG00000197757	HOXC6
Gene::114112	TXNRD3	114112	ENSG00000197763	TXNRD3
Gene::1675	CFD	1675	ENSG00000197766	CFD
Gene::441476	C9orf173	441476	ENSG00000197768	STPG3
Gene::440738	MAP1LC3C	440738	ENSG00000197769	MAP1LC3C
Gene::79892	MCMBP	79892	ENSG00000197771	MCMBP
Gene::197342	EME2	197342	ENSG00000197774	EME2
Gene::122773	KLHDC1	122773	ENSG00000197776	KLHDC1
Gene::347344	ZNF81	347344	ENSG00000197779	ZNF81
Gene::6884	TAF13	6884	ENSG00000197780	TAF13
Gene::284323	ZNF780A	284323	ENSG00000197782	ZNF780A
Gene::55210	ATAD3A	55210	ENSG00000197785	ATAD3A
Gene::219965	OR5B17	219965	ENSG00000197786	OR5B17
Gene::119772	OR52M1	119772	ENSG00000197790	OR52M1
Gene::79607	FAM118B	79607	ENSG00000197798	SIRAL1
Gene::92283	ZNF461	92283	ENSG00000197808	ZNF461
Gene::100499483	CCDC180	100499483	ENSG00000197816	CCDC180
Gene::23315	SLC9A8	23315	ENSG00000197818	SLC9A8
Gene::100506658	OCLN	100506658	ENSG00000197822	OCLN
Gene::255119	C4orf22	255119	ENSG00000197826	CFAP299
Gene::121504	HIST4H4	121504	ENSG00000197837	H4C16
Gene::1553	CYP2A13	1553	ENSG00000197838	CYP2A13
Gene::339318	ZNF181	339318	ENSG00000197841	ZNF181
Gene::440044	SLC22A20	440044	ENSG00000197847	SLC22A20P
Gene::26494	OR8G1	26494	ENSG00000197849	OR8G1
Gene::55924	FAM212B	55924	ENSG00000197852	INKA2
Gene::51710	ZNF44	51710	ENSG00000197857	ZNF44
Gene::8733	GPAA1	8733	ENSG00000197858	GPAA1
Gene::9719	ADAMTSL2	9719	ENSG00000197859	ADAMTSL2
Gene::54557	SGTB	54557	ENSG00000197860	SGTB
Gene::388536	ZNF790	388536	ENSG00000197863	ZNF790
Gene::5544	PRB3	5544	ENSG00000197870	PRB3
Gene::81553	FAM49A	81553	ENSG00000197872	CYRIA
Gene::4641	MYO1C	4641	ENSG00000197879	MYO1C
Gene::28512	NKIRAS1	28512	ENSG00000197885	NKIRAS1
Gene::219958	OR1S2	219958	ENSG00000197887	OR1S2
Gene::7367	UGT2B17	7367	ENSG00000197888	UGT2B17
Gene::644890	MEIG1	644890	ENSG00000197889	MEIG1
Gene::116085	SLC22A12	116085	ENSG00000197891	SLC22A12
Gene::23303	KIF13B	23303	ENSG00000197892	KIF13B
Gene::4892	NRAP	4892	ENSG00000197893	NRAP
Gene::128	ADH5	128	ENSG00000197894	ADH5
Gene::9356	SLC22A6	9356	ENSG00000197901	SLC22A6
Gene::85236	HIST1H2BK	85236	ENSG00000197903	H2BC12
Gene::7004	TEAD4	7004	ENSG00000197905	TEAD4
Gene::6687	SPG7	6687	ENSG00000197912	SPG7
Gene::388697	HRNR	388697	ENSG00000197915	HRNR
Gene::3439	IFNA1	3439	ENSG00000197919	IFNA1
Gene::388585	HES5	388585	ENSG00000197921	HES5
Gene::342926	ZNF677	342926	ENSG00000197928	ZNF677
Gene::30001	ERO1L	30001	ENSG00000197930	ERO1A
Gene::55552	ZNF823	55552	ENSG00000197933	ZNF823
Gene::100996571	CYYR1-AS1	100996571	ENSG00000197934	CYYR1-AS1
Gene::282890	ZNF311	282890	ENSG00000197935	ZNF311
Gene::84671	ZNF347	84671	ENSG00000197937	ZNF347
Gene::79310	OR5H2	79310	ENSG00000197938	OR5H2
Gene::5336	PLCG2	5336	ENSG00000197943	PLCG2
Gene::89848	FCHSD1	89848	ENSG00000197948	FCHSD1
Gene::58491	ZNF71	58491	ENSG00000197951	ZNF71
Gene::344752	AADACL2	344752	ENSG00000197953	AADACL2
Gene::6277	S100A6	6277	ENSG00000197956	S100A6
Gene::6136	RPL12	6136	ENSG00000197958	RPL12
Gene::26052	DNM3	26052	ENSG00000197959	DNM3
Gene::7675	ZNF121	7675	ENSG00000197961	ZNF121
Gene::9019	MPZL1	9019	ENSG00000197965	MPZL1
Gene::23230	VPS13A	23230	ENSG00000197969	VPS13A
Gene::4155	MBP	4155	ENSG00000197971	MBP
Gene::8227	AKAP17A	8227	ENSG00000197976	AKAP17A
Gene::54898	ELOVL2	54898	ENSG00000197977	ELOVL2
Gene::440295	GOLGA6L9	440295	ENSG00000197978	GOLGA6L9
Gene::389170	LEKR1	389170	ENSG00000197980	LEKR1
Gene::127687	C1orf122	127687	ENSG00000197982	C1orf122
Gene::283420	CLEC9A	283420	ENSG00000197992	CLEC9A
Gene::3792	KEL	3792	ENSG00000197993	KEL
Gene::55035	NOL8	55035	ENSG00000198000	NOL8
Gene::51135	IRAK4	51135	ENSG00000198001	IRAK4
Gene::115948	CCDC151	115948	ENSG00000198003	ODAD3
Gene::9228	DLGAP2	9228	ENSG00000198010	DLGAP2
Gene::28977	MRPL42	28977	ENSG00000198015	MRPL42
Gene::57089	ENTPD7	57089	ENSG00000198018	ENTPD7
Gene::2210	FCGR1B	2210	ENSG00000198019	FCGR1BP
Gene::30014	SPANXA1	30014	ENSG00000198021	SPANXA1
Gene::644717	SAGE2P	644717	ENSG00000198022	SAGE2P
Gene::63925	ZNF335	63925	ENSG00000198026	ZNF335
Gene::147741	ZNF560	147741	ENSG00000198028	ZNF560
Gene::7278	TUBA3C	7278	ENSG00000198033	TUBA3C
Gene::6191	RPS4X	6191	ENSG00000198034	RPS4X
Gene::10793	ZNF273	10793	ENSG00000198039	ZNF273
Gene::7637	ZNF84	7637	ENSG00000198040	ZNF84
Gene::84549	MAK16	84549	ENSG00000198042	MAK16
Gene::63934	ZNF667	63934	ENSG00000198046	ZNF667
Gene::553	AVPR1B	553	ENSG00000198049	AVPR1B
Gene::140885	SIRPA	140885	ENSG00000198053	SIRPA
Gene::2870	GRK6	2870	ENSG00000198055	GRK6
Gene::5557	PRIM1	5557	ENSG00000198056	PRIM1
Gene::54708	MARCH5	54708	ENSG00000198060	MARCHF5
Gene::23784	POTEH	23784	ENSG00000198062	POTEH
Gene::57016	AKR1B10	57016	ENSG00000198074	AKR1B10
Gene::27233	SULT1C4	27233	ENSG00000198075	SULT1C4
Gene::1549	CYP2A7	1549	ENSG00000198077	CYP2A7
Gene::7541	ZBTB14	7541	ENSG00000198081	ZBTB14
Gene::81870	KRTAP9-9	81870	ENSG00000198083	KRTAP9-9
Gene::23607	CD2AP	23607	ENSG00000198087	CD2AP
Gene::54830	NUP62CL	54830	ENSG00000198088	NUP62CL
Gene::9814	SFI1	9814	ENSG00000198089	SFI1
Gene::81871	KRTAP4-6	81871	ENSG00000198090	KRTAP4-6
Gene::389208	TMPRSS11F	389208	ENSG00000198092	TMPRSS11F
Gene::65251	ZNF649	65251	ENSG00000198093	ZNF649
Gene::127	ADH4	127	ENSG00000198099	ADH4
Gene::254879	OR2T6	254879	ENSG00000198104	OR2T6
Gene::57209	ZNF248	57209	ENSG00000198105	ZNF248
Gene::337876	CHSY3	337876	ENSG00000198108	CHSY3
Gene::54863	TOR4A	54863	ENSG00000198113	TOR4A
Gene::1902	LPAR1	1902	ENSG00000198121	LPAR1
Gene::4151	MB	4151	ENSG00000198125	MB
Gene::391192	OR2L3	391192	ENSG00000198128	OR2L3
Gene::503614	DEFB107B	503614	ENSG00000198129	DEFB107B
Gene::26275	HIBCH	26275	ENSG00000198130	HIBCH
Gene::27300	ZNF544	27300	ENSG00000198131	ZNF544
Gene::161145	TMEM229B	161145	ENSG00000198133	TMEM229B
Gene::100506248	LOC100506248	100506248	ENSG00000198134	PTMAP9
Gene::65124	SOWAHC	65124	ENSG00000198142	SOWAHC
Gene::54989	ZNF770	54989	ENSG00000198146	ZNF770
Gene::728741	NPIPB6	728741	ENSG00000198156	NPIPB6
Gene::79366	HMGN5	79366	ENSG00000198157	HMGN5
Gene::57708	MIER1	57708	ENSG00000198160	MIER1
Gene::10905	MAN1A2	10905	ENSG00000198162	MAN1A2
Gene::258010	SVIP	258010	ENSG00000198168	SVIP
Gene::90987	ZNF251	90987	ENSG00000198169	ZNF251
Gene::65992	DDRGK1	65992	ENSG00000198171	DDRGK1
Gene::442444	FAM47C	442444	ENSG00000198173	FAM47C
Gene::7027	TFDP1	7027	ENSG00000198176	TFDP1
Gene::170482	CLEC4C	170482	ENSG00000198178	CLEC4C
Gene::84775	ZNF607	84775	ENSG00000198182	ZNF607
Gene::51297	BPIFA1	51297	ENSG00000198183	BPIFA1
Gene::55713	ZNF334	55713	ENSG00000198185	ZNF334
Gene::51170	HSD17B11	51170	ENSG00000198189	HSD17B11
Gene::23334	SZT2	23334	ENSG00000198198	SZT2
Gene::6819	SULT1C2	6819	ENSG00000198203	SULT1C2
Gene::7789	ZXDA	7789	ENSG00000198205	ZXDA
Gene::83694	RPS6KL1	83694	ENSG00000198208	RPS6KL1
Gene::777	CACNA1E	777	ENSG00000198216	CACNA1E
Gene::54870	QRICH1	54870	ENSG00000198218	QRICH1
Gene::1438	CSF2RA	1438	ENSG00000198223	CSF2RA
Gene::11325	DDX42	11325	ENSG00000198231	DDX42
Gene::6147	RPL23A	6147	ENSG00000198242	RPL23A
Gene::55315	SLC29A3	55315	ENSG00000198246	SLC29A3
Gene::6815	STYX	6815	ENSG00000198252	STYX
Gene::59286	UBL5	59286	ENSG00000198258	UBL5
Gene::9931	HELZ	9931	ENSG00000198265	HELZ
Gene::89894	TMEM116	89894	ENSG00000198270	TMEM116
Gene::85289	KRTAP4-5	85289	ENSG00000198271	KRTAP4-5
Gene::54963	UCKL1	54963	ENSG00000198276	UCKL1
Gene::219968	OR5B21	219968	ENSG00000198283	OR5B21
Gene::84433	CARD11	84433	ENSG00000198286	CARD11
Gene::220992	ZNF485	220992	ENSG00000198298	ZNF485
Gene::5178	PEG3	5178	ENSG00000198300	PEG3
Gene::55153	SDAD1	55153	ENSG00000198301	SDAD1
Gene::7745	ZKSCAN8	7745	ENSG00000198315	ZKSCAN8
Gene::144717	FAM109A	144717	ENSG00000198324	PHETA1
Gene::100288797	TMEM239	100288797	ENSG00000198326	TMEM239
Gene::219844	HYLS1	219844	ENSG00000198331	HYLS1
Gene::4635	MYL4	4635	ENSG00000198336	MYL4
Gene::79973	ZNF442	79973	ENSG00000198342	ZNF442
Gene::126017	ZNF813	126017	ENSG00000198346	ZNF813
Gene::3221	HOXC4	3221	ENSG00000198353	HOXC4
Gene::340578	DCAF12L2	340578	ENSG00000198354	DCAF12L2
Gene::415116	PIM3	415116	ENSG00000198355	PIM3
Gene::439	ASNA1	439	ENSG00000198356	GET3
Gene::444	ASPH	444	ENSG00000198363	ASPH
Gene::200734	SPRED2	200734	ENSG00000198369	SPRED2
Gene::11060	WWP2	11060	ENSG00000198373	WWP2
Gene::2673	GFPT1	2673	ENSG00000198380	GFPT1
Gene::7405	UVRAG	7405	ENSG00000198382	UVRAG
Gene::140258	KRTAP13-1	140258	ENSG00000198390	KRTAP13-1
Gene::7574	ZNF26	7574	ENSG00000198393	ZNF26
Gene::131920	TMEM207	131920	ENSG00000198398	TMEM207
Gene::50618	ITSN2	50618	ENSG00000198399	ITSN2
Gene::4914	NTRK1	4914	ENSG00000198400	NTRK1
Gene::10724	MGEA5	10724	ENSG00000198408	OGA
Gene::4494	MT1F	4494	ENSG00000198417	MT1F
Gene::9747	TCAF1	9747	ENSG00000198420	TCAF1
Gene::7620	ZNF69	7620	ENSG00000198429	ZNF69
Gene::7296	TXNRD1	7296	ENSG00000198431	TXNRD1
Gene::441478	NRARP	441478	ENSG00000198435	NRARP
Gene::147949	ZNF583	147949	ENSG00000198440	ZNF583
Gene::85285	KRTAP4-1	85285	ENSG00000198443	KRTAP4-1
Gene::150160	CCT8L2	150160	ENSG00000198445	CCT8L2
Gene::374900	ZNF568	374900	ENSG00000198453	ZNF568
Gene::101928638	PRR31	101928638	ENSG00000198454	LINC02692
Gene::158586	ZXDB	158586	ENSG00000198455	ZXDB
Gene::147657	ZNF480	147657	ENSG00000198464	ZNF480
Gene::84914	ZNF587	84914	ENSG00000198466	ZNF587
Gene::7169	TPM2	7169	ENSG00000198467	TPM2
Gene::344892	RTP2	344892	ENSG00000198471	RTP2
Gene::83699	SH3BGRL2	83699	ENSG00000198478	SH3BGRL2
Gene::388558	ZNF808	388558	ENSG00000198482	ZNF808
Gene::148741	ANKRD35	148741	ENSG00000198483	ANKRD35
Gene::192134	B3GNT6	192134	ENSG00000198488	B3GNT6
Gene::51441	YTHDF2	51441	ENSG00000198492	YTHDF2
Gene::55319	TMA16	55319	ENSG00000198498	TMA16
Gene::3127	HLA-DRB5	3127	ENSG00000198502	HLA-DRB5
Gene::51062	ATL1	51062	ENSG00000198513	ATL1
Gene::1259	CNGA1	1259	ENSG00000198515	CNGA1
Gene::7975	MAFK	7975	ENSG00000198517	MAFK
Gene::339541	C1orf228	339541	ENSG00000198520	ARMH1
Gene::7594	ZNF43	7594	ENSG00000198521	ZNF43
Gene::11321	GPN1	11321	ENSG00000198522	GPN1
Gene::5350	PLN	5350	ENSG00000198523	PLN
Gene::145741	C2CD4A	145741	ENSG00000198535	C2CD4A
Gene::7576	ZNF28	7576	ENSG00000198538	ZNF28
Gene::9358	ITGBL1	9358	ENSG00000198542	ITGBL1
Gene::118472	ZNF511	118472	ENSG00000198546	ZNF511
Gene::284805	C20orf203	284805	ENSG00000198547	C20orf203
Gene::199692	ZNF627	199692	ENSG00000198551	ZNF627
Gene::283518	KCNRG	283518	ENSG00000198553	KCNRG
Gene::11169	WDHD1	11169	ENSG00000198554	WDHD1
Gene::285989	ZNF789	285989	ENSG00000198556	ZNF789
Gene::1500	CTNND1	1500	ENSG00000198561	CTNND1
Gene::7919	DDX39B	7919	ENSG00000198563	DDX39B
Gene::142680	SLC34A3	142680	ENSG00000198569	SLC34A3
Gene::343035	RD3	343035	ENSG00000198570	RD3
Gene::64663	SPANXC	64663	ENSG00000198573	SPANXC
Gene::117157	SH2D1B	117157	ENSG00000198574	SH2D1B
Gene::23237	ARC	23237	ENSG00000198576	ARC
Gene::131870	NUDT16	131870	ENSG00000198585	NUDT16
Gene::9874	TLK1	9874	ENSG00000198586	TLK1
Gene::987	LRBA	987	ENSG00000198589	LRBA
Gene::339883	C3orf35	339883	ENSG00000198590	APRG1
Gene::9745	ZNF536	9745	ENSG00000198597	ZNF536
Gene::4326	MMP17	4326	ENSG00000198598	MMP17
Gene::391194	OR2M2	391194	ENSG00000198601	OR2M2
Gene::11177	BAZ1A	11177	ENSG00000198604	BAZ1A
Gene::1109	AKR1C4	1109	ENSG00000198610	AKR1C4
Gene::10920	COPS8	10920	ENSG00000198612	COPS8
Gene::26112	CCDC69	26112	ENSG00000198624	CCDC69
Gene::4194	MDM4	4194	ENSG00000198625	MDM4
Gene::6262	RYR2	6262	ENSG00000198626	RYR2
Gene::147658	ZNF534	147658	ENSG00000198633	ZNF534
Gene::55958	KLHL9	55958	ENSG00000198642	KLHL9
Gene::131177	FAM3D	131177	ENSG00000198643	FAM3D
Gene::23054	NCOA6	23054	ENSG00000198646	NCOA6
Gene::27347	STK39	27347	ENSG00000198648	STK39
Gene::6898	TAT	6898	ENSG00000198650	TAT
Gene::221477	C6orf89	221477	ENSG00000198663	C6orf89
Gene::801	CALM1	801	ENSG00000198668	CALM1
Gene::4018	LPA	4018	ENSG00000198670	LPA
Gene::338811	FAM19A2	338811	ENSG00000198673	TAFA2
Gene::9652	TTC37	9652	ENSG00000198677	SKIC3
Gene::286319	TUSC1	286319	ENSG00000198680	TUSC1
Gene::4100	MAGEA1	4100	ENSG00000198681	MAGEA1
Gene::9060	PAPSS2	9060	ENSG00000198682	PAPSS2
Gene::10479	SLC9A6	10479	ENSG00000198689	SLC9A6
Gene::22909	FAN1	22909	ENSG00000198690	FAN1
Gene::24	ABCA4	24	ENSG00000198691	ABCA4
Gene::9086	EIF1AY	9086	ENSG00000198692	EIF1AY
Gene::4541	ND6	4541	ENSG00000198695	MT-ND6
Gene::55705	IPO9	55705	ENSG00000198700	IPO9
Gene::257202	GPX6	257202	ENSG00000198704	GPX6
Gene::80184	CEP290	80184	ENSG00000198707	CEP290
Gene::4513	COX2	4513	ENSG00000198712	MT-CO2
Gene::112770	GLMP	112770	ENSG00000198715	GLMP
Gene::23116	FAM179B	23116	ENSG00000198718	TOGARAM1
Gene::28514	DLL1	28514	ENSG00000198719	DLL1
Gene::124930	ANKRD13B	124930	ENSG00000198720	ANKRD13B
Gene::10455	ECI2	10455	ENSG00000198721	ECI2
Gene::10497	UNC13B	10497	ENSG00000198722	UNC13B
Gene::374877	C19orf45	374877	ENSG00000198723	SAXO5
Gene::4519	CYTB	4519	ENSG00000198727	MT-CYB
Gene::8861	LDB1	8861	ENSG00000198728	LDB1
Gene::81706	PPP1R14C	81706	ENSG00000198729	PPP1R14C
Gene::9646	CTR9	9646	ENSG00000198730	CTR9
Gene::64093	SMOC1	64093	ENSG00000198732	SMOC1
Gene::2153	F5	2153	ENSG00000198734	F5
Gene::51734	MSRB1	51734	ENSG00000198736	MSRB1
Gene::347731	LRRTM3	347731	ENSG00000198739	LRRTM3
Gene::22834	ZNF652	22834	ENSG00000198740	ZNF652
Gene::57154	SMURF1	57154	ENSG00000198742	SMURF1
Gene::6526	SLC5A3	6526	ENSG00000198743	SLC5A3
Gene::63906	GPATCH3	63906	ENSG00000198746	GPATCH3
Gene::9578	CDC42BPB	9578	ENSG00000198752	CDC42BPB
Gene::5365	PLXNB3	5365	ENSG00000198753	PLXNB3
Gene::64064	OXCT2	64064	ENSG00000198754	OXCT2
Gene::4736	RPL10A	4736	ENSG00000198755	RPL10A
Gene::23127	COLGALT2	23127	ENSG00000198756	COLGALT2
Gene::79574	EPS8L3	79574	ENSG00000198758	EPS8L3
Gene::25975	EGFL6	25975	ENSG00000198759	EGFL6
Gene::4536	ND2	4536	ENSG00000198763	MT-ND2
Gene::6847	SYCP1	6847	ENSG00000198765	SYCP1
Gene::164284	APCDD1L	164284	ENSG00000198768	APCDD1L
Gene::92241	RCSD1	92241	ENSG00000198771	RCSD1
Gene::9182	RASSF9	9182	ENSG00000198774	RASSF9
Gene::26049	FAM169A	26049	ENSG00000198780	FAM169A
Gene::91603	ZNF830	91603	ENSG00000198783	ZNF830
Gene::116443	GRIN3A	116443	ENSG00000198785	GRIN3A
Gene::4540	ND5	4540	ENSG00000198786	MT-ND5
Gene::4583	MUC2	4583	ENSG00000198788	MUC2
Gene::29883	CNOT7	29883	ENSG00000198791	CNOT7
Gene::25829	TMEM184B	25829	ENSG00000198792	TMEM184B
Gene::2475	MTOR	2475	ENSG00000198793	MTOR
Gene::192683	SCAMP5	192683	ENSG00000198794	SCAMP5
Gene::25925	ZNF521	25925	ENSG00000198795	ZNF521
Gene::115701	ALPK2	115701	ENSG00000198796	ALPK2
Gene::57795	BRINP2	57795	ENSG00000198797	BRINP2
Gene::4114	MAGEB3	4114	ENSG00000198798	MAGEB3
Gene::9860	LRIG2	9860	ENSG00000198799	LRIG2
Gene::4512	COX1	4512	ENSG00000198804	MT-CO1
Gene::4860	PNP	4860	ENSG00000198805	PNP
Gene::5083	PAX9	5083	ENSG00000198807	PAX9
Gene::376132	LRRC10	376132	ENSG00000198812	LRRC10
Gene::2710	GK	2710	ENSG00000198814	GK
Gene::22887	FOXJ3	22887	ENSG00000198815	FOXJ3
Gene::140467	ZNF358	140467	ENSG00000198816	ZNF358
Gene::113402	SFT2D1	113402	ENSG00000198818	SFT2D1
Gene::919	CD247	919	ENSG00000198821	CD247
Gene::2913	GRM3	2913	ENSG00000198822	GRM3
Gene::283489	CHAMP1	283489	ENSG00000198824	CHAMP1
Gene::22876	INPP5F	22876	ENSG00000198825	INPP5F
Gene::9824	ARHGAP11A	9824	ENSG00000198826	ARHGAP11A
Gene::56670	SUCNR1	56670	ENSG00000198829	SUCNR1
Gene::3151	HMGN2	3151	ENSG00000198830	HMGN2
Gene::140606	SELM	140606	ENSG00000198832	SELENOM
Gene::51465	UBE2J1	51465	ENSG00000198833	UBE2J1
Gene::57165	GJC2	57165	ENSG00000198835	GJC2
Gene::4976	OPA1	4976	ENSG00000198836	OPA1
Gene::9909	DENND4B	9909	ENSG00000198837	DENND4B
Gene::6263	RYR3	6263	ENSG00000198838	RYR3
Gene::11179	ZNF277	11179	ENSG00000198839	ZNF277
Gene::4537	ND3	4537	ENSG00000198840	MT-ND3
Gene::112970	KTI12	112970	ENSG00000198841	KTI12
Gene::92235	DUSP27	92235	ENSG00000198842	STYXL2
Gene::51714	SELT	51714	ENSG00000198843	SELENOT
Gene::22899	ARHGEF15	22899	ENSG00000198844	ARHGEF15
Gene::9760	TOX	9760	ENSG00000198846	TOX
Gene::1066	CES1	1066	ENSG00000198848	CES1
Gene::916	CD3E	916	ENSG00000198851	CD3E
Gene::9853	RUSC2	9853	ENSG00000198853	RUSC2
Gene::100129271	C1orf68	100129271	ENSG00000198854	KPLCE
Gene::11153	FICD	11153	ENSG00000198855	FICD
Gene::58505	OSTC	58505	ENSG00000198856	OSTC
Gene::91300	R3HDM4	91300	ENSG00000198858	R3HDM4
Gene::116461	TSEN15	116461	ENSG00000198860	TSEN15
Gene::26046	LTN1	26046	ENSG00000198862	LTN1
Gene::146923	RUNDC1	146923	ENSG00000198863	RUNDC1
Gene::100129792	CCDC152	100129792	ENSG00000198865	CCDC152
Gene::169436	STKLD1	169436	ENSG00000198870	STKLD1
Gene::2869	GRK5	2869	ENSG00000198873	GRK5
Gene::55253	TYW1	55253	ENSG00000198874	TYW1
Gene::25853	DCAF12	25853	ENSG00000198876	DCAF12
Gene::57713	SFMBT2	57713	ENSG00000198879	SFMBT2
Gene::142689	ASB12	142689	ENSG00000198881	ASB12
Gene::114824	PNMA5	114824	ENSG00000198883	PNMA5
Gene::150771	ITPRIPL1	150771	ENSG00000198885	ITPRIPL1
Gene::4538	ND4	4538	ENSG00000198886	MT-ND4
Gene::23137	SMC5	23137	ENSG00000198887	SMC5
Gene::4535	ND1	4535	ENSG00000198888	MT-ND1
Gene::139170	DCAF12L1	139170	ENSG00000198889	DCAF12L1
Gene::55170	PRMT6	55170	ENSG00000198890	PRMT6
Gene::149345	SHISA4	149345	ENSG00000198892	SHISA4
Gene::85457	CIPC	85457	ENSG00000198894	CIPC
Gene::830	CAPZA2	830	ENSG00000198898	CAPZA2
Gene::4508	ATP6	4508	ENSG00000198899	MT-ATP6
Gene::7150	TOP1	7150	ENSG00000198900	TOP1
Gene::9055	PRC1	9055	ENSG00000198901	PRC1
Gene::80823	BHLHB9	80823	ENSG00000198908	GPRASP3
Gene::4215	MAP3K3	4215	ENSG00000198909	MAP3K3
Gene::3897	L1CAM	3897	ENSG00000198910	L1CAM
Gene::6721	SREBF2	6721	ENSG00000198911	SREBF2
Gene::339448	C1orf174	339448	ENSG00000198912	C1orf174
Gene::5455	POU3F3	5455	ENSG00000198914	POU3F3
Gene::221002	RASGEF1A	221002	ENSG00000198915	RASGEF1A
Gene::51490	C9orf114	51490	ENSG00000198917	SPOUT1
Gene::6170	RPL39	6170	ENSG00000198918	RPL39
Gene::9666	DZIP3	9666	ENSG00000198919	DZIP3
Gene::9851	KIAA0753	9851	ENSG00000198920	KIAA0753
Gene::9937	DCLRE1A	9937	ENSG00000198924	DCLRE1A
Gene::79065	ATG9A	79065	ENSG00000198925	ATG9A
Gene::9722	NOS1AP	9722	ENSG00000198929	NOS1AP
Gene::158511	CSAG1	158511	ENSG00000198930	CSAG1
Gene::353	APRT	353	ENSG00000198931	APRT
Gene::9737	GPRASP1	9737	ENSG00000198932	GPRASP1
Gene::9755	TBKBP1	9755	ENSG00000198933	TBKBP1
Gene::57692	MAGEE1	57692	ENSG00000198934	MAGEE1
Gene::154467	CCDC167	154467	ENSG00000198937	CCDC167
Gene::4514	COX3	4514	ENSG00000198938	MT-CO3
Gene::80108	ZFP2	80108	ENSG00000198939	ZFP2
Gene::134548	SOWAHA	134548	ENSG00000198944	SOWAHA
Gene::84456	L3MBTL3	84456	ENSG00000198945	L3MBTL3
Gene::1756	DMD	1756	ENSG00000198947	DMD
Gene::9848	MFAP3L	9848	ENSG00000198948	MFAP3L
Gene::4668	NAGA	4668	ENSG00000198951	NAGA
Gene::23381	SMG5	23381	ENSG00000198952	SMG5
Gene::26128	KIF1BP	26128	ENSG00000198954	KIFBP
Gene::7052	TGM2	7052	ENSG00000198959	TGM2
Gene::54470	ARMCX6	54470	ENSG00000198960	ARMCX6
Gene::9867	PJA2	9867	ENSG00000198961	PJA2
Gene::6096	RORB	6096	ENSG00000198963	RORB
Gene::259230	SGMS1	259230	ENSG00000198964	SGMS1
Gene::343406	OR10R2	343406	ENSG00000198965	OR10R2
Gene::128368	OR10Z1	128368	ENSG00000198967	OR10Z1
Gene::64423	INF2	64423	ENSG00000203485	INF2
Gene::642574	LOC642574	642574	ENSG00000203499	IQANK1
Gene::2812	GP1BB	2812	ENSG00000203618	GP1BB
Gene::401993	OR2T5	401993	ENSG00000203661	OR2T5
Gene::26246	OR2L2	26246	ENSG00000203663	OR2L2
Gene::441932	OR2W5	441932	ENSG00000203664	OR2W5
Gene::84288	EFCAB2	84288	ENSG00000203666	DRC8
Gene::116228	COX20	116228	ENSG00000203667	COX20
Gene::1122	CHML	1122	ENSG00000203668	CHML
Gene::375057	C1orf95	375057	ENSG00000203685	STUM
Gene::6953	TCP10	6953	ENSG00000203690	TCP10L3
Gene::388743	CAPN8	388743	ENSG00000203697	CAPN8
Gene::128387	TATDN3	128387	ENSG00000203705	TATDN3
Gene::1378	CR1	1378	ENSG00000203710	CR1
Gene::100130967	C6orf99	100130967	ENSG00000203711	LINC02901
Gene::353091	RAET1G	353091	ENSG00000203722	RAET1G
Gene::388722	C1orf53	388722	ENSG00000203724	C1orf53
Gene::389432	SAMD5	389432	ENSG00000203727	SAMD5
Gene::127670	TEDDM1	127670	ENSG00000203730	TEDDM1
Gene::345930	ECT2L	345930	ENSG00000203734	ECT2L
Gene::9293	GPR52	9293	ENSG00000203737	GPR52
Gene::149281	METTL11B	149281	ENSG00000203740	NTMT2
Gene::2214	FCGR3A	2214	ENSG00000203747	FCGR3A
Gene::253582	TMEM244	253582	ENSG00000203756	TMEM244
Gene::391114	OR6K3	391114	ENSG00000203757	OR6K3
Gene::387103	CENPW	387103	ENSG00000203760	CENPW
Gene::503542	SPRN	503542	ENSG00000203772	SPRN
Gene::619208	FAM229B	619208	ENSG00000203778	FAM229B
Gene::92565	FANK1	92565	ENSG00000203780	FANK1
Gene::4014	LOR	4014	ENSG00000203782	LORICRIN
Gene::574414	PRR9	574414	ENSG00000203783	PRR9
Gene::149018	LELP1	149018	ENSG00000203784	LELP1
Gene::6704	SPRR2E	6704	ENSG00000203785	SPRR2E
Gene::448834	KPRP	448834	ENSG00000203786	KPRP
Gene::399818	METTL10	399818	ENSG00000203791	EEF1AKMT2
Gene::118670	FAM24A	118670	ENSG00000203795	FAM24A
Gene::8528	DDO	8528	ENSG00000203797	DDO
Gene::196051	PPAPDC1A	196051	ENSG00000203805	PLPP4
Gene::126961	HIST2H3C	126961	ENSG00000203811	H3C14
Gene::440689	HIST2H2BF	440689	ENSG00000203814	H2BC18
Gene::119548	PNLIPRP3	119548	ENSG00000203837	PNLIPRP3
Gene::333932	HIST2H3A	333932	ENSG00000203852	H3C15
Gene::3283	HSD3B1	3283	ENSG00000203857	HSD3B1
Gene::3284	HSD3B2	3284	ENSG00000203859	HSD3B2
Gene::388667	C1orf137	388667	ENSG00000203864	LINC02868
Gene::282996	RBM20	282996	ENSG00000203867	RBM20
Gene::100132963	SMIM9	100132963	ENSG00000203870	SMIM9
Gene::206412	C6orf163	206412	ENSG00000203872	C6orf163
Gene::134701	RIPPLY2	134701	ENSG00000203877	RIPPLY2
Gene::2664	GDI1	2664	ENSG00000203879	GDI1
Gene::55251	PCMTD2	55251	ENSG00000203880	PCMTD2
Gene::54345	SOX18	54345	ENSG00000203883	SOX18
Gene::54923	LIME1	54923	ENSG00000203896	LIME1
Gene::441161	OOEP	441161	ENSG00000203907	OOEP
Gene::154288	KHDC3L	154288	ENSG00000203908	KHDC3L
Gene::340168	DPPA5	340168	ENSG00000203909	DPPA5
Gene::388649	C1orf146	388649	ENSG00000203910	C1orf146
Gene::494118	SPANXN1	494118	ENSG00000203923	SPANXN1
Gene::728712	SPANXA2	728712	ENSG00000203926	SPANXA2
Gene::347487	CXorf66	347487	ENSG00000203933	CXorf66
Gene::414157	C10orf62	414157	ENSG00000203942	C10orf62
Gene::148418	SAMD13	148418	ENSG00000203943	SAMD13
Gene::26071	FAM127B	26071	ENSG00000203950	RTL8A
Gene::347475	CCDC160	347475	ENSG00000203952	CCDC160
Gene::400757	C1orf141	400757	ENSG00000203963	C1orf141
Gene::84455	EFCAB7	84455	ENSG00000203965	EFCAB7
Gene::245913	DEFB110	245913	ENSG00000203970	DEFB110
Gene::389396	GLYATL3	389396	ENSG00000203972	GLYATL3
Gene::388633	LDLRAD1	388633	ENSG00000203985	LDLRAD1
Gene::727940	RHOXF2B	727940	ENSG00000203989	RHOXF2B
Gene::440590	ZYG11A	440590	ENSG00000203995	ZYG11A
Gene::138307	LCN8	138307	ENSG00000204001	LCN8
Gene::284546	C1orf185	284546	ENSG00000204006	C1orf185
Gene::360203	GLT6D1	360203	ENSG00000204007	GLT6D1
Gene::439996	IFIT1B	439996	ENSG00000204010	IFIT1B
Gene::203413	CT83	203413	ENSG00000204019	CT83
Gene::643418	LIPN	643418	ENSG00000204020	LIPN
Gene::643414	LIPK	643414	ENSG00000204021	LIPK
Gene::142910	LIPJ	142910	ENSG00000204022	LIPJ
Gene::100329135	TRPC5OS	100329135	ENSG00000204025	TRPC5OS
Gene::340745	LRIT2	340745	ENSG00000204033	LRIT2
Gene::221424	LRRC73	221424	ENSG00000204052	LRRC73
Gene::100132074	FOXO6	100132074	ENSG00000204060	FOXO6
Gene::340543	TCEAL5	340543	ENSG00000204065	TCEAL5
Gene::90196	SYS1	90196	ENSG00000204070	SYS1
Gene::158931	TCEAL6	158931	ENSG00000204071	TCEAL6
Gene::3633	INPP5B	3633	ENSG00000204084	INPP5B
Gene::29935	RPA4	29935	ENSG00000204086	RPA4
Gene::129807	NEU4	129807	ENSG00000204099	NEU4
Gene::9935	MAFB	9935	ENSG00000204103	MAFB
Gene::26146	TRAF3IP1	26146	ENSG00000204104	IFT54
Gene::53344	CHIC1	53344	ENSG00000204116	CHIC1
Gene::26058	GIGYF2	26058	ENSG00000204120	GIGYF2
Gene::257407	C2orf72	257407	ENSG00000204128	C2orf72
Gene::55680	RUFY2	55680	ENSG00000204130	RUFY2
Gene::340527	NHSL2	340527	ENSG00000204131	NHSL2
Gene::65979	PHACTR4	65979	ENSG00000204138	PHACTR4
Gene::340204	CLPSL1	340204	ENSG00000204140	CLPSL1
Gene::653308	ASAH2B	653308	ENSG00000204147	ASAH2B
Gene::414189	AGAP6	414189	ENSG00000204149	AGAP6
Gene::100652748	TIMM23B	100652748	ENSG00000204152	TIMM23B
Gene::84243	ZDHHC18	84243	ENSG00000204160	ZDHHC18
Gene::170371	C10orf128	170371	ENSG00000204161	TMEM273
Gene::158830	CXorf65	158830	ENSG00000204165	CXorf65
Gene::642517	AGAP9	642517	ENSG00000204172	AGAP9
Gene::5540	NPY4R	5540	ENSG00000204174	NPY4R
Gene::9721	GPRIN2	9721	ENSG00000204175	GPRIN2
Gene::83849	SYT15	83849	ENSG00000204176	SYT15
Gene::55219	TMEM57	55219	ENSG00000204178	MACO1
Gene::26095	PTPN20	26095	ENSG00000204179	PTPN20
Gene::57683	ZDBF2	57683	ENSG00000204186	ZDBF2
Gene::255220	TXNDC8	255220	ENSG00000204193	TXNDC8
Gene::158833	AWAT1	158833	ENSG00000204195	AWAT1
Gene::1616	DAXX	1616	ENSG00000204209	DAXX
Gene::659	BMPR2	659	ENSG00000204217	BMPR2
Gene::6920	TCEA3	6920	ENSG00000204219	TCEA3
Gene::10471	PFDN6	10471	ENSG00000204220	PFDN6
Gene::6015	RING1	6015	ENSG00000204227	RING1
Gene::7923	HSD17B8	7923	ENSG00000204228	HSD17B8
Gene::6257	RXRB	6257	ENSG00000204231	RXRB
Gene::339229	OXLD1	339229	ENSG00000204237	OXLD1
Gene::138803	OR13C3	138803	ENSG00000204246	OR13C3
Gene::1302	COL11A2	1302	ENSG00000204248	COL11A2
Gene::3111	HLA-DOA	3111	ENSG00000204252	HLA-DOA
Gene::6046	BRD2	6046	ENSG00000204256	BRD2
Gene::3108	HLA-DMA	3108	ENSG00000204257	HLA-DMA
Gene::1290	COL5A2	1290	ENSG00000204262	COL5A2
Gene::5696	PSMB8	5696	ENSG00000204264	PSMB8
Gene::6891	TAP2	6891	ENSG00000204267	TAP2
Gene::169981	SPIN3	169981	ENSG00000204271	SPIN3
Gene::283999	TMEM235	283999	ENSG00000204278	TMEM235
Gene::139793	PAGE3	139793	ENSG00000204279	PAGE3
Gene::3122	HLA-DRA	3122	ENSG00000204287	HLA-DRA
Gene::56244	BTNL2	56244	ENSG00000204290	BTNL2
Gene::1306	COL15A1	1306	ENSG00000204291	COL15A1
Gene::10665	C6orf10	10665	ENSG00000204296	TSBP1
Gene::338661	TMEM225	338661	ENSG00000204300	TMEM225
Gene::4855	NOTCH4	4855	ENSG00000204301	NOTCH4
Gene::5089	PBX2	5089	ENSG00000204304	PBX2
Gene::177	AGER	177	ENSG00000204305	AGER
Gene::6048	RNF5	6048	ENSG00000204308	RNF5
Gene::10554	AGPAT1	10554	ENSG00000204310	AGPAT1
Gene::494513	DFNB59	494513	ENSG00000204311	PJVK
Gene::80863	PRRT1	80863	ENSG00000204314	PRRT1
Gene::63943	FKBPL	63943	ENSG00000204315	FKBPL
Gene::64978	MRPL38	64978	ENSG00000204316	MRPL38
Gene::643008	SMIM5	643008	ENSG00000204323	SMIM5
Gene::285141	ERICH2	285141	ENSG00000204334	ERICH2
Gene::389058	SP5	389058	ENSG00000204335	SP5
Gene::8859	STK19	8859	ENSG00000204344	WHR1
Gene::100131439	CD300LD	100131439	ENSG00000204345	CD300LD
Gene::388419	BTBD17	388419	ENSG00000204347	BTBD17
Gene::1797	DXO	1797	ENSG00000204348	DXO
Gene::6499	SKIV2L	6499	ENSG00000204351	SKIC2
Gene::445577	C9orf129	445577	ENSG00000204352	FAM120A2P
Gene::7936	NELFE	7936	ENSG00000204356	NELFE
Gene::120406	NXPE2	120406	ENSG00000204361	NXPE2
Gene::494197	SPANXN5	494197	ENSG00000204363	SPANXN5
Gene::221527	ZBTB12	221527	ENSG00000204366	ZBTB12
Gene::6392	SDHD	6392	ENSG00000204370	SDHD
Gene::10919	EHMT2	10919	ENSG00000204371	EHMT2
Gene::653220	XAGE1B	653220	ENSG00000204379	XAGE1A
Gene::143903	LAYN	143903	ENSG00000204381	LAYN
Gene::653067	XAGE1E	653067	ENSG00000204382	XAGE1B
Gene::80736	SLC44A4	80736	ENSG00000204385	SLC44A4
Gene::4758	NEU1	4758	ENSG00000204386	NEU1
Gene::50854	C6orf48	50854	ENSG00000204387	SNHG32
Gene::3304	HSPA1B	3304	ENSG00000204388	HSPA1B
Gene::3303	HSPA1A	3303	ENSG00000204389	HSPA1A
Gene::3305	HSPA1L	3305	ENSG00000204390	HSPA1L
Gene::57819	LSM2	57819	ENSG00000204392	LSM2
Gene::7407	VARS	7407	ENSG00000204394	VARS1
Gene::80737	VWA7	80737	ENSG00000204396	VWA7
Gene::114769	CARD16	114769	ENSG00000204397	CARD16
Gene::100506742	CASP12	100506742	ENSG00000204403	CASP12
Gene::55777	MBD5	55777	ENSG00000204406	MBD5
Gene::4439	MSH5	4439	ENSG00000204410	MSH5
Gene::1444	CSHL1	1444	ENSG00000204414	CSHL1
Gene::80739	C6orf25	80739	ENSG00000204420	MPIG6B
Gene::80740	LY6G6C	80740	ENSG00000204421	LY6G6C
Gene::259215	LY6G6F	259215	ENSG00000204424	LY6G6F
Gene::7920	ABHD16A	7920	ENSG00000204427	ABHD16A
Gene::80741	LY6G5C	80741	ENSG00000204428	LY6G5C
Gene::1460	CSNK2B	1460	ENSG00000204435	CSNK2B
Gene::7918	GPANK1	7918	ENSG00000204438	GPANK1
Gene::57827	C6orf47	57827	ENSG00000204439	C6orf47
Gene::728215	FAM155A	728215	ENSG00000204442	NALF1
Gene::55937	APOM	55937	ENSG00000204444	APOM
Gene::401535	C9orf170	401535	ENSG00000204446	LINC02872
Gene::642612	TRIM49C	642612	ENSG00000204449	TRIM49C
Gene::120146	TRIM64	120146	ENSG00000204450	TRIM64
Gene::7917	BAG6	7917	ENSG00000204463	BAG6
Gene::727684	C1orf195	727684	ENSG00000204464	TMEM51-AS2
Gene::7916	PRRC2A	7916	ENSG00000204469	PRRC2A
Gene::199	AIF1	199	ENSG00000204472	AIF1
Gene::259197	NCR3	259197	ENSG00000204475	NCR3
Gene::645425	PRAMEF20	645425	ENSG00000204478	PRAMEF20
Gene::391004	PRAMEF17	391004	ENSG00000204479	PRAMEF17
Gene::645414	PRAMEF19	645414	ENSG00000204480	PRAMEF19
Gene::729528	PRAMEF14	729528	ENSG00000204481	PRAMEF14
Gene::7940	LST1	7940	ENSG00000204482	LST1
Gene::4795	NFKBIL1	4795	ENSG00000204498	NFKBIL1
Gene::653619	PRAMEF15	653619	ENSG00000204501	PRAMEF15
Gene::343070	PRAMEF9	343070	ENSG00000204505	PRAMEF9
Gene::441871	PRAMEF7	441871	ENSG00000204510	PRAMEF7
Gene::401250	MCCD1	401250	ENSG00000204511	MCCD1
Gene::730051	ZNF814	730051	ENSG00000204514	ZNF814
Gene::4277	MICB	4277	ENSG00000204516	MICB
Gene::343066	AADACL4	343066	ENSG00000204518	AADACL4
Gene::90233	ZNF551	90233	ENSG00000204519	ZNF551
Gene::100507436	MICA	100507436	ENSG00000204520	MICA
Gene::390980	ZNF805	390980	ENSG00000204524	ZNF805
Gene::3107	HLA-C	3107	ENSG00000204525	HLA-C
Gene::5460	POU5F1	5460	ENSG00000204531	POU5F1
Gene::54535	CCHCR1	54535	ENSG00000204536	CCHCR1
Gene::170680	PSORS1C2	170680	ENSG00000204538	PSORS1C2
Gene::1041	CDSN	1041	ENSG00000204539	CDSN
Gene::170679	PSORS1C1	170679	ENSG00000204540	PSORS1C1
Gene::29113	C6orf15	29113	ENSG00000204542	C6orf15
Gene::394263	MUC21	394263	ENSG00000204544	MUC21
Gene::245934	DEFB121	245934	ENSG00000204548	DEFB121
Gene::8449	DHX16	8449	ENSG00000204560	DHX16
Gene::221545	C6orf136	221545	ENSG00000204564	C6orf136
Gene::28973	MRPS18B	28973	ENSG00000204568	MRPS18B
Gene::5514	PPP1R10	5514	ENSG00000204569	PPP1R10
Gene::440051	KRTAP5-11	440051	ENSG00000204571	KRTAP5-11
Gene::387273	KRTAP5-10	387273	ENSG00000204572	KRTAP5-10
Gene::23	ABCF1	23	ENSG00000204574	ABCF1
Gene::80742	PRR3	80742	ENSG00000204576	PRR3
Gene::11025	LILRB3	11025	ENSG00000204577	LILRB3
Gene::780	DDR1	780	ENSG00000204580	DDR1
Gene::100507055	LRCOL1	100507055	ENSG00000204583	LRCOL1
Gene::2794	GNL1	2794	ENSG00000204590	GNL1
Gene::3133	HLA-E	3133	ENSG00000204592	HLA-E
Gene::503834	DPRX	503834	ENSG00000204595	DPRX
Gene::56658	TRIM39	56658	ENSG00000204599	TRIM39
Gene::90333	ZNF468	90333	ENSG00000204604	ZNF468
Gene::89870	TRIM15	89870	ENSG00000204610	TRIM15
Gene::90317	ZNF616	90317	ENSG00000204611	ZNF616
Gene::442425	FOXB2	442425	ENSG00000204612	FOXB2
Gene::10107	TRIM10	10107	ENSG00000204613	TRIM10
Gene::135644	TRIM40	135644	ENSG00000204614	TRIM40
Gene::11074	TRIM31	11074	ENSG00000204616	TRIM31
Gene::80352	RNF39	80352	ENSG00000204618	RNF39
Gene::6992	PPP1R11	6992	ENSG00000204619	PPP1R11
Gene::57540	PTCHD2	57540	ENSG00000204624	DISP3
Gene::10399	GNB2L1	10399	ENSG00000204628	RACK1
Gene::3135	HLA-G	3135	ENSG00000204632	HLA-G
Gene::11138	TBC1D8	11138	ENSG00000204634	TBC1D8
Gene::129521	NMS	129521	ENSG00000204640	NMS
Gene::3134	HLA-F	3134	ENSG00000204642	HLA-F
Gene::346171	ZFP57	346171	ENSG00000204644	ZFP57
Gene::554235	ASPDH	554235	ENSG00000204653	ASPDH
Gene::4340	MOG	4340	ENSG00000204655	MOG
Gene::7932	OR2H2	7932	ENSG00000204657	OR2H2
Gene::646019	CBY3	646019	ENSG00000204659	CBY3
Gene::285679	C5orf60	285679	ENSG00000204661	SPATA31J1
Gene::138240	C9orf57	138240	ENSG00000204669	C9orf57
Gene::386653	IL31	386653	ENSG00000204671	IL31
Gene::84335	AKT1S1	84335	ENSG00000204673	AKT1S1
Gene::2550	GABBR1	2550	ENSG00000204681	GABBR1
Gene::399726	CASC10	399726	ENSG00000204682	MIR1915HG
Gene::116511	MAS1L	116511	ENSG00000204687	MAS1L
Gene::26716	OR2H1	26716	ENSG00000204688	OR2H1
Gene::26531	OR11A1	26531	ENSG00000204694	OR11A1
Gene::442191	OR14J1	442191	ENSG00000204695	OR14J1
Gene::26707	OR2J2	26707	ENSG00000204700	OR2J2
Gene::442186	OR2J3	442186	ENSG00000204701	OR2J3
Gene::442184	OR2B3	442184	ENSG00000204703	OR2B3
Gene::26692	OR2W1	26692	ENSG00000204704	OR2W1
Gene::387778	SPDYC	387778	ENSG00000204710	SPDYC
Gene::138255	C9orf135	138255	ENSG00000204711	CFAP95
Gene::5987	TRIM27	5987	ENSG00000204713	TRIM27
Gene::340895	MALRD1	340895	ENSG00000204740	MALRD1
Gene::64901	RANBP17	64901	ENSG00000204764	RANBP17
Gene::100131897	FAM196B	100131897	ENSG00000204767	INSYN2B
Gene::653427	FOXD4L5	653427	ENSG00000204779	FOXD4L5
Gene::392275	SMPD5	392275	ENSG00000204791	SMPD5
Gene::83538	TTC25	83538	ENSG00000204815	ODAD4
Gene::116540	MRPL53	116540	ENSG00000204822	MRPL53
Gene::642475	MROH6	642475	ENSG00000204839	MROH6
Gene::6311	ATXN2	6311	ENSG00000204842	ATXN2
Gene::1639	DCTN1	1639	ENSG00000204843	DCTN1
Gene::647060	SPATA31A1	647060	ENSG00000204849	SPATA31A1
Gene::57469	PNMAL2	57469	ENSG00000204851	PNMA8B
Gene::79600	TCTN1	79600	ENSG00000204852	TCTN1
Gene::29902	FAM216A	29902	ENSG00000204856	FAM216A
Gene::3104	ZBTB48	3104	ENSG00000204859	ZBTB48
Gene::147920	IGFL2	147920	ENSG00000204866	IGFL2
Gene::444882	IGFL4	444882	ENSG00000204869	IGFL4
Gene::51471	NAT8B	51471	ENSG00000204872	NAT8B
Gene::83900	KRTAP9-3	83900	ENSG00000204873	KRTAP9-3
Gene::728224	KRTAP4-8	728224	ENSG00000204880	KRTAP4-8
Gene::2843	GPR20	2843	ENSG00000204882	GPR20
Gene::728255	KRTAP1-4	728255	ENSG00000204887	KRTAP1-4
Gene::125115	KRT40	125115	ENSG00000204889	KRT40
Gene::147183	KRT25	147183	ENSG00000204897	KRT25
Gene::440145	MZT1	440145	ENSG00000204899	MZT1
Gene::643394	SPINK9	643394	ENSG00000204909	SPINK9
Gene::100505591	LRRC3C	100505591	ENSG00000204913	LRRC3C
Gene::729233	PRR20B	729233	ENSG00000204918	PRR20B
Gene::122183	PRR20A	122183	ENSG00000204919	PRR20A
Gene::7711	ZNF155	7711	ENSG00000204920	ZNF155
Gene::790955	UQCC3	790955	ENSG00000204922	UQCC3
Gene::554251	FBXO48	554251	ENSG00000204923	FBXO48
Gene::643226	GRXCR2	643226	ENSG00000204928	GRXCR2
Gene::392307	FAM221B	392307	ENSG00000204930	FAM221B
Gene::57126	CD177	57126	ENSG00000204936	CD177
Gene::5673	PSG5	5673	ENSG00000204941	PSG5
Gene::100289678	ZNF783	100289678	ENSG00000204946	ZNF783
Gene::155054	ZNF425	155054	ENSG00000204947	ZNF425
Gene::390205	LRRC10B	390205	ENSG00000204950	LRRC10B
Gene::494188	FBXO47	494188	ENSG00000204952	FBXO47
Gene::728568	C12orf73	728568	ENSG00000204954	UQCC6
Gene::56114	PCDHGA1	56114	ENSG00000204956	PCDHGA1
Gene::9752	PCDHA9	9752	ENSG00000204961	PCDHA9
Gene::56140	PCDHA8	56140	ENSG00000204962	PCDHA8
Gene::56141	PCDHA7	56141	ENSG00000204963	PCDHA7
Gene::56143	PCDHA5	56143	ENSG00000204965	PCDHA5
Gene::56144	PCDHA4	56144	ENSG00000204967	PCDHA4
Gene::56146	PCDHA2	56146	ENSG00000204969	PCDHA2
Gene::56147	PCDHA1	56147	ENSG00000204970	PCDHA1
Gene::10206	TRIM13	10206	ENSG00000204977	TRIM13
Gene::100170765	ERICH4	100170765	ENSG00000204978	ERICH4
Gene::503497	MS4A13	503497	ENSG00000204979	MS4A13
Gene::5644	PRSS1	5644	ENSG00000204983	PRSS1
Gene::84501	SPIRE2	84501	ENSG00000204991	SPIRE2
Gene::441376	AARD	441376	ENSG00000205002	AARD
Gene::390748	PABPN1L	390748	ENSG00000205022	PABPN1L
Gene::390144	OR5D16	390144	ENSG00000205029	OR5D16
Gene::26338	OR5L2	26338	ENSG00000205030	OR5L2
Gene::93035	PKHD1L1	93035	ENSG00000205038	PKHD1L1
Gene::100506736	SLFN12L	100506736	ENSG00000205045	SLFN12L
Gene::574016	CLLU1OS	574016	ENSG00000205057	CLLU1-AS1
Gene::84912	SLC35B4	84912	ENSG00000205060	SLC35B4
Gene::3963	LGALS7	3963	ENSG00000205076	LGALS7
Gene::100130958	SYCE1L	100130958	ENSG00000205078	SYCE1L
Gene::79583	TMEM231	79583	ENSG00000205084	TMEM231
Gene::346653	FAM71F2	346653	ENSG00000205085	GARIN1A
Gene::400950	C2orf91	400950	ENSG00000205086	LINC02898
Gene::645121	CCNI2	645121	ENSG00000205089	CCNI2
Gene::339453	TMEM240	339453	ENSG00000205090	TMEM240
Gene::448831	FRG2	448831	ENSG00000205097	FRG2
Gene::259308	FAM205A	259308	ENSG00000205108	SPATA31F1
Gene::344387	CDKL4	344387	ENSG00000205111	CDKL4
Gene::643965	TMEM88B	643965	ENSG00000205116	TMEM278
Gene::390110	ACCSL	390110	ENSG00000205126	ACCSL
Gene::441054	C4orf47	441054	ENSG00000205129	CFAP96
Gene::286144	TRIQK	286144	ENSG00000205133	TRIQK
Gene::644096	SDHAF1	644096	ENSG00000205138	SDHAF1
Gene::138715	ARID3C	138715	ENSG00000205143	ARID3C
Gene::55851	PSENEN	55851	ENSG00000205155	PSENEN
Gene::154907	C7orf66	154907	ENSG00000205174	LINC02903
Gene::100131378	C11orf91	100131378	ENSG00000205177	C11orf91
Gene::646480	FABP9	646480	ENSG00000205186	FABP9
Gene::65986	ZBTB10	65986	ENSG00000205189	ZBTB10
Gene::201725	C4orf46	201725	ENSG00000205208	C4orf46
Gene::284402	SCGB2B2	284402	ENSG00000205209	SCGB2B2
Gene::339184	CCDC144NL	339184	ENSG00000205212	CCDC144NL
Gene::55366	LGR4	55366	ENSG00000205213	LGR4
Gene::5699	PSMB10	5699	ENSG00000205220	PSMB10
Gene::5212	VIT	5212	ENSG00000205221	VIT
Gene::441273	SPDYE2	441273	ENSG00000205238	SPDYE2
Gene::1874	E2F4	1874	ENSG00000205250	E2F4
Gene::5150	PDE7A	5150	ENSG00000205268	PDE7A
Gene::100113407	TMEM170B	100113407	ENSG00000205269	TMEM170B
Gene::10071	MUC12	10071	ENSG00000205277	MUC12
Gene::613212	CTXN3	613212	ENSG00000205279	CTXN3
Gene::152586	MGAT4D	152586	ENSG00000205301	MGAT4D
Gene::6643	SNX2	6643	ENSG00000205302	SNX2
Gene::100316904	SAP25	100316904	ENSG00000205307	SAP25
Gene::56953	NT5M	56953	ENSG00000205309	NT5M
Gene::644378	GCNT6	644378	ENSG00000205318	GCNT2P1
Gene::84324	SARNP	84324	ENSG00000205323	SARNP
Gene::403284	OR6C68	403284	ENSG00000205327	OR6C68
Gene::403282	OR6C65	403282	ENSG00000205328	OR6C65
Gene::254786	OR6C3	254786	ENSG00000205329	OR6C3
Gene::390321	OR6C1	390321	ENSG00000205330	OR6C1
Gene::9289	ADGRG1	9289	ENSG00000205336	ADGRG1
Gene::10527	IPO7	10527	ENSG00000205339	IPO7
Gene::54458	PRR13	54458	ENSG00000205352	PRR13
Gene::25851	TECPR1	25851	ENSG00000205356	TECPR1
Gene::4496	MT1H	4496	ENSG00000205358	MT1H
Gene::133482	SLCO6A1	133482	ENSG00000205359	SLCO6A1
Gene::4489	MT1A	4489	ENSG00000205362	MT1A
Gene::388135	C15orf59	388135	ENSG00000205363	INSYN1
Gene::4499	MT1M	4499	ENSG00000205364	MT1M
Gene::3426	CFI	3426	ENSG00000205403	CFI
Gene::390078	OR52E6	390078	ENSG00000205409	OR52E6
Gene::54809	SAMD9	54809	ENSG00000205413	SAMD9
Gene::3853	KRT6A	3853	ENSG00000205420	KRT6A
Gene::255919	CNEP1R1	255919	ENSG00000205423	CNEP1R1
Gene::3887	KRT81	3887	ENSG00000205426	KRT81
Gene::91828	EXOC3L4	91828	ENSG00000205436	EXOC3L4
Gene::386683	KRTAP12-3	386683	ENSG00000205439	KRTAP12-3
Gene::100129669	IZUMO3	100129669	ENSG00000205442	IZUMO3
Gene::386679	KRTAP10-2	386679	ENSG00000205445	KRTAP10-2
Gene::729264	TP53TG3D	729264	ENSG00000205456	TP53TG3D
Gene::653550	TP53TG3C	653550	ENSG00000205457	TP53TG3C
Gene::92270	ATP6AP1L	92270	ENSG00000205464	ATP6AP1L
Gene::317762	CCDC85C	317762	ENSG00000205476	CCDC85C
Gene::100505767	SPDYE18	100505767	ENSG00000205482	SPDYE18
Gene::119679	OR52J3	119679	ENSG00000205495	OR52J3
Gene::401667	OR51A2	401667	ENSG00000205496	OR51A2
Gene::401666	OR51A4	401666	ENSG00000205497	OR51A4
Gene::388125	C2CD4B	388125	ENSG00000205502	C2CD4B
Gene::57139	RGL3	57139	ENSG00000205517	RGL3
Gene::4676	NAP1L4	4676	ENSG00000205531	NAP1L4
Gene::7114	TMSB4X	7114	ENSG00000205542	TMSB4X
Gene::254863	TMEM256	254863	ENSG00000205544	TMEM256
Gene::100129385	C9orf92	100129385	ENSG00000205549	LINC03041
Gene::1375	CPT1B	1375	ENSG00000205560	CPT1B
Gene::6607	SMN2	6607	ENSG00000205571	SMN2
Gene::728492	SERF1B	728492	ENSG00000205572	SERF1B
Gene::3150	HMGN1	3150	ENSG00000205581	HMGN1
Gene::283463	MUC19	283463	ENSG00000205592	MUC19
Gene::414918	DENND6B	414918	ENSG00000205593	DENND6B
Gene::728689	EIF3CL	728689	ENSG00000205609	EIF3CL
Gene::51451	LCMT1	51451	ENSG00000205629	LCMT1
Gene::388931	MFSD2B	388931	ENSG00000205639	MFSD2B
Gene::425054	VCX3B	425054	ENSG00000205642	VCX3B
Gene::150383	CDPF1	150383	ENSG00000205643	CDPF1
Gene::3347	HTN3	3347	ENSG00000205649	HTN3
Gene::91750	LIN52	91750	ENSG00000205659	LIN52
Gene::347527	ARSH	347527	ENSG00000205667	ARSH
Gene::641372	ACOT6	641372	ENSG00000205669	ACOT6
Gene::54065	SMIM11	54065	ENSG00000205670	SMIM11
Gene::253017	TECRL	253017	ENSG00000205678	TECRL
Gene::8110	DPF3	8110	ENSG00000205683	DPF3
Gene::100287284	MANSC4	100287284	ENSG00000205693	MANSC4
Gene::144363	LYRM5	144363	ENSG00000205707	ETFRF1
Gene::100130311	C17orf107	100130311	ENSG00000205710	C17orf107
Gene::653656	MBD3L4	653656	ENSG00000205718	MBD3L4
Gene::6453	ITSN1	6453	ENSG00000205726	ITSN1
Gene::162073	ITPRIPL2	162073	ENSG00000205730	ITPRIPL2
Gene::79958	DENND1C	79958	ENSG00000205744	DENND1C
Gene::338821	SLCO1B7	338821	ENSG00000205754	SLCO1B7
Gene::64109	CRLF2	64109	ENSG00000205755	CRLF2
Gene::9946	CRYZL1	9946	ENSG00000205758	CRYZL1
Gene::285636	C5orf51	285636	ENSG00000205765	RIMOC1
Gene::2543	GAGE1	2543	ENSG00000205777	GAGE1
Gene::645432	ARRDC5	645432	ENSG00000205784	ARRDC5
Gene::100131094	DPP9-AS1	100131094	ENSG00000205790	DPP9-AS1
Gene::192668	CYS1	192668	ENSG00000205795	CYS1
Gene::403313	PPAPDC2	403313	ENSG00000205808	PLPP6
Gene::3822	KLRC2	3822	ENSG00000205809	KLRC2
Gene::3823	KLRC3	3823	ENSG00000205810	KLRC3
Gene::342346	C16orf96	342346	ENSG00000205832	C16orf96
Gene::647309	GMNC	647309	ENSG00000205835	GMNC
Gene::153657	TTC23L	153657	ENSG00000205838	TTC23L
Gene::93978	CLEC6A	93978	ENSG00000205846	CLEC6A
Gene::150297	C22orf42	150297	ENSG00000205856	C22orf42
Gene::360030	NANOGNB	360030	ENSG00000205857	NANOGNB
Gene::100506049	LRRC72	100506049	ENSG00000205858	LRRC72
Gene::542767	C1QTNF9B-AS1	542767	ENSG00000205861	PCOTH
Gene::387911	C1QTNF9B	387911	ENSG00000205863	C1QTNF9B
Gene::440023	KRTAP5-6	440023	ENSG00000205864	KRTAP5-6
Gene::440021	KRTAP5-2	440021	ENSG00000205867	KRTAP5-2
Gene::387264	KRTAP5-1	387264	ENSG00000205869	KRTAP5-1
Gene::613211	DEFB134	613211	ENSG00000205882	DEFB134
Gene::613209	DEFB135	613209	ENSG00000205883	DEFB135
Gene::613210	DEFB136	613210	ENSG00000205884	DEFB136
Gene::727857	BHLHA9	727857	ENSG00000205899	BHLHA9
Gene::100131017	ZNF316	100131017	ENSG00000205903	ZNF316
Gene::57135	DAZ4	57135	ENSG00000205916	DAZ4
Gene::390874	ONECUT3	390874	ENSG00000205922	ONECUT3
Gene::752014	CEMP1	752014	ENSG00000205923	CEMP1
Gene::10215	OLIG2	10215	ENSG00000205927	OLIG2
Gene::56245	C21orf62	56245	ENSG00000205929	EPCIP
Gene::10921	RNPS1	10921	ENSG00000205937	RNPS1
Gene::57055	DAZ2	57055	ENSG00000205944	DAZ2
Gene::57523	NYNRIN	57523	ENSG00000205978	NYNRIN
Gene::131118	DNAJC19	131118	ENSG00000205981	DNAJC19
Gene::100286963	DEFB109	100286963	ENSG00000205989	DEFB109C
Gene::387733	IFITM5	387733	ENSG00000206013	IFITM5
Gene::284274	SMIM21	284274	ENSG00000206026	SMIM21
Gene::644041	C18orf63	644041	ENSG00000206043	C18orf63
Gene::1667	DEFA1	1667	ENSG00000206047	DEFA1
Gene::220164	DOK6	220164	ENSG00000206052	DOK6
Gene::90861	HN1L	90861	ENSG00000206053	JPT2
Gene::255349	TMEM211	255349	ENSG00000206069	LHFPL7
Gene::89778	SERPINB11	89778	ENSG00000206072	SERPINB11
Gene::6318	SERPINB4	6318	ENSG00000206073	SERPINB4
Gene::5268	SERPINB5	5268	ENSG00000206075	SERPINB5
Gene::653082	ZDHHC11B	653082	ENSG00000206077	ZDHHC11B
Gene::728299	KRTAP19-8	728299	ENSG00000206102	KRTAP19-8
Gene::337985	KRTAP20-3	337985	ENSG00000206104	KRTAP20-3
Gene::100288287	KRTAP22-2	100288287	ENSG00000206106	KRTAP22-2
Gene::643812	KRTAP27-1	643812	ENSG00000206107	KRTAP27-1
Gene::402160	CFAP99	402160	ENSG00000206113	CFAP99
Gene::728047	GOLGA8O	728047	ENSG00000206127	GOLGA8O
Gene::645426	TMEM191C	645426	ENSG00000206140	TMEM191C
Gene::100996335	LOC100996335	100996335	ENSG00000206142	FAM230H
Gene::440163	RNASE13	440163	ENSG00000206150	RNASE13
Gene::3039	HBA1	3039	ENSG00000206172	HBA1
Gene::3042	HBM	3042	ENSG00000206177	HBM
Gene::51224	TCEB3B	51224	ENSG00000206181	ELOA2
Gene::57194	ATP10A	57194	ENSG00000206190	ATP10A
Gene::389161	ANKUB1	389161	ENSG00000206199	ANKUB1
Gene::23617	TSSK2	23617	ENSG00000206203	TSSK2
Gene::729627	PRR23A	729627	ENSG00000206260	PRR23A
Gene::401089	FOXL2NB	401089	ENSG00000206262	FOXL2NB
Gene::131873	COL6A6	131873	ENSG00000206384	COL6A6
Gene::201475	RAB12	201475	ENSG00000206418	RAB12
Gene::339291	LRRC30	339291	ENSG00000206422	LRRC30
Gene::645369	TMEM200C	645369	ENSG00000206432	TMEM200C
Gene::442194	OR10C1	442194	ENSG00000206474	OR10C1
Gene::3105	HLA-A	3105	ENSG00000206503	HLA-A
Gene::201562	HACD2	201562	ENSG00000206527	HACD2
Gene::55779	CFAP44	55779	ENSG00000206530	CFAP44
Gene::344807	CD200R1L	344807	ENSG00000206531	CD200R1L
Gene::348801	LNP1	348801	ENSG00000206535	LNP1
Gene::403277	OR5K3	403277	ENSG00000206536	OR5K3
Gene::389136	VGLL3	389136	ENSG00000206538	VGLL3
Gene::131405	TRIM71	131405	ENSG00000206557	TRIM71
Gene::152098	ZCWPW2	152098	ENSG00000206559	ZCWPW2
Gene::23243	ANKRD28	23243	ENSG00000206560	ANKRD28
Gene::8292	COLQ	8292	ENSG00000206561	COLQ
Gene::131965	METTL6	131965	ENSG00000206562	METTL6
Gene::114786	XKR4	114786	ENSG00000206579	XKR4
Gene::2878	GPX3	2878	ENSG00000211445	GPX3
Gene::1734	DIO2	1734	ENSG00000211448	DIO2
Gene::280636	C11orf31	280636	ENSG00000211450	SELENOH
Gene::1733	DIO1	1733	ENSG00000211452	DIO1
Gene::23012	STK38L	23012	ENSG00000211455	STK38L
Gene::22908	SACM1L	22908	ENSG00000211456	SACM1L
Gene::7247	TSN	7247	ENSG00000211460	TSN
Gene::55652	SLC48A1	55652	ENSG00000211584	SLC48A1
Gene::83942	TSSK1B	83942	ENSG00000212122	TSSK1B
Gene::163154	PRR22	163154	ENSG00000212123	PRR22
Gene::259294	TAS2R19	259294	ENSG00000212124	TAS2R19
Gene::259296	TAS2R50	259296	ENSG00000212126	TAS2R50
Gene::50840	TAS2R14	50840	ENSG00000212127	TAS2R14
Gene::50838	TAS2R13	50838	ENSG00000212128	TAS2R13
Gene::100505753	KRTAP16-1	100505753	ENSG00000212657	KRTAP16-1
Gene::100533177	KRTAP29-1	100533177	ENSG00000212658	KRTAP29-1
Gene::100507608	KRTAP9-6	100507608	ENSG00000212659	KRTAP9-6
Gene::64693	CTAGE1	64693	ENSG00000212710	CTAGE1
Gene::339263	C17orf51	339263	ENSG00000212719	LINC02693
Gene::653240	KRTAP4-11	653240	ENSG00000212721	KRTAP4-11
Gene::100132386	KRTAP4-9	100132386	ENSG00000212722	KRTAP4-9
Gene::730755	KRTAP2-3	730755	ENSG00000212724	KRTAP2-3
Gene::81872	KRTAP2-1	81872	ENSG00000212725	KRTAP2-1
Gene::441518	FAM127C	441518	ENSG00000212747	RTL8B
Gene::402317	OR2A42	402317	ENSG00000212807	OR2A42
Gene::727800	RNF208	727800	ENSG00000212864	RNF208
Gene::85293	KRTAP3-3	85293	ENSG00000212899	KRTAP3-3
Gene::83897	KRTAP3-2	83897	ENSG00000212900	KRTAP3-2
Gene::83896	KRTAP3-1	83896	ENSG00000212901	KRTAP3-1
Gene::4539	ND4L	4539	ENSG00000212907	MT-ND4L
Gene::54627	MAP10	54627	ENSG00000212916	MAP10
Gene::386684	KRTAP12-4	386684	ENSG00000212933	KRTAP12-4
Gene::386682	KRTAP10-3	386682	ENSG00000212935	KRTAP10-3
Gene::337968	KRTAP6-3	337968	ENSG00000212938	KRTAP6-3
Gene::5462	POU5F1B	5462	ENSG00000212993	POU5F1B
Gene::51157	ZNF580	51157	ENSG00000213015	ZNF580
Gene::81856	ZNF611	81856	ENSG00000213020	ZNF611
Gene::284366	KLK9	284366	ENSG00000213022	KLK9
Gene::84258	SYT3	84258	ENSG00000213023	SYT3
Gene::23636	NUP62	23636	ENSG00000213024	NUP62
Gene::94115	CGB8	94115	ENSG00000213030	CGB8
Gene::163486	DENND1B	163486	ENSG00000213047	DENND1B
Gene::375035	SFT2D2	375035	ENSG00000213064	SFT2D2
Gene::11116	FGFR1OP	11116	ENSG00000213066	CEP43
Gene::22828	SCAF8	22828	ENSG00000213079	SCAF8
Gene::25790	CFAP45	25790	ENSG00000213085	CFAP45
Gene::2532	ACKR1	2532	ENSG00000213088	ACKR1
Gene::9534	ZNF254	9534	ENSG00000213096	ZNF254
Gene::255758	TCTEX1D2	255758	ENSG00000213123	DYNLT2B
Gene::1427	CRYGS	1427	ENSG00000213139	CRYGS
Gene::1396	CRIP1	1396	ENSG00000213145	CRIP1
Gene::151230	KLHL23	151230	ENSG00000213160	KLHL23
Gene::339398	LINGO4	339398	ENSG00000213171	LINGO4
Gene::196792	FAM24B	196792	ENSG00000213185	FAM24B
Gene::286827	TRIM59	286827	ENSG00000213186	TRIM59
Gene::10962	MLLT11	10962	ENSG00000213190	MLLT11
Gene::9311	ASIC3	9311	ENSG00000213199	ASIC3
Gene::170575	GIMAP1	170575	ENSG00000213203	GIMAP1
Gene::84960	CCDC183	84960	ENSG00000213213	CCDC183
Gene::445328	ARHGEF35	445328	ENSG00000213214	ARHGEF35
Gene::26211	OR2F1	26211	ENSG00000213215	OR2F1
Gene::1443	CSH2	1443	ENSG00000213218	CSH2
Gene::728489	DNLZ	728489	ENSG00000213221	DNLZ
Gene::9623	TCL1B	9623	ENSG00000213231	TCL1B
Gene::6827	SUPT4H1	6827	ENSG00000213246	SUPT4H1
Gene::114960	TSGA13	114960	ENSG00000213265	TSGA13
Gene::4893	NRAS	4893	ENSG00000213281	NRAS
Gene::4056	LTC4S	4056	ENSG00000213316	LTC4S
Gene::51239	ANKRD39	51239	ENSG00000213337	ANKRD39
Gene::81890	QTRT1	81890	ENSG00000213339	QTRT1
Gene::1147	CHUK	1147	ENSG00000213341	CHUK
Gene::83463	MXD3	83463	ENSG00000213347	MXD3
Gene::2946	GSTM2	2946	ENSG00000213366	GSTM2
Gene::84342	COG8	84342	ENSG00000213380	COG8
Gene::84986	ARHGAP19	84986	ENSG00000213390	ARHGAP19
Gene::55559	HAUS7	55559	ENSG00000213397	HAUS7
Gene::3931	LCAT	3931	ENSG00000213398	LCAT
Gene::4111	MAGEA12	4111	ENSG00000213401	MAGEA12
Gene::5790	PTPRCAP	5790	ENSG00000213402	PTPRCAP
Gene::79037	PVRIG	79037	ENSG00000213413	PVRIG
Gene::83755	KRTAP4-12	83755	ENSG00000213416	KRTAP4-12
Gene::85294	KRTAP2-4	85294	ENSG00000213417	KRTAP2-4
Gene::221914	GPC2	221914	ENSG00000213420	GPC2
Gene::125113	KRT222	125113	ENSG00000213424	KRT222
Gene::6494	SIPA1	6494	ENSG00000213445	SIPA1
Gene::2086	ERV3-1	2086	ENSG00000213462	ERV3-1
Gene::55333	SYNJ2BP	55333	ENSG00000213463	SYNJ2BP
Gene::402	ARL2	402	ENSG00000213465	ARL2
Gene::388646	GBP7	388646	ENSG00000213512	GBP7
Gene::494115	RBMXL1	494115	ENSG00000213516	RBMXL1
Gene::10011	SRA1	10011	ENSG00000213523	SRA1
Gene::375346	TMEM110	375346	ENSG00000213533	STIMATE
Gene::23234	DNAJC9	23234	ENSG00000213551	DNAJC9
Gene::414919	C8orf82	414919	ENSG00000213563	C8orf82
Gene::594855	CPLX3	594855	ENSG00000213578	CPLX3
Gene::7416	VDAC1	7416	ENSG00000213585	VDAC1
Gene::221504	ZBTB9	221504	ENSG00000213588	ZBTB9
Gene::51075	TMX2	51075	ENSG00000213593	TMX2
Gene::3073	HEXA	3073	ENSG00000213614	HEXA
Gene::4722	NDUFS3	4722	ENSG00000213619	NDUFS3
Gene::54741	LEPROT	54741	ENSG00000213625	LEPROT
Gene::81606	LBH	81606	ENSG00000213626	LBH
Gene::113179	ADAT3	113179	ENSG00000213638	ADAT3
Gene::5500	PPP1CB	5500	ENSG00000213639	PPP1CB
Gene::445329	SULT1A4	445329	ENSG00000213648	SULT1A4
Gene::63940	GPSM3	63940	ENSG00000213654	GPSM3
Gene::27040	LAT	27040	ENSG00000213658	LAT
Gene::51517	NCKIPSD	51517	ENSG00000213672	NCKIPSD
Gene::1388	ATF6B	1388	ENSG00000213676	ATF6B
Gene::11277	TREX1	11277	ENSG00000213689	TREX1
Gene::1903	S1PR3	1903	ENSG00000213694	S1PR3
Gene::54978	SLC35F6	54978	ENSG00000213699	SLC35F6
Gene::388799	FAM209B	388799	ENSG00000213714	FAM209B
Gene::1192	CLIC1	1192	ENSG00000213719	CLIC1
Gene::23564	DDAH2	23564	ENSG00000213722	DDAH2
Gene::6235	RPS29	6235	ENSG00000213741	RPS29
Gene::10720	UGT2B11	10720	ENSG00000213759	UGT2B11
Gene::534	ATP6V1G2	534	ENSG00000213760	ATP6V1G2
Gene::7693	ZNF134	7693	ENSG00000213762	ZNF134
Gene::2968	GTF2H4	2968	ENSG00000213780	GTF2H4
Gene::51202	DDX47	51202	ENSG00000213782	DDX47
Gene::388559	ZNF888	388559	ENSG00000213793	ZNF888
Gene::91664	ZNF845	91664	ENSG00000213799	ZNF845
Gene::22914	KLRK1	22914	ENSG00000213809	KLRK1
Gene::729767	CEACAM18	729767	ENSG00000213822	CEACAM18
Gene::2013	EMP2	2013	ENSG00000213853	EMP2
Gene::147040	KCTD11	147040	ENSG00000213859	KCTD11
Gene::10537	UBD	10537	ENSG00000213886	UBD
Gene::147699	PPM1N	147699	ENSG00000213889	PPM1N
Gene::388551	CEACAM16	388551	ENSG00000213892	CEACAM16
Gene::151295	SLC23A3	151295	ENSG00000213901	SLC23A3
Gene::1241	LTB4R	1241	ENSG00000213903	LTB4R
Gene::56413	LTB4R2	56413	ENSG00000213906	LTB4R2
Gene::1773	DNASE1	1773	ENSG00000213918	DNASE1
Gene::145553	MDP1	145553	ENSG00000213920	MDP1
Gene::342900	LEUTX	342900	ENSG00000213921	LEUTX
Gene::1454	CSNK1E	1454	ENSG00000213923	CSNK1E
Gene::10850	CCL27	10850	ENSG00000213927	CCL27
Gene::10379	IRF9	10379	ENSG00000213928	IRF9
Gene::2592	GALT	2592	ENSG00000213930	GALT
Gene::3046	HBE1	3046	ENSG00000213931	HBE1
Gene::3047	HBG1	3047	ENSG00000213934	HBG1
Gene::9080	CLDN9	9080	ENSG00000213937	CLDN9
Gene::3672	ITGA1	3672	ENSG00000213949	ITGA1
Gene::390916	NUDT19	390916	ENSG00000213965	NUDT19
Gene::730087	ZNF726	730087	ENSG00000213967	ZNF726
Gene::7652	ZNF99	7652	ENSG00000213973	ZNF99
Gene::30851	TAX1BP3	30851	ENSG00000213977	TAX1BP3
Gene::8906	AP1G2	8906	ENSG00000213983	AP1G2
Gene::7643	ZNF90	7643	ENSG00000213988	ZNF90
Gene::55739	CARKD	55739	ENSG00000213995	NAXD
Gene::53345	TM6SF2	53345	ENSG00000213996	TM6SF2
Gene::100271849	MEF2B	100271849	ENSG00000213999	MEF2B
Gene::2595	GANC	2595	ENSG00000214013	GANC
Gene::26140	TTLL3	26140	ENSG00000214021	TTLL3
Gene::29803	REPIN1	29803	ENSG00000214022	REPIN1
Gene::6150	MRPL23	6150	ENSG00000214026	MRPL23
Gene::101060200	ZNF891	101060200	ENSG00000214029	ZNF891
Gene::3444	IFNA7	3444	ENSG00000214042	IFNA7
Gene::79086	SMIM7	79086	ENSG00000214046	SMIM7
Gene::157574	FBXO16	157574	ENSG00000214050	FBXO16
Gene::7106	TSPAN4	7106	ENSG00000214063	TSPAN4
Gene::8904	CPNE1	8904	ENSG00000214078	CPNE1
Gene::339231	ARL16	339231	ENSG00000214087	ARL16
Gene::255798	SMCO1	255798	ENSG00000214097	SMCO1
Gene::494551	WEE2	494551	ENSG00000214102	WEE2
Gene::4112	MAGEB1	4112	ENSG00000214107	MAGEB1
Gene::57128	LYRM4	57128	ENSG00000214113	LYRM4
Gene::26292	MYCBP	26292	ENSG00000214114	MYCBP
Gene::155006	TMEM213	155006	ENSG00000214128	TMEM213
Gene::768206	PRCD	768206	ENSG00000214140	PRCD
Gene::10195	ALG3	10195	ENSG00000214160	ALG3
Gene::79729	SH3D21	79729	ENSG00000214193	MNMIP1
Gene::255809	C19orf38	255809	ENSG00000214212	C19orf38
Gene::654502	IQCJ	654502	ENSG00000214216	IQCJ
Gene::339210	C17orf67	339210	ENSG00000214226	C17orf67
Gene::646951	FAM188B2	646951	ENSG00000214237	MINDY4B
Gene::51024	FIS1	51024	ENSG00000214253	FIS1
Gene::283	ANG	283	ENSG00000214274	ANG
Gene::594857	NPS	594857	ENSG00000214285	NPS
Gene::120376	COLCA2	120376	ENSG00000214290	POU2AF3
Gene::441272	SPDYE3	441272	ENSG00000214300	SPDYE3
Gene::255374	MBLAC1	255374	ENSG00000214309	MBLAC1
Gene::285311	C3orf56	285311	ENSG00000214324	PRR23E
Gene::344167	FOXI3	344167	ENSG00000214336	FOXI3
Gene::387104	SOGA3	387104	ENSG00000214338	MTCL3
Gene::54492	NEURL1B	54492	ENSG00000214357	NEURL1B
Gene::285588	EFCAB9	285588	ENSG00000214360	EFCAB9
Gene::79441	HAUS3	79441	ENSG00000214367	HAUS3
Gene::387804	VSTM5	387804	ENSG00000214376	VSTM5
Gene::401562	LCNL1	401562	ENSG00000214402	LCNL1
Gene::92482	BBIP1	92482	ENSG00000214413	BBIP1
Gene::390231	TRIM77	390231	ENSG00000214414	TRIM77
Gene::346562	GNAT3	346562	ENSG00000214415	GNAT3
Gene::57412	AS3MT	57412	ENSG00000214435	AS3MT
Gene::100528020	FAM187A	100528020	ENSG00000214447	FAM187A
Gene::440503	PLIN5	440503	ENSG00000214456	PLIN5
Gene::730005	SEC14L6	730005	ENSG00000214491	SEC14L6
Gene::153218	SPINK13	153218	ENSG00000214510	SPINK13
Gene::613227	HIGD1C	613227	ENSG00000214511	HIGD1C
Gene::344022	NOTO	344022	ENSG00000214513	NOTO
Gene::51400	PPME1	51400	ENSG00000214517	PPME1
Gene::728279	KRTAP2-2	728279	ENSG00000214518	KRTAP2-2
Gene::10809	STARD10	10809	ENSG00000214530	STARD10
Gene::100131539	ZNF705E	100131539	ENSG00000214534	ZNF705EP
Gene::441155	LOC441155	441155	ENSG00000214558	ZC3H11C
Gene::64506	CPEB1	64506	ENSG00000214575	CPEB1
Gene::400954	EML6	400954	ENSG00000214595	EML6
Gene::245927	DEFB113	245927	ENSG00000214642	DEFB113
Gene::403339	DEFB133	403339	ENSG00000214643	DEFB133
Gene::440292	LOC440292	440292	ENSG00000214646	COMMD4P1
Gene::442319	ZNF727	442319	ENSG00000214652	ZNF727
Gene::23053	ZSWIM8	23053	ENSG00000214655	ZSWIM8
Gene::389124	IQCF5	389124	ENSG00000214681	IQCF5
Gene::440956	IQCF6	440956	ENSG00000214686	IQCF6
Gene::414152	C10orf105	414152	ENSG00000214688	C10orf105
Gene::100271715	ARHGEF33	100271715	ENSG00000214694	ARHGEF33
Gene::728858	C12orf71	728858	ENSG00000214700	C12orf71
Gene::732265	LOC732265	732265	ENSG00000214702	COMMD4P2
Gene::7866	IFRD2	7866	ENSG00000214706	IFRD2
Gene::105371730	LOC105371730	105371730	ENSG00000214708	LNCMB1
Gene::440854	CAPN14	440854	ENSG00000214711	CAPN14
Gene::9189	ZBED1	9189	ENSG00000214717	ZBED1
Gene::100188893	TOMM6	100188893	ENSG00000214736	TOMM6
Gene::221092	HNRNPUL2	221092	ENSG00000214753	HNRNPUL2
Gene::751071	METTL12	751071	ENSG00000214756	CSKMT
Gene::408186	OVOS	408186	ENSG00000214776	OVOS1P
Gene::728588	MS4A18	728588	ENSG00000214782	MS4A18
Gene::643680	MS4A4E	643680	ENSG00000214787	MS4A4E
Gene::654463	FER1L6	654463	ENSG00000214814	FER1L6
Gene::256223	CDRT15L2	256223	ENSG00000214819	CDRT15L2
Gene::4515	MTCP1	4515	ENSG00000214827	MTCP1
Gene::729475	RAD51AP2	729475	ENSG00000214842	RAD51AP2
Gene::645027	EVPLL	645027	ENSG00000214860	EVPLL
Gene::728597	DCDC2C	728597	ENSG00000214866	DCDC2C
Gene::219537	SMTNL1	219537	ENSG00000214872	SMTNL1
Gene::646754	TRIM64C	646754	ENSG00000214891	TRIM64C
Gene::649238	LOC649238	649238	ENSG00000214897	PNMA6E
Gene::389763	SPATA31D1	389763	ENSG00000214929	SPATA31D1
Gene::101059953	NPIPA8	101059953	ENSG00000214940	NPIPA8
Gene::125150	ZSWIM7	125150	ENSG00000214941	ZSWIM7
Gene::2856	GPR33	2856	ENSG00000214943	GPR33
Gene::64283	ARHGEF28	64283	ENSG00000214944	ARHGEF28
Gene::353149	TBC1D26	353149	ENSG00000214946	TBC1D26
Gene::100130742	LRRC69	100130742	ENSG00000214954	LRRC69
Gene::729920	ISPD	729920	ENSG00000214960	CRPPA
Gene::101059938	NPIPA7	101059938	ENSG00000214967	NPIPA7
Gene::644070	LOC644070	644070	ENSG00000214978	GSG1L2
Gene::341392	ACSM4	341392	ENSG00000215009	ACSM4
Gene::79680	C22orf29	79680	ENSG00000215012	RTL10
Gene::340267	COL28A1	340267	ENSG00000215018	COL28A1
Gene::11331	PHB2	11331	ENSG00000215021	PHB2
Gene::100996648	TCP11X2	100996648	ENSG00000215029	TCP11X2
Gene::84461	NEURL4	84461	ENSG00000215041	NEURL4
Gene::392862	GRID2IP	392862	ENSG00000215045	GRID2IP
Gene::100132994	CXorf49B	100132994	ENSG00000215113	CXorf49B
Gene::137886	UBXN2B	137886	ENSG00000215114	UBXN2B
Gene::100130361	CXorf49	100130361	ENSG00000215115	CXorf49
Gene::644019	CBWD6	644019	ENSG00000215126	ZNG1F
Gene::646174	C16orf90	646174	ENSG00000215131	C16orf90
Gene::360226	PRSS41	360226	ENSG00000215148	PRSS41
Gene::4586	MUC5AC	4586	ENSG00000215182	MUC5AC
Gene::692094	MSMP	692094	ENSG00000215183	MSMP
Gene::55889	GOLGA6B	55889	ENSG00000215186	GOLGA6B
Gene::730112	FAM166B	730112	ENSG00000215187	CIMIP2B
Gene::55670	PEX26	55670	ENSG00000215193	PEX26
Gene::389207	GRXCR1	389207	ENSG00000215203	GRXCR1
Gene::134121	C5orf49	134121	ENSG00000215217	CFAP90
Gene::134111	UBE2QL1	134111	ENSG00000215218	UBE2QL1
Gene::60493	FASTKD5	60493	ENSG00000215251	FASTKD5
Gene::440270	GOLGA8B	440270	ENSG00000215252	GOLGA8B
Gene::157855	KCNU1	157855	ENSG00000215262	KCNU1
Gene::645073	GAGE12G	645073	ENSG00000215269	GAGE12G
Gene::102724473	GAGE10	102724473	ENSG00000215274	GAGE10
Gene::100507650	RNF212B	100507650	ENSG00000215277	RNF212B
Gene::1654	DDX3X	1654	ENSG00000215301	DDX3X
Gene::64601	VPS16	64601	ENSG00000215305	VPS16
Gene::728957	ZNF705D	728957	ENSG00000215343	ZNF705D
Gene::100132396	ZNF705B	100132396	ENSG00000215356	ZNF705B
Gene::100131980	ZNF705G	100131980	ENSG00000215372	ZNF705G
Gene::4636	MYL5	4636	ENSG00000215375	MYL5
Gene::85508	SCRT2	85508	ENSG00000215397	SCRT2
Gene::55628	ZNF407	55628	ENSG00000215421	ZNF407
Gene::79716	NPEPL1	79716	ENSG00000215440	NPEPL1
Gene::386672	KRTAP10-4	386672	ENSG00000215454	KRTAP10-4
Gene::386677	KRTAP10-1	386677	ENSG00000215455	KRTAP10-1
Gene::100526842	RPL17-C18orf32	100526842	ENSG00000215472	RPL17-C18orf32
Gene::652991	SKOR2	652991	ENSG00000215474	SKOR2
Gene::283514	SIAH3	283514	ENSG00000215475	SIAH3
Gene::388795	EFCAB8	388795	ENSG00000215529	EFCAB8
Gene::245930	DEFB116	245930	ENSG00000215545	DEFB116
Gene::245929	DEFB115	245929	ENSG00000215547	DEFB115
Gene::128954	GAB4	128954	ENSG00000215568	GAB4
Gene::400831	C20orf202	400831	ENSG00000215595	C20orf202
Gene::3166	HMX1	3166	ENSG00000215612	HMX1
Gene::2642	GCGR	2642	ENSG00000215644	GCGR
Gene::51032	CELA2B	51032	ENSG00000215704	CELA2B
Gene::729515	TMEM242	729515	ENSG00000215712	TMEM242
Gene::56900	TMEM167B	56900	ENSG00000215717	TMEM167B
Gene::728833	FAM72D	728833	ENSG00000215784	RUMY4
Gene::8718	TNFRSF25	8718	ENSG00000215788	TNFRSF25
Gene::9906	SLC35E2	9906	ENSG00000215790	SLC35E2A
Gene::100129094	BTNL10	100129094	ENSG00000215811	BTNL10P
Gene::100131187	TSTD1	100131187	ENSG00000215845	TSTD1
Gene::126638	RPTN	126638	ENSG00000215853	RPTN
Gene::343505	NBPF7	343505	ENSG00000215864	NBPF7P
Gene::105370369	LOC105370369	105370369	ENSG00000215881	LINC02337
Gene::606495	CYB5RL	606495	ENSG00000215883	CYB5RL
Gene::646262	LACTBL1	646262	ENSG00000215906	LACTBL1
Gene::284498	C1orf167	284498	ENSG00000215910	C1orf167
Gene::100287898	TTC34	100287898	ENSG00000215912	TTC34
Gene::219293	ATAD3C	219293	ENSG00000215915	ATAD3C
Gene::10437	IFI30	10437	ENSG00000216490	IFI30
Gene::147710	IGSF23	147710	ENSG00000216588	IGSF23
Gene::729431	GAGE12E	729431	ENSG00000216649	GAGE12E
Gene::102724928	LOC102724928	102724928	ENSG00000216671	CCNYL3
Gene::285095	LOC285095	285095	ENSG00000216921	FAM240C
Gene::79741	CCDC7	79741	ENSG00000216937	CCDC7
Gene::96459	FNIP1	96459	ENSG00000217128	FNIP1
Gene::100131390	SP9	100131390	ENSG00000217236	SP9
Gene::644186	SYCE3	644186	ENSG00000217442	SYCE3
Gene::51192	CKLF	51192	ENSG00000217555	CKLF
Gene::51025	PAM16	51025	ENSG00000217930	PAM16
Gene::55714	TENM3	55714	ENSG00000218336	TENM3
Gene::100129278	TDRD15	100129278	ENSG00000218819	TDRD15
Gene::56903	PAPOLB	56903	ENSG00000218823	PAPOLB
Gene::163033	ZNF579	163033	ENSG00000218891	ZNF579
Gene::23436	CELA3B	23436	ENSG00000219073	CELA3B
Gene::440400	RNASEK	440400	ENSG00000219200	RNASEK
Gene::25858	TEX40	25858	ENSG00000219435	CATSPERZ
Gene::25817	FAM19A5	25817	ENSG00000219438	TAFA5
Gene::55672	NBPF1	55672	ENSG00000219481	NBPF1
Gene::729852	UMAD1	729852	ENSG00000219545	UMAD1
Gene::648791	PPP1R3G	648791	ENSG00000219607	PPP1R3G
Gene::375190	FAM228B	375190	ENSG00000219626	FAM228B
Gene::645191	LINGO3	645191	ENSG00000220008	LINGO3
Gene::100125288	ZGLP1	100125288	ENSG00000220201	ZGLP1
Gene::6844	VAMP2	6844	ENSG00000220205	VAMP2
Gene::135946	OR6B1	135946	ENSG00000221813	OR6B1
Gene::64641	EBF2	64641	ENSG00000221818	EBF2
Gene::441150	C6orf226	441150	ENSG00000221821	PEX39
Gene::5534	PPP3R1	5534	ENSG00000221823	PPP3R1
Gene::5671	PSG3	5671	ENSG00000221826	PSG3
Gene::2189	FANCG	2189	ENSG00000221829	FANCG
Gene::393046	OR2A5	393046	ENSG00000221836	OR2A5
Gene::386676	KRTAP10-9	386676	ENSG00000221837	KRTAP10-9
Gene::9179	AP4M1	9179	ENSG00000221838	AP4M1
Gene::81318	OR4A5	81318	ENSG00000221840	OR4A5
Gene::84226	C2orf16	84226	ENSG00000221843	SPATA31H1
Gene::401335	C7orf65	401335	ENSG00000221845	LINC02902
Gene::83895	KRTAP1-5	83895	ENSG00000221852	KRTAP1-5
Gene::259287	TAS2R41	259287	ENSG00000221855	TAS2R41
Gene::346525	OR2A12	346525	ENSG00000221858	OR2A12
Gene::353333	KRTAP10-10	353333	ENSG00000221859	KRTAP10-10
Gene::353323	KRTAP12-2	353323	ENSG00000221864	KRTAP12-2
Gene::91584	PLXNA4	91584	ENSG00000221866	PLXNA4
Gene::4102	MAGEA3	4102	ENSG00000221867	MAGEA3
Gene::1052	CEBPD	1052	ENSG00000221869	CEBPD
Gene::100529240	ZNF816-ZNF321P	100529240	ENSG00000221874	ZNF816-ZNF321P
Gene::5676	PSG7	5676	ENSG00000221878	PSG7
Gene::81850	KRTAP1-3	81850	ENSG00000221880	KRTAP1-3
Gene::4995	OR3A2	4995	ENSG00000221882	OR3A2
Gene::646450	ARIH2OS	646450	ENSG00000221883	ARIH2OS
Gene::63920	ZBED8	63920	ENSG00000221886	ZBED8
Gene::284293	HMSD	284293	ENSG00000221887	HMSD
Gene::26188	OR1C1	26188	ENSG00000221888	OR1C1
Gene::23467	NPTXR	23467	ENSG00000221890	NPTXR
Gene::101059914	LOC101059914	101059914	ENSG00000221891	FAM218BP
Gene::285877	POM121L12	285877	ENSG00000221900	POM121L12
Gene::221786	FAM200A	221786	ENSG00000221909	ZBED8L
Gene::135948	OR2F2	135948	ENSG00000221910	OR2F2
Gene::5520	PPP2R2A	5520	ENSG00000221914	PPP2R2A
Gene::55150	C19orf73	55150	ENSG00000221916	C19orf73
Gene::400713	ZNF880	400713	ENSG00000221923	ZNF880
Gene::10626	TRIM16	10626	ENSG00000221926	TRIM16
Gene::390260	OR6X1	390260	ENSG00000221931	OR6X1
Gene::641654	HEPN1	641654	ENSG00000221932	HEPN1
Gene::392138	OR2A25	392138	ENSG00000221933	OR2A25
Gene::259286	TAS2R40	259286	ENSG00000221937	TAS2R40
Gene::135941	OR2A14	135941	ENSG00000221938	OR2A14
Gene::200765	TIGD1	200765	ENSG00000221944	TIGD1
Gene::53822	FXYD7	53822	ENSG00000221946	FXYD7
Gene::389668	XKR9	389668	ENSG00000221947	XKR9
Gene::388759	C1orf229	388759	ENSG00000221953	LINC02897
Gene::283093	OR4C12	283093	ENSG00000221954	OR4C12
Gene::84561	SLC12A8	84561	ENSG00000221955	SLC12A8
Gene::3809	KIR2DS4	3809	ENSG00000221957	KIR2DS4
Gene::645843	TMEM14E	645843	ENSG00000221962	TMEM14EP
Gene::80830	APOL6	80830	ENSG00000221963	APOL6
Gene::3995	FADS3	3995	ENSG00000221968	FADS3
Gene::346528	OR2A1	346528	ENSG00000221970	OR2A1
Gene::26686	OR4E2	26686	ENSG00000221977	OR4E2
Gene::81669	CCNL2	81669	ENSG00000221978	CCNL2
Gene::7311	UBA52	7311	ENSG00000221983	UBA52
Gene::343263	MYBPHL	343263	ENSG00000221986	MYBPHL
Gene::9374	PPT2	9374	ENSG00000221988	PPT2
Gene::442361	OR2A2	442361	ENSG00000221989	OR2A2
Gene::57232	ZNF630	57232	ENSG00000221994	ZNF630
Gene::143496	OR52B4	143496	ENSG00000221996	OR52B4
Gene::285941	C7orf71	285941	ENSG00000222004	LINC02860
Gene::149478	BTBD19	149478	ENSG00000222009	BTBD19
Gene::222234	FAM185A	222234	ENSG00000222011	FAM185A
Gene::84084	RAB6C	84084	ENSG00000222014	RAB6C
Gene::101928147	C21orf140	101928147	ENSG00000222018	C21orf140
Gene::122706	PSMB11	122706	ENSG00000222028	PSMB11
Gene::641455	POTEM	641455	ENSG00000222036	POTEM
Gene::653781	POTEJ	653781	ENSG00000222038	POTEJ
Gene::149069	DCDC2B	149069	ENSG00000222046	DCDC2B
Gene::414236	C10orf55	414236	ENSG00000222047	C10orf55
Gene::399939	TRIM49D1	399939	ENSG00000223417	TRIM49D1
Gene::377630	USP17L2	377630	ENSG00000223443	USP17L2
Gene::118460	EXOSC6	118460	ENSG00000223496	EXOSC6
Gene::6293	VPS52	6293	ENSG00000223501	VPS52
Gene::146822	CDRT15	146822	ENSG00000223510	CDRT15
Gene::100130097	KIF28P	100130097	ENSG00000223519	KIF28P
Gene::284391	ZNF844	284391	ENSG00000223547	ZNF844
Gene::646588	LOC646588	646588	ENSG00000223561	LINC03007
Gene::100288520	USP17L15	100288520	ENSG00000223569	USP17L15
Gene::548596	CKMT1A	548596	ENSG00000223572	CKMT1A
Gene::340900	EBLN1	340900	ENSG00000223601	EBLN1
Gene::100132154	LOC100132154	100132154	ENSG00000223602	ANKRD30BP5
Gene::3045	HBD	3045	ENSG00000223609	HBD
Gene::170067	SUPT20HL2	170067	ENSG00000223611	SUPT20HL2
Gene::730291	ZNF735	730291	ENSG00000223614	ZNF735
Gene::342931	RFPL4A	342931	ENSG00000223638	RFPL4A
Gene::728819	C1GALT1C1L	728819	ENSG00000223658	C1GALT1C1L
Gene::100130302	SUPT20HL1	100130302	ENSG00000223731	SUPT20HL1
Gene::10715	CERS1	10715	ENSG00000223802	CERS1
Gene::3115	HLA-DPB1	3115	ENSG00000223865	HLA-DPB1
Gene::114902	C1QTNF5	114902	ENSG00000223953	C1QTNF5
Gene::101927420	LOC101927420	101927420	ENSG00000224046	DMTF1-AS1
Gene::80772	CPTP	80772	ENSG00000224051	CPTP
Gene::728036	CT47A10	728036	ENSG00000224089	CT47A10
Gene::105374250	LOC105374250	105374250	ENSG00000224153	LINC02054
Gene::100996485	C5orf66	100996485	ENSG00000224186	PITX1-AS1
Gene::101927763	LOC101927763	101927763	ENSG00000224295	OLFM5P
Gene::92340	PRR29	92340	ENSG00000224383	PRR29
Gene::721	C4B	721	ENSG00000224389	C4B
Gene::100506115	LINC01272	100506115	ENSG00000224397	PELATON
Gene::199800	ADM5	199800	ENSG00000224420	ADM5
Gene::100129239	CXorf51A	100129239	ENSG00000224440	CXorf51A
Gene::342371	ATXN1L	342371	ENSG00000224470	ATXN1L
Gene::100130345	LOC100130345	100130345	ENSG00000224479	CDHR18P
Gene::221710	SMIM13	221710	ENSG00000224531	SMIM13
Gene::2880	GPX5	2880	ENSG00000224586	GPX5
Gene::101928436	LOC101928436	101928436	ENSG00000224613	RNPC3-DT
Gene::729396	GAGE12J	729396	ENSG00000224659	GAGE12J
Gene::100144595	LOC100144595	100144595	ENSG00000224675	GALNT13-AS1
Gene::729648	ZNF812	729648	ENSG00000224689	ZNF812P
Gene::642778	NPIPA3	642778	ENSG00000224712	NPIPA3
Gene::653659	TMEM183B	653659	ENSG00000224831	TMEM183BP
Gene::284184	C17orf89	284184	ENSG00000224877	NDUFAF8
Gene::729442	GAGE12H	729442	ENSG00000224902	GAGE12H
Gene::401399	PRRT4	401399	ENSG00000224940	PRRT4
Gene::105373381	LOC105373381	105373381	ENSG00000224963	ECMXP
Gene::101928566	TBC1D3P6	101928566	ENSG00000224966	TBC1D3P6
Gene::387890	TMEM233	387890	ENSG00000224982	TMEM233
Gene::105373377	LOC105373377	105373377	ENSG00000225110	PNMA6F
Gene::9842	PLEKHM1	9842	ENSG00000225190	PLEKHM1
Gene::645836	USP17L3	645836	ENSG00000225327	USP17L3
Gene::196993	CT62	196993	ENSG00000225362	CT62
Gene::729468	LOC729468	729468	ENSG00000225398	PGM5P4
Gene::100129480	MKRN2OS	100129480	ENSG00000225526	MKRN2OS
Gene::100191040	C2CD4D	100191040	ENSG00000225556	C2CD4D
Gene::84627	ZNF469	84627	ENSG00000225614	ZNF469
Gene::105372682	LOC105372682	105372682	ENSG00000225657	LINC01716
Gene::348262	FAM195B	348262	ENSG00000225663	MCRIP1
Gene::65010	SLC26A6	65010	ENSG00000225697	SLC26A6
Gene::728635	DHRS4L1	728635	ENSG00000225766	DHRS4L1
Gene::346517	OR6V1	346517	ENSG00000225781	OR6V1
Gene::105375304	LOC105375304	105375304	ENSG00000225792	SNX10-AS1
Gene::341112	WARSP1	341112	ENSG00000225802	WARS1P1
Gene::100129216	LOC100129216	100129216	ENSG00000225805	DEFB131B
Gene::100128071	FAM229A	100128071	ENSG00000225828	FAM229A
Gene::2074	ERCC6	2074	ENSG00000225830	ERCC6
Gene::284618	RUSC1-AS1	284618	ENSG00000225855	RUSC1-AS1
Gene::441581	FRG2B	441581	ENSG00000225899	FRG2B
Gene::101929163	LOC101929163	101929163	ENSG00000225914	TSBP1-AS1
Gene::51406	NOL7	51406	ENSG00000225921	NOL7
Gene::101928448	C5orf67	101928448	ENSG00000225940	C5orf67
Gene::4909	NTF4	4909	ENSG00000225950	NTF4
Gene::392617	ELFN1	392617	ENSG00000225968	ELFN1
Gene::101928527	PIGBOS1	101928527	ENSG00000225973	PIGBOS1
Gene::728062	CT47A6	728062	ENSG00000226023	CT47A6
Gene::3121	HLA-DQB3	3121	ENSG00000226030	HLA-DQB3
Gene::729756	PRSS44	729756	ENSG00000226074	PRSS44P
Gene::647310	TEX22	647310	ENSG00000226174	TEX22
Gene::143502	OR52I2	143502	ENSG00000226288	OR52I2
Gene::728763	CROCC2	728763	ENSG00000226321	CROCC2
Gene::139425	DCAF8L1	139425	ENSG00000226372	DCAF8L1
Gene::196415	C12orf77	196415	ENSG00000226397	LINC02909
Gene::392197	USP17L7	392197	ENSG00000226430	USP17L7
Gene::79134	TMEM185B	79134	ENSG00000226479	TMEM185B
Gene::105373984	LOC105373984	105373984	ENSG00000226508	ROSSALIND
Gene::728042	CT47A9	728042	ENSG00000226600	CT47A9
Gene::388780	LOC388780	388780	ENSG00000226644	LINC03086
Gene::285643	KIF4B	285643	ENSG00000226650	KIF4B
Gene::100507170	CT47A12	100507170	ENSG00000226685	CT47A12
Gene::102725191	LOC102725191	102725191	ENSG00000226690	C7orf78
Gene::440498	HSBP1L1	440498	ENSG00000226742	HSBP1L1
Gene::259292	TAS2R46	259292	ENSG00000226761	TAS2R46
Gene::100170229	SRRM5	100170229	ENSG00000226763	SRRM5
Gene::441531	PGAM4	441531	ENSG00000226784	PGAM4
Gene::389690	MROH5	389690	ENSG00000226807	MROH5
Gene::100288413	ERVMER34-1	100288413	ENSG00000226887	ERVMER34-1
Gene::105379197	LOC105379197	105379197	ENSG00000226926	PDZPH1P
Gene::255313	CT47A11	255313	ENSG00000226929	CT47A11
Gene::378951	RBMY1J	378951	ENSG00000226941	RBMY1J
Gene::4049	LTA	4049	ENSG00000226979	LTA
Gene::56967	C14orf132	56967	ENSG00000227051	C14orf132
Gene::9277	WDR46	9277	ENSG00000227057	WDR46
Gene::647589	ANHX	647589	ENSG00000227059	ANHX
Gene::100131827	ZNF717	100131827	ENSG00000227124	ZNF717
Gene::728386	USP17L5	728386	ENSG00000227140	USP17L5
Gene::729246	PRR20D	729246	ENSG00000227151	PRR20D
Gene::728695	SPANXB1	728695	ENSG00000227234	SPANXB1
Gene::100144748	KLLN	100144748	ENSG00000227268	KLLN
Gene::100505570	LOC100505570	100505570	ENSG00000227306	LINC02708
Gene::8505	PARG	8505	ENSG00000227345	PARG
Gene::441282	AKR1B15	441282	ENSG00000227471	AKR1B15
Gene::100132399	GAGE12D	100132399	ENSG00000227488	GAGE12D
Gene::113178	SCAMP4	113178	ENSG00000227500	SCAMP4
Gene::4050	LTB	4050	ENSG00000227507	LTB
Gene::100287205	USP17L12	100287205	ENSG00000227551	USP17L12
Gene::647286	RD3L	647286	ENSG00000227729	RD3L
Gene::414061	DNAJB3	414061	ENSG00000227802	DNAJB3P
Gene::729059	C1orf234	729059	ENSG00000227868	TEX46
Gene::100507027	MRLN	100507027	ENSG00000227877	MRLN
Gene::246721	POLR2J2	246721	ENSG00000228049	POLR2J2
Gene::284257	BOD1L2	284257	ENSG00000228075	BOD1L2
Gene::3448	IFNA14	3448	ENSG00000228083	IFNA14
Gene::197350	CASP16	197350	ENSG00000228146	CASP16P
Gene::286238	LOC286238	286238	ENSG00000228189	LINC02843
Gene::127062	OR2M3	127062	ENSG00000228198	OR2M3
Gene::4509	ATP8	4509	ENSG00000228253	MT-ATP8
Gene::5005	ORM2	5005	ENSG00000228278	ORM2
Gene::55009	C19orf24	55009	ENSG00000228300	FAM174C
Gene::100128731	OST4	100128731	ENSG00000228474	OST4
Gene::653282	CT47A7	653282	ENSG00000228517	CT47A7
Gene::102723886	LOC102723886	102723886	ENSG00000228536	LYPLAL1-AS1
Gene::317703	VN1R4	317703	ENSG00000228567	VN1R4
Gene::643988	C1orf233	643988	ENSG00000228594	FNDC10
Gene::644672	CLDN25	644672	ENSG00000228607	CLDN25
Gene::169834	ZNF883	169834	ENSG00000228623	ZNF883
Gene::389333	PROB1	389333	ENSG00000228672	PROB1
Gene::100506084	ARL17B	100506084	ENSG00000228696	ARL17B
Gene::1719	DHFR	1719	ENSG00000228716	DHFR
Gene::401251	SAPCD1	401251	ENSG00000228727	SAPCD1
Gene::441521	CT45A5	441521	ENSG00000228836	CT45A5
Gene::728419	USP17L30	728419	ENSG00000228856	USP17L30
Gene::728137	TSPY3	728137	ENSG00000228927	TSPY3
Gene::6171	RPL41	6171	ENSG00000229117	RPL41
Gene::643847	PGA4	643847	ENSG00000229183	PGA4
Gene::102723727	LOC102723727	102723727	ENSG00000229258	LPGAT1-AS1
Gene::729974	RFPL4AL1	729974	ENSG00000229292	RFPL4AL1
Gene::5004	ORM1	5004	ENSG00000229314	ORM1
Gene::643365	LINC00452	643365	ENSG00000229373	LINC00452
Gene::253970	SFTA3	253970	ENSG00000229415	SFTA3
Gene::646424	SPINK8	646424	ENSG00000229453	SPINK8
Gene::197135	PATL2	197135	ENSG00000229474	PATL2
Gene::390010	NKX1-2	390010	ENSG00000229544	NKX1-2
Gene::728403	TSPY8	728403	ENSG00000229549	TSPY8
Gene::441873	PRAMEF25	441873	ENSG00000229571	PRAMEF25
Gene::728379	USP17L26	728379	ENSG00000229579	USP17L26
Gene::360205	PRAC2	360205	ENSG00000229637	PRAC2
Gene::729240	PRR20C	729240	ENSG00000229665	PRR20C
Gene::57615	ZNF492	57615	ENSG00000229676	ZNF492
Gene::146542	ZNF688	146542	ENSG00000229809	ZNF688
Gene::100131801	PET100	100131801	ENSG00000229833	PET100
Gene::643834	PGA3	643834	ENSG00000229859	PGA3
Gene::101929901	LOC101929901	101929901	ENSG00000229901	FOXO6-AS1
Gene::101928433	LOC101928433	101928433	ENSG00000229931	ATXN1-AS1
Gene::221823	PRPS1L1	221823	ENSG00000229937	PRPS1L1
Gene::105373764	LOC105373764	105373764	ENSG00000229941	PDE11A-AS1
Gene::105373368	LOC105373368	105373368	ENSG00000229967	MAGEA4-AS1
Gene::401067	IQCF3	401067	ENSG00000229972	IQCF3
Gene::100287399	POTEB2	100287399	ENSG00000230031	POTEB2
Gene::100287718	ANKRD66	100287718	ENSG00000230062	ANKRD66
Gene::84320	ACBD6	84320	ENSG00000230124	ACBD6
Gene::26683	OR4F3	26683	ENSG00000230178	OR4F3
Gene::441452	SPATA31C1	441452	ENSG00000230246	SPATA31C1
Gene::58160	NFE4	58160	ENSG00000230257	NFE4
Gene::79295	OR5H6	79295	ENSG00000230301	OR5H6
Gene::101929530	LOC101929530	101929530	ENSG00000230342	FANCD2P2
Gene::728049	CT47A8	728049	ENSG00000230347	CT47A8
Gene::728373	USP17L25	728373	ENSG00000230430	USP17L25
Gene::441459	ANKRD18B	441459	ENSG00000230453	ANKRD18B
Gene::100506012	PPP5D1	100506012	ENSG00000230510	PPP5D1P
Gene::125997	MBD3L2	125997	ENSG00000230522	MBD3L2
Gene::401447	USP17L1	401447	ENSG00000230549	USP17L1
Gene::728075	CT47A4	728075	ENSG00000230594	CT47A4
Gene::100505478	LOC100505478	100505478	ENSG00000230601	TEX48
Gene::5545	PRB4	5545	ENSG00000230657	PRB4
Gene::646817	SETSIP	646817	ENSG00000230667	SETSIP
Gene::101060160	DDTP1	101060160	ENSG00000230683	DDTP1
Gene::389895	LOC389895	389895	ENSG00000230707	HAPSTR2
Gene::100131244	ANKRD63	100131244	ENSG00000230778	ANKRD63
Gene::404281	YY2	404281	ENSG00000230797	YY2
Gene::105371130	LOC105371130	105371130	ENSG00000230872	SLC68A2P
Gene::401236	STMND1	401236	ENSG00000230873	STMND1
Gene::105375396	LOC105375396	105375396	ENSG00000230927	TMBIM7P
Gene::642587	MIR205HG	642587	ENSG00000230937	MIR205HG
Gene::3281	HSBP1	3281	ENSG00000230989	HSBP1
Gene::105378949	LOC105378949	105378949	ENSG00000231050	GNB1-DT
Gene::728400	USP17L28	728400	ENSG00000231051	USP17L28
Gene::100288323	KRTAP21-3	100288323	ENSG00000231068	KRTAP21-3
Gene::105378386	LOC105378386	105378386	ENSG00000231082	LINC02655
Gene::643479	FAM25E	643479	ENSG00000231122	FAM25EP
Gene::26341	OR5H1	26341	ENSG00000231192	OR5H1
Gene::389158	PLSCR5	389158	ENSG00000231213	PLSCR5
Gene::284067	C17orf105	284067	ENSG00000231256	CFAP97D1
Gene::100130827	SBK3	100130827	ENSG00000231274	SBK3
Gene::3113	HLA-DPA1	3113	ENSG00000231389	HLA-DPA1
Gene::100287144	USP17L10	100287144	ENSG00000231396	USP17L10
Gene::643355	LOC643355	643355	ENSG00000231437	LINC01750
Gene::6222	RPS18	6222	ENSG00000231500	RPS18
Gene::728405	USP17L29	728405	ENSG00000231637	USP17L29
Gene::144448	TSPAN19	144448	ENSG00000231738	TSPAN19
Gene::642597	C18orf42	642597	ENSG00000231824	AKAIN1
Gene::1589	CYP21A2	1589	ENSG00000231852	CYP21A2
Gene::402135	OR5K2	402135	ENSG00000231861	OR5K2
Gene::5554	PRH1	5554	ENSG00000231887	PRH1
Gene::5669	PSG1	5669	ENSG00000231924	PSG1
Gene::6892	TAPBP	6892	ENSG00000231925	TAPBP
Gene::102724668	LOC102724668	102724668	ENSG00000231952	DPY19L1P2
Gene::114821	ZBED9	114821	ENSG00000232040	SCAND3
Gene::643382	TMEM253	643382	ENSG00000232070	TMEM253
Gene::51372	TMA7	51372	ENSG00000232112	TMA7
Gene::730159	LOC730159	730159	ENSG00000232113	TEX50
Gene::28985	MCTS1	28985	ENSG00000232119	MCTS1
Gene::391475	DYTN	391475	ENSG00000232125	DYTN
Gene::647219	ASCL5	647219	ENSG00000232237	ASCL5
Gene::283953	TMEM114	283953	ENSG00000232258	TMEM114
Gene::100131902	KRTAP25-1	100131902	ENSG00000232263	KRTAP25-1
Gene::728369	USP17L24	728369	ENSG00000232264	USP17L24
Gene::390037	OR52I1	390037	ENSG00000232268	OR52I1
Gene::26339	OR5K1	26339	ENSG00000232382	OR5K1
Gene::100287238	USP17L13	100287238	ENSG00000232399	USP17L13
Gene::440561	PRAMEF6	440561	ENSG00000232423	PRAMEF6
Gene::389813	C9orf172	389813	ENSG00000232434	AJM1
Gene::100507507	LOC100507507	100507507	ENSG00000232533	FAM131B-AS2
Gene::103344928	KIAA1614-AS1	103344928	ENSG00000232586	KIAA1614-AS1
Gene::3120	HLA-DQB2	3120	ENSG00000232629	HLA-DQB2
Gene::643699	GOLGA8N	643699	ENSG00000232653	GOLGA8N
Gene::105376955	LOC105376955	105376955	ENSG00000232746	LINC02022
Gene::7124	TNF	7124	ENSG00000232810	TNF
Gene::100303755	PET117	100303755	ENSG00000232838	PET117
Gene::201229	LYRM9	201229	ENSG00000232859	LYRM9
Gene::245940	DEFB130	245940	ENSG00000232948	DEFB130A
Gene::100132403	FAM157B	100132403	ENSG00000233013	FAM157B
Gene::105376752	LOC105376752	105376752	ENSG00000233024	NPIPA9
Gene::644844	PHGR1	644844	ENSG00000233041	PHGR1
Gene::100133267	LOC100133267	100133267	ENSG00000233050	DEFB130B
Gene::90625	ERVH48-1	90625	ENSG00000233056	ERVH48-1
Gene::150786	WTH3DI	150786	ENSG00000233087	RAB6D
Gene::100287178	USP17L11	100287178	ENSG00000233136	USP17L11
Gene::100505877	UBE2E2-AS1	100505877	ENSG00000233153	UBE2E2-DT
Gene::643596	RNF224	643596	ENSG00000233198	RNF224
Gene::2876	GPX1	2876	ENSG00000233276	GPX1
Gene::403274	OR5H15	403274	ENSG00000233412	OR5H15
Gene::199882	LOC199882	199882	ENSG00000233430	PDE4DIPP3
Gene::643376	BTBD18	643376	ENSG00000233436	BTBD18
Gene::388564	TMEM238	388564	ENSG00000233493	TMEM238
Gene::117581	TWIST2	117581	ENSG00000233608	TWIST2
Gene::644139	PIRT	644139	ENSG00000233670	PIRT
Gene::389152	PRR23C	389152	ENSG00000233701	PRR23C
Gene::729384	TRIM49D2	729384	ENSG00000233802	TRIM49D2
Gene::728395	TSPY4	728395	ENSG00000233803	TSPY4
Gene::3447	IFNA13	3447	ENSG00000233816	IFNA13
Gene::8341	HIST1H2BN	8341	ENSG00000233822	H2BC15
Gene::100132911	DPH3P1	100132911	ENSG00000233838	DPH3P1
Gene::100996331	POTEB	100996331	ENSG00000233917	POTEB
Gene::6234	RPS28	6234	ENSG00000233927	RPS28
Gene::399697	CTXN2	399697	ENSG00000233932	CTXN2
Gene::440567	UQCRHL	440567	ENSG00000233954	UQCRHL
Gene::203569	PAGE2	203569	ENSG00000234068	PAGE2
Gene::7726	TRIM26	7726	ENSG00000234127	TRIM26
Gene::105376351	LOC105376351	105376351	ENSG00000234170	LINC02645
Gene::162083	C16orf82	162083	ENSG00000234186	C16orf82
Gene::730130	TMEM229A	730130	ENSG00000234224	TMEM229A
Gene::730268	LOC730268	730268	ENSG00000234231	ANAPC1P4
Gene::102723955	LOC102723955	102723955	ENSG00000234232	PDE4DIPP7
Gene::729250	PRR20E	729250	ENSG00000234278	PRR20E
Gene::345462	ZNF879	345462	ENSG00000234284	ZNF879
Gene::388849	LOC388849	388849	ENSG00000234409	CCDC188
Gene::5940	RBMY1A1	5940	ENSG00000234414	RBMY1A1
Gene::390594	KBTBD13	390594	ENSG00000234438	KBTBD13
Gene::728927	ZNF736	728927	ENSG00000234444	ZNF736
Gene::390940	PINLYP	390940	ENSG00000234465	PINLYP
Gene::100288814	CLDN34	100288814	ENSG00000234469	CLDN34
Gene::133874	C5orf58	133874	ENSG00000234511	C5orf58
Gene::257415	FAM133B	257415	ENSG00000234545	FAM133B
Gene::219869	OR10G8	219869	ENSG00000234560	OR10G8
Gene::345643	MCIDAS	345643	ENSG00000234602	MCIDAS
Gene::8629	JRK	8629	ENSG00000234616	JRK
Gene::100873985	MED14OS	100873985	ENSG00000234636	MED14OS
Gene::3106	HLA-B	3106	ENSG00000234745	HLA-B
Gene::143678	C11orf94	143678	ENSG00000234776	FREY1
Gene::285423	LOC285423	285423	ENSG00000234828	IQCM
Gene::3451	IFNA17	3451	ENSG00000234829	IFNA17
Gene::100132932	FAM197Y9	100132932	ENSG00000234830	FAM197Y9
Gene::344	APOC2	344	ENSG00000234906	APOC2
Gene::440829	SHISA8	440829	ENSG00000234965	SHISA8
Gene::342918	C19orf81	342918	ENSG00000235034	C19orf81
Gene::441869	ANKRD65	441869	ENSG00000235098	ANKRD65
Gene::64288	ZSCAN31	64288	ENSG00000235109	ZSCAN31
Gene::200726	LOC200726	200726	ENSG00000235118	FAM237A
Gene::387882	C12orf75	387882	ENSG00000235162	C12orf75
Gene::388588	SMIM1	388588	ENSG00000235169	SMIM1
Gene::51236	HGH1	51236	ENSG00000235173	HGH1
Gene::90673	PPP1R3E	90673	ENSG00000235194	PPP1R3E
Gene::390245	KDM4E	390245	ENSG00000235268	KDM4E
Gene::729020	RPEL1	729020	ENSG00000235376	RPEL1
Gene::402096	LOC402096	402096	ENSG00000235486	ANAPC1P6
Gene::150372	NFAM1	150372	ENSG00000235568	NFAM1
Gene::54729	NKX1-1	54729	ENSG00000235608	NKX1-1
Gene::378925	RNF148	378925	ENSG00000235631	RNF148
Gene::101060391	LOC101060391	101060391	ENSG00000235688	SNTG2-AS1
Gene::100133053	CXorf51B	100133053	ENSG00000235699	CXorf51B
Gene::149373	LOC149373	149373	ENSG00000235710	TRIM67-AS1
Gene::390616	ANKRD34C	390616	ENSG00000235711	ANKRD34C
Gene::83552	MFRP	83552	ENSG00000235718	MFRP
Gene::9674	KIAA0040	9674	ENSG00000235750	KIAA0040
Gene::728393	USP17L27	728393	ENSG00000235780	USP17L27
Gene::8705	B3GALT4	8705	ENSG00000235863	B3GALT4
Gene::448835	LCE6A	448835	ENSG00000235942	LCE6A
Gene::84968	PNMA6A	84968	ENSG00000235961	PNMA6A
Gene::100169851	PATE3	100169851	ENSG00000236027	PATE3
Gene::403273	OR5H14	403273	ENSG00000236032	OR5H14
Gene::9278	ZBTB22	9278	ENSG00000236104	ZBTB22
Gene::645402	USP17L4	645402	ENSG00000236125	USP17L4
Gene::728082	CT47A3	728082	ENSG00000236126	CT47A3
Gene::154790	CLEC2L	154790	ENSG00000236279	CLEC2L
Gene::58486	ZBED5	58486	ENSG00000236287	ZBED5
Gene::342618	SLFN14	342618	ENSG00000236320	SLFN14
Gene::644591	PPIAL4G	644591	ENSG00000236334	PPIAL4G
Gene::100008586	GAGE12F	100008586	ENSG00000236362	GAGE12F
Gene::728096	CT47A1	728096	ENSG00000236371	CT47A1
Gene::646000	SLC35G4	646000	ENSG00000236396	SLC35G4
Gene::259285	TAS2R39	259285	ENSG00000236398	TAS2R39
Gene::100289087	TSPY10	100289087	ENSG00000236424	TSPY10
Gene::728262	FAM157A	728262	ENSG00000236438	FAM157A
Gene::643311	CT47B1	643311	ENSG00000236446	CT47B1
Gene::54753	ZNF853	54753	ENSG00000236609	ZNF853
Gene::3441	IFNA4	3441	ENSG00000236637	IFNA4
Gene::100506922	LOC100506922	100506922	ENSG00000236682	MAP3K2-DT
Gene::54848	ARHGEF38	54848	ENSG00000236699	ARHGEF38
Gene::729428	GAGE12B	729428	ENSG00000236737	GAGE12B
Gene::643854	CTAGE9	643854	ENSG00000236761	CTAGE9
Gene::105378828	LOC105378828	105378828	ENSG00000236915	CLCA4-AS1
Gene::646498	C3orf84	646498	ENSG00000236980	CIMIP7
Gene::219870	OR10G9	219870	ENSG00000236981	OR10G9
Gene::392188	USP17L8	392188	ENSG00000237038	USP17L8
Gene::134860	TAAR9	134860	ENSG00000237110	TAAR9
Gene::646603	C4orf51	646603	ENSG00000237136	C4orf51
Gene::84752	B3GNT9	84752	ENSG00000237172	B3GNT9
Gene::91368	CDKN2AIPNL	91368	ENSG00000237190	XTBD1
Gene::100130880	LOC100130880	100130880	ENSG00000237243	CREB3L2-AS1
Gene::284428	MBD3L5	284428	ENSG00000237247	MBD3L5
Gene::101927546	ANO7P1	101927546	ENSG00000237276	ANO7L1
Gene::1159	CKMT1B	1159	ENSG00000237289	CKMT1B
Gene::401934	RNF223	401934	ENSG00000237330	RNF223
Gene::399968	PATE4	399968	ENSG00000237353	PATE4
Gene::403253	OR4A47	403253	ENSG00000237388	OR4A47
Gene::646960	PRSS56	646960	ENSG00000237412	PRSS56
Gene::100129842	ZNF737	100129842	ENSG00000237440	ZNF737
Gene::5863	RGL2	5863	ENSG00000237441	RGL2
Gene::388553	BHMG1	388553	ENSG00000237452	MEIOSIN
Gene::105376432	LOC105376432	105376432	ENSG00000237470	DCLRE1CP1
Gene::105378580	LOC105378580	105378580	ENSG00000237491	LINC01409
Gene::729993	SHISA9	729993	ENSG00000237515	SHISA9
Gene::26648	OR7E24	26648	ENSG00000237521	OR7E24
Gene::101929926	LOC101929926	101929926	ENSG00000237524	TEX51
Gene::3118	HLA-DQA2	3118	ENSG00000237541	HLA-DQA2
Gene::3833	KIFC1	3833	ENSG00000237649	KIFC1
Gene::339804	C2orf74	339804	ENSG00000237651	DEMA1
Gene::729422	GAGE12C	729422	ENSG00000237671	GAGE12C
Gene::345611	IRGM	345611	ENSG00000237693	IRGM
Gene::645382	LOC645382	645382	ENSG00000237700	PRAMEF33
Gene::276	AMY1A	276	ENSG00000237763	AMY1A
Gene::285550	FAM200B	285550	ENSG00000237765	ZBED11
Gene::152118	C3orf79	152118	ENSG00000237787	LINC02877
Gene::645202	LOC645202	645202	ENSG00000237850	GOLGA6L24
Gene::728072	CT47A5	728072	ENSG00000237957	CT47A5
Gene::101060171	ARMC4P1	101060171	ENSG00000238021	ODAD2P1
Gene::474170	LRRC37A2	474170	ENSG00000238083	LRRC37A2
Gene::347411	MPC1L	347411	ENSG00000238205	MPC1L
Gene::90120	C9orf69	90120	ENSG00000238227	TMEM250
Gene::343171	OR2W3	343171	ENSG00000238243	OR2W3
Gene::389860	PAGE2B	389860	ENSG00000238269	PAGE2B
Gene::81567	TXNDC5	81567	ENSG00000239264	TXNDC5
Gene::652968	GATSL3	652968	ENSG00000239282	CASTOR1
Gene::7844	RNF103	7844	ENSG00000239305	RNF103
Gene::10432	RBM14	10432	ENSG00000239306	RBM14
Gene::84964	ALKBH6	84964	ENSG00000239382	ALKBH6
Gene::142686	ASB14	142686	ENSG00000239388	ASB14
Gene::56136	PCDHA13	56136	ENSG00000239389	PCDHA13
Gene::10324	KLHL41	10324	ENSG00000239474	KLHL41
Gene::352954	GATS	352954	ENSG00000239521	CASTOR3P
Gene::26219	OR1J4	26219	ENSG00000239590	OR1J4
Gene::285051	C2orf61	285051	ENSG00000239605	STPG4
Gene::728637	MEIKIN	728637	ENSG00000239642	MEIKIN
Gene::4830	NME1	4830	ENSG00000239672	NME1
Gene::8742	TNFSF12	8742	ENSG00000239697	TNFSF12
Gene::284040	CDRT4	284040	ENSG00000239704	CDRT4
Gene::60489	APOBEC3G	60489	ENSG00000239713	APOBEC3G
Gene::54106	TLR9	54106	ENSG00000239732	TLR9
Gene::23559	WBP1	23559	ENSG00000239779	WBP1
Gene::51373	MRPS17	51373	ENSG00000239789	MRPS17
Gene::440560	PRAMEF11	440560	ENSG00000239810	PRAMEF11
Gene::1668	DEFA3	1668	ENSG00000239839	DEFA3
Gene::51608	GET4	51608	ENSG00000239857	GET4
Gene::83899	KRTAP9-2	83899	ENSG00000239886	KRTAP9-2
Gene::400793	C1orf226	400793	ENSG00000239887	C1orf226
Gene::158	ADSL	158	ENSG00000239900	ADSL
Gene::23547	LILRA4	23547	ENSG00000239961	LILRA4
Gene::11027	LILRA2	11027	ENSG00000239998	LILRA2
Gene::84066	TEX35	84066	ENSG00000240021	TEX35
Gene::280	AMY2B	280	ENSG00000240038	AMY2B
Gene::58496	LY6G5B	58496	ENSG00000240053	LY6G5B
Gene::5698	PSMB9	5698	ENSG00000240065	PSMB9
Gene::5098	PCDHGC3	5098	ENSG00000240184	PCDHGC3
Gene::100287482	SMKR1	100287482	ENSG00000240204	SMKR1
Gene::90639	COX19	90639	ENSG00000240230	COX19
Gene::728358	DEFA1B	728358	ENSG00000240247	DEFA1B
Gene::84129	ACAD11	84129	ENSG00000240303	ACAD11
Gene::53938	PPIL3	53938	ENSG00000240344	PPIL3
Gene::353137	LCE1F	353137	ENSG00000240386	LCE1F
Gene::3812	KIR3DL2	3812	ENSG00000240403	KIR3DL2
Gene::337960	KRTAP13-3	337960	ENSG00000240432	KRTAP13-3
Gene::23495	TNFRSF13B	23495	ENSG00000240505	TNFRSF13B
Gene::728318	KRTAP9-1	728318	ENSG00000240542	KRTAP9-1
Gene::54596	L1TD1	54596	ENSG00000240563	L1TD1
Gene::358	AQP1	358	ENSG00000240583	AQP1
Gene::338872	C1QTNF9	338872	ENSG00000240654	C1QTNF9
Gene::57461	ISY1	57461	ENSG00000240682	ISY1
Gene::10687	PNMA2	10687	ENSG00000240694	PNMA2
Gene::401387	LRRD1	401387	ENSG00000240720	LRRD1
Gene::100506243	KRBOX1	100506243	ENSG00000240747	KRABD1
Gene::56097	PCDHGC5	56097	ENSG00000240764	PCDHGC5
Gene::115557	ARHGEF25	115557	ENSG00000240771	ARHGEF25
Gene::387521	TMEM189	387521	ENSG00000240849	PEDS1
Gene::57665	RDH14	57665	ENSG00000240857	RDH14
Gene::100132476	KRTAP4-7	100132476	ENSG00000240871	KRTAP4-7
Gene::257068	PLCXD2	257068	ENSG00000240891	PLCXD2
Gene::4282	MIF	4282	ENSG00000240972	MIF
Gene::221078	NSUN6	221078	ENSG00000241058	NSUN6
Gene::3112	HLA-DOB	3112	ENSG00000241106	HLA-DOB
Gene::54600	UGT1A9	54600	ENSG00000241119	UGT1A9
Gene::386680	KRTAP10-5	386680	ENSG00000241123	KRTAP10-5
Gene::57002	YAE1D1	57002	ENSG00000241127	YAE1
Gene::6997	TDGF1	6997	ENSG00000241186	CRIPTO
Gene::57830	KRTAP5-8	57830	ENSG00000241233	KRTAP5-8
Gene::27297	CRCP	27297	ENSG00000241258	CRCP
Gene::374286	CDRT1	374286	ENSG00000241322	FBXW10B
Gene::6173	RPL36A	6173	ENSG00000241343	RPL36A
Gene::57026	PDXP	57026	ENSG00000241360	PDXP
Gene::79897	RPP21	79897	ENSG00000241370	RPP21
Gene::9936	CD302	9936	ENSG00000241399	CD302
Gene::80864	EGFL8	80864	ENSG00000241404	EGFL8
Gene::9551	ATP5J2	9551	ENSG00000241468	ATP5MF
Gene::6757	SSX2	6757	ENSG00000241476	SSX2
Gene::23779	ARHGAP8	23779	ENSG00000241484	ARHGAP8
Gene::10093	ARPC4	10093	ENSG00000241553	ARPC4
Gene::1325	CORT	1325	ENSG00000241563	CORT
Gene::85280	KRTAP9-4	85280	ENSG00000241595	KRTAP9-4
Gene::387267	KRTAP5-4	387267	ENSG00000241598	KRTAP5-4
Gene::54658	UGT1A1	54658	ENSG00000241635	UGT1A1
Gene::11185	INMT	11185	ENSG00000241644	INMT
Gene::10552	ARPC1A	10552	ENSG00000241685	ARPC1A
Gene::8577	TMEFF1	8577	ENSG00000241697	TMEFF1
Gene::6700	SPRR2A	6700	ENSG00000241794	SPRR2A
Gene::539	ATP5O	539	ENSG00000241837	ATP5PO
Gene::80301	PLEKHO2	80301	ENSG00000241839	PLEKHO2
Gene::541565	C8orf58	541565	ENSG00000241852	C8orf58
Gene::23761	PISD	23761	ENSG00000241878	PISD
Gene::112817	HOGA1	112817	ENSG00000241935	HOGA1
Gene::5822	PWP2	5822	ENSG00000241945	PWP2
Gene::5297	PI4KA	5297	ENSG00000241973	PI4KA
Gene::115653	KIR3DL3	115653	ENSG00000242019	KIR3DL3
Gene::25764	HYPK	25764	ENSG00000242028	HYPK
Gene::23600	AMACR	23600	ENSG00000242110	AMACR
Gene::51537	MTFP1	51537	ENSG00000242114	MTFP1
Gene::398	ARHGDIG	398	ENSG00000242173	ARHGDIG
Gene::140290	TCP10L	140290	ENSG00000242220	TCP10L
Gene::5670	PSG2	5670	ENSG00000242221	PSG2
Gene::26286	ARFGAP3	26286	ENSG00000242247	ARFGAP3
Gene::632	BGLAP	632	ENSG00000242252	BGLAP
Gene::128977	C22orf39	128977	ENSG00000242259	C22orf39
Gene::23089	PEG10	23089	ENSG00000242265	PEG10
Gene::728090	CT47A2	728090	ENSG00000242362	CT47A2
Gene::54576	UGT1A8	54576	ENSG00000242366	UGT1A8
Gene::3692	EIF6	3692	ENSG00000242372	EIF6
Gene::378950	RBMY1E	378950	ENSG00000242389	RBMY1E
Gene::56098	PCDHGC4	56098	ENSG00000242419	PCDHGC4
Gene::11036	GTF2A1L	11036	ENSG00000242441	GTF2A1L
Gene::55052	MRPL20	55052	ENSG00000242485	MRPL20
Gene::348110	ARPIN	348110	ENSG00000242498	ARPIN
Gene::54575	UGT1A10	54575	ENSG00000242515	UGT1A10
Gene::4104	MAGEA5	4104	ENSG00000242520	MAGEA5P
Gene::5273	SERPINB10	5273	ENSG00000242550	SERPINB10
Gene::3109	HLA-DMB	3109	ENSG00000242574	HLA-DMB
Gene::26063	DECR2	26063	ENSG00000242612	DECR2
Gene::2790	GNG10	2790	ENSG00000242616	GNG10
Gene::1270	CNTF	1270	ENSG00000242689	CNTF
Gene::728591	CCDC169	728591	ENSG00000242715	CCDC169
Gene::340526	RGAG4	340526	ENSG00000242732	RTL5
Gene::9907	AP5Z1	9907	ENSG00000242802	AP5Z1
Gene::163051	ZNF709	163051	ENSG00000242852	ZNF709
Gene::161497	STRC	161497	ENSG00000242866	STRC
Gene::378948	RBMY1B	378948	ENSG00000242875	RBMY1B
Gene::30816	ERVW-1	30816	ENSG00000242950	ERVW-1
Gene::441490	FTH1P18	441490	ENSG00000243048	FTHL18P
Gene::8637	EIF4EBP3	8637	ENSG00000243056	EIF4EBP3
Gene::400735	PRAMEF4	400735	ENSG00000243073	PRAMEF4
Gene::5680	PSG11	5680	ENSG00000243130	PSG11
Gene::5672	PSG4	5672	ENSG00000243137	PSG4
Gene::9553	MRPL33	9553	ENSG00000243147	MRPL33
Gene::57553	MICAL3	57553	ENSG00000243156	MICAL3
Gene::692312	PPAN-P2RY11	692312	ENSG00000243207	PPAN-P2RY11
Gene::56134	PCDHAC2	56134	ENSG00000243232	PCDHAC2
Gene::11037	STON1	11037	ENSG00000243244	STON1
Gene::11230	PRAF2	11230	ENSG00000243279	PRAF2
Gene::391123	VSIG8	391123	ENSG00000243284	VSIG8
Gene::647087	C7orf73	647087	ENSG00000243317	STMP1
Gene::154881	KCTD7	154881	ENSG00000243335	KCTD7
Gene::1945	EFNA4	1945	ENSG00000243364	EFNA4
Gene::353376	TICAM2	353376	ENSG00000243414	TICAM2
Gene::401115	C4orf48	401115	ENSG00000243449	NICOL1
Gene::24142	NAT6	24142	ENSG00000243477	NAA80
Gene::279	AMY2A	279	ENSG00000243480	AMY2A
Gene::386678	KRTAP10-11	386678	ENSG00000243489	KRTAP10-11
Gene::8771	TNFRSF6B	8771	ENSG00000243509	TNFRSF6B
Gene::140870	WFDC6	140870	ENSG00000243543	WFDC6
Gene::105375355	LOC105375355	105375355	ENSG00000243566	UPK3B
Gene::388820	LOC388820	388820	ENSG00000243627	SMIM34
Gene::3588	IL10RB	3588	ENSG00000243646	IL10RB
Gene::629	CFB	629	ENSG00000243649	CFB
Gene::116143	WDR92	116143	ENSG00000243667	DNAAF10
Gene::4831	NME2	4831	ENSG00000243678	NME2
Gene::100137049	PLA2G4B	100137049	ENSG00000243708	PLA2G4B
Gene::10637	LEFTY1	10637	ENSG00000243709	LEFTY1
Gene::149465	CFAP57	149465	ENSG00000243710	CFAP57
Gene::100132247	NPIPB5	100132247	ENSG00000243716	NPIPB5
Gene::7268	TTC4	7268	ENSG00000243725	TTC4
Gene::81696	OR5V1	81696	ENSG00000243729	OR5V1
Gene::100506144	ZMYM6NB	100506144	ENSG00000243749	TMEM35B
Gene::3804	KIR2DL3	3804	ENSG00000243772	KIR2DL3
Gene::100137047	JMJD7	100137047	ENSG00000243789	JMJD7
Gene::140564	APOBEC3D	140564	ENSG00000243811	APOBEC3D
Gene::401427	OR2A7	401427	ENSG00000243896	OR2A7
Gene::64968	MRPS6	64968	ENSG00000243927	MRPS6
Gene::84450	ZNF512	84450	ENSG00000243943	ZNF512
Gene::2938	GSTA1	2938	ENSG00000243955	GSTA1
Gene::57529	RGAG1	57529	ENSG00000243978	RTL9
Gene::95	ACY1	95	ENSG00000243989	ACY1
Gene::9054	NFS1	9054	ENSG00000244005	NFS1
Gene::645745	MT1HL1	645745	ENSG00000244020	MT1HL1
Gene::337970	KRTAP19-3	337970	ENSG00000244025	KRTAP19-3
Gene::1650	DDOST	1650	ENSG00000244038	DDOST
Gene::147007	TMEM199	147007	ENSG00000244045	VMA12
Gene::353144	LCE3C	353144	ENSG00000244057	LCE3C
Gene::2939	GSTA2	2939	ENSG00000244067	GSTA2
Gene::6705	SPRR2F	6705	ENSG00000244094	SPRR2F
Gene::552891	DNAJC25-GNG10	552891	ENSG00000244115	DNAJC25-GNG10
Gene::54577	UGT1A7	54577	ENSG00000244122	UGT1A7
Gene::5032	P2RY11	5032	ENSG00000244165	P2RY11
Gene::85014	TMEM141	85014	ENSG00000244187	TMEM141
Gene::100289187	GS1-259H13.2	100289187	ENSG00000244219	TMEM225B
Gene::402778	IFITM10	402778	ENSG00000244242	IFITM10
Gene::55861	DBNDD2	55861	ENSG00000244274	DBNDD2
Gene::58530	LY6G6D	58530	ENSG00000244355	LY6G6D
Gene::337974	KRTAP19-7	337974	ENSG00000244362	KRTAP19-7
Gene::378949	RBMY1D	378949	ENSG00000244395	RBMY1D
Gene::2119	ETV5	2119	ENSG00000244405	ETV5
Gene::440050	KRTAP5-7	440050	ENSG00000244411	KRTAP5-7
Gene::3078	CFHR1	3078	ENSG00000244414	CFHR1
Gene::10137	RBM12	10137	ENSG00000244462	RBM12
Gene::54657	UGT1A4	54657	ENSG00000244474	UGT1A4
Gene::405754	ERVFRD-1	405754	ENSG00000244476	ERVFRD-1
Gene::79168	LILRA6	79168	ENSG00000244482	LILRA6
Gene::91179	SCARF2	91179	ENSG00000244486	SCARF2
Gene::27350	APOBEC3C	27350	ENSG00000244509	APOBEC3C
Gene::85291	KRTAP4-2	85291	ENSG00000244537	KRTAP4-2
Gene::642636	RAD21L1	642636	ENSG00000244588	RAD21L1
Gene::152206	CCDC13	152206	ENSG00000244607	CCDC13
Gene::151516	ASPRV1	151516	ENSG00000244617	ASPRV1
Gene::81392	OR2AE1	81392	ENSG00000244623	OR2AE1
Gene::337975	KRTAP20-1	337975	ENSG00000244624	KRTAP20-1
Gene::353515	XKRY2	353515	ENSG00000244646	XKRYP7
Gene::9103	FCGR2C	9103	ENSG00000244682	FCGR2C
Gene::7335	UBE2V1	7335	ENSG00000244687	UBE2V1
Gene::442213	PTCHD4	442213	ENSG00000244694	PTCHD4
Gene::720	C4A	720	ENSG00000244731	C4A
Gene::3043	HBB	3043	ENSG00000244734	HBB
Gene::1415	CRYBB2	1415	ENSG00000244752	CRYBB2
Gene::10443	N4BP2L2	10443	ENSG00000244754	N4BP2L2
Gene::105374693	LOC105374693	105374693	ENSG00000245662	LINC02211
Gene::92285	ZNF585B	92285	ENSG00000245680	ZNF585B
Gene::643911	CRNDE	643911	ENSG00000245694	CRNDE
Gene::1050	CEBPA	1050	ENSG00000245848	CEBPA
Gene::55766	H2AFJ	55766	ENSG00000246705	H2AJ
Gene::390595	UBAP1L	390595	ENSG00000246922	UBAP1L
Gene::192111	PGAM5	192111	ENSG00000247077	PGAM5
Gene::85364	ZCCHC3	85364	ENSG00000247315	ZCCHC3
Gene::11344	TWF2	11344	ENSG00000247596	TWF2
Gene::92935	MARS2	92935	ENSG00000247626	MARS2
Gene::102725021	LOC102725021	102725021	ENSG00000247728	ARHGAP11B-DT
Gene::158880	USP51	158880	ENSG00000247746	USP51
Gene::593	BCKDHA	593	ENSG00000248098	BCKDHA
Gene::3640	INSL3	3640	ENSG00000248099	INSL3
Gene::105378220	LOC105378220	105378220	ENSG00000248109	MARCOL
Gene::126	ADH1C	126	ENSG00000248144	ADH1C
Gene::105377621	LOC105377621	105377621	ENSG00000248161	NFKB1-AS1
Gene::202658	TRIM39-RPP21	202658	ENSG00000248167	TRIM39-RPP21
Gene::100506013	APELA	100506013	ENSG00000248329	APELA
Gene::984	CDK11B	984	ENSG00000248333	CDK11B
Gene::56135	PCDHAC1	56135	ENSG00000248383	PCDHAC1
Gene::441864	TARM1	441864	ENSG00000248385	TARM1
Gene::553158	PRR5-ARHGAP8	553158	ENSG00000248405	PRR5-ARHGAP8
Gene::134187	POU5F2	134187	ENSG00000248483	POU5F2
Gene::654790	PCP4L1	654790	ENSG00000248485	PCP4L1
Gene::25864	ABHD14A	25864	ENSG00000248487	ABHD14A
Gene::23520	ANP32C	23520	ENSG00000248546	ANP32CP
Gene::100861519	GDNF-AS1	100861519	ENSG00000248587	GDNF-AS1
Gene::100526772	TMEM110-MUSTN1	100526772	ENSG00000248592	STIMATE-MUSTN1
Gene::100526737	RBM14-RBM4	100526737	ENSG00000248643	RBM14-RBM4
Gene::100526664	LY75-CD302	100526664	ENSG00000248672	LY75-CD302
Gene::100174949	TRIM59-IFT80	100174949	ENSG00000248710	TRIM59-IFT80
Gene::283152	CCDC153	283152	ENSG00000248712	DRC12
Gene::285556	LOC285556	285556	ENSG00000248713	C4orf54
Gene::89	ACTN3	89	ENSG00000248746	ACTN3
Gene::105377532	LOC105377532	105377532	ENSG00000248822	APOBEC3AP1
Gene::407977	TNFSF12-TNFSF13	407977	ENSG00000248871	TNFSF12-TNFSF13
Gene::342184	FMN1	342184	ENSG00000248905	FMN1
Gene::100526740	ATP5J2-PTCD1	100526740	ENSG00000248919	ATP5MF-PTCD1
Gene::100287404	USP17L19	100287404	ENSG00000248920	USP17L19
Gene::100287513	USP17L22	100287513	ENSG00000248933	USP17L22
Gene::100287327	USP17L17	100287327	ENSG00000249104	USP17L17
Gene::23354	HAUS5	23354	ENSG00000249115	HAUS5
Gene::100526773	EPPIN-WFDC6	100526773	ENSG00000249139	EPPIN-WFDC6
Gene::56138	PCDHA11	56138	ENSG00000249158	PCDHA11
Gene::267020	ATP5L2	267020	ENSG00000249222	ATP5MGL
Gene::441027	TMEM150C	441027	ENSG00000249242	TMEM150C
Gene::4671	NAIP	4671	ENSG00000249437	NAIP
Gene::729288	ZNF286B	729288	ENSG00000249459	ZNF286B
Gene::388569	ZNF324B	388569	ENSG00000249471	ZNF324B
Gene::221409	SPATS1	221409	ENSG00000249481	SPATS1
Gene::645104	CLRN2	645104	ENSG00000249581	CLRN2
Gene::100506564	THEGL	100506564	ENSG00000249693	SPMAP2L
Gene::163050	ZNF564	163050	ENSG00000249709	ZNF564
Gene::90342	FER1L5	90342	ENSG00000249715	FER1L5
Gene::641700	ECSCR	641700	ENSG00000249751	ECSCR
Gene::100287478	USP17L21	100287478	ENSG00000249811	USP17L21
Gene::105379054	LOC105379054	105379054	ENSG00000249835	VCAN-AS1
Gene::222537	HS3ST5	222537	ENSG00000249853	HS3ST5
Gene::148003	LGALS16	148003	ENSG00000249861	LGALS16
Gene::100526767	RNF103-CHMP3	100526767	ENSG00000249884	RNF103-CHMP3
Gene::10016	PDCD6	10016	ENSG00000249915	PDCD6
Gene::653125	GOLGA8K	653125	ENSG00000249931	GOLGA8K
Gene::57733	GBA3	57733	ENSG00000249948	GBA3
Gene::283847	CCDC79	283847	ENSG00000249961	TERB1
Gene::25907	TMEM158	25907	ENSG00000249992	TMEM158
Gene::100526783	C15orf38-AP3S2	100526783	ENSG00000250021	ARPIN-AP3S2
Gene::374887	YJEFN3	374887	ENSG00000250067	YJEFN3
Gene::56139	PCDHA10	56139	ENSG00000250120	PCDHA10
Gene::285500	LOC285500	285500	ENSG00000250131	AGA-DT
Gene::100526693	ARPC4-TTLL3	100526693	ENSG00000250151	ARPC4-TTLL3
Gene::10744	PTTG2	10744	ENSG00000250254	PTTG2
Gene::100507096	GIMD1	100507096	ENSG00000250298	GIMD1
Gene::57604	KIAA1456	57604	ENSG00000250305	TRMT9B
Gene::255403	ZNF718	255403	ENSG00000250312	ZNF718
Gene::389203	SMIM20	389203	ENSG00000250317	SMIM20
Gene::105377623	LOC105377623	105377623	ENSG00000250326	USP38-DT
Gene::105377595	LOC105377595	105377595	ENSG00000250327	RPSAP70
Gene::2994	GYPB	2994	ENSG00000250361	GYPB
Gene::57481	KIAA1210	57481	ENSG00000250423	KIAA1210
Gene::400916	CHCHD10	400916	ENSG00000250479	CHCHD10
Gene::152756	FAM218A	152756	ENSG00000250486	FAM218A
Gene::1018	CDK3	1018	ENSG00000250506	CDK3
Gene::27239	GPR162	27239	ENSG00000250510	GPR162
Gene::90423	ATP6V1E2	90423	ENSG00000250565	ATP6V1E2
Gene::2738	GLI4	2738	ENSG00000250571	GLI4
Gene::105377267	LOC105377267	105377267	ENSG00000250696	UGT2B11-AS1
Gene::100526761	CCDC169-SOHLH2	100526761	ENSG00000250709	CCDC169-SOHLH2
Gene::6414	SEPP1	6414	ENSG00000250722	SELENOP
Gene::100507249	C8orf17	100507249	ENSG00000250733	C8orf17
Gene::100526794	NT5C1B-RDH14	100526794	ENSG00000250741	NT5C1B-RDH14
Gene::100287441	USP17L20	100287441	ENSG00000250745	USP17L20
Gene::58510	PRODH2	58510	ENSG00000250799	PRODH2
Gene::100505841	LOC100505841	100505841	ENSG00000250803	ZNF475
Gene::100287364	USP17L18	100287364	ENSG00000250844	USP17L18
Gene::9082	XKRY	9082	ENSG00000250868	XKRY
Gene::101241878	USP17L23	101241878	ENSG00000250913	USP17L23
Gene::101928242	LOC101928242	101928242	ENSG00000250995	TMEM30BP1
Gene::102723899	LOC102723899	102723899	ENSG00000251154	PTTG1IP2
Gene::641339	ZNF674	641339	ENSG00000251192	ZNF674
Gene::100302736	TMED7-TICAM2	100302736	ENSG00000251201	TMED7-TICAM2
Gene::25850	ZNF345	25850	ENSG00000251247	ZNF345
Gene::442247	RFPL4B	442247	ENSG00000251258	RFPL4B
Gene::644974	ALG1L2	644974	ENSG00000251287	ALG1L2
Gene::85358	SHANK3	85358	ENSG00000251322	SHANK3
Gene::100526694	MSANTD3-TMEFF1	100526694	ENSG00000251349	MSANTD3-TMEFF1
Gene::162972	ZNF550	162972	ENSG00000251369	ZNF550
Gene::140947	DCANP1	140947	ENSG00000251380	DCANP1
Gene::102724404	LOC102724404	102724404	ENSG00000251405	NIPAL4-DT
Gene::2297	FOXD1	2297	ENSG00000251493	FOXD1
Gene::100526739	APITD1-CORT	100526739	ENSG00000251503	CENPS-CORT
Gene::5542	PRB1	5542	ENSG00000251655	PRB1
Gene::56137	PCDHA12	56137	ENSG00000251664	PCDHA12
Gene::390667	PTX4	390667	ENSG00000251692	PTX4
Gene::729330	OC90	729330	ENSG00000253117	OC90
Gene::431704	RGS21	431704	ENSG00000253148	RGS21
Gene::26025	PCDHGA12	26025	ENSG00000253159	PCDHGA12
Gene::100127983	C8orf88	100127983	ENSG00000253250	C8orf88
Gene::168455	CCDC71L	168455	ENSG00000253276	CCDC71L
Gene::3206	HOXA10	3206	ENSG00000253293	HOXA10
Gene::399474	TMEM200B	399474	ENSG00000253304	TMEM200B
Gene::56100	PCDHGB6	56100	ENSG00000253305	PCDHGB6
Gene::647174	SERPINE3	647174	ENSG00000253309	SERPINE3
Gene::149466	C1orf210	149466	ENSG00000253313	C1orf210
Gene::388610	TRNP1	388610	ENSG00000253368	TRNP1
Gene::105379194	LOC105379194	105379194	ENSG00000253404	CTNNA1-AS1
Gene::100507341	SMIM18	100507341	ENSG00000253457	SMIM18
Gene::56110	PCDHGA5	56110	ENSG00000253485	PCDHGA5
Gene::342538	NACA2	342538	ENSG00000253506	NACA2
Gene::56108	PCDHGA7	56108	ENSG00000253537	PCDHGA7
Gene::152138	PYDC2	152138	ENSG00000253548	PYDC2
Gene::105377716	LOC105377716	105377716	ENSG00000253591	KCNIP1-AS1
Gene::347051	SLC10A5	347051	ENSG00000253598	SLC10A5
Gene::143244	EIF5AL1	143244	ENSG00000253626	EIF5AL1
Gene::346702	PRSS51	346702	ENSG00000253649	PRSS51
Gene::440138	ALG11	440138	ENSG00000253710	ALG11
Gene::552889	ATXN7L3B	552889	ENSG00000253719	ATXN7L3B
Gene::5591	PRKDC	5591	ENSG00000253729	PRKDC
Gene::56109	PCDHGA6	56109	ENSG00000253731	PCDHGA6
Gene::101928058	LOC101928058	101928058	ENSG00000253764	KBTBD11-AS1
Gene::9708	PCDHGA8	9708	ENSG00000253767	PCDHGA8
Gene::9724	UTP14C	9724	ENSG00000253797	UTP14C
Gene::440695	ETV3L	440695	ENSG00000253831	ETV3L
Gene::56106	PCDHGA10	56106	ENSG00000253846	PCDHGA10
Gene::56105	PCDHGA11	56105	ENSG00000253873	PCDHGA11
Gene::56103	PCDHGB2	56103	ENSG00000253910	PCDHGB2
Gene::8641	PCDHGB4	8641	ENSG00000253953	PCDHGB4
Gene::137075	CLDN23	137075	ENSG00000253958	CLDN23
Gene::339324	ZNF260	339324	ENSG00000254004	ZNF260
Gene::4067	LYN	4067	ENSG00000254087	LYN
Gene::54984	PINX1	54984	ENSG00000254093	PINX1
Gene::56099	PCDHGB7	56099	ENSG00000254122	PCDHGB7
Gene::728888	NPIPB11	728888	ENSG00000254206	NPIPB11
Gene::56104	PCDHGB1	56104	ENSG00000254221	PCDHGB1
Gene::56112	PCDHGA3	56112	ENSG00000254245	PCDHGA3
Gene::441381	LRRC24	441381	ENSG00000254402	LRRC24
Gene::100049587	SIGLEC14	100049587	ENSG00000254415	SIGLEC14
Gene::59351	PBOV1	59351	ENSG00000254440	PBOV1
Gene::390197	OR4D10	390197	ENSG00000254466	OR4D10
Gene::91056	AP5B1	91056	ENSG00000254470	AP5B1
Gene::105376114	LOC105376114	105376114	ENSG00000254473	UBQLN1-AS1
Gene::29082	CHMP4A	29082	ENSG00000254505	CHMP4A
Gene::89858	SIGLEC12	89858	ENSG00000254521	SIGLEC12
Gene::132430	PABPC4L	132430	ENSG00000254535	PABPC4L
Gene::4975	OMP	4975	ENSG00000254550	OMP
Gene::105376544	LOC105376544	105376544	ENSG00000254554	ADM-DT
Gene::54551	MAGEL2	54551	ENSG00000254585	MAGEL2
Gene::283106	CSNK2A3	283106	ENSG00000254598	CSNK2A3
Gene::100652777	LOC100652777	100652777	ENSG00000254609	PLA2G10BP
Gene::387715	ARMS2	387715	ENSG00000254636	ARMS2
Gene::3630	INS	3630	ENSG00000254647	INS
Gene::388015	RTL1	388015	ENSG00000254656	RTL1
Gene::8790	FPGT	8790	ENSG00000254685	FPGT
Gene::100423062	IGLL5	100423062	ENSG00000254709	IGLL5
Gene::92312	MEX3A	92312	ENSG00000254726	MEX3A
Gene::390264	OR10G4	390264	ENSG00000254737	OR10G4
Gene::1937	EEF1G	1937	ENSG00000254772	EEF1G
Gene::100529251	CKLF-CMTM1	100529251	ENSG00000254788	CKLF-CMTM1
Gene::105369316	LOC105369316	105369316	ENSG00000254799	SLC25A47P1
Gene::5003	SLC22A18AS	5003	ENSG00000254827	SLC67A1-AS
Gene::390167	OR5M10	390167	ENSG00000254834	OR5M10
Gene::642799	NPIPA2	642799	ENSG00000254852	NPIPA2
Gene::84769	MPV17L2	84769	ENSG00000254858	MPV17L2
Gene::101927503	LOC101927503	101927503	ENSG00000254872	LINC02688
Gene::729991	MEF2BNB	729991	ENSG00000254901	BORCS8
Gene::10072	DPP3	10072	ENSG00000254986	DPP3
Gene::404734	ANKHD1-EIF4EBP3	404734	ENSG00000254996	ANKHD1-EIF4EBP3
Gene::3846	KRTAP5-9	3846	ENSG00000254997	KRTAP5-9
Gene::55845	BRK1	55845	ENSG00000254999	BRK1
Gene::642623	UBTFL1	642623	ENSG00000255009	UBTFL1
Gene::390168	OR5M1	390168	ENSG00000255012	OR5M1
Gene::100528017	SAA2-SAA4	100528017	ENSG00000255071	SAA2-SAA4
Gene::84992	PIGY	84992	ENSG00000255072	PIGY
Gene::57132	CHMP1B	57132	ENSG00000255112	CHMP1B
Gene::493861	EID3	493861	ENSG00000255150	EID3
Gene::100130274	CCDC166	100130274	ENSG00000255181	CCDC166
Gene::440068	CARD17	440068	ENSG00000255221	CARD17P
Gene::219487	OR5M11	219487	ENSG00000255223	OR5M11
Gene::100533181	FXYD6-FXYD2	100533181	ENSG00000255245	FXYD6-FXYD2
Gene::100131608	PRR23D1	100131608	ENSG00000255251	PRR23D1
Gene::219865	OR8G5	219865	ENSG00000255298	OR8G5
Gene::23741	EID1	23741	ENSG00000255302	EID1
Gene::255725	OR52B2	255725	ENSG00000255307	OR52B2
Gene::102723330	LOC102723330	102723330	ENSG00000255335	LINC02729
Gene::79400	NOX5	79400	ENSG00000255346	NOX5
Gene::100500938	CCDC179	100500938	ENSG00000255359	CCDC179
Gene::259289	TAS2R43	259289	ENSG00000255374	TAS2R43
Gene::100133251	PRR23D2	100133251	ENSG00000255378	PRR23D2
Gene::8843	HCAR3	8843	ENSG00000255398	HCAR3
Gene::56145	PCDHA3	56145	ENSG00000255408	PCDHA3
Gene::55096	EBLN2	55096	ENSG00000255423	EBLN2
Gene::100129083	LOC100129083	100129083	ENSG00000255441	SIGLEC10-AS1
Gene::102724064	LOC102724064	102724064	ENSG00000255468	B4GAT1-DT
Gene::59082	CARD18	59082	ENSG00000255501	CARD18
Gene::728734	NPIPB8	728734	ENSG00000255524	NPIPB8
Gene::100528064	NEDD8-MDP1	100528064	ENSG00000255526	NEDD8-MDP1
Gene::81488	POLR2M	81488	ENSG00000255529	POLR2M
Gene::91893	FDXACB1	91893	ENSG00000255561	FDXACB1
Gene::26534	OR10G2	26534	ENSG00000255582	OR10G2
Gene::401258	RAB44	401258	ENSG00000255587	RAB44
Gene::105370059	LOC105370059	105370059	ENSG00000255595	LINC02350
Gene::9865	TRIL	9865	ENSG00000255690	TRIL
Gene::124538	OR4D2	124538	ENSG00000255713	OR4D2
Gene::100528032	KLRC4-KLRK1	100528032	ENSG00000255819	KLRC4-KLRK1
Gene::497189	TIFAB	497189	ENSG00000255833	TIFAB
Gene::259295	TAS2R20	259295	ENSG00000255837	TAS2R20
Gene::1548	CYP2A6	1548	ENSG00000255974	CYP2A6
Gene::1519	CTSO	1519	ENSG00000256043	CTSO
Gene::84334	APOPT1	84334	ENSG00000256053	COA8
Gene::161582	DYX1C1	161582	ENSG00000256061	DNAAF4
Gene::9668	ZNF432	9668	ENSG00000256087	ZNF432
Gene::100507203	SMLR1	100507203	ENSG00000256162	SMLR1
Gene::259293	TAS2R30	259293	ENSG00000256188	TAS2R30
Gene::7556	ZNF10	7556	ENSG00000256223	ZNF10
Gene::90649	ZNF486	90649	ENSG00000256229	ZNF486
Gene::85027	SMIM3	85027	ENSG00000256235	SMIM3
Gene::3145	HMBS	3145	ENSG00000256269	HMBS
Gene::7768	ZNF225	7768	ENSG00000256294	ZNF225
Gene::51802	ASIC5	51802	ENSG00000256394	ASIC5
Gene::259290	TAS2R31	259290	ENSG00000256436	TAS2R31
Gene::373863	DND1	373863	ENSG00000256453	DND1
Gene::27164	SALL3	27164	ENSG00000256463	SALL3
Gene::11232	POLG2	11232	ENSG00000256525	POLG2
Gene::100129361	SMIM10L1	100129361	ENSG00000256537	SMIM10L1
Gene::79290	OR13A1	79290	ENSG00000256574	OR13A1
Gene::387837	CLEC12B	387837	ENSG00000256660	CLEC12B
Gene::100288695	LIMS3L	100288695	ENSG00000256671	LIMS4
Gene::59348	ZNF350	59348	ENSG00000256683	ZNF350
Gene::5222	PGA5	5222	ENSG00000256713	PGA5
Gene::246744	STH	246744	ENSG00000256762	STH
Gene::56242	ZNF253	56242	ENSG00000256771	ZNF253
Gene::100431172	KLRF2	100431172	ENSG00000256797	KLRF2
Gene::388327	C17orf100	388327	ENSG00000256806	C17orf100
Gene::84290	CAPNS2	84290	ENSG00000256812	CAPNS2
Gene::160728	SLC5A8	160728	ENSG00000256870	SLC5A8
Gene::96626	LIMS3	96626	ENSG00000256977	LIMS3
Gene::100129128	KHDC1L	100129128	ENSG00000256980	KHDC1L
Gene::350383	GPR142	350383	ENSG00000257008	GPR142
Gene::3240	HP	3240	ENSG00000257017	HP
Gene::100287837	LOC100287837	100287837	ENSG00000257038	ARHGEF17-AS1
Gene::643037	C11orf97	643037	ENSG00000257057	C11orf97
Gene::57189	KIAA1147	57189	ENSG00000257093	DENND11
Gene::26065	LSM14A	26065	ENSG00000257103	LSM14A
Gene::283948	NHLRC4	283948	ENSG00000257108	NHLRC4
Gene::440153	OR11H12	440153	ENSG00000257115	OR11H12
Gene::574028	CLLU1	574028	ENSG00000257127	CLLU1
Gene::283403	C12orf80	283403	ENSG00000257137	LINC02874
Gene::5726	TAS2R38	5726	ENSG00000257138	TAS2R38
Gene::283459	GATC	283459	ENSG00000257218	GATC
Gene::256021	C12orf79	256021	ENSG00000257242	LINC01619
Gene::100381270	ZBED6	100381270	ENSG00000257315	ZBED6
Gene::8972	MGAM	8972	ENSG00000257335	MGAM
Gene::2342	FNTB	2342	ENSG00000257365	FNTB
Gene::729747	ZNF878	729747	ENSG00000257446	ZNF878
Gene::100529097	RPL36A-HNRNPH2	100529097	ENSG00000257529	RPL36A-HNRNPH2
Gene::90589	ZNF625	90589	ENSG00000257591	ZNF625
Gene::8693	GALNT4	8693	ENSG00000257594	GALNT4
Gene::255783	INAFM1	255783	ENSG00000257704	INAFM1
Gene::10330	CNPY2	10330	ENSG00000257727	CNPY2
Gene::93432	MGAM2	93432	ENSG00000257743	MGAM2
Gene::1523	CUX1	1523	ENSG00000257923	CUX1
Gene::100134934	TEN1	100134934	ENSG00000257949	TEN1
Gene::130075	OR9A4	130075	ENSG00000258083	OR9A4
Gene::643246	MAP1LC3B2	643246	ENSG00000258102	MAP1LC3B2
Gene::136541	PRSS58	136541	ENSG00000258223	PRSS58
Gene::23601	CLEC5A	23601	ENSG00000258227	CLEC5A
Gene::91612	CHURC1	91612	ENSG00000258289	CHURC1
Gene::124944	C17orf49	124944	ENSG00000258315	BACC1
Gene::51750	RTEL1	51750	ENSG00000258366	RTEL1
Gene::147660	ZNF578	147660	ENSG00000258405	ZNF578
Gene::64146	PDF	64146	ENSG00000258429	PDF
Gene::493901	RNASE12	493901	ENSG00000258436	RNASE12
Gene::79334	OR11H2	79334	ENSG00000258453	OR11H2
Gene::246777	SPESP1	246777	ENSG00000258484	SPESP1
Gene::445372	TRIM6-TRIM34	445372	ENSG00000258588	TRIM6-TRIM34
Gene::390502	SERPINA2	390502	ENSG00000258597	SERPINA2
Gene::100529063	BCL2L2-PABPN1	100529063	ENSG00000258643	BCL2L2-PABPN1
Gene::100529257	SYNJ2BP-COX16	100529257	ENSG00000258644	SYNJ2BP-COX16
Gene::53840	TRIM34	53840	ENSG00000258659	TRIM34
Gene::128653	C20orf141	128653	ENSG00000258713	C20orf141
Gene::105370708	LOC105370708	105370708	ENSG00000258748	KIF26A-DT
Gene::283092	OR4C13	283092	ENSG00000258817	OR4C13
Gene::6038	RNASE4	6038	ENSG00000258818	RNASE4
Gene::4157	MC1R	4157	ENSG00000258839	MC1R
Gene::100132612	LOC100132612	100132612	ENSG00000258869	LINC02312
Gene::503835	DUXA	503835	ENSG00000258873	DUXA
Gene::90799	CEP95	90799	ENSG00000258890	CEP95
Gene::10381	TUBB3	10381	ENSG00000258947	TUBB3
Gene::388021	TMEM179	388021	ENSG00000258986	TMEM179
Gene::7258	TSPY1	7258	ENSG00000258992	TSPY1
Gene::100533496	TVP23C-CDRT4	100533496	ENSG00000259024	TVP23C-CDRT4
Gene::100526835	FPGT-TNNI3K	100526835	ENSG00000259030	FPGT-TNNI3K
Gene::100528030	POC1B-GALNT4	100528030	ENSG00000259075	POC1B-GALNT4
Gene::100532726	NDUFC2-KCTD14	100532726	ENSG00000259112	NDUFC2-KCTD14
Gene::100130933	SMIM6	100130933	ENSG00000259120	ERLN
Gene::3690	ITGB3	3690	ENSG00000259207	ITGB3
Gene::643664	SLC35G6	643664	ENSG00000259224	SLC35G6
Gene::283665	LOC283665	283665	ENSG00000259285	ALDH1A2-AS1
Gene::100533106	ZHX1-C8orf76	100533106	ENSG00000259305	ZHX1-C8orf76
Gene::100505573	INAFM2	100505573	ENSG00000259330	INAFM2
Gene::100528021	ST20-MTHFS	100528021	ENSG00000259332	ST20-MTHFS
Gene::105376714	LOC105376714	105376714	ENSG00000259354	SLC30A4-AS1
Gene::2688	GH1	2688	ENSG00000259384	GH1
Gene::100527943	TGIF2-C20orf24	100527943	ENSG00000259399	TGIF2-RAB5IF
Gene::79178	THTPA	79178	ENSG00000259431	THTPA
Gene::102725022	LOC102725022	102725022	ENSG00000259448	LINC02352
Gene::26589	MRPL46	26589	ENSG00000259494	MRPL46
Gene::100505679	UBE2Q2L	100505679	ENSG00000259511	UBE2Q2P16
Gene::414899	BLID	414899	ENSG00000259571	BLID
Gene::101927751	LOC101927751	101927751	ENSG00000259583	ALDH1A3-AS1
Gene::100128108	LOC100128108	100128108	ENSG00000259658	UBE2Q2P13
Gene::105371026	LOC105371026	105371026	ENSG00000259755	LRRK1-AS1
Gene::283710	LOC283710	283710	ENSG00000259772	LINC03034
Gene::105370687	LOC105370687	105370687	ENSG00000259775	EIF5-DT
Gene::146429	SLC22A31	146429	ENSG00000259803	SLC22A31
Gene::646627	LYPD8	646627	ENSG00000259823	LYPD8
Gene::105369971	LOC105369971	105369971	ENSG00000259887	FIGNL2-DT
Gene::101927579	LOC101927579	101927579	ENSG00000259890	DNM1P50
Gene::100509620	LOC100509620	100509620	ENSG00000259916	AQP7B
Gene::29890	RBM15B	29890	ENSG00000259956	RBM15B
Gene::102724062	LOC102724062	102724062	ENSG00000259966	FAM153DP
Gene::100507588	TGFBR3L	100507588	ENSG00000260001	TGFBR3L
Gene::3217	HOXB7	3217	ENSG00000260027	HOXB7
Gene::643802	LOC643802	643802	ENSG00000260078	MPHOSPH10P1
Gene::729597	SPDYE6	729597	ENSG00000260097	SPDYE6
Gene::101927402	LOC101927402	101927402	ENSG00000260101	AFTPH-DT
Gene::399693	MGC50722	399693	ENSG00000260220	CCDC187
Gene::23732	FRRS1L	23732	ENSG00000260230	FRRS1L
Gene::100527963	PMF1-BGLAP	100527963	ENSG00000260238	PMF1-BGLAP
Gene::105371414	LOC105371414	105371414	ENSG00000260279	ANKRD11-AS3
Gene::101928603	C6orf229	101928603	ENSG00000260286	ARMH2
Gene::101060321	LOC101060321	101060321	ENSG00000260287	TBC1D3G
Gene::4360	MRC1	4360	ENSG00000260314	MRC1
Gene::94086	HSPB9	94086	ENSG00000260325	HSPB9
Gene::105371184	LOC105371184	105371184	ENSG00000260394	STUB1-DT
Gene::642658	SCX	642658	ENSG00000260428	SCX
Gene::100506581	C16orf95	100506581	ENSG00000260456	C16orf95
Gene::100134444	KCNJ18	100134444	ENSG00000260458	KCNJ18
Gene::100288687	DUX4	100288687	ENSG00000260596	DUX4
Gene::105376731	LOC105376731	105376731	ENSG00000260660	TRCG1P
Gene::84210	ANKRD20A1	84210	ENSG00000260691	ANKRD20A1
Gene::102723796	LOC102723796	102723796	ENSG00000260734	TLE7
Gene::403257	OR4C45	403257	ENSG00000260811	OR4C45
Gene::100128905	LOC100128905	100128905	ENSG00000260868	LINC01960
Gene::343702	XKR7	343702	ENSG00000260903	XKR7
Gene::9236	CCPG1	9236	ENSG00000260916	CCPG1
Gene::119385	AGAP11	119385	ENSG00000261011	AGAP11
Gene::6818	SULT1A3	6818	ENSG00000261052	SULT1A3
Gene::100507421	TMEM178B	100507421	ENSG00000261115	TMEM178B
Gene::83481	EPPK1	83481	ENSG00000261150	EPPK1
Gene::388276	C16orf97	388276	ENSG00000261190	LINC02911
Gene::728276	CLEC19A	728276	ENSG00000261210	CLEC19A
Gene::100507290	ZNF865	100507290	ENSG00000261221	ZNF865
Gene::23246	BOP1	23246	ENSG00000261236	BOP1
Gene::100287036	LOC100287036	100287036	ENSG00000261253	ANKRD11-AS2
Gene::100507679	MUC22	100507679	ENSG00000261272	MUC22
Gene::401720	FIGNL2	401720	ENSG00000261308	FIGNL2
Gene::5175	PECAM1	5175	ENSG00000261371	PECAM1
Gene::100653133	LOC100653133	100653133	ENSG00000261375	GOLGA6L23P
Gene::347688	TUBB8	347688	ENSG00000261456	TUBB8
Gene::729355	TP53TG3B	729355	ENSG00000261509	TP53TG3B
Gene::100996738	HERC2P11	100996738	ENSG00000261581	HERC2P11
Gene::340393	TMEM249	340393	ENSG00000261587	CATSPERQ
Gene::100507050	TPBGL	100507050	ENSG00000261594	TPBGL
Gene::100287362	PRSS46	100287362	ENSG00000261603	PRSS46P
Gene::8139	GAN	8139	ENSG00000261609	GAN
Gene::145788	C15orf65	145788	ENSG00000261652	PIERCE2
Gene::101928108	LOC101928108	101928108	ENSG00000261667	LY6L
Gene::83482	SCRT1	83482	ENSG00000261678	SCRT1
Gene::3250	HPR	3250	ENSG00000261701	HPR
Gene::100129654	TCF24	100129654	ENSG00000261787	TCF24
Gene::728498	GOLGA8H	728498	ENSG00000261794	GOLGA8H
Gene::100534599	ISY1-RAB43	100534599	ENSG00000261796	ISY1-RAB43
Gene::730183	LOC730183	730183	ENSG00000261840	SRCAP-AS1
Gene::8190	MIA	8190	ENSG00000261857	MIA
Gene::102723981	LOC102723981	102723981	ENSG00000261914	RPL23AP84
Gene::56107	PCDHGA9	56107	ENSG00000261934	PCDHGA9
Gene::100507003	GFY	100507003	ENSG00000261949	GFY
Gene::100506388	LOC100506388	100506388	ENSG00000262061	RPH3AL-AS1
Gene::56102	PCDHGB3	56102	ENSG00000262209	PCDHGB3
Gene::100130370	LOC100130370	100130370	ENSG00000262223	LINC03048
Gene::79585	CORO7	79585	ENSG00000262246	CORO7
Gene::4321	MMP12	4321	ENSG00000262406	MMP12
Gene::643669	CCER2	643669	ENSG00000262484	CCER2
Gene::56111	PCDHGA4	56111	ENSG00000262576	PCDHGA4
Gene::8386	OR1D5	8386	ENSG00000262628	OR1D5
Gene::10418	SPON1	10418	ENSG00000262655	SPON1
Gene::124641	OVCA2	124641	ENSG00000262664	OVCA2
Gene::101928042	LOC101928042	101928042	ENSG00000262728	ARHGAP11A-DT
Gene::6182	MRPL12	6182	ENSG00000262814	MRPL12
Gene::147646	C19orf84	147646	ENSG00000262874	C19orf84
Gene::92002	FAM58A	92002	ENSG00000262919	CCNQ
Gene::2969	GTF2I	2969	ENSG00000263001	GTF2I
Gene::10780	ZNF234	10780	ENSG00000263002	ZNF234
Gene::100820829	MYZAP	100820829	ENSG00000263155	MYZAP
Gene::100131303	LOC100131303	100131303	ENSG00000263201	DPEP2NB
Gene::653505	PPIAL4A	653505	ENSG00000263353	PPIAL4A
Gene::220158	GTSCR1	220158	ENSG00000263417	GTSCR1
Gene::10929	SRSF8	10929	ENSG00000263465	SRSF8
Gene::554282	FAM72C	554282	ENSG00000263513	RUMY3
Gene::9641	IKBKE	9641	ENSG00000263528	IKBKE
Gene::4477	MSMB	4477	ENSG00000263639	MSMB
Gene::104909134	MGC57346-CRHR1	104909134	ENSG00000263715	LINC02210-CRHR1
Gene::105371907	LOC105371907	105371907	ENSG00000263718	SEPTIN9-DT
Gene::2658	GDF2	2658	ENSG00000263761	GDF2
Gene::200030	NBPF11	200030	ENSG00000263956	NBPF11
Gene::100505797	LOC100505797	100505797	ENSG00000263958	NETO1-DT
Gene::440712	C1orf186	440712	ENSG00000263961	RHEX
Gene::101929815	LOC101929815	101929815	ENSG00000264145	DRD5P4
Gene::728113	ANXA8L1	728113	ENSG00000264230	ANXA8L1
Gene::105376854	LOC105376854	105376854	ENSG00000264265	LINC01925
Gene::388677	NOTCH2NL	388677	ENSG00000264343	NOTCH2NLA
Gene::140735	DYNLL2	140735	ENSG00000264364	DYNLL2
Gene::4622	MYH4	4622	ENSG00000264424	MYH4
Gene::56957	OTUD7B	56957	ENSG00000264522	OTUD7B
Gene::100996758	CH17-360D5.1	100996758	ENSG00000264717	NPY4R2
Gene::2702	GJA5	2702	ENSG00000265107	GJA5
Gene::653145	ANXA8	653145	ENSG00000265190	ANXA8
Gene::5949	RBP3	5949	ENSG00000265203	RBP3
Gene::9939	RBM8A	9939	ENSG00000265241	RBM8A
Gene::100287932	TIMM23	100287932	ENSG00000265354	TIMM23
Gene::101929578	LOC101929578	101929578	ENSG00000265460	TFCP2L6P
Gene::27246	RNF115	27246	ENSG00000265491	RNF115
Gene::6139	RPL17	6139	ENSG00000265681	RPL17
Gene::118738	ZNF488	118738	ENSG00000265763	ZNF488
Gene::101927989	LOC101927989	101927989	ENSG00000265778	ZNF516-AS1
Gene::9554	SEC22B	9554	ENSG00000265808	SEC22B
Gene::100861412	FSBP	100861412	ENSG00000265817	FSBP
Gene::10628	TXNIP	10628	ENSG00000265972	TXNIP
Gene::23380	SRGAP2	23380	ENSG00000266028	SRGAP2
Gene::57597	BAHCC1	57597	ENSG00000266074	BAHCC1
Gene::83593	RASSF5	83593	ENSG00000266094	RASSF5
Gene::92335	STRADA	92335	ENSG00000266173	STRADA
Gene::5408	PNLIPRP2	5408	ENSG00000266200	PNLIPRP2
Gene::136259	KLF14	136259	ENSG00000266265	KLF14
Gene::284565	NBPF15	284565	ENSG00000266338	NBPF15
Gene::8031	NCOA4	8031	ENSG00000266412	NCOA4
Gene::54460	MRPS21	54460	ENSG00000266472	MRPS21
Gene::101928021	LOC101928021	101928021	ENSG00000266473	HELZ-AS1
Gene::2662	GDF10	2662	ENSG00000266524	GDF10
Gene::80022	MYO15B	80022	ENSG00000266714	MYO15B
Gene::26083	TBC1D29	26083	ENSG00000266733	TBC1D29P
Gene::5348	FXYD1	5348	ENSG00000266964	FXYD1
Gene::80755	AARSD1	80755	ENSG00000266967	AARSD1
Gene::102724908	LOC102724908	102724908	ENSG00000266976	ERVE-5
Gene::100505549	LOC100505549	100505549	ENSG00000267040	ATP8B1-AS1
Gene::342892	ZNF850	342892	ENSG00000267041	ZNF850
Gene::100885848	PTGES3L	100885848	ENSG00000267060	PTGES3L
Gene::158062	LCN6	158062	ENSG00000267206	LCN6
Gene::101927322	LOC101927322	101927322	ENSG00000267226	MALT1-AS1
Gene::728485	LOC728485	728485	ENSG00000267260	ZNF850-DT
Gene::100134938	UPK3BL	100134938	ENSG00000267368	UPK3BL1
Gene::102724279	LOC102724279	102724279	ENSG00000267453	CLEC4OP
Gene::100507527	THEG5	100507527	ENSG00000267465	LINC03103
Gene::346	APOC4	346	ENSG00000267467	APOC4
Gene::26974	ZNF285	26974	ENSG00000267508	ZNF285
Gene::9294	S1PR2	9294	ENSG00000267534	S1PR2
Gene::114335	CGB1	114335	ENSG00000267631	CGB1
Gene::112812	FDX1L	112812	ENSG00000267673	FDX2
Gene::7767	ZNF224	7767	ENSG00000267680	ZNF224
Gene::100506374	LOC100506374	100506374	ENSG00000267710	EDDM13
Gene::440335	SMIM22	440335	ENSG00000267795	SMIM22
Gene::55957	LIN37	55957	ENSG00000267796	LIN37
Gene::4701	NDUFA7	4701	ENSG00000267855	NDUFA7
Gene::105372476	LOC105372476	105372476	ENSG00000267871	ZNF460-AS1
Gene::56936	CCDC177	56936	ENSG00000267909	CCDC177
Gene::728269	MAGEA9B	728269	ENSG00000267978	MAGEA9B
Gene::6759	SSX4	6759	ENSG00000268009	SSX4
Gene::390937	LOC390937	390937	ENSG00000268041	ERFL
Gene::149013	NBPF12	149013	ENSG00000268043	NBPF12
Gene::55879	GABRQ	55879	ENSG00000268089	GABRQ
Gene::11254	SLC6A14	11254	ENSG00000268104	SLC6A14
Gene::147670	SMIM17	147670	ENSG00000268182	SMIM17
Gene::2652	OPN1MW	2652	ENSG00000268221	OPN1MW
Gene::644100	ARL14EPL	644100	ENSG00000268223	ARL14EPL
Gene::100996631	TCP11X1	100996631	ENSG00000268235	TCP11X1
Gene::105372444	LOC105372444	105372444	ENSG00000268318	LINC01872
Gene::653486	SCGB1C2	653486	ENSG00000268320	SCGB1C2
Gene::29057	FAM156A	29057	ENSG00000268350	FAM156A
Gene::105372489	LOC105372489	105372489	ENSG00000268366	SERTAD3-AS1
Gene::727837	SSX2B	727837	ENSG00000268447	SSX2B
Gene::105372267	LOC105372267	105372267	ENSG00000268480	NFILZ
Gene::4101	MAGEA2	4101	ENSG00000268606	MAGEA2
Gene::56157	TEX13A	56157	ENSG00000268629	TEX13A
Gene::246100	CTAG1A	246100	ENSG00000268651	CTAG1A
Gene::100130086	HSFX2	100130086	ENSG00000268738	HSFX2
Gene::102723547	CSAG2	102723547	ENSG00000268902	CSAG2
Gene::389903	CSAG3	389903	ENSG00000268916	CSAG3
Gene::541466	CT45A1	541466	ENSG00000268940	CT45A1
Gene::100271846	ERVV-2	100271846	ENSG00000268964	ERVV-2
Gene::494119	SPANXN2	494119	ENSG00000268988	SPANXN2
Gene::105372483	LOC105372483	105372483	ENSG00000269054	ZNF497-AS1
Gene::125972	CALR3	125972	ENSG00000269058	CALR3
Gene::388523	ZNF728	388523	ENSG00000269067	ZNF728
Gene::441519	CT45A3	441519	ENSG00000269096	CT45A3
Gene::388630	TRABD2B	388630	ENSG00000269113	TRABD2B
Gene::115290	FBXO17	115290	ENSG00000269190	FBXO17
Gene::79917	MAGIX	79917	ENSG00000269313	MAGIX
Gene::8517	IKBKG	8517	ENSG00000269335	IKBKG
Gene::100293516	ZNF587B	100293516	ENSG00000269343	ZNF587B
Gene::6689	SPIB	6689	ENSG00000269404	SPIB
Gene::56001	NXF2	56001	ENSG00000269405	NXF2
Gene::101060233	LOC101060233	101060233	ENSG00000269433	OPN1MW3
Gene::728343	NXF2B	728343	ENSG00000269437	NXF2B
Gene::63947	DMRTC1	63947	ENSG00000269502	DMRTC1
Gene::147664	ERVV-1	147664	ENSG00000269526	ERVV-1
Gene::84548	TMEM185A	84548	ENSG00000269556	TMEM185A
Gene::102723631	CT45A10	102723631	ENSG00000269586	CT45A10
Gene::23619	ZIM2	23619	ENSG00000269699	ZIM2
Gene::400818	NBPF9	400818	ENSG00000269713	NBPF9
Gene::401612	SLC25A53	401612	ENSG00000269743	SLC25A53
Gene::548313	SSX4B	548313	ENSG00000269791	SSX4B
Gene::646862	RNF225	646862	ENSG00000269855	RNF225
Gene::112398	EGLN2	112398	ENSG00000269858	EGLN2
Gene::100532731	COMMD3-BMI1	100532731	ENSG00000269897	COMMD3-BMI1
Gene::100996928	C7orf55-LUC7L2	100996928	ENSG00000269955	FMC1-LUC7L2
Gene::101928601	MEI4	101928601	ENSG00000269964	MEI4
Gene::100529215	ZNF559-ZNF177	100529215	ENSG00000270011	ZNF559-ZNF177
Gene::100532736	MINOS1-NBL1	100532736	ENSG00000270136	MICOS10-NBL1
Gene::100533467	BIVM-ERCC5	100533467	ENSG00000270181	BIVM-ERCC5
Gene::728841	NBPF8	728841	ENSG00000270231	NBPF8
Gene::554313	HIST2H4B	554313	ENSG00000270276	H4C15
Gene::105371242	LOC105371242	105371242	ENSG00000270339	PPIAL4H
Gene::256957	HEATR9	256957	ENSG00000270379	HEATR9
Gene::343068	PRAMEF5	343068	ENSG00000270601	PRAMEF5
Gene::100534592	URGCP-MRPS24	100534592	ENSG00000270617	URGCP-MRPS24
Gene::25832	NBPF14	25832	ENSG00000270629	NBPF14
Gene::8148	TAF15	8148	ENSG00000270647	TAF15
Gene::100529241	HSPE1-MOB4	100529241	ENSG00000270757	HSPE1-MOB4
Gene::246176	GAS2L2	246176	ENSG00000270765	GAS2L2
Gene::100529239	RPS10-NUDT3	100529239	ENSG00000270800	RPS10-NUDT3
Gene::146853	C17orf50	146853	ENSG00000270806	PGBDF
Gene::8370	HIST2H4A	8370	ENSG00000270882	H4C14
Gene::91608	RASL10B	91608	ENSG00000270885	RASL10B
Gene::102723680	CT45A9	102723680	ENSG00000270946	CT45A9
Gene::441294	CTAGE15	441294	ENSG00000271079	CTAGE15
Gene::100527978	TMEM56-RWDD3	100527978	ENSG00000271092	TLCD4-RWDD3
Gene::101930085	LOC101930085	101930085	ENSG00000271122	HERPUD2-AS1
Gene::574537	UGT2A2	574537	ENSG00000271271	UGT2A2
Gene::140809	SRXN1	140809	ENSG00000271303	SRXN1
Gene::340307	CTAGE6	340307	ENSG00000271321	CTAGE6
Gene::101928120	LOC101928120	101928120	ENSG00000271380	PYGO2-AS1
Gene::101060226	NBPF19	101060226	ENSG00000271383	NBPF19
Gene::100132406	NBPF10	100132406	ENSG00000271425	NBPF10
Gene::79148	MMP28	79148	ENSG00000271447	MMP28
Gene::728911	CT45A2	728911	ENSG00000271449	CT45A2
Gene::6352	CCL5	6352	ENSG00000271503	CCL5
Gene::730262	PPIAL4E	730262	ENSG00000271567	PPIAL4E
Gene::128077	LIX1L	128077	ENSG00000271601	LIX1L
Gene::284021	MILR1	284021	ENSG00000271605	MILR1
Gene::102724708	LOC102724708	102724708	ENSG00000271966	ARFGEF1-DT
Gene::284615	ANKRD34A	284615	ENSG00000272031	ANKRD34A
Gene::404672	GTF2H5	404672	ENSG00000272047	GTF2H5
Gene::11165	NUDT3	11165	ENSG00000272325	NUDT3
Gene::9757	KMT2B	9757	ENSG00000272333	KMT2B
Gene::100101267	POM121C	100101267	ENSG00000272391	POM121C
Gene::101180976	IFNL4	101180976	ENSG00000272395	IFNL4
Gene::100133941	CD24	100133941	ENSG00000272398	CD24
Gene::100631383	FAM47E-STBD1	100631383	ENSG00000272414	FAM47E-STBD1
Gene::154313	C6orf165	154313	ENSG00000272514	CFAP206
Gene::101929008	LOC101929008	101929008	ENSG00000272556	GTF2IP13
Gene::389125	MUSTN1	389125	ENSG00000272573	MUSTN1
Gene::152687	ZNF595	152687	ENSG00000272602	ZNF595
Gene::8447	DOC2B	8447	ENSG00000272636	DOC2B
Gene::57717	PCDHB16	57717	ENSG00000272674	PCDHB16
Gene::386675	KRTAP10-7	386675	ENSG00000272804	KRTAP10-7
Gene::105369201	LOC105369201	105369201	ENSG00000272808	GCAWKR
Gene::55802	DCP1A	55802	ENSG00000272886	DCP1A
Gene::100130705	LOC100130705	100130705	ENSG00000272899	SPMIP1
Gene::100533952	RBAK-RBAKDN	100533952	ENSG00000272968	RBAK-RBAKDN
Gene::101927824	LOC101927824	101927824	ENSG00000273001	PFKP-DT
Gene::150590	C2orf15	150590	ENSG00000273045	C2orf15
Gene::2904	GRIN2B	2904	ENSG00000273079	GRIN2B
Gene::147719	LYPD4	147719	ENSG00000273111	LYPD4
Gene::101060684	NBPF26	101060684	ENSG00000273136	NBPF26
Gene::8926	SNURF	8926	ENSG00000273173	SNURF
Gene::728116	ZBTB8B	728116	ENSG00000273274	ZBTB8B
Gene::101060351	TBC1D3K	101060351	ENSG00000273513	TBC1D3K
Gene::653404	FOXD4L6	653404	ENSG00000273514	FOXD4L6
Gene::123624	AGBL1	123624	ENSG00000273540	AGBL1
Gene::8362	HIST1H4K	8362	ENSG00000273542	H4C12
Gene::54883	CWC25	54883	ENSG00000273559	CWC25
Gene::100170841	C17orf96	100170841	ENSG00000273604	EPOP
Gene::9326	ZNHIT3	9326	ENSG00000273611	ZNHIT3
Gene::101060211	CT45A7	101060211	ENSG00000273696	CT45A7
Gene::8342	HIST1H2BM	8342	ENSG00000273703	H2BC14
Gene::3975	LHX1	3975	ENSG00000273706	LHX1
Gene::23191	CYFIP1	23191	ENSG00000273749	CYFIP1
Gene::102723623	LOC102723623	102723623	ENSG00000273756	GOLGA6L26
Gene::125931	CEACAM20	125931	ENSG00000273777	CEACAM20
Gene::8339	HIST1H2BG	8339	ENSG00000273802	H2BC8
Gene::389856	USP27X	389856	ENSG00000273820	USP27X
Gene::6880	TAF9	6880	ENSG00000273841	TAF9
Gene::79159	NOL12	79159	ENSG00000273899	NOL12
Gene::283767	GOLGA6L1	283767	ENSG00000273976	GOLGA6L1
Gene::8355	HIST1H3G	8355	ENSG00000273983	H3C8
Gene::729461	LOC729461	729461	ENSG00000274044	FAM230J
Gene::729438	GATSL2	729438	ENSG00000274070	CASTOR2
Gene::390538	OR4M2	390538	ENSG00000274102	OR4M2
Gene::102724742	LOC102724742	102724742	ENSG00000274178	PRAMEF28P
Gene::256302	NATD1	256302	ENSG00000274180	NATD1
Gene::474382	H2AFB1	474382	ENSG00000274183	H2AB1
Gene::195977	ANTXRL	195977	ENSG00000274209	ANTXRL
Gene::30837	SOCS7	30837	ENSG00000274211	SOCS7
Gene::729877	TBC1D3H	729877	ENSG00000274226	TBC1D3H
Gene::645051	GAGE13	645051	ENSG00000274274	GAGE13
Gene::151	ADRA2B	151	ENSG00000274286	ADRA2B
Gene::8344	HIST1H2BE	8344	ENSG00000274290	H2BC6
Gene::102724219	LOC102724219	102724219	ENSG00000274333	LINC03104
Gene::26149	ZNF658	26149	ENSG00000274349	ZNF658
Gene::100129924	LOC100129924	100129924	ENSG00000274386	TMEM269
Gene::7179	TPTE	7179	ENSG00000274391	TPTE
Gene::101060389	LOC101060389	101060389	ENSG00000274419	TBC1D3D
Gene::100130301	C8orf89	100130301	ENSG00000274443	C8orf89
Gene::101060376	TBC1D3L	101060376	ENSG00000274512	TBC1D3L
Gene::81554	WBSCR16	81554	ENSG00000274523	RCC1L
Gene::645832	SEBOX	645832	ENSG00000274529	SEBOX
Gene::139189	DGKK	139189	ENSG00000274588	DGKK
Gene::440804	RIMBP3B	440804	ENSG00000274600	RIMBP3B
Gene::729873	TBC1D3	729873	ENSG00000274611	TBC1D3
Gene::8361	HIST1H4F	8361	ENSG00000274618	H4C6
Gene::8348	HIST1H2BO	8348	ENSG00000274641	H2BC17
Gene::100510707	TBC1D3J	100510707	ENSG00000274658	TBC1D3JP
Gene::6368	CCL23	6368	ENSG00000274736	CCL23
Gene::337878	KRTAP7-1	337878	ENSG00000274749	KRTAP7-1
Gene::8353	HIST1H3E	8353	ENSG00000274750	H3C6
Gene::101929983	LOC101929983	101929983	ENSG00000274764	PRAMEF27
Gene::414059	TBC1D3B	414059	ENSG00000274808	TBC1D3B
Gene::339862	LOC339862	339862	ENSG00000274840	BALR6
Gene::102724862	LOC102724862	102724862	ENSG00000274933	TBC1D3I
Gene::85235	HIST1H2AH	85235	ENSG00000274997	H2AC12
Gene::140883	ZNF280B	140883	ENSG00000275004	ZNF280B
Gene::4302	MLLT6	4302	ENSG00000275023	MLLT6
Gene::102724101	LOC102724101	102724101	ENSG00000275034	TP53TG3E
Gene::57223	SMEK2	57223	ENSG00000275052	PPP4R3B
Gene::101060254	LOC101060254	101060254	ENSG00000275064	PDE4DIPP5
Gene::11276	SYNRG	11276	ENSG00000275066	SYNRG
Gene::79873	NUDT18	79873	ENSG00000275074	NUDT18
Gene::7549	ZNF2	7549	ENSG00000275111	ZNF2
Gene::26749	GAGE2E	26749	ENSG00000275113	GAGE2E
Gene::8368	HIST1H4L	8368	ENSG00000275126	H4C13
Gene::100996724	LOC100996724	100996724	ENSG00000275131	PDE4DIPP2
Gene::6360	CCL16	6360	ENSG00000275152	CCL16
Gene::94059	LENG9	94059	ENSG00000275183	LENG9
Gene::8330	HIST1H2AK	8330	ENSG00000275221	H2AC15
Gene::6351	CCL4	6351	ENSG00000275302	CCL4
Gene::157285	SGK223	157285	ENSG00000275342	PRAG1
Gene::154872	C7orf77	154872	ENSG00000275356	LINC03043
Gene::8354	HIST1H3I	8354	ENSG00000275379	H3C11
Gene::6362	CCL18	6362	ENSG00000275385	CCL18
Gene::8857	FCGBP	8857	ENSG00000275395	FCGBP
Gene::6928	HNF1B	6928	ENSG00000275410	HNF1B
Gene::388381	C17orf98	388381	ENSG00000275489	SPMAP1
Gene::102723750	LOC102723750	102723750	ENSG00000275527	CLK3-AS1
Gene::402635	GRIFIN	402635	ENSG00000275572	GRIFIN
Gene::101929798	LOC101929798	101929798	ENSG00000275585	PDE4DIPP4
Gene::389610	XKR5	389610	ENSG00000275591	XKR5
Gene::8369	HIST1H4G	8369	ENSG00000275663	H4C7
Gene::26574	AATF	26574	ENSG00000275700	AATF
Gene::8345	HIST1H2BH	8345	ENSG00000275713	H2BC9
Gene::8350	HIST1H3A	8350	ENSG00000275714	H3C1
Gene::6359	CCL15	6359	ENSG00000275718	CCL15
Gene::57151	LYZL6	57151	ENSG00000275722	LYZL6
Gene::400658	C18orf65	400658	ENSG00000275763	ZNF516-DT
Gene::440563	HNRNPCL2	440563	ENSG00000275774	HNRNPCL2
Gene::85376	RIMBP3	85376	ENSG00000275793	RIMBP3
Gene::57636	ARHGAP23	57636	ENSG00000275832	ARHGAP23
Gene::114791	TUBGCP5	114791	ENSG00000275835	TUBGCP5
Gene::5645	PRSS2	5645	ENSG00000275896	PRSS2
Gene::84218	TBC1D3F	84218	ENSG00000275954	TBC1D3F
Gene::727830	SPATA31A3	727830	ENSG00000275969	SPATA31A3
Gene::100996746	SPDYE11	100996746	ENSG00000275976	SPDYE11
Gene::11072	DUSP14	11072	ENSG00000276023	DUSP14
Gene::26165	SPATA31A7	26165	ENSG00000276040	SPATA31A7
Gene::29128	UHRF1	29128	ENSG00000276043	UHRF1
Gene::84876	ORAI1	84876	ENSG00000276045	ORAI1
Gene::9560	CCL4L2	9560	ENSG00000276070	CCL4L2
Gene::102724951	LOC102724951	102724951	ENSG00000276077	LINC03105
Gene::414062	CCL3L3	414062	ENSG00000276085	CCL3L3
Gene::392376	OR13C2	392376	ENSG00000276119	OR13C2
Gene::8294	HIST1H4I	8294	ENSG00000276180	H4C9
Gene::441425	ANKRD20A3	441425	ENSG00000276203	ANKRD20A3P
Gene::146850	PIK3R6	146850	ENSG00000276231	PIK3R6
Gene::6871	TADA2A	6871	ENSG00000276234	TADA2A
Gene::100506571	LOC100506571	100506571	ENSG00000276255	LINC02809
Gene::8396	PIP4K2B	8396	ENSG00000276293	PIP4K2B
Gene::8331	HIST1H2AJ	8331	ENSG00000276368	H2AC14
Gene::389898	UBE2NL	389898	ENSG00000276380	UBE2NL
Gene::6358	CCL14	6358	ENSG00000276409	CCL14
Gene::3018	HIST1H2BB	3018	ENSG00000276410	H2BC3
Gene::644054	FAM25C	644054	ENSG00000276430	FAM25C
Gene::101929959	LOC101929959	101929959	ENSG00000276500	BMS1P14
Gene::56101	PCDHGB5	56101	ENSG00000276547	PCDHGB5
Gene::727905	SPATA31A5	727905	ENSG00000276581	SPATA31A5
Gene::338382	RAB7B	338382	ENSG00000276600	RAB7B
Gene::1602	DACH1	1602	ENSG00000276644	DACH1
Gene::138652	PRSS47	138652	ENSG00000276717	PRSS47P
Gene::353238	PADI6	353238	ENSG00000276747	PADI6
Gene::100506422	LOC100506422	100506422	ENSG00000276759	LINC03106
Gene::8332	HIST1H2AL	8332	ENSG00000276903	H2AC16
Gene::8367	HIST1H4E	8367	ENSG00000276966	H4C5
Gene::649330	HNRNPCL3	649330	ENSG00000277058	HNRNPCL3
Gene::3012	HIST1H2AE	3012	ENSG00000277075	H2AC8
Gene::441250	TYW1B	441250	ENSG00000277149	TYW1B
Gene::474384	F8A3	474384	ENSG00000277150	F8A3
Gene::8360	HIST1H4D	8360	ENSG00000277157	H4C4
Gene::284098	PIGW	284098	ENSG00000277161	PIGW
Gene::101928991	LOC101928991	101928991	ENSG00000277200	CCDC92B
Gene::8343	HIST1H2BF	8343	ENSG00000277224	H2BC7
Gene::7703	PCGF2	7703	ENSG00000277258	PCGF2
Gene::100130539	C10orf142	100130539	ENSG00000277288	LINC02881
Gene::727832	GOLGA6L6	727832	ENSG00000277322	GOLGA6L6
Gene::80725	SRCIN1	80725	ENSG00000277363	SRCIN1
Gene::440435	GPR179	440435	ENSG00000277399	GPR179
Gene::4082	MARCKS	4082	ENSG00000277443	MARCKS
Gene::93474	ZNF670	93474	ENSG00000277462	ZNF670
Gene::342372	PKD1L3	342372	ENSG00000277481	PKD1L3
Gene::338328	GPIHBP1	338328	ENSG00000277494	GPIHBP1
Gene::138799	OR13C5	138799	ENSG00000277556	OR13C5
Gene::4747	NEFL	4747	ENSG00000277586	NEFL
Gene::6348	CCL3	6348	ENSG00000277632	CCL3
Gene::83740	H2AFB3	83740	ENSG00000277745	H2AB3
Gene::102724488	LOC102724488	102724488	ENSG00000277758	SYT15B
Gene::8968	HIST1H3F	8968	ENSG00000277775	H3C7
Gene::5691	PSMB3	5691	ENSG00000277791	PSMB3
Gene::101930023	LOC101930023	101930023	ENSG00000277851	LINC02391
Gene::474381	H2AFB2	474381	ENSG00000277858	H2AB2
Gene::440243	GOLGA6L22	440243	ENSG00000277865	GOLGA6L22
Gene::653203	FAM230A	653203	ENSG00000277870	FAM230A
Gene::6716	SRD5A2	6716	ENSG00000277893	SRD5A2
Gene::284106	CISD3	284106	ENSG00000277972	CISD3
Gene::201299	RDM1	201299	ENSG00000278023	RDM1
Gene::11056	DDX52	11056	ENSG00000278053	DDX52
Gene::1527	TEX28	1527	ENSG00000278057	TEX28
Gene::102723737	CT45A8	102723737	ENSG00000278085	CT45A8
Gene::7554	ZNF8	7554	ENSG00000278129	ZNF8
Gene::6753	SSTR3	6753	ENSG00000278195	SSTR3
Gene::29964	PRICKLE4	29964	ENSG00000278224	PRICKLE4
Gene::80179	MYO19	80179	ENSG00000278259	MYO19
Gene::541465	CT45A6	541465	ENSG00000278289	CT45A6
Gene::414060	TBC1D3C	414060	ENSG00000278299	TBC1D3C
Gene::79893	GGNBP2	79893	ENSG00000278311	GGNBP2
Gene::7772	ZNF229	7772	ENSG00000278318	ZNF229
Gene::8335	HIST1H2AB	8335	ENSG00000278463	H2AC4
Gene::729159	LOC729159	729159	ENSG00000278499	NPAP1L
Gene::284099	C17orf78	284099	ENSG00000278505	C17orf78
Gene::102724631	POTEB3	102724631	ENSG00000278522	POTEB3
Gene::79154	DHRS11	79154	ENSG00000278535	DHRS11
Gene::31	ACACA	31	ENSG00000278540	ACACA
Gene::728229	TMEM191B	728229	ENSG00000278558	TMEM191B
Gene::10002	NR2E3	10002	ENSG00000278570	NR2E3
Gene::8346	HIST1H2BI	8346	ENSG00000278588	H2BC10
Gene::102723859	LOC102723859	102723859	ENSG00000278599	TBC1D3E
Gene::102288414	C11orf98	102288414	ENSG00000278615	C11orf98
Gene::79922	MRM1	79922	ENSG00000278619	MRM1
Gene::8359	HIST1H4A	8359	ENSG00000278637	H4C1
Gene::647042	GOLGA6L10	647042	ENSG00000278662	GOLGA6L10
Gene::8336	HIST1H2AM	8336	ENSG00000278677	H2AC17
Gene::392843	IQCA1L	392843	ENSG00000278685	DRC11L
Gene::8366	HIST1H4B	8366	ENSG00000278705	H4C2
Gene::8357	HIST1H3H	8357	ENSG00000278828	H3C10
Gene::84311	MRPL45	84311	ENSG00000278845	MRPL45
Gene::102724127	LOC102724127	102724127	ENSG00000278848	TP53TG3F
Gene::79324	OR51G1	79324	ENSG00000278870	OR51G1
Gene::56656	OR2S2	56656	ENSG00000278889	OR2S2
Gene::390093	OR10A6	390093	ENSG00000279000	OR10A6
Gene::79345	OR51B2	79345	ENSG00000279012	OR51B2
Gene::219952	OR6Q1	219952	ENSG00000279051	OR6Q1
Gene::128367	OR10X1	128367	ENSG00000279111	OR10X1
Gene::283160	OR8D2	283160	ENSG00000279116	OR8D2
Gene::400736	LOC400736	400736	ENSG00000279169	PRAMEF13
Gene::100130890	TSTD3	100130890	ENSG00000279170	TSTD3P
Gene::391190	OR2L8	391190	ENSG00000279263	OR2L8
Gene::119695	OR52R1	119695	ENSG00000279270	OR52R1
Gene::127077	OR2T11	127077	ENSG00000279301	OR2T11
Gene::219437	OR5L1	219437	ENSG00000279395	OR5L1
Gene::105369274	LOC105369274	105369274	ENSG00000279408	OR4N4C
Gene::105372731	LOC105372731	105372731	ENSG00000279414	CDRT15P9
Gene::100996442	LOC100996442	100996442	ENSG00000279457	WASH9P
Gene::144125	OR2AG1	144125	ENSG00000279486	OR2AG1
Gene::219428	OR4C16	219428	ENSG00000279514	OR4C16
Gene::390142	OR5D13	390142	ENSG00000279761	OR5D13
Gene::728945	PPIAL4F	728945	ENSG00000279782	PPIAL4F
Gene::391003	LOC391003	391003	ENSG00000279804	PRAMEF18
Gene::389676	C8orf87	389676	ENSG00000279847	LINC02906
Gene::102725121	LOC102725121	102725121	ENSG00000279928	DDX11L17
Gene::219479	OR5R1	219479	ENSG00000279961	OR8U3
Gene::100507462	LOC100507462	100507462	ENSG00000279968	CCDC28A-AS1
Gene::256892	OR51F1	256892	ENSG00000280021	OR51F1
Gene::283162	OR8B4	283162	ENSG00000280090	OR8B4
Gene::347169	OR1B1	347169	ENSG00000280094	OR1B1
Gene::191585	PLAC4	191585	ENSG00000280109	PLAC4
Gene::64881	PCDH20	64881	ENSG00000280165	PCDH20
Gene::219959	OR1S1	219959	ENSG00000280204	OR1S1
Gene::26529	OR12D2	26529	ENSG00000280236	OR12D2
Gene::645359	PRAMEF26	645359	ENSG00000280267	PRAMEF26
Gene::219473	OR8K3	219473	ENSG00000280314	OR8K3
Gene::79447	PAGR1	79447	ENSG00000280789	PAGR1
Gene::140032	RPS4Y2	140032	ENSG00000280969	RPS4Y2
Gene::101234261	LSINCT5	101234261	ENSG00000281560	LSINCT5
Gene::100527949	GIMAP1-GIMAP5	100527949	ENSG00000281887	GIMAP1-GIMAP5
Gene::100862671	TMEM265	100862671	ENSG00000281991	TMEM265
Gene::100861540	CYP3A7-CYP3A51P	100861540	ENSG00000282301	CYP3A7-CYP3A51P
Gene::140	ADORA3	140	ENSG00000282608	ADORA3
Gene::100033411	DUXB	100033411	ENSG00000282757	DUXB
Gene::100129520	LOC100129520	100129520	ENSG00000282815	TEX13C
Gene::100289097	LOC100289097	100289097	ENSG00000282826	FRG1CP
Gene::102723316	LOC102723316	102723316	ENSG00000282870	FRG1DP
Gene::728026	LOC728026	728026	ENSG00000282886	PTMAP12
Gene::102723390	LOC102723390	102723390	ENSG00000282995	FRG1EP
Gene::102723780	LOC102723780	102723780	ENSG00000283047	FRG1FP
Gene::100505385	IQCJ-SCHIP1	100505385	ENSG00000283154	IQCJ-SCHIP1
Gene::100507747	LOC100507747	100507747	ENSG00000283199	C13orf46
Gene::101929469	LOC101929469	101929469	ENSG00000283297	TEX52
Gene::101929355	LOC101929355	101929355	ENSG00000283361	CFAP97D2
Gene::100289279	LOC100289279	100289279	ENSG00000283378	CNTNAP3C
Gene::101927685	LOC101927685	101927685	ENSG00000283463	HSFX4
Gene::100132146	LOC100132146	100132146	ENSG00000283473	FAM240A
Gene::104326056	ZNF511-PRAP1	104326056	ENSG00000283496	ZNF511-PRAP1
Gene::101929989	LOC101929989	101929989	ENSG00000283516	LITAFD
Gene::105372911	LOC105372911	105372911	ENSG00000283518	LINC02775
Gene::642515	LOC642515	642515	ENSG00000283526	PRRT1B
Gene::283777	FAM169B	283777	ENSG00000283597	FAM169BP
Gene::101059915	LOC101059915	101059915	ENSG00000283599	CXorf49C
Gene::90332	EXOC3L2	90332	ENSG00000283632	EXOC3L2
Gene::101928917	LOC101928917	101928917	ENSG00000283697	HSFX3
Gene::338667	LOC338667	338667	ENSG00000283703	VSIG10L2
Gene::29122	PRSS50	29122	ENSG00000283706	PRSS50
Gene::105371346	LOC105371346	105371346	ENSG00000283755	CPHXL
Gene::102724536	PRR33	102724536	ENSG00000283787	PRR33
Gene::102724474	LOC102724474	102724474	ENSG00000283828	F10-AS2
Gene::102800317	LOC400927-CSNK1E	102800317	ENSG00000283900	TPTEP2-CSNK1E
Gene::105372280	LOC105372280	105372280	ENSG00000283980	GNG14
Gene::9997	SCO2	9997	ENSG00000284194	SCO2
Gene::102724485	LOC102724485	102724485	ENSG00000284209	CCNYL1B
Gene::105372883	LOC105372883	105372883	ENSG00000284237	LINC02767
Gene::101927844	LOC101927844	101927844	ENSG00000284240	LINC02801
Gene::388963	C2orf81	388963	ENSG00000284308	C2orf81
Gene::105371045	LOC105371045	105371045	ENSG00000284395	PERCC1
Gene::390271	OR8B3	390271	ENSG00000284609	OR8B3
Gene::81399	OR4F16	81399	ENSG00000284662	OR4F16
Gene::26595	OR8B2	26595	ENSG00000284680	OR8B2
Gene::100130520	LOC100130520	100130520	ENSG00000284690	CD300H
Gene::388946	TMEM247	388946	ENSG00000284701	TMEM247
Gene::341568	OR8S1	341568	ENSG00000284723	OR8S1
Gene::729759	OR4F29	729759	ENSG00000284733	OR4F29
Gene::6905	TBCE	6905	ENSG00000284770	TBCE
Gene::339829	CCDC39	339829	ENSG00000284862	CCDC39
Gene::220074	LRTOMT	220074	ENSG00000284922	LRTOMT
Gene::89839	ARHGAP11B	89839	ENSG00000285077	ARHGAP11B
Gene::102724657	LOC102724657	102724657	ENSG00000285891	MSANTD5
Gene::100996763	LOC100996763	100996763	ENSG00000286019	NOTCH2NLB
Gene::100996693	LOC100996693	100996693	ENSG00000286095	SPEGNB
Gene::101929796	LOC101929796	101929796	ENSG00000286106	NOTCH2NLR
Gene::728392	LOC728392	728392	ENSG00000286190	SMIM48
Gene::100528062	ARMCX5-GPRASP2	100528062	ENSG00000286237	ARMCX5-GPRASP2
Gene::8358	HIST1H3B	8358	ENSG00000286522	H3C2
Gene::105379199	LOC105379199	105379199	ENSG00000286615	MEGF10-DT
Gene::100288960	PRSS43	100288960	ENSG00000286651	PRSS43P
Gene::8352	HIST1H3C	8352	ENSG00000287080	H3C3
Gene::29798	C2orf27A	29798	ENSG00000287151	LINC03124
Gene::105379427	LOC105379427	105379427	ENSG00000288262	ZNF73P
Gene::724066	ATXN8	724066	ENSG00000288330	ATXN8
Gene::80111	C3orf36	80111	ENSG00000288547	C3orf36
Gene::56260	C8orf44	56260	ENSG00000288596	C8orf44
Gene::100533105	C8orf44-SGK3	100533105	ENSG00000288602	C8orf44-SGK3
Gene::728929	TCEB3CL	728929	ENSG00000288607	ELOA3BP
Gene::2831	NPBWR1	2831	ENSG00000288611	NPBWR1
Gene::100506888	TCEB3CL2	100506888	ENSG00000288616	ELOA3DP
Gene::162699	TCEB3C	162699	ENSG00000288631	ELOA3P
Gene::1038	CDR1	1038	ENSG00000288642	CDR1
Gene::170487	ACTL10	170487	ENSG00000288649	ACTL10
Gene::101927423	PANO1	101927423	ENSG00000288675	PANO1
