node_id	node_name	node_kind
Gene::10	NAT2	Gene
Gene::100	ADA	Gene
Gene::1000	CDH2	Gene
Gene::10000	AKT3	Gene
Gene::10001	MED6	Gene
Gene::10002	NR2E3	Gene
Gene::100049587	SIGLEC14	Gene
Gene::10005	ACOT8	Gene
Gene::10006	ABI1	Gene
Gene::10009	ZBTB33	Gene
Gene::1001	CDH3	Gene
Gene::10010	TANK	Gene
Gene::10011	SRA1	Gene
Gene::100129543	ZNF730	Gene
Gene::100129669	IZUMO3	Gene
Gene::100129842	ZNF737	Gene
Gene::10013	HDAC6	Gene
Gene::100131827	ZNF717	Gene
Gene::100133941	CD24	Gene
Gene::100137049	PLA2G4B	Gene
Gene::10014	HDAC5	Gene
Gene::10015	PDCD6IP	Gene
Gene::10017	BCL2L10	Gene
Gene::10018	BCL2L11	Gene
Gene::100188893	TOMM6	Gene
Gene::10019	SH2B3	Gene
Gene::1002	CDH4	Gene
Gene::10020	GNE	Gene
Gene::10021	HCN4	Gene
Gene::10022	INSL5	Gene
Gene::10023	FRAT1	Gene
Gene::10025	MED16	Gene
Gene::10026	PIGK	Gene
Gene::100271849	MEF2B	Gene
Gene::100287932	TIMM23	Gene
Gene::100289462	DEFB4B	Gene
Gene::100289635	ZNF605	Gene
Gene::1003	CDH5	Gene
Gene::10038	PARP2	Gene
Gene::1004	CDH6	Gene
Gene::10043	TOM1	Gene
Gene::10046	MAMLD1	Gene
Gene::10048	RANBP9	Gene
Gene::1005	CDH7	Gene
Gene::100506658	OCLN	Gene
Gene::100506742	CASP12	Gene
Gene::100507436	MICA	Gene
Gene::10051	SMC4	Gene
Gene::10052	GJC1	Gene
Gene::100529063	BCL2L2-PABPN1	Gene
Gene::10053	AP1M2	Gene
Gene::10054	UBA2	Gene
Gene::10055	SAE1	Gene
Gene::10056	FARSB	Gene
Gene::10057	ABCC5	Gene
Gene::10058	ABCB6	Gene
Gene::10059	DNM1L	Gene
Gene::1006	CDH8	Gene
Gene::10060	ABCC9	Gene
Gene::10062	NR1H3	Gene
Gene::10063	COX17	Gene
Gene::10066	SCAMP2	Gene
Gene::1007	CDH9	Gene
Gene::10071	MUC12	Gene
Gene::10073	SNUPN	Gene
Gene::10075	HUWE1	Gene
Gene::10076	PTPRU	Gene
Gene::10079	ATP9A	Gene
Gene::1008	CDH10	Gene
Gene::10082	GPC6	Gene
Gene::10085	EDIL3	Gene
Gene::10087	COL4A3BP	Gene
Gene::10089	KCNK7	Gene
Gene::1009	CDH11	Gene
Gene::10090	UST	Gene
Gene::10092	ARPC5	Gene
Gene::10093	ARPC4	Gene
Gene::10094	ARPC3	Gene
Gene::10095	ARPC1B	Gene
Gene::10096	ACTR3	Gene
Gene::10097	ACTR2	Gene
Gene::100996758	CH17-360D5.1	Gene
Gene::101	ADAM8	Gene
Gene::1010	CDH12	Gene
Gene::10101	NUBP2	Gene
Gene::10102	TSFM	Gene
Gene::10106	CTDSP2	Gene
Gene::10109	ARPC2	Gene
Gene::10110	SGK2	Gene
Gene::10111	RAD50	Gene
Gene::10112	KIF20A	Gene
Gene::10113	PREB	Gene
Gene::1012	CDH13	Gene
Gene::10120	ACTR1B	Gene
Gene::10121	ACTR1A	Gene
Gene::10125	RASGRP1	Gene
Gene::10126	DNAL4	Gene
Gene::10127	ZNF263	Gene
Gene::10128	LRPPRC	Gene
Gene::1013	CDH15	Gene
Gene::10130	PDIA6	Gene
Gene::10131	TRAP1	Gene
Gene::10133	OPTN	Gene
Gene::10134	BCAP31	Gene
Gene::10135	NAMPT	Gene
Gene::10140	TOB1	Gene
Gene::10142	AKAP9	Gene
Gene::10144	FAM13A	Gene
Gene::10147	SUGP2	Gene
Gene::10148	EBI3	Gene
Gene::10149	ADGRG2	Gene
Gene::1015	CDH17	Gene
Gene::10152	ABI2	Gene
Gene::10153	CEBPZ	Gene
Gene::10154	PLXNC1	Gene
Gene::10155	TRIM28	Gene
Gene::10156	RASA4	Gene
Gene::10157	AASS	Gene
Gene::10159	ATP6AP2	Gene
Gene::1016	CDH18	Gene
Gene::10160	FARP1	Gene
Gene::10161	LPAR6	Gene
Gene::10162	LPCAT3	Gene
Gene::10163	WASF2	Gene
Gene::10164	CHST4	Gene
Gene::10165	SLC25A13	Gene
Gene::10166	SLC25A15	Gene
Gene::10168	ZNF197	Gene
Gene::1017	CDK2	Gene
Gene::10170	DHRS9	Gene
Gene::10172	ZNF256	Gene
Gene::10174	SORBS3	Gene
Gene::10181	RBM5	Gene
Gene::10188	TNK2	Gene
Gene::10189	ALYREF	Gene
Gene::1019	CDK4	Gene
Gene::10193	RNF41	Gene
Gene::10195	ALG3	Gene
Gene::10197	PSME3	Gene
Gene::102	ADAM10	Gene
Gene::1020	CDK5	Gene
Gene::10203	CALCRL	Gene
Gene::10205	MPZL2	Gene
Gene::10207	INADL	Gene
Gene::10209	EIF1	Gene
Gene::1021	CDK6	Gene
Gene::10211	FLOT1	Gene
Gene::10213	PSMD14	Gene
Gene::10215	OLIG2	Gene
Gene::102157402	AK6	Gene
Gene::10217	CTDSPL	Gene
Gene::10219	KLRG1	Gene
Gene::1022	CDK7	Gene
Gene::10224	ZNF443	Gene
Gene::10225	CD96	Gene
Gene::10229	COQ7	Gene
Gene::10231	RCAN2	Gene
Gene::10235	RASGRP2	Gene
Gene::10236	HNRNPR	Gene
Gene::1024	CDK8	Gene
Gene::10240	MRPS31	Gene
Gene::10242	KCNMB2	Gene
Gene::10243	GPHN	Gene
Gene::10245	TIMM17B	Gene
Gene::10246	SLC17A2	Gene
Gene::10249	GLYAT	Gene
Gene::1025	CDK9	Gene
Gene::10250	SRRM1	Gene
Gene::10252	SPRY1	Gene
Gene::10253	SPRY2	Gene
Gene::10254	STAM2	Gene
Gene::10256	CNKSR1	Gene
Gene::10257	ABCC4	Gene
Gene::1026	CDKN1A	Gene
Gene::10262	SF3B4	Gene
Gene::10265	IRX5	Gene
Gene::10266	RAMP2	Gene
Gene::10267	RAMP1	Gene
Gene::10268	RAMP3	Gene
Gene::10269	ZMPSTE24	Gene
Gene::1027	CDKN1B	Gene
Gene::10270	AKAP8	Gene
Gene::10272	FSTL3	Gene
Gene::10273	STUB1	Gene
Gene::10274	STAG1	Gene
Gene::10276	NET1	Gene
Gene::10277	UBE4B	Gene
Gene::1028	CDKN1C	Gene
Gene::102800317	LOC400927-CSNK1E	Gene
Gene::10284	SAP18	Gene
Gene::10286	BCAS2	Gene
Gene::10287	RGS19	Gene
Gene::10288	LILRB2	Gene
Gene::1029	CDKN2A	Gene
Gene::10291	SF3A1	Gene
Gene::10297	APC2	Gene
Gene::10298	PAK4	Gene
Gene::103	ADAR	Gene
Gene::1030	CDKN2B	Gene
Gene::10302	SNAPC5	Gene
Gene::10308	ZNF267	Gene
Gene::10309	CCNO	Gene
Gene::1031	CDKN2C	Gene
Gene::10312	TCIRG1	Gene
Gene::10316	NMUR1	Gene
Gene::10317	B3GALT5	Gene
Gene::10318	TNIP1	Gene
Gene::10319	LAMC3	Gene
Gene::1032	CDKN2D	Gene
Gene::10320	IKZF1	Gene
Gene::10322	SMYD5	Gene
Gene::10325	RRAGB	Gene
Gene::10326	SIRPB1	Gene
Gene::10327	AKR1A1	Gene
Gene::10331	B3GNT3	Gene
Gene::10333	TLR6	Gene
Gene::10335	MRVI1	Gene
Gene::10344	CCL26	Gene
Gene::10345	TRDN	Gene
Gene::10347	ABCA7	Gene
Gene::10349	ABCA10	Gene
Gene::10350	ABCA9	Gene
Gene::10351	ABCA8	Gene
Gene::10352	WARS2	Gene
Gene::1036	CDO1	Gene
Gene::10362	HMG20B	Gene
Gene::10365	KLF2	Gene
Gene::10368	CACNG3	Gene
Gene::10369	CACNG2	Gene
Gene::10370	CITED2	Gene
Gene::10371	SEMA3A	Gene
Gene::10376	TUBA1B	Gene
Gene::10379	IRF9	Gene
Gene::10380	BPNT1	Gene
Gene::10381	TUBB3	Gene
Gene::10382	TUBB4A	Gene
Gene::10383	TUBB4B	Gene
Gene::10388	SYCP2	Gene
Gene::10390	CEPT1	Gene
Gene::103910	MYL12B	Gene
Gene::10392	NOD1	Gene
Gene::10393	ANAPC10	Gene
Gene::10395	DLC1	Gene
Gene::10396	ATP8A1	Gene
Gene::10397	NDRG1	Gene
Gene::10398	MYL9	Gene
Gene::10399	GNB2L1	Gene
Gene::104	ADARB1	Gene
Gene::1040	CDS1	Gene
Gene::10400	PEMT	Gene
Gene::10401	PIAS3	Gene
Gene::10402	ST3GAL6	Gene
Gene::10403	NDC80	Gene
Gene::10410	IFITM3	Gene
Gene::10411	RAPGEF3	Gene
Gene::10413	YAP1	Gene
Gene::10417	SPON2	Gene
Gene::10418	SPON1	Gene
Gene::10419	PRMT5	Gene
Gene::10420	TESK2	Gene
Gene::10421	CD2BP2	Gene
Gene::10423	CDIPT	Gene
Gene::10425	ARIH2	Gene
Gene::10426	TUBGCP3	Gene
Gene::10427	SEC24B	Gene
Gene::10434	LYPLA1	Gene
Gene::10437	IFI30	Gene
Gene::1044	CDX1	Gene
Gene::10440	TIMM17A	Gene
Gene::10445	MCRS1	Gene
Gene::10449	ACAA2	Gene
Gene::1045	CDX2	Gene
Gene::10451	VAV3	Gene
Gene::10452	TOMM40	Gene
Gene::10454	TAB1	Gene
Gene::10458	BAIAP2	Gene
Gene::10459	MAD2L2	Gene
Gene::1046	CDX4	Gene
Gene::10460	TACC3	Gene
Gene::10461	MERTK	Gene
Gene::10463	SLC30A9	Gene
Gene::10468	FST	Gene
Gene::10469	TIMM44	Gene
Gene::10471	PFDN6	Gene
Gene::10474	TADA3	Gene
Gene::10476	ATP5H	Gene
Gene::10477	UBE2E3	Gene
Gene::10478	SLC25A17	Gene
Gene::10479	SLC9A6	Gene
Gene::10481	HOXB13	Gene
Gene::10482	NXF1	Gene
Gene::10483	SEC23B	Gene
Gene::10484	SEC23A	Gene
Gene::10486	CAP2	Gene
Gene::10487	CAP1	Gene
Gene::10488	CREB3	Gene
Gene::10489	LRRC41	Gene
Gene::10491	CRTAP	Gene
Gene::10497	UNC13B	Gene
Gene::10498	CARM1	Gene
Gene::10499	NCOA2	Gene
Gene::1050	CEBPA	Gene
Gene::10507	SEMA4D	Gene
Gene::1051	CEBPB	Gene
Gene::10512	SEMA3C	Gene
Gene::10513	APPBP2	Gene
Gene::10514	MYBBP1A	Gene
Gene::10516	FBLN5	Gene
Gene::10517	FBXW10	Gene
Gene::1052	CEBPD	Gene
Gene::10520	ZNF211	Gene
Gene::10521	DDX17	Gene
Gene::10522	DEAF1	Gene
Gene::10524	KAT5	Gene
Gene::10525	HYOU1	Gene
Gene::10526	IPO8	Gene
Gene::10528	NOP56	Gene
Gene::10533	ATG7	Gene
Gene::10536	P3H3	Gene
Gene::1054	CEBPG	Gene
Gene::10540	DCTN2	Gene
Gene::10544	PROCR	Gene
Gene::10549	PRDX4	Gene
Gene::10552	ARPC1A	Gene
Gene::10554	AGPAT1	Gene
Gene::10555	AGPAT2	Gene
Gene::10557	RPP38	Gene
Gene::10558	SPTLC1	Gene
Gene::10559	SLC35A1	Gene
Gene::1056	CEL	Gene
Gene::10560	SLC19A2	Gene
Gene::10563	CXCL13	Gene
Gene::10564	ARFGEF2	Gene
Gene::10566	AKAP3	Gene
Gene::10568	SLC34A2	Gene
Gene::10570	DPYSL4	Gene
Gene::10573	MRPL28	Gene
Gene::10574	CCT7	Gene
Gene::10575	CCT4	Gene
Gene::10576	CCT2	Gene
Gene::10578	GNLY	Gene
Gene::1058	CENPA	Gene
Gene::10580	SORBS1	Gene
Gene::10581	IFITM2	Gene
Gene::10587	TXNRD2	Gene
Gene::10588	MTHFS	Gene
Gene::10589	DRAP1	Gene
Gene::1059	CENPB	Gene
Gene::10592	SMC2	Gene
Gene::10594	PRPF8	Gene
Gene::10599	SLCO1B1	Gene
Gene::1060	CENPC	Gene
Gene::10600	USP16	Gene
Gene::10603	SH2B2	Gene
Gene::10605	PAIP1	Gene
Gene::10606	PAICS	Gene
Gene::10608	MXD4	Gene
Gene::10610	ST6GALNAC2	Gene
Gene::10614	HEXIM1	Gene
Gene::10616	RBCK1	Gene
Gene::10617	STAMBP	Gene
Gene::10618	TGOLN2	Gene
Gene::1062	CENPE	Gene
Gene::10621	POLR3F	Gene
Gene::10622	POLR3G	Gene
Gene::10623	POLR3C	Gene
Gene::10627	MYL12A	Gene
Gene::10628	TXNIP	Gene
Gene::10629	TAF6L	Gene
Gene::1063	CENPF	Gene
Gene::10632	ATP5L	Gene
Gene::10634	GAS2L1	Gene
Gene::10636	RGS14	Gene
Gene::10637	LEFTY1	Gene
Gene::10640	EXOC5	Gene
Gene::10642	IGF2BP1	Gene
Gene::10643	IGF2BP3	Gene
Gene::10644	IGF2BP2	Gene
Gene::10645	CAMKK2	Gene
Gene::10651	MTX2	Gene
Gene::10654	PMVK	Gene
Gene::10657	KHDRBS1	Gene
Gene::10658	CELF1	Gene
Gene::10659	CELF2	Gene
Gene::1066	CES1	Gene
Gene::10661	KLF1	Gene
Gene::10663	CXCR6	Gene
Gene::10664	CTCF	Gene
Gene::10666	CD226	Gene
Gene::10667	FARS2	Gene
Gene::10670	RRAGA	Gene
Gene::10671	DCTN6	Gene
Gene::10672	GNA13	Gene
Gene::10673	TNFSF13B	Gene
Gene::10675	CSPG5	Gene
Gene::10678	B3GNT2	Gene
Gene::10681	GNB5	Gene
Gene::10682	EBP	Gene
Gene::10683	DLL3	Gene
Gene::10686	CLDN16	Gene
Gene::1069	CETN2	Gene
Gene::10690	FUT9	Gene
Gene::10692	RRH	Gene
Gene::10694	CCT8	Gene
Gene::10695	CNPY3	Gene
Gene::10699	CORIN	Gene
Gene::107	ADCY1	Gene
Gene::1071	CETP	Gene
Gene::10714	POLD3	Gene
Gene::10715	CERS1	Gene
Gene::10717	AP4B1	Gene
Gene::10718	NRG3	Gene
Gene::1072	CFL1	Gene
Gene::10720	UGT2B11	Gene
Gene::10723	SLC12A7	Gene
Gene::10726	NUDC	Gene
Gene::10728	PTGES3	Gene
Gene::1073	CFL2	Gene
Gene::10733	PLK4	Gene
Gene::10734	STAG3	Gene
Gene::10735	STAG2	Gene
Gene::10743	RAI1	Gene
Gene::10744	PTTG2	Gene
Gene::10746	MAP3K2	Gene
Gene::10747	MASP2	Gene
Gene::1075	CTSC	Gene
Gene::10750	GRAP	Gene
Gene::10752	CHL1	Gene
Gene::10753	CAPN9	Gene
Gene::10755	GIPC1	Gene
Gene::10758	TRAF3IP2	Gene
Gene::10762	NUP50	Gene
Gene::10765	KDM5B	Gene
Gene::10766	TOB2	Gene
Gene::10768	AHCYL1	Gene
Gene::10769	PLK2	Gene
Gene::10771	ZMYND11	Gene
Gene::10772	SRSF10	Gene
Gene::10776	ARPP19	Gene
Gene::10780	ZNF234	Gene
Gene::10781	ZNF266	Gene
Gene::10782	ZNF274	Gene
Gene::10783	NEK6	Gene
Gene::10786	SLC17A3	Gene
Gene::10787	NCKAP1	Gene
Gene::10788	IQGAP2	Gene
Gene::10793	ZNF273	Gene
Gene::10794	ZNF460	Gene
Gene::10795	ZNF268	Gene
Gene::10797	MTHFD2	Gene
Gene::10798	OR5I1	Gene
Gene::108	ADCY2	Gene
Gene::1080	CFTR	Gene
Gene::10800	CYSLTR1	Gene
Gene::10802	SEC24A	Gene
Gene::10803	CCR9	Gene
Gene::10804	GJB6	Gene
Gene::10806	SDCCAG8	Gene
Gene::10808	HSPH1	Gene
Gene::1081	CGA	Gene
Gene::10810	WASF3	Gene
Gene::10811	NOXA1	Gene
Gene::10814	CPLX2	Gene
Gene::10815	CPLX1	Gene
Gene::10817	FRS3	Gene
Gene::10818	FRS2	Gene
Gene::1082	CGB	Gene
Gene::10825	NEU3	Gene
Gene::10840	ALDH1L1	Gene
Gene::10841	FTCD	Gene
Gene::10844	TUBGCP2	Gene
Gene::10846	PDE10A	Gene
Gene::10848	PPP1R13L	Gene
Gene::10849	CD3EAP	Gene
Gene::10850	CCL27	Gene
Gene::10855	HPSE	Gene
Gene::10856	RUVBL2	Gene
Gene::10858	CYP46A1	Gene
Gene::10859	LILRB1	Gene
Gene::10861	SLC26A1	Gene
Gene::10863	ADAM28	Gene
Gene::10864	SLC22A7	Gene
Gene::10870	HCST	Gene
Gene::10874	NMU	Gene
Gene::10878	CFHR3	Gene
Gene::1088	CEACAM8	Gene
Gene::10884	MRPS30	Gene
Gene::10886	NPFFR2	Gene
Gene::10887	PROKR1	Gene
Gene::10888	GPR83	Gene
Gene::10890	RAB10	Gene
Gene::10891	PPARGC1A	Gene
Gene::10892	MALT1	Gene
Gene::10893	MMP24	Gene
Gene::10894	LYVE1	Gene
Gene::10897	YIF1A	Gene
Gene::10898	CPSF4	Gene
Gene::109	ADCY3	Gene
Gene::10902	BRD8	Gene
Gene::10905	MAN1A2	Gene
Gene::10906	TRAFD1	Gene
Gene::10907	TXNL4A	Gene
Gene::10910	SUGT1	Gene
Gene::10911	UTS2	Gene
Gene::10912	GADD45G	Gene
Gene::10913	EDAR	Gene
Gene::10914	PAPOLA	Gene
Gene::10919	EHMT2	Gene
Gene::10921	RNPS1	Gene
Gene::10926	DBF4	Gene
Gene::10928	RALBP1	Gene
Gene::10933	MORF4L1	Gene
Gene::10935	PRDX3	Gene
Gene::10936	GPR75	Gene
Gene::10938	EHD1	Gene
Gene::10941	UGT2A1	Gene
Gene::10943	MSL3	Gene
Gene::10945	KDELR1	Gene
Gene::10946	SF3A3	Gene
Gene::10949	HNRNPA0	Gene
Gene::10952	SEC61B	Gene
Gene::10954	PDIA5	Gene
Gene::10956	OS9	Gene
Gene::10959	TMED2	Gene
Gene::10971	YWHAQ	Gene
Gene::10972	TMED10	Gene
Gene::10975	UQCR11	Gene
Gene::10978	CLP1	Gene
Gene::10979	FERMT2	Gene
Gene::10980	COPS6	Gene
Gene::10987	COPS5	Gene
Gene::10988	METAP2	Gene
Gene::10990	LILRB5	Gene
Gene::10991	SLC38A3	Gene
Gene::10992	SF3B2	Gene
Gene::10998	SLC27A5	Gene
Gene::10999	SLC27A4	Gene
Gene::11001	SLC27A2	Gene
Gene::11004	KIF2C	Gene
Gene::11006	LILRB4	Gene
Gene::11009	IL24	Gene
Gene::1101	CHAD	Gene
Gene::11010	GLIPR1	Gene
Gene::11011	TLK2	Gene
Gene::11015	KDELR3	Gene
Gene::11016	ATF7	Gene
Gene::11024	LILRA1	Gene
Gene::11025	LILRB3	Gene
Gene::1103	CHAT	Gene
Gene::11030	RBPMS	Gene
Gene::11033	ADAP1	Gene
Gene::11034	DSTN	Gene
Gene::11035	RIPK3	Gene
Gene::1104	RCC1	Gene
Gene::11040	PIM2	Gene
Gene::11046	SLC35D2	Gene
Gene::11047	ADRM1	Gene
Gene::11051	NUDT21	Gene
Gene::11052	CPSF6	Gene
Gene::11059	WWP1	Gene
Gene::11064	CNTRL	Gene
Gene::11065	UBE2C	Gene
Gene::11069	RAPGEF4	Gene
Gene::1107	CHD3	Gene
Gene::11072	DUSP14	Gene
Gene::11073	TOPBP1	Gene
Gene::11076	TPPP	Gene
Gene::1108	CHD4	Gene
Gene::11081	KERA	Gene
Gene::11082	ESM1	Gene
Gene::11083	DIDO1	Gene
Gene::11085	ADAM30	Gene
Gene::1109	AKR1C4	Gene
Gene::11091	WDR5	Gene
Gene::11093	ADAMTS13	Gene
Gene::11095	ADAMTS8	Gene
Gene::11096	ADAMTS5	Gene
Gene::11097	NUPL2	Gene
Gene::11099	PTPN21	Gene
Gene::111	ADCY5	Gene
Gene::11100	HNRNPUL1	Gene
Gene::11104	KATNA1	Gene
Gene::11105	PRDM7	Gene
Gene::11108	PRDM4	Gene
Gene::1111	CHEK1	Gene
Gene::11112	HIBADH	Gene
Gene::11113	CIT	Gene
Gene::11116	FGFR1OP	Gene
Gene::11124	FAF1	Gene
Gene::11126	CD160	Gene
Gene::11127	KIF3A	Gene
Gene::11128	POLR3A	Gene
Gene::11129	CLASRP	Gene
Gene::11130	ZWINT	Gene
Gene::11131	CAPN11	Gene
Gene::11132	CAPN10	Gene
Gene::11136	SLC7A9	Gene
Gene::11138	TBC1D8	Gene
Gene::11140	CDC37	Gene
Gene::11142	PKIG	Gene
Gene::11143	KAT7	Gene
Gene::11144	DMC1	Gene
Gene::11145	PLA2G16	Gene
Gene::11156	PTP4A3	Gene
Gene::11157	LSM6	Gene
Gene::11163	NUDT4	Gene
Gene::11164	NUDT5	Gene
Gene::11165	NUDT3	Gene
Gene::11167	FSTL1	Gene
Gene::11168	PSIP1	Gene
Gene::11171	STRAP	Gene
Gene::11173	ADAMTS7	Gene
Gene::11174	ADAMTS6	Gene
Gene::11176	BAZ2A	Gene
Gene::11177	BAZ1A	Gene
Gene::11181	TREH	Gene
Gene::11182	SLC2A6	Gene
Gene::11183	MAP4K5	Gene
Gene::11184	MAP4K1	Gene
Gene::11185	INMT	Gene
Gene::11186	RASSF1	Gene
Gene::11188	NISCH	Gene
Gene::11189	CELF3	Gene
Gene::1119	CHKA	Gene
Gene::11190	CEP250	Gene
Gene::11194	ABCB8	Gene
Gene::11197	WIF1	Gene
Gene::11198	SUPT16H	Gene
Gene::112	ADCY6	Gene
Gene::1120	CHKB	Gene
Gene::11200	CHEK2	Gene
Gene::11202	KLK8	Gene
Gene::11211	FZD10	Gene
Gene::11213	IRAK3	Gene
Gene::11214	AKAP13	Gene
Gene::11215	AKAP11	Gene
Gene::11216	AKAP10	Gene
Gene::11218	DDX20	Gene
Gene::11221	DUSP10	Gene
Gene::11222	MRPL3	Gene
Gene::11224	RPL35	Gene
Gene::11226	GALNT6	Gene
Gene::11227	GALNT5	Gene
Gene::1123	CHN1	Gene
Gene::11232	POLG2	Gene
Gene::11235	PDCD10	Gene
Gene::11236	RNF139	Gene
Gene::11238	CA5B	Gene
Gene::112398	EGLN2	Gene
Gene::112399	EGLN3	Gene
Gene::1124	CHN2	Gene
Gene::11243	PMF1	Gene
Gene::11245	GPR176	Gene
Gene::112464	PRKCDBP	Gene
Gene::11250	GPR45	Gene
Gene::11251	PTGDR2	Gene
Gene::11253	MAN1B1	Gene
Gene::11254	SLC6A14	Gene
Gene::11255	HRH3	Gene
Gene::11258	DCTN3	Gene
Gene::11261	CHP1	Gene
Gene::11267	SNF8	Gene
Gene::112714	TUBA3E	Gene
Gene::11274	USP18	Gene
Gene::112744	IL17F	Gene
Gene::112755	STX1B	Gene
Gene::11277	TREX1	Gene
Gene::11279	KLF8	Gene
Gene::1128	CHRM1	Gene
Gene::11280	SCN11A	Gene
Gene::112812	FDX1L	Gene
Gene::11282	MGAT4B	Gene
Gene::11283	CYP4F8	Gene
Gene::11284	PNKP	Gene
Gene::11285	B4GALT7	Gene
Gene::112869	CCDC101	Gene
Gene::1129	CHRM2	Gene
Gene::112950	MED8	Gene
Gene::113	ADCY7	Gene
Gene::113026	PLCD3	Gene
Gene::11309	SLCO2B1	Gene
Gene::113091	PTH2	Gene
Gene::1131	CHRM3	Gene
Gene::11311	VPS45	Gene
Gene::113130	CDCA5	Gene
Gene::11315	PARK7	Gene
Gene::11316	COPE	Gene
Gene::11317	RBPJL	Gene
Gene::113177	IZUMO4	Gene
Gene::11318	GPR182	Gene
Gene::113189	CHST14	Gene
Gene::1132	CHRM4	Gene
Gene::11320	MGAT4A	Gene
Gene::113235	SLC46A1	Gene
Gene::113278	SLC52A3	Gene
Gene::11328	FKBP9	Gene
Gene::11329	STK38	Gene
Gene::1133	CHRM5	Gene
Gene::11330	CTRC	Gene
Gene::11331	PHB2	Gene
Gene::11335	CBX3	Gene
Gene::11336	EXOC3	Gene
Gene::11337	GABARAP	Gene
Gene::11338	U2AF2	Gene
Gene::11339	OIP5	Gene
Gene::1134	CHRNA1	Gene
Gene::11340	EXOSC8	Gene
Gene::11343	MGLL	Gene
Gene::11345	GABARAPL2	Gene
Gene::113451	AZIN2	Gene
Gene::113457	TUBA3D	Gene
Gene::11346	SYNPO	Gene
Gene::1135	CHRNA2	Gene
Gene::1136	CHRNA3	Gene
Gene::113612	CYP2U1	Gene
Gene::1137	CHRNA4	Gene
Gene::1138	CHRNA5	Gene
Gene::113835	ZNF257	Gene
Gene::113878	DTX2	Gene
Gene::1139	CHRNA7	Gene
Gene::114	ADCY8	Gene
Gene::114026	ZIM3	Gene
Gene::114088	TRIM9	Gene
Gene::1141	CHRNB2	Gene
Gene::114112	TXNRD3	Gene
Gene::114134	SLC2A13	Gene
Gene::1142	CHRNB3	Gene
Gene::1143	CHRNB4	Gene
Gene::1144	CHRND	Gene
Gene::1145	CHRNE	Gene
Gene::114548	NLRP3	Gene
Gene::1146	CHRNG	Gene
Gene::114609	TIRAP	Gene
Gene::1147	CHUK	Gene
Gene::114781	BTBD9	Gene
Gene::114787	GPRIN1	Gene
Gene::114790	STK11IP	Gene
Gene::114791	TUBGCP5	Gene
Gene::114799	ESCO1	Gene
Gene::114805	GALNT13	Gene
Gene::114815	SORCS1	Gene
Gene::114822	RHPN1	Gene
Gene::114826	SMYD4	Gene
Gene::114876	OSBPL1A	Gene
Gene::1149	CIDEA	Gene
Gene::114907	FBXO32	Gene
Gene::114971	PTPMT1	Gene
Gene::115	ADCY9	Gene
Gene::115004	MB21D1	Gene
Gene::115019	SLC26A9	Gene
Gene::115111	SLC26A7	Gene
Gene::115196	ZNF554	Gene
Gene::1152	CKB	Gene
Gene::115265	DDIT4L	Gene
Gene::115290	FBXO17	Gene
Gene::115361	GBP4	Gene
Gene::115362	GBP5	Gene
Gene::1154	CISH	Gene
Gene::1155	TBCB	Gene
Gene::115509	ZNF689	Gene
Gene::115557	ARHGEF25	Gene
Gene::115584	SLC5A11	Gene
Gene::115677	NOSTRIN	Gene
Gene::115703	ARHGAP33	Gene
Gene::115727	RASGRP4	Gene
Gene::1158	CKM	Gene
Gene::1159	CKMT1B	Gene
Gene::115908	CTHRC1	Gene
Gene::116	ADCYAP1	Gene
Gene::1160	CKMT2	Gene
Gene::116085	SLC22A12	Gene
Gene::1161	ERCC8	Gene
Gene::116138	KLHDC3	Gene
Gene::116228	COX20	Gene
Gene::116255	MOGAT1	Gene
Gene::116285	ACSM1	Gene
Gene::1163	CKS1B	Gene
Gene::116362	RBP7	Gene
Gene::116448	OLIG1	Gene
Gene::116511	MAS1L	Gene
Gene::116519	APOA5	Gene
Gene::116540	MRPL53	Gene
Gene::116541	MRPL54	Gene
Gene::116984	ARAP2	Gene
Gene::116985	ARAP1	Gene
Gene::116986	AGAP2	Gene
Gene::117	ADCYAP1R1	Gene
Gene::117143	TADA1	Gene
Gene::117144	CATSPER1	Gene
Gene::117145	THEM4	Gene
Gene::117155	CATSPER2	Gene
Gene::117156	SCGB3A2	Gene
Gene::117247	SLC16A10	Gene
Gene::117248	GALNT15	Gene
Gene::117283	IP6K3	Gene
Gene::117285	DEFB118	Gene
Gene::117289	TAGAP	Gene
Gene::1173	AP2M1	Gene
Gene::1174	AP1S1	Gene
Gene::1175	AP2S1	Gene
Gene::117579	RLN3	Gene
Gene::117584	RFFL	Gene
Gene::1176	AP3S1	Gene
Gene::117608	ZNF354B	Gene
Gene::118	ADD1	Gene
Gene::1180	CLCN1	Gene
Gene::1181	CLCN2	Gene
Gene::1182	CLCN3	Gene
Gene::1183	CLCN4	Gene
Gene::1184	CLCN5	Gene
Gene::118424	UBE2J2	Gene
Gene::118429	ANTXR2	Gene
Gene::118430	MUCL1	Gene
Gene::118442	GPR62	Gene
Gene::118460	EXOSC6	Gene
Gene::118487	CHCHD1	Gene
Gene::1185	CLCN6	Gene
Gene::1186	CLCN7	Gene
Gene::118672	PSTK	Gene
Gene::1187	CLCNKA	Gene
Gene::118788	PIK3AP1	Gene
Gene::1188	CLCNKB	Gene
Gene::118856	MMP21	Gene
Gene::1191	CLU	Gene
Gene::1193	CLIC2	Gene
Gene::119391	GSTO2	Gene
Gene::1195	CLK1	Gene
Gene::1196	CLK2	Gene
Gene::119678	OR52E2	Gene
Gene::119679	OR52J3	Gene
Gene::119682	OR51L1	Gene
Gene::119687	OR51A7	Gene
Gene::119692	OR51S1	Gene
Gene::119694	OR51F2	Gene
Gene::119695	OR52R1	Gene
Gene::119764	OR4X2	Gene
Gene::119765	OR4B1	Gene
Gene::119772	OR52M1	Gene
Gene::119774	OR52K2	Gene
Gene::1198	CLK3	Gene
Gene::12	SERPINA3	Gene
Gene::1200	TPP1	Gene
Gene::120065	OR5P2	Gene
Gene::120066	OR5P3	Gene
Gene::120227	CYP2R1	Gene
Gene::120425	AMICA1	Gene
Gene::120586	OR8I2	Gene
Gene::1207	CLNS1A	Gene
Gene::120775	OR2D3	Gene
Gene::120776	OR2D2	Gene
Gene::120787	OR52W1	Gene
Gene::120793	OR56A4	Gene
Gene::120796	OR56A1	Gene
Gene::1208	CLPS	Gene
Gene::120892	LRRK2	Gene
Gene::1211	CLTA	Gene
Gene::121129	OR2AP1	Gene
Gene::121130	OR10P1	Gene
Gene::1212	CLTB	Gene
Gene::121214	SDR9C7	Gene
Gene::121260	SLC15A4	Gene
Gene::121274	ZNF641	Gene
Gene::121275	OR10AD1	Gene
Gene::121278	TPH2	Gene
Gene::1213	CLTC	Gene
Gene::121364	OR10A7	Gene
Gene::121441	NEDD1	Gene
Gene::1215	CMA1	Gene
Gene::121504	HIST4H4	Gene
Gene::121512	FGD4	Gene
Gene::121536	AEBP2	Gene
Gene::121601	ANO4	Gene
Gene::121642	ALKBH2	Gene
Gene::122042	RXFP2	Gene
Gene::122618	PLD4	Gene
Gene::122622	ADSSL1	Gene
Gene::122704	MRPL52	Gene
Gene::122740	OR4K14	Gene
Gene::122742	OR4L1	Gene
Gene::122748	OR11H6	Gene
Gene::122769	LRR1	Gene
Gene::122809	SOCS4	Gene
Gene::122830	NAA30	Gene
Gene::122953	JDP2	Gene
Gene::123	PLIN2	Gene
Gene::1230	CCR1	Gene
Gene::123041	SLC24A4	Gene
Gene::123099	DEGS2	Gene
Gene::123169	LEO1	Gene
Gene::1232	CCR3	Gene
Gene::123263	MTFMT	Gene
Gene::123264	SLC51B	Gene
Gene::1233	CCR4	Gene
Gene::1234	CCR5	Gene
Gene::1235	CCR6	Gene
Gene::1236	CCR7	Gene
Gene::1237	CCR8	Gene
Gene::123745	PLA2G4E	Gene
Gene::1238	ACKR2	Gene
Gene::123876	ACSM2A	Gene
Gene::124	ADH1A	Gene
Gene::1240	CMKLR1	Gene
Gene::124056	NOXO1	Gene
Gene::1241	LTB4R	Gene
Gene::1244	ABCC2	Gene
Gene::124411	ZNF720	Gene
Gene::124454	EARS2	Gene
Gene::124538	OR4D2	Gene
Gene::124935	SLC43A2	Gene
Gene::124975	GGT6	Gene
Gene::124995	MRPL10	Gene
Gene::125	ADH1B	Gene
Gene::125061	AFMID	Gene
Gene::125111	GJD3	Gene
Gene::125206	SLC5A10	Gene
Gene::1258	CNGB1	Gene
Gene::1259	CNGA1	Gene
Gene::125919	ZNF543	Gene
Gene::125958	OR7D4	Gene
Gene::125962	OR7G1	Gene
Gene::125963	OR1M1	Gene
Gene::125981	ACER1	Gene
Gene::125997	MBD3L2	Gene
Gene::126	ADH1C	Gene
Gene::126068	ZNF441	Gene
Gene::126070	ZNF440	Gene
Gene::1261	CNGA3	Gene
Gene::126123	IZUMO2	Gene
Gene::126129	CPT1C	Gene
Gene::126206	NLRP5	Gene
Gene::126231	ZNF573	Gene
Gene::1263	PLK3	Gene
Gene::126328	NDUFA11	Gene
Gene::126370	OR1I1	Gene
Gene::126375	ZNF792	Gene
Gene::126382	NR2C2AP	Gene
Gene::1264	CNN1	Gene
Gene::126410	CYP4F22	Gene
Gene::126433	FBXO27	Gene
Gene::1265	CNN2	Gene
Gene::126541	OR10H4	Gene
Gene::1267	CNP	Gene
Gene::126792	B3GALT6	Gene
Gene::1268	CNR1	Gene
Gene::1269	CNR2	Gene
Gene::126961	HIST2H3C	Gene
Gene::126969	SLC44A3	Gene
Gene::127	ADH4	Gene
Gene::1270	CNTF	Gene
Gene::127062	OR2M3	Gene
Gene::127064	OR2T12	Gene
Gene::127066	OR14C36	Gene
Gene::127068	OR2T34	Gene
Gene::127069	OR2T10	Gene
Gene::127074	OR2T4	Gene
Gene::127077	OR2T11	Gene
Gene::1271	CNTFR	Gene
Gene::127124	ATP6V1G3	Gene
Gene::1272	CNTN1	Gene
Gene::127247	ASB17	Gene
Gene::127281	FAM213B	Gene
Gene::127343	DMBX1	Gene
Gene::127385	OR10J5	Gene
Gene::127396	ZNF684	Gene
Gene::127534	GJB4	Gene
Gene::127544	RNF19B	Gene
Gene::127550	A3GALT2	Gene
Gene::127623	OR2B11	Gene
Gene::1277	COL1A1	Gene
Gene::1278	COL1A2	Gene
Gene::127833	SYT2	Gene
Gene::128	ADH5	Gene
Gene::1280	COL2A1	Gene
Gene::1281	COL3A1	Gene
Gene::1282	COL4A1	Gene
Gene::128239	IQGAP3	Gene
Gene::128308	MRPL55	Gene
Gene::128312	HIST3H2BB	Gene
Gene::128360	OR10T2	Gene
Gene::128366	OR6P1	Gene
Gene::128367	OR10X1	Gene
Gene::128368	OR10Z1	Gene
Gene::128371	OR6K6	Gene
Gene::128372	OR6N1	Gene
Gene::1284	COL4A2	Gene
Gene::1285	COL4A3	Gene
Gene::1286	COL4A4	Gene
Gene::128674	PROKR2	Gene
Gene::1287	COL4A5	Gene
Gene::1288	COL4A6	Gene
Gene::128866	CHMP4B	Gene
Gene::128869	PIGU	Gene
Gene::1289	COL5A1	Gene
Gene::1290	COL5A2	Gene
Gene::1291	COL6A1	Gene
Gene::1292	COL6A2	Gene
Gene::1293	COL6A3	Gene
Gene::1294	COL7A1	Gene
Gene::129401	NUP35	Gene
Gene::1295	COL8A1	Gene
Gene::129521	NMS	Gene
Gene::1296	COL8A2	Gene
Gene::129642	MBOAT2	Gene
Gene::1297	COL9A1	Gene
Gene::1298	COL9A2	Gene
Gene::129807	NEU4	Gene
Gene::1299	COL9A3	Gene
Gene::130	ADH6	Gene
Gene::1300	COL10A1	Gene
Gene::130013	ACMSD	Gene
Gene::130075	OR9A4	Gene
Gene::1301	COL11A1	Gene
Gene::1302	COL11A2	Gene
Gene::1303	COL12A1	Gene
Gene::130340	AP1S3	Gene
Gene::130367	SGPP2	Gene
Gene::130399	ACVR1C	Gene
Gene::1305	COL13A1	Gene
Gene::1306	COL15A1	Gene
Gene::1307	COL16A1	Gene
Gene::1308	COL17A1	Gene
Gene::131	ADH7	Gene
Gene::1310	COL19A1	Gene
Gene::131096	KCNH8	Gene
Gene::1311	COMP	Gene
Gene::131118	DNAJC19	Gene
Gene::1312	COMT	Gene
Gene::1314	COPA	Gene
Gene::131450	CD200R1	Gene
Gene::131474	CHCHD4	Gene
Gene::1315	COPB1	Gene
Gene::1316	KLF6	Gene
Gene::131669	UROC1	Gene
Gene::1317	SLC31A1	Gene
Gene::1318	SLC31A2	Gene
Gene::131870	NUDT16	Gene
Gene::131890	GRK7	Gene
Gene::132	ADK	Gene
Gene::132014	IL17RE	Gene
Gene::1326	MAP3K8	Gene
Gene::132625	ZFP42	Gene
Gene::132660	LIN54	Gene
Gene::132671	SPATA18	Gene
Gene::1327	COX4I1	Gene
Gene::1329	COX5B	Gene
Gene::133	ADM	Gene
Gene::133308	SLC9B2	Gene
Gene::133383	SETD9	Gene
Gene::133522	PPARGC1B	Gene
Gene::1337	COX6A1	Gene
Gene::133746	JMY	Gene
Gene::1339	COX6A2	Gene
Gene::134	ADORA1	Gene
Gene::1340	COX6B1	Gene
Gene::134083	OR2Y1	Gene
Gene::134266	GRPEL2	Gene
Gene::134353	LSM11	Gene
Gene::134429	STARD4	Gene
Gene::1345	COX6C	Gene
Gene::1346	COX7A1	Gene
Gene::1347	COX7A2	Gene
Gene::134701	RIPPLY2	Gene
Gene::134860	TAAR9	Gene
Gene::134864	TAAR1	Gene
Gene::1349	COX7B	Gene
Gene::135	ADORA2A	Gene
Gene::1350	COX7C	Gene
Gene::1351	COX8A	Gene
Gene::135112	NCOA7	Gene
Gene::135152	B3GAT2	Gene
Gene::1352	COX10	Gene
Gene::135250	RAET1E	Gene
Gene::1353	COX11	Gene
Gene::135458	HUS1B	Gene
Gene::1355	COX15	Gene
Gene::1356	CP	Gene
Gene::1359	CPA3	Gene
Gene::135924	OR9A2	Gene
Gene::135941	OR2A14	Gene
Gene::135946	OR6B1	Gene
Gene::135948	OR2F2	Gene
Gene::136	ADORA2B	Gene
Gene::1360	CPB1	Gene
Gene::136051	ZNF786	Gene
Gene::1361	CPB2	Gene
Gene::1362	CPD	Gene
Gene::136227	COL26A1	Gene
Gene::1363	CPE	Gene
Gene::136371	ASB10	Gene
Gene::1364	CLDN4	Gene
Gene::1365	CLDN3	Gene
Gene::1366	CLDN7	Gene
Gene::1369	CPN1	Gene
Gene::137075	CLDN23	Gene
Gene::1371	CPOX	Gene
Gene::1373	CPS1	Gene
Gene::1374	CPT1A	Gene
Gene::137492	VPS37A	Gene
Gene::1375	CPT1B	Gene
Gene::1376	CPT2	Gene
Gene::1378	CR1	Gene
Gene::137872	ADHFE1	Gene
Gene::137964	AGPAT6	Gene
Gene::137970	UNC5D	Gene
Gene::1380	CR2	Gene
Gene::1381	CRABP1	Gene
Gene::1382	CRABP2	Gene
Gene::1384	CRAT	Gene
Gene::138429	PIP5KL1	Gene
Gene::138474	TAF1L	Gene
Gene::1385	CREB1	Gene
Gene::1386	ATF2	Gene
Gene::1387	CREBBP	Gene
Gene::138799	OR13C5	Gene
Gene::1388	ATF6B	Gene
Gene::138802	OR13C8	Gene
Gene::138803	OR13C3	Gene
Gene::138804	OR13C4	Gene
Gene::138805	OR13F1	Gene
Gene::138881	OR1L8	Gene
Gene::138882	OR1N2	Gene
Gene::138883	OR1N1	Gene
Gene::1390	CREM	Gene
Gene::139135	PASD1	Gene
Gene::139189	DGKK	Gene
Gene::1392	CRH	Gene
Gene::139285	AMER1	Gene
Gene::1393	CRHBP	Gene
Gene::1394	CRHR1	Gene
Gene::1395	CRHR2	Gene
Gene::139760	GPR119	Gene
Gene::1398	CRK	Gene
Gene::139818	DOCK11	Gene
Gene::1399	CRKL	Gene
Gene::14	AAMP	Gene
Gene::140	ADORA3	Gene
Gene::1400	CRMP1	Gene
Gene::1401	CRP	Gene
Gene::1404	HAPLN1	Gene
Gene::140453	MUC17	Gene
Gene::140456	ASB11	Gene
Gene::140458	ASB5	Gene
Gene::140459	ASB6	Gene
Gene::140460	ASB7	Gene
Gene::140461	ASB8	Gene
Gene::140462	ASB9	Gene
Gene::140465	MYL6B	Gene
Gene::140596	DEFB104A	Gene
Gene::1406	CRX	Gene
Gene::140606	SELM	Gene
Gene::140609	NEK7	Gene
Gene::140612	ZFP28	Gene
Gene::140628	GATA5	Gene
Gene::140679	SLC32A1	Gene
Gene::140687	GCNT7	Gene
Gene::140688	NOL4L	Gene
Gene::1407	CRY1	Gene
Gene::140735	DYNLL2	Gene
Gene::140738	TMEM37	Gene
Gene::140739	UBE2F	Gene
Gene::140766	ADAMTS14	Gene
Gene::1408	CRY2	Gene
Gene::140803	TRPM6	Gene
Gene::140838	NANP	Gene
Gene::140850	DEFB127	Gene
Gene::140881	DEFB129	Gene
Gene::140885	SIRPA	Gene
Gene::140890	SREK1	Gene
Gene::142	PARP1	Gene
Gene::142678	MIB2	Gene
Gene::142680	SLC34A3	Gene
Gene::142685	ASB15	Gene
Gene::142689	ASB12	Gene
Gene::1431	CS	Gene
Gene::1432	MAPK14	Gene
Gene::1434	CSE1L	Gene
Gene::143471	PSMA8	Gene
Gene::143496	OR52B4	Gene
Gene::1435	CSF1	Gene
Gene::143502	OR52I2	Gene
Gene::143503	OR51E1	Gene
Gene::1436	CSF1R	Gene
Gene::143662	MUC15	Gene
Gene::1437	CSF2	Gene
Gene::1438	CSF2RA	Gene
Gene::1439	CSF2RB	Gene
Gene::1440	CSF3	Gene
Gene::144100	PLEKHA7	Gene
Gene::144124	OR10A5	Gene
Gene::144125	OR2AG1	Gene
Gene::144165	PRICKLE1	Gene
Gene::144193	AMDHD1	Gene
Gene::144195	SLC2A14	Gene
Gene::1442	CSH1	Gene
Gene::144245	ALG10B	Gene
Gene::144348	ZNF664	Gene
Gene::144453	BEST3	Gene
Gene::144455	E2F7	Gene
Gene::1445	CSK	Gene
Gene::1447	CSN2	Gene
Gene::144715	RAD9B	Gene
Gene::145173	B3GLCT	Gene
Gene::1452	CSNK1A1	Gene
Gene::145226	RDH12	Gene
Gene::145258	GSC	Gene
Gene::1453	CSNK1D	Gene
Gene::1454	CSNK1E	Gene
Gene::1455	CSNK1G2	Gene
Gene::1456	CSNK1G3	Gene
Gene::1457	CSNK2A1	Gene
Gene::145873	MESP2	Gene
Gene::1459	CSNK2A2	Gene
Gene::145957	NRG4	Gene
Gene::146	ADRA1D	Gene
Gene::1460	CSNK2B	Gene
Gene::146198	ZFP90	Gene
Gene::1462	VCAN	Gene
Gene::146225	CMTM2	Gene
Gene::1463	NCAN	Gene
Gene::1464	CSPG4	Gene
Gene::146434	ZNF597	Gene
Gene::1465	CSRP1	Gene
Gene::146542	ZNF688	Gene
Gene::1466	CSRP2	Gene
Gene::146712	B3GNTL1	Gene
Gene::1468	SLC25A10	Gene
Gene::146802	SLC47A2	Gene
Gene::146850	PIK3R6	Gene
Gene::147	ADRA1B	Gene
Gene::1471	CST3	Gene
Gene::147111	NOTUM	Gene
Gene::147179	WIPF2	Gene
Gene::1473	CST5	Gene
Gene::147323	STARD6	Gene
Gene::147657	ZNF480	Gene
Gene::147686	ZNF418	Gene
Gene::147687	ZNF417	Gene
Gene::147694	ZNF548	Gene
Gene::1477	CSTF1	Gene
Gene::147700	KLC3	Gene
Gene::147741	ZNF560	Gene
Gene::1478	CSTF2	Gene
Gene::147837	ZNF563	Gene
Gene::147841	SPC24	Gene
Gene::1479	CSTF3	Gene
Gene::147923	ZNF420	Gene
Gene::147929	ZNF565	Gene
Gene::147945	NLRP4	Gene
Gene::147948	ZNF582	Gene
Gene::147949	ZNF583	Gene
Gene::148	ADRA1A	Gene
Gene::148022	TICAM1	Gene
Gene::148103	ZNF599	Gene
Gene::148156	ZNF558	Gene
Gene::1482	NKX2-5	Gene
Gene::148206	ZNF714	Gene
Gene::148213	ZNF681	Gene
Gene::148229	ATP8B3	Gene
Gene::148254	ZNF555	Gene
Gene::148266	ZNF569	Gene
Gene::148268	ZNF570	Gene
Gene::148327	CREB3L4	Gene
Gene::148523	CIART	Gene
Gene::148581	UBE2U	Gene
Gene::1487	CTBP1	Gene
Gene::148738	HFE2	Gene
Gene::1488	CTBP2	Gene
Gene::148867	SLC30A7	Gene
Gene::1489	CTF1	Gene
Gene::1490	CTGF	Gene
Gene::1491	CTH	Gene
Gene::149233	IL23R	Gene
Gene::1493	CTLA4	Gene
Gene::149371	EXOC8	Gene
Gene::149461	CLDN19	Gene
Gene::1495	CTNNA1	Gene
Gene::1496	CTNNA2	Gene
Gene::1499	CTNNB1	Gene
Gene::15	AANAT	Gene
Gene::150	ADRA2A	Gene
Gene::1500	CTNND1	Gene
Gene::150094	SIK1	Gene
Gene::1501	CTNND2	Gene
Gene::150159	SLC9B1	Gene
Gene::150274	HSCB	Gene
Gene::1503	CTPS1	Gene
Gene::1504	CTRB1	Gene
Gene::150572	SMYD1	Gene
Gene::150681	OR6B3	Gene
Gene::150684	COMMD1	Gene
Gene::150763	GPAT2	Gene
Gene::1508	CTSB	Gene
Gene::1509	CTSD	Gene
Gene::151	ADRA2B	Gene
Gene::1510	CTSE	Gene
Gene::151056	PLB1	Gene
Gene::1511	CTSG	Gene
Gene::1512	CTSH	Gene
Gene::151246	SGOL2	Gene
Gene::1513	CTSK	Gene
Gene::151306	GPBAR1	Gene
Gene::1514	CTSL	Gene
Gene::1515	CTSV	Gene
Gene::151531	UPP2	Gene
Gene::151613	TTC14	Gene
Gene::151636	DTX3L	Gene
Gene::151648	SGOL1	Gene
Gene::151742	PPM1L	Gene
Gene::151888	BTLA	Gene
Gene::1519	CTSO	Gene
Gene::152	ADRA2C	Gene
Gene::1520	CTSS	Gene
Gene::1522	CTSZ	Gene
Gene::1523	CUX1	Gene
Gene::1524	CX3CR1	Gene
Gene::1525	CXADR	Gene
Gene::152503	SH3D19	Gene
Gene::152687	ZNF595	Gene
Gene::152789	JAKMIP1	Gene
Gene::1528	CYB5A	Gene
Gene::152831	KLB	Gene
Gene::153	ADRB1	Gene
Gene::153090	DAB2IP	Gene
Gene::153201	SLC36A2	Gene
Gene::1535	CYBA	Gene
Gene::1536	CYBB	Gene
Gene::153642	ARSK	Gene
Gene::1537	CYC1	Gene
Gene::154	ADRB2	Gene
Gene::1540	CYLD	Gene
Gene::154091	SLC2A12	Gene
Gene::154141	MBOAT1	Gene
Gene::1543	CYP1A1	Gene
Gene::1544	CYP1A2	Gene
Gene::1545	CYP1B1	Gene
Gene::154796	AMOT	Gene
Gene::1548	CYP2A6	Gene
Gene::154810	AMOTL1	Gene
Gene::1549	CYP2A7	Gene
Gene::155	ADRB3	Gene
Gene::155054	ZNF425	Gene
Gene::155061	ZNF746	Gene
Gene::155066	ATP6V0E2	Gene
Gene::1551	CYP3A7	Gene
Gene::155184	SLC2A7	Gene
Gene::1553	CYP2A13	Gene
Gene::155382	VPS37D	Gene
Gene::1555	CYP2B6	Gene
Gene::1557	CYP2C19	Gene
Gene::1558	CYP2C8	Gene
Gene::1559	CYP2C9	Gene
Gene::156	ADRBK1	Gene
Gene::1562	CYP2C18	Gene
Gene::1565	CYP2D6	Gene
Gene::157	ADRBK2	Gene
Gene::1571	CYP2E1	Gene
Gene::1572	CYP2F1	Gene
Gene::1573	CYP2J2	Gene
Gene::157506	RDH10	Gene
Gene::157570	ESCO2	Gene
Gene::1576	CYP3A4	Gene
Gene::1577	CYP3A5	Gene
Gene::157769	FAM91A1	Gene
Gene::157807	CLVS1	Gene
Gene::157869	SBSPON	Gene
Gene::1579	CYP4A11	Gene
Gene::158	ADSL	Gene
Gene::1580	CYP4B1	Gene
Gene::1581	CYP7A1	Gene
Gene::158131	OR1Q1	Gene
Gene::1582	CYP8B1	Gene
Gene::1583	CYP11A1	Gene
Gene::158399	ZNF483	Gene
Gene::1584	CYP11B1	Gene
Gene::158431	ZNF782	Gene
Gene::1585	CYP11B2	Gene
Gene::1586	CYP17A1	Gene
Gene::158763	ARHGAP36	Gene
Gene::1588	CYP19A1	Gene
Gene::158835	AWAT2	Gene
Gene::1589	CYP21A2	Gene
Gene::159	ADSS	Gene
Gene::1591	CYP24A1	Gene
Gene::1592	CYP26A1	Gene
Gene::1593	CYP27A1	Gene
Gene::1594	CYP27B1	Gene
Gene::1595	CYP51A1	Gene
Gene::159963	SLC5A12	Gene
Gene::16	AARS	Gene
Gene::160	AP2A1	Gene
Gene::1600	DAB1	Gene
Gene::1601	DAB2	Gene
Gene::1603	DAD1	Gene
Gene::1604	CD55	Gene
Gene::1605	DAG1	Gene
Gene::1606	DGKA	Gene
Gene::1607	DGKB	Gene
Gene::160728	SLC5A8	Gene
Gene::1608	DGKG	Gene
Gene::160851	DGKH	Gene
Gene::1609	DGKQ	Gene
Gene::161	AP2A2	Gene
Gene::1610	DAO	Gene
Gene::1612	DAPK1	Gene
Gene::1613	DAPK3	Gene
Gene::1615	DARS	Gene
Gene::1616	DAXX	Gene
Gene::161742	SPRED1	Gene
Gene::1618	DAZL	Gene
Gene::161823	ADAL	Gene
Gene::161882	ZFPM1	Gene
Gene::162	AP1B1	Gene
Gene::1621	DBH	Gene
Gene::1622	DBI	Gene
Gene::162239	ZFP1	Gene
Gene::162417	NAGS	Gene
Gene::162466	PHOSPHO1	Gene
Gene::162514	TRPV3	Gene
Gene::162655	ZNF519	Gene
Gene::1628	DBP	Gene
Gene::1629	DBT	Gene
Gene::162963	ZNF610	Gene
Gene::162966	ZNF600	Gene
Gene::162972	ZNF550	Gene
Gene::162998	OR7D2	Gene
Gene::163	AP2B1	Gene
Gene::1630	DCC	Gene
Gene::163049	ZNF791	Gene
Gene::163050	ZNF564	Gene
Gene::163051	ZNF709	Gene
Gene::163059	ZNF433	Gene
Gene::163071	ZNF114	Gene
Gene::163081	ZNF567	Gene
Gene::163087	ZNF383	Gene
Gene::163126	EID2	Gene
Gene::1632	ECI1	Gene
Gene::163223	ZNF676	Gene
Gene::163227	ZNF100	Gene
Gene::163255	ZNF540	Gene
Gene::1633	DCK	Gene
Gene::163351	GBP6	Gene
Gene::1634	DCN	Gene
Gene::1635	DCTD	Gene
Gene::1636	ACE	Gene
Gene::163702	IFNLR1	Gene
Gene::1638	DCT	Gene
Gene::1639	DCTN1	Gene
Gene::164	AP1G1	Gene
Gene::1641	DCX	Gene
Gene::1642	DDB1	Gene
Gene::1643	DDB2	Gene
Gene::1644	DDC	Gene
Gene::1645	AKR1C1	Gene
Gene::1646	AKR1C2	Gene
Gene::1647	GADD45A	Gene
Gene::1649	DDIT3	Gene
Gene::1650	DDOST	Gene
Gene::165140	OXER1	Gene
Gene::1653	DDX1	Gene
Gene::1655	DDX5	Gene
Gene::1656	DDX6	Gene
Gene::1659	DHX8	Gene
Gene::166	AES	Gene
Gene::1660	DHX9	Gene
Gene::166012	CHST13	Gene
Gene::1663	DDX11	Gene
Gene::1665	DHX15	Gene
Gene::1666	DECR1	Gene
Gene::1667	DEFA1	Gene
Gene::166785	MMAA	Gene
Gene::1668	DEFA3	Gene
Gene::1669	DEFA4	Gene
Gene::166929	SGMS2	Gene
Gene::166979	CDC20B	Gene
Gene::1670	DEFA5	Gene
Gene::1671	DEFA6	Gene
Gene::1672	DEFB1	Gene
Gene::167227	DCP2	Gene
Gene::1673	DEFB4A	Gene
Gene::1674	DES	Gene
Gene::1675	CFD	Gene
Gene::1676	DFFA	Gene
Gene::1677	DFFB	Gene
Gene::1678	TIMM8A	Gene
Gene::167826	OLIG3	Gene
Gene::168002	DACT2	Gene
Gene::168374	ZNF92	Gene
Gene::168391	GALNTL5	Gene
Gene::168417	ZNF679	Gene
Gene::169026	SLC30A8	Gene
Gene::169044	COL22A1	Gene
Gene::169270	ZNF596	Gene
Gene::169355	IDO2	Gene
Gene::169522	KCNV2	Gene
Gene::169841	ZNF169	Gene
Gene::170261	ZCCHC12	Gene
Gene::170302	ARX	Gene
Gene::170506	DHX36	Gene
Gene::170572	HTR3C	Gene
Gene::170685	NUDT10	Gene
Gene::170689	ADAMTS15	Gene
Gene::170690	ADAMTS16	Gene
Gene::170691	ADAMTS17	Gene
Gene::170692	ADAMTS18	Gene
Gene::170850	KCNG3	Gene
Gene::170959	ZNF431	Gene
Gene::170960	ZNF721	Gene
Gene::171019	ADAMTS19	Gene
Gene::171177	RHOV	Gene
Gene::171392	ZNF675	Gene
Gene::171558	PTCRA	Gene
Gene::171568	POLR3H	Gene
Gene::1716	DGUOK	Gene
Gene::1717	DHCR7	Gene
Gene::1718	DHCR24	Gene
Gene::1719	DHFR	Gene
Gene::1723	DHODH	Gene
Gene::1725	DHPS	Gene
Gene::1727	CYB5R3	Gene
Gene::1728	NQO1	Gene
Gene::1729	DIAPH1	Gene
Gene::1731	SEPT1	Gene
Gene::1733	DIO1	Gene
Gene::1734	DIO2	Gene
Gene::1735	DIO3	Gene
Gene::1736	DKC1	Gene
Gene::1737	DLAT	Gene
Gene::1738	DLD	Gene
Gene::1739	DLG1	Gene
Gene::174	AFP	Gene
Gene::1741	DLG3	Gene
Gene::1742	DLG4	Gene
Gene::1743	DLST	Gene
Gene::1745	DLX1	Gene
Gene::1746	DLX2	Gene
Gene::1749	DLX5	Gene
Gene::1750	DLX6	Gene
Gene::1756	DMD	Gene
Gene::1758	DMP1	Gene
Gene::1759	DNM1	Gene
Gene::176	ACAN	Gene
Gene::1763	DNA2	Gene
Gene::177	AGER	Gene
Gene::1777	DNASE2	Gene
Gene::1778	DYNC1H1	Gene
Gene::178	AGL	Gene
Gene::1780	DYNC1I1	Gene
Gene::1781	DYNC1I2	Gene
Gene::1783	DYNC1LI2	Gene
Gene::1785	DNM2	Gene
Gene::1786	DNMT1	Gene
Gene::1788	DNMT3A	Gene
Gene::1789	DNMT3B	Gene
Gene::1791	DNTT	Gene
Gene::1793	DOCK1	Gene
Gene::1794	DOCK2	Gene
Gene::1795	DOCK3	Gene
Gene::1796	DOK1	Gene
Gene::1798	DPAGT1	Gene
Gene::18	ABAT	Gene
Gene::1800	DPEP1	Gene
Gene::1803	DPP4	Gene
Gene::1806	DPYD	Gene
Gene::1807	DPYS	Gene
Gene::1808	DPYSL2	Gene
Gene::1809	DPYSL3	Gene
Gene::181	AGRP	Gene
Gene::1810	DR1	Gene
Gene::1811	SLC26A3	Gene
Gene::1812	DRD1	Gene
Gene::1813	DRD2	Gene
Gene::1814	DRD3	Gene
Gene::1815	DRD4	Gene
Gene::1816	DRD5	Gene
Gene::182	JAG1	Gene
Gene::1820	ARID3A	Gene
Gene::1824	DSC2	Gene
Gene::1826	DSCAM	Gene
Gene::1827	RCAN1	Gene
Gene::1828	DSG1	Gene
Gene::1829	DSG2	Gene
Gene::183	AGT	Gene
Gene::1830	DSG3	Gene
Gene::1831	TSC22D3	Gene
Gene::1832	DSP	Gene
Gene::1834	DSPP	Gene
Gene::1836	SLC26A2	Gene
Gene::1839	HBEGF	Gene
Gene::1840	DTX1	Gene
Gene::1841	DTYMK	Gene
Gene::1843	DUSP1	Gene
Gene::1844	DUSP2	Gene
Gene::1845	DUSP3	Gene
Gene::1846	DUSP4	Gene
Gene::1847	DUSP5	Gene
Gene::1848	DUSP6	Gene
Gene::1849	DUSP7	Gene
Gene::185	AGTR1	Gene
Gene::1850	DUSP8	Gene
Gene::1854	DUT	Gene
Gene::1855	DVL1	Gene
Gene::1856	DVL2	Gene
Gene::1857	DVL3	Gene
Gene::1859	DYRK1A	Gene
Gene::186	AGTR2	Gene
Gene::1861	TOR1A	Gene
Gene::1869	E2F1	Gene
Gene::187	APLNR	Gene
Gene::1870	E2F2	Gene
Gene::1871	E2F3	Gene
Gene::1874	E2F4	Gene
Gene::1875	E2F5	Gene
Gene::1876	E2F6	Gene
Gene::1877	E4F1	Gene
Gene::1879	EBF1	Gene
Gene::1880	GPR183	Gene
Gene::1889	ECE1	Gene
Gene::189	AGXT	Gene
Gene::1890	TYMP	Gene
Gene::1891	ECH1	Gene
Gene::1892	ECHS1	Gene
Gene::1894	ECT2	Gene
Gene::1896	EDA	Gene
Gene::19	ABCA1	Gene
Gene::190	NR0B1	Gene
Gene::1901	S1PR1	Gene
Gene::1902	LPAR1	Gene
Gene::1903	S1PR3	Gene
Gene::1906	EDN1	Gene
Gene::1907	EDN2	Gene
Gene::1908	EDN3	Gene
Gene::1909	EDNRA	Gene
Gene::191	AHCY	Gene
Gene::1910	EDNRB	Gene
Gene::1911	PHC1	Gene
Gene::1912	PHC2	Gene
Gene::1915	EEF1A1	Gene
Gene::1917	EEF1A2	Gene
Gene::192134	B3GNT6	Gene
Gene::192669	AGO3	Gene
Gene::192670	AGO4	Gene
Gene::1933	EEF1B2	Gene
Gene::1936	EEF1D	Gene
Gene::1937	EEF1G	Gene
Gene::1938	EEF2	Gene
Gene::1942	EFNA1	Gene
Gene::1943	EFNA2	Gene
Gene::1944	EFNA3	Gene
Gene::1945	EFNA4	Gene
Gene::1946	EFNA5	Gene
Gene::1947	EFNB1	Gene
Gene::1948	EFNB2	Gene
Gene::1949	EFNB3	Gene
Gene::1950	EGF	Gene
Gene::1951	CELSR3	Gene
Gene::1952	CELSR2	Gene
Gene::1956	EGFR	Gene
Gene::1958	EGR1	Gene
Gene::195814	SDR16C5	Gene
Gene::1959	EGR2	Gene
Gene::196	AHR	Gene
Gene::1960	EGR3	Gene
Gene::196051	PPAPDC1A	Gene
Gene::1961	EGR4	Gene
Gene::1962	EHHADH	Gene
Gene::196335	OR56B4	Gene
Gene::1964	EIF1AX	Gene
Gene::196403	DTX3	Gene
Gene::1965	EIF2S1	Gene
Gene::196513	DCP1B	Gene
Gene::196527	ANO6	Gene
Gene::196528	ARID2	Gene
Gene::1967	EIF2B1	Gene
Gene::196743	PAOX	Gene
Gene::1968	EIF2S3	Gene
Gene::196883	ADCY4	Gene
Gene::1969	EPHA2	Gene
Gene::197	AHSG	Gene
Gene::197131	UBR1	Gene
Gene::197257	LDHD	Gene
Gene::197259	MLKL	Gene
Gene::1973	EIF4A1	Gene
Gene::197320	ZNF778	Gene
Gene::1974	EIF4A2	Gene
Gene::1975	EIF4B	Gene
Gene::1977	EIF4E	Gene
Gene::1978	EIF4EBP1	Gene
Gene::1979	EIF4EBP2	Gene
Gene::1981	EIF4G1	Gene
Gene::1982	EIF4G2	Gene
Gene::1983	EIF5	Gene
Gene::1984	EIF5A	Gene
Gene::199	AIF1	Gene
Gene::1991	ELANE	Gene
Gene::1994	ELAVL1	Gene
Gene::199692	ZNF627	Gene
Gene::1997	ELF1	Gene
Gene::199704	ZNF585A	Gene
Gene::199713	NLRP7	Gene
Gene::199777	ZNF626	Gene
Gene::1998	ELF2	Gene
Gene::199857	ALG14	Gene
Gene::199974	CYP4Z1	Gene
Gene::2	A2M	Gene
Gene::20	ABCA2	Gene
Gene::200010	SLC5A9	Gene
Gene::200186	CRTC2	Gene
Gene::2002	ELK1	Gene
Gene::2004	ELK3	Gene
Gene::200424	TET3	Gene
Gene::2005	ELK4	Gene
Gene::200558	APLF	Gene
Gene::200576	PIKFYVE	Gene
Gene::2006	ELN	Gene
Gene::200734	SPRED2	Gene
Gene::200895	DHFRL1	Gene
Gene::200909	HTR3D	Gene
Gene::200931	SLC51A	Gene
Gene::200933	FBXO45	Gene
Gene::200958	MUC20	Gene
Gene::2010	EMD	Gene
Gene::2011	MARK2	Gene
Gene::201164	PLD6	Gene
Gene::201266	SLC39A11	Gene
Gene::201294	UNC13D	Gene
Gene::2015	ADGRE1	Gene
Gene::201514	ZNF584	Gene
Gene::201516	ZSCAN4	Gene
Gene::2017	CTTN	Gene
Gene::2019	EN1	Gene
Gene::2020	EN2	Gene
Gene::2021	ENDOG	Gene
Gene::2022	ENG	Gene
Gene::2023	ENO1	Gene
Gene::2026	ENO2	Gene
Gene::2027	ENO3	Gene
Gene::2028	ENPEP	Gene
Gene::2029	ENSA	Gene
Gene::203	AK1	Gene
Gene::2030	SLC29A1	Gene
Gene::203068	TUBB	Gene
Gene::2033	EP300	Gene
Gene::2034	EPAS1	Gene
Gene::203447	NRK	Gene
Gene::2035	EPB41	Gene
Gene::2036	EPB41L1	Gene
Gene::203859	ANO5	Gene
Gene::204	AK2	Gene
Gene::2041	EPHA1	Gene
Gene::2042	EPHA3	Gene
Gene::204219	CERS3	Gene
Gene::2043	EPHA4	Gene
Gene::2044	EPHA5	Gene
Gene::2045	EPHA7	Gene
Gene::2046	EPHA8	Gene
Gene::2047	EPHB1	Gene
Gene::2048	EPHB2	Gene
Gene::204851	HIPK1	Gene
Gene::2049	EPHB3	Gene
Gene::204962	SLC44A5	Gene
Gene::2050	EPHB4	Gene
Gene::2051	EPHB6	Gene
Gene::2052	EPHX1	Gene
Gene::2053	EPHX2	Gene
Gene::2054	STX2	Gene
Gene::2055	CLN8	Gene
Gene::205564	SENP5	Gene
Gene::2056	EPO	Gene
Gene::2057	EPOR	Gene
Gene::2058	EPRS	Gene
Gene::2059	EPS8	Gene
Gene::2060	EPS15	Gene
Gene::2063	NR2F6	Gene
Gene::206358	SLC36A1	Gene
Gene::2064	ERBB2	Gene
Gene::2065	ERBB3	Gene
Gene::2066	ERBB4	Gene
Gene::2067	ERCC1	Gene
Gene::2068	ERCC2	Gene
Gene::2069	EREG	Gene
Gene::207	AKT1	Gene
Gene::2071	ERCC3	Gene
Gene::2072	ERCC4	Gene
Gene::2073	ERCC5	Gene
Gene::2074	ERCC6	Gene
Gene::2077	ERF	Gene
Gene::2078	ERG	Gene
Gene::208	AKT2	Gene
Gene::2081	ERN1	Gene
Gene::2098	ESD	Gene
Gene::2099	ESR1	Gene
Gene::21	ABCA3	Gene
Gene::210	ALAD	Gene
Gene::2100	ESR2	Gene
Gene::2101	ESRRA	Gene
Gene::2103	ESRRB	Gene
Gene::2104	ESRRG	Gene
Gene::2107	ETF1	Gene
Gene::2108	ETFA	Gene
Gene::2109	ETFB	Gene
Gene::211	ALAS1	Gene
Gene::2110	ETFDH	Gene
Gene::2113	ETS1	Gene
Gene::2114	ETS2	Gene
Gene::2115	ETV1	Gene
Gene::2118	ETV4	Gene
Gene::2119	ETV5	Gene
Gene::212	ALAS2	Gene
Gene::2120	ETV6	Gene
Gene::2125	EVPL	Gene
Gene::213	ALB	Gene
Gene::2130	EWSR1	Gene
Gene::2131	EXT1	Gene
Gene::2132	EXT2	Gene
Gene::2137	EXTL3	Gene
Gene::214	ALCAM	Gene
Gene::2145	EZH1	Gene
Gene::2146	EZH2	Gene
Gene::2147	F2	Gene
Gene::2149	F2R	Gene
Gene::215	ABCD1	Gene
Gene::2150	F2RL1	Gene
Gene::2151	F2RL2	Gene
Gene::2152	F3	Gene
Gene::2153	F5	Gene
Gene::2155	F7	Gene
Gene::2157	F8	Gene
Gene::2158	F9	Gene
Gene::2159	F10	Gene
Gene::216	ALDH1A1	Gene
Gene::2160	F11	Gene
Gene::2161	F12	Gene
Gene::2162	F13A1	Gene
Gene::2165	F13B	Gene
Gene::2167	FABP4	Gene
Gene::2168	FABP1	Gene
Gene::217	ALDH2	Gene
Gene::2172	FABP6	Gene
Gene::2175	FANCA	Gene
Gene::2176	FANCC	Gene
Gene::2177	FANCD2	Gene
Gene::2178	FANCE	Gene
Gene::218	ALDH3A1	Gene
Gene::2180	ACSL1	Gene
Gene::2181	ACSL3	Gene
Gene::2182	ACSL4	Gene
Gene::2184	FAH	Gene
Gene::2185	PTK2B	Gene
Gene::2186	BPTF	Gene
Gene::2187	FANCB	Gene
Gene::2188	FANCF	Gene
Gene::2189	FANCG	Gene
Gene::2192	FBLN1	Gene
Gene::2193	FARSA	Gene
Gene::2194	FASN	Gene
Gene::219402	MTIF3	Gene
Gene::219417	OR8U1	Gene
Gene::219428	OR4C16	Gene
Gene::219429	OR4C11	Gene
Gene::219431	OR4S2	Gene
Gene::219432	OR4C6	Gene
Gene::219436	OR5D14	Gene
Gene::219437	OR5L1	Gene
Gene::219438	OR5D18	Gene
Gene::219447	OR5AS1	Gene
Gene::219453	OR8K5	Gene
Gene::219464	OR5T2	Gene
Gene::219469	OR8H1	Gene
Gene::219473	OR8K3	Gene
Gene::219477	OR8J1	Gene
Gene::219479	OR5R1	Gene
Gene::219482	OR5M3	Gene
Gene::219484	OR5M8	Gene
Gene::219487	OR5M11	Gene
Gene::219493	OR5AR1	Gene
Gene::2195	FAT1	Gene
Gene::219595	FOLH1B	Gene
Gene::219699	UNC5B	Gene
Gene::2197	FAU	Gene
Gene::219749	ZNF25	Gene
Gene::219770	GJD4	Gene
Gene::219858	OR8B12	Gene
Gene::219865	OR8G5	Gene
Gene::219869	OR10G8	Gene
Gene::219870	OR10G9	Gene
Gene::219873	OR10S1	Gene
Gene::219874	OR6T1	Gene
Gene::219875	OR4D5	Gene
Gene::2199	FBLN2	Gene
Gene::219927	MRPL21	Gene
Gene::219931	TPCN2	Gene
Gene::219952	OR6Q1	Gene
Gene::219954	OR9I1	Gene
Gene::219956	OR9Q1	Gene
Gene::219957	OR9Q2	Gene
Gene::219958	OR1S2	Gene
Gene::219959	OR1S1	Gene
Gene::219960	OR10Q1	Gene
Gene::219965	OR5B17	Gene
Gene::219970	GLYATL2	Gene
Gene::219972	MPEG1	Gene
Gene::219981	OR5A2	Gene
Gene::219982	OR5A1	Gene
Gene::219983	OR4D6	Gene
Gene::219986	OR4D11	Gene
Gene::219988	PATL1	Gene
Gene::22	ABCB7	Gene
Gene::220	ALDH1A3	Gene
Gene::2200	FBN1	Gene
Gene::2201	FBN2	Gene
Gene::220134	SKA1	Gene
Gene::220164	DOK6	Gene
Gene::2202	EFEMP1	Gene
Gene::220202	ATOH7	Gene
Gene::2203	FBP1	Gene
Gene::2205	FCER1A	Gene
Gene::2206	MS4A2	Gene
Gene::2207	FCER1G	Gene
Gene::2208	FCER2	Gene
Gene::2209	FCGR1A	Gene
Gene::220988	HNRNPA3	Gene
Gene::220992	ZNF485	Gene
Gene::2210	FCGR1B	Gene
Gene::221002	RASGEF1A	Gene
Gene::221037	JMJD1C	Gene
Gene::221074	SLC39A12	Gene
Gene::221120	ALKBH3	Gene
Gene::221178	SPATA13	Gene
Gene::2212	FCGR2A	Gene
Gene::221223	CES5A	Gene
Gene::2213	FCGR2B	Gene
Gene::221357	GSTA5	Gene
Gene::221391	OPN5	Gene
Gene::221395	ADGRF5	Gene
Gene::2214	FCGR3A	Gene
Gene::221472	FGD2	Gene
Gene::221496	LEMD2	Gene
Gene::221613	HIST1H2AA	Gene
Gene::221656	KDM1B	Gene
Gene::221687	RNF182	Gene
Gene::221785	ZSCAN25	Gene
Gene::221823	PRPS1L1	Gene
Gene::221830	TWISTNB	Gene
Gene::2219	FCN1	Gene
Gene::221914	GPC2	Gene
Gene::221955	DAGLB	Gene
Gene::221981	THSD7A	Gene
Gene::2220	FCN2	Gene
Gene::2222	FDFT1	Gene
Gene::222236	NAPEPLD	Gene
Gene::2224	FDPS	Gene
Gene::222537	HS3ST5	Gene
Gene::222545	GPRC6A	Gene
Gene::222962	SLC29A4	Gene
Gene::223	ALDH9A1	Gene
Gene::2230	FDX1	Gene
Gene::2232	FDXR	Gene
Gene::2235	FECH	Gene
Gene::2237	FEN1	Gene
Gene::2239	GPC4	Gene
Gene::224	ALDH3A2	Gene
Gene::2241	FER	Gene
Gene::2242	FES	Gene
Gene::2243	FGA	Gene
Gene::2244	FGB	Gene
Gene::2245	FGD1	Gene
Gene::2246	FGF1	Gene
Gene::2247	FGF2	Gene
Gene::2248	FGF3	Gene
Gene::2249	FGF4	Gene
Gene::225	ABCD2	Gene
Gene::2250	FGF5	Gene
Gene::2251	FGF6	Gene
Gene::2252	FGF7	Gene
Gene::2253	FGF8	Gene
Gene::2254	FGF9	Gene
Gene::2255	FGF10	Gene
Gene::2256	FGF11	Gene
Gene::2257	FGF12	Gene
Gene::2258	FGF13	Gene
Gene::2259	FGF14	Gene
Gene::226	ALDOA	Gene
Gene::2260	FGFR1	Gene
Gene::2261	FGFR3	Gene
Gene::2262	GPC5	Gene
Gene::2263	FGFR2	Gene
Gene::2264	FGFR4	Gene
Gene::2266	FGG	Gene
Gene::2268	FGR	Gene
Gene::2271	FH	Gene
Gene::2273	FHL1	Gene
Gene::2274	FHL2	Gene
Gene::2277	FIGF	Gene
Gene::22794	CASC3	Gene
Gene::22795	NID2	Gene
Gene::22797	TFEC	Gene
Gene::2280	FKBP1A	Gene
Gene::22800	RRAS2	Gene
Gene::22801	ITGA11	Gene
Gene::22802	CLCA4	Gene
Gene::22803	XRN2	Gene
Gene::22806	IKZF3	Gene
Gene::22808	MRAS	Gene
Gene::22809	ATF5	Gene
Gene::2281	FKBP1B	Gene
Gene::22818	COPZ1	Gene
Gene::22820	COPG1	Gene
Gene::22821	RASA3	Gene
Gene::22823	MTF2	Gene
Gene::22826	DNAJC8	Gene
Gene::22835	ZFP30	Gene
Gene::22841	RAB11FIP2	Gene
Gene::22845	DOLK	Gene
Gene::22856	CHSY1	Gene
Gene::22859	ADGRL1	Gene
Gene::22861	NLRP1	Gene
Gene::22863	ATG14	Gene
Gene::22869	ZNF510	Gene
Gene::2287	FKBP3	Gene
Gene::22871	NLGN1	Gene
Gene::22872	SEC31A	Gene
Gene::2288	FKBP4	Gene
Gene::22882	ZHX2	Gene
Gene::22885	ABLIM3	Gene
Gene::22888	UBOX5	Gene
Gene::2289	FKBP5	Gene
Gene::22894	DIS3	Gene
Gene::22895	RPH3A	Gene
Gene::22897	CEP164	Gene
Gene::22899	ARHGEF15	Gene
Gene::229	ALDOB	Gene
Gene::2290	FOXG1	Gene
Gene::22900	CARD8	Gene
Gene::22901	ARSG	Gene
Gene::22908	SACM1L	Gene
Gene::22909	FAN1	Gene
Gene::22914	KLRK1	Gene
Gene::22915	MMRN1	Gene
Gene::22916	NCBP2	Gene
Gene::22917	ZP1	Gene
Gene::22919	MAPRE1	Gene
Gene::22920	KIFAP3	Gene
Gene::22921	MSRB2	Gene
Gene::22926	ATF6	Gene
Gene::22927	HABP4	Gene
Gene::22928	SEPHS2	Gene
Gene::22929	SEPHS1	Gene
Gene::22933	SIRT2	Gene
Gene::22934	RPIA	Gene
Gene::22937	SCAP	Gene
Gene::22938	SNW1	Gene
Gene::2294	FOXF1	Gene
Gene::22943	DKK1	Gene
Gene::22948	CCT5	Gene
Gene::22949	PTGR1	Gene
Gene::22954	TRIM32	Gene
Gene::22955	SCMH1	Gene
Gene::2296	FOXC1	Gene
Gene::2297	FOXD1	Gene
Gene::22974	TPX2	Gene
Gene::22977	AKR7A3	Gene
Gene::22978	NT5C2	Gene
Gene::22981	NINL	Gene
Gene::22985	ACIN1	Gene
Gene::22987	SV2C	Gene
Gene::22989	MYH15	Gene
Gene::22992	KDM2A	Gene
Gene::22994	CEP131	Gene
Gene::22995	CEP152	Gene
Gene::22999	RIMS1	Gene
Gene::230	ALDOC	Gene
Gene::2300	FOXL1	Gene
Gene::23002	DAAM1	Gene
Gene::23007	PLCH1	Gene
Gene::23013	SPEN	Gene
Gene::23016	EXOSC7	Gene
Gene::23017	FAIM2	Gene
Gene::23020	SNRNP200	Gene
Gene::23025	UNC13A	Gene
Gene::23028	KDM1A	Gene
Gene::2303	FOXC2	Gene
Gene::23030	KDM4B	Gene
Gene::23035	PHLPP2	Gene
Gene::23043	TNIK	Gene
Gene::23047	PDS5B	Gene
Gene::23049	SMG1	Gene
Gene::2305	FOXM1	Gene
Gene::23054	NCOA6	Gene
Gene::23057	NMNAT2	Gene
Gene::23063	WAPAL	Gene
Gene::23064	SETX	Gene
Gene::23067	SETD1B	Gene
Gene::23072	HECW1	Gene
Gene::23077	MYCBP2	Gene
Gene::2308	FOXO1	Gene
Gene::23081	KDM4C	Gene
Gene::23082	PPRC1	Gene
Gene::23085	ERC1	Gene
Gene::23086	EXPH5	Gene
Gene::23087	TRIM35	Gene
Gene::23089	PEG10	Gene
Gene::2309	FOXO3	Gene
Gene::23090	ZNF423	Gene
Gene::23092	ARHGAP26	Gene
Gene::23097	CDK19	Gene
Gene::23098	SARM1	Gene
Gene::231	AKR1B1	Gene
Gene::23107	MRPS27	Gene
Gene::23108	RAP1GAP2	Gene
Gene::23112	TNRC6B	Gene
Gene::23114	NFASC	Gene
Gene::23118	TAB2	Gene
Gene::23120	ATP10B	Gene
Gene::23122	CLASP2	Gene
Gene::23127	COLGALT2	Gene
Gene::23129	PLXND1	Gene
Gene::2313	FLI1	Gene
Gene::23133	PHF8	Gene
Gene::23135	KDM6B	Gene
Gene::23141	ANKLE2	Gene
Gene::23151	GRAMD4	Gene
Gene::2316	FLNA	Gene
Gene::23162	MAPK8IP3	Gene
Gene::23163	GGA3	Gene
Gene::23165	NUP205	Gene
Gene::23166	STAB1	Gene
Gene::23168	RTF1	Gene
Gene::23169	SLC35D1	Gene
Gene::2317	FLNB	Gene
Gene::23171	GPD1L	Gene
Gene::23173	METAP1	Gene
Gene::23175	LPIN1	Gene
Gene::23179	RGL1	Gene
Gene::2318	FLNC	Gene
Gene::23186	RCOR1	Gene
Gene::2319	FLOT2	Gene
Gene::23191	CYFIP1	Gene
Gene::23193	GANAB	Gene
Gene::23198	PSME4	Gene
Gene::23200	ATP11B	Gene
Gene::23203	PMPCA	Gene
Gene::23208	SYT11	Gene
Gene::2321	FLT1	Gene
Gene::23216	TBC1D1	Gene
Gene::23220	DTX4	Gene
Gene::23221	RHOBTB2	Gene
Gene::23224	SYNE2	Gene
Gene::23225	NUP210	Gene
Gene::23229	ARHGEF9	Gene
Gene::2323	FLT3LG	Gene
Gene::23235	SIK2	Gene
Gene::23236	PLCB1	Gene
Gene::23239	PHLPP1	Gene
Gene::2324	FLT4	Gene
Gene::23244	PDS5A	Gene
Gene::23250	ATP11A	Gene
Gene::2326	FMO1	Gene
Gene::23262	PPIP5K2	Gene
Gene::23263	MCF2L	Gene
Gene::23265	EXOC7	Gene
Gene::23266	ADGRL2	Gene
Gene::23268	DNMBP	Gene
Gene::2327	FMO2	Gene
Gene::23275	POFUT2	Gene
Gene::23277	CLUH	Gene
Gene::23279	NUP160	Gene
Gene::2328	FMO3	Gene
Gene::23283	CSTF2T	Gene
Gene::23284	ADGRL3	Gene
Gene::23286	WWC1	Gene
Gene::2329	FMO4	Gene
Gene::23291	FBXW11	Gene
Gene::23293	SMG6	Gene
Gene::23295	MGRN1	Gene
Gene::2330	FMO5	Gene
Gene::23303	KIF13B	Gene
Gene::23304	UBR2	Gene
Gene::23305	ACSL6	Gene
Gene::23308	ICOSLG	Gene
Gene::23309	SIN3B	Gene
Gene::2331	FMOD	Gene
Gene::23310	NCAPD3	Gene
Gene::23315	SLC9A8	Gene
Gene::23322	RPGRIP1L	Gene
Gene::23326	USP22	Gene
Gene::23327	NEDD4L	Gene
Gene::23332	CLASP1	Gene
Gene::23338	JADE2	Gene
Gene::23345	SYNE1	Gene
Gene::23348	DOCK9	Gene
Gene::2335	FN1	Gene
Gene::23352	UBR4	Gene
Gene::23353	SUN1	Gene
Gene::23365	ARHGEF12	Gene
Gene::23368	PPP1R13B	Gene
Gene::23370	ARHGEF18	Gene
Gene::23373	CRTC1	Gene
Gene::23378	RRP8	Gene
Gene::23380	SRGAP2	Gene
Gene::23381	SMG5	Gene
Gene::23382	AHCYL2	Gene
Gene::23383	MAU2	Gene
Gene::23385	NCSTN	Gene
Gene::23387	SIK3	Gene
Gene::23389	MED13L	Gene
Gene::2339	FNTA	Gene
Gene::23395	LARS2	Gene
Gene::23396	PIP5K1C	Gene
Gene::23397	NCAPH	Gene
Gene::23399	CTDNEP1	Gene
Gene::23401	FRAT2	Gene
Gene::23404	EXOSC2	Gene
Gene::23405	DICER1	Gene
Gene::23408	SIRT5	Gene
Gene::23409	SIRT4	Gene
Gene::23410	SIRT3	Gene
Gene::23411	SIRT1	Gene
Gene::23414	ZFPM2	Gene
Gene::23415	KCNH4	Gene
Gene::23416	KCNH3	Gene
Gene::23417	MLYCD	Gene
Gene::2342	FNTB	Gene
Gene::23421	ITGB3BP	Gene
Gene::23424	TDRD7	Gene
Gene::23426	GRIP1	Gene
Gene::23428	SLC7A8	Gene
Gene::23429	RYBP	Gene
Gene::23431	AP4E1	Gene
Gene::23432	GPR161	Gene
Gene::23433	RHOQ	Gene
Gene::23438	HARS2	Gene
Gene::23443	SLC35A3	Gene
Gene::23446	SLC44A1	Gene
Gene::23450	SF3B3	Gene
Gene::23451	SF3B1	Gene
Gene::23456	ABCB10	Gene
Gene::2346	FOLH1	Gene
Gene::23460	ABCA6	Gene
Gene::23462	HEY1	Gene
Gene::23466	CBX6	Gene
Gene::23468	CBX5	Gene
Gene::23471	TRAM1	Gene
Gene::23473	CAPN7	Gene
Gene::23474	ETHE1	Gene
Gene::23475	QPRT	Gene
Gene::23478	SEC11A	Gene
Gene::23479	ISCU	Gene
Gene::2348	FOLR1	Gene
Gene::23480	SEC61G	Gene
Gene::23491	CES3	Gene
Gene::23493	HEY2	Gene
Gene::23495	TNFRSF13B	Gene
Gene::23498	HAAO	Gene
Gene::23499	MACF1	Gene
Gene::2350	FOLR2	Gene
Gene::23509	POFUT1	Gene
Gene::23511	NUP188	Gene
Gene::23512	SUZ12	Gene
Gene::23513	SCRIB	Gene
Gene::23515	MORC3	Gene
Gene::23516	SLC39A14	Gene
Gene::2352	FOLR3	Gene
Gene::23521	RPL13A	Gene
Gene::23522	KAT6B	Gene
Gene::23523	CABIN1	Gene
Gene::23526	HMHA1	Gene
Gene::23527	ACAP2	Gene
Gene::2353	FOS	Gene
Gene::23530	NNT	Gene
Gene::23533	PIK3R5	Gene
Gene::23538	OR52A1	Gene
Gene::23539	SLC16A8	Gene
Gene::2354	FOSB	Gene
Gene::23541	SEC14L2	Gene
Gene::23545	ATP6V0A2	Gene
Gene::2355	FOSL2	Gene
Gene::23556	PIGN	Gene
Gene::23557	SNAPIN	Gene
Gene::2356	FPGS	Gene
Gene::23562	CLDN14	Gene
Gene::23563	CHST5	Gene
Gene::23566	LPAR3	Gene
Gene::2357	FPR1	Gene
Gene::2358	FPR2	Gene
Gene::23583	SMUG1	Gene
Gene::23586	DDX58	Gene
Gene::23587	ELP5	Gene
Gene::2359	FPR3	Gene
Gene::23590	PDSS1	Gene
Gene::23592	LEMD3	Gene
Gene::23594	ORC6	Gene
Gene::23595	ORC3	Gene
Gene::23596	OPN3	Gene
Gene::23598	PATZ1	Gene
Gene::23600	AMACR	Gene
Gene::23601	CLEC5A	Gene
Gene::23604	DAPK2	Gene
Gene::23607	CD2AP	Gene
Gene::23608	MKRN1	Gene
Gene::23613	ZMYND8	Gene
Gene::23619	ZIM2	Gene
Gene::23620	NTSR2	Gene
Gene::23621	BACE1	Gene
Gene::23623	RUSC1	Gene
Gene::23624	CBLC	Gene
Gene::23626	SPO11	Gene
Gene::23632	CA14	Gene
Gene::23636	NUP62	Gene
Gene::23637	RABGAP1	Gene
Gene::23643	LY96	Gene
Gene::23644	EDC4	Gene
Gene::23645	PPP1R15A	Gene
Gene::23646	PLD3	Gene
Gene::23647	ARFIP2	Gene
Gene::23649	POLA2	Gene
Gene::23650	TRIM29	Gene
Gene::23657	SLC7A11	Gene
Gene::23658	LSM5	Gene
Gene::23660	ZKSCAN5	Gene
Gene::23671	TMEFF2	Gene
Gene::23678	SGK3	Gene
Gene::23682	RAB38	Gene
Gene::23683	PRKD3	Gene
Gene::23705	CADM1	Gene
Gene::23708	GSPT2	Gene
Gene::23710	GABARAPL1	Gene
Gene::23743	BHMT2	Gene
Gene::23759	PPIL2	Gene
Gene::23760	PITPNB	Gene
Gene::23761	PISD	Gene
Gene::23764	MAFF	Gene
Gene::23765	IL17RA	Gene
Gene::23770	FKBP8	Gene
Gene::23774	BRD1	Gene
Gene::23779	ARHGAP8	Gene
Gene::238	ALK	Gene
Gene::239	ALOX12	Gene
Gene::2395	FXN	Gene
Gene::24	ABCA4	Gene
Gene::240	ALOX5	Gene
Gene::241	ALOX5AP	Gene
Gene::24137	KIF4A	Gene
Gene::24145	PANX1	Gene
Gene::24146	CLDN15	Gene
Gene::24148	PRPF6	Gene
Gene::24149	ZNF318	Gene
Gene::242	ALOX12B	Gene
Gene::245908	DEFB105A	Gene
Gene::245909	DEFB106A	Gene
Gene::245910	DEFB107A	Gene
Gene::245911	DEFB108B	Gene
Gene::245913	DEFB110	Gene
Gene::245915	DEFB112	Gene
Gene::245927	DEFB113	Gene
Gene::245928	DEFB114	Gene
Gene::245929	DEFB115	Gene
Gene::245930	DEFB116	Gene
Gene::245932	DEFB119	Gene
Gene::245934	DEFB121	Gene
Gene::245936	DEFB123	Gene
Gene::245937	DEFB124	Gene
Gene::245938	DEFB125	Gene
Gene::245939	DEFB128	Gene
Gene::245940	DEFB130	Gene
Gene::245972	ATP6V0D2	Gene
Gene::245973	ATP6V1C2	Gene
Gene::246	ALOX15	Gene
Gene::246175	CNOT6L	Gene
Gene::246184	CDC26	Gene
Gene::246213	SLC17A8	Gene
Gene::246330	PELI3	Gene
Gene::246778	IL27	Gene
Gene::247	ALOX15B	Gene
Gene::2475	MTOR	Gene
Gene::2487	FRZB	Gene
Gene::2488	FSHB	Gene
Gene::249	ALPL	Gene
Gene::2491	CENPI	Gene
Gene::2492	FSHR	Gene
Gene::2494	NR5A2	Gene
Gene::2495	FTH1	Gene
Gene::25	ABL1	Gene
Gene::2512	FTL	Gene
Gene::2515	ADAM2	Gene
Gene::2516	NR5A1	Gene
Gene::2520	GAST	Gene
Gene::2521	FUS	Gene
Gene::2523	FUT1	Gene
Gene::2524	FUT2	Gene
Gene::252983	STXBP4	Gene
Gene::2530	FUT8	Gene
Gene::253017	TECRL	Gene
Gene::2531	KDSR	Gene
Gene::2532	ACKR1	Gene
Gene::253260	RICTOR	Gene
Gene::2533	FYB	Gene
Gene::2534	FYN	Gene
Gene::253430	IPMK	Gene
Gene::2535	FZD2	Gene
Gene::253558	LCLAT1	Gene
Gene::253559	CADM2	Gene
Gene::253639	ZNF620	Gene
Gene::2537	IFI6	Gene
Gene::253738	EBF3	Gene
Gene::253782	CERS6	Gene
Gene::2538	G6PC	Gene
Gene::253827	MSRB3	Gene
Gene::2539	G6PD	Gene
Gene::253959	RALGAPA1	Gene
Gene::2542	SLC37A4	Gene
Gene::254394	MCM9	Gene
Gene::254428	SLC41A1	Gene
Gene::254531	LPCAT4	Gene
Gene::2547	XRCC6	Gene
Gene::254786	OR6C3	Gene
Gene::2548	GAA	Gene
Gene::254879	OR2T6	Gene
Gene::2549	GAB1	Gene
Gene::254973	OR1L4	Gene
Gene::2550	GABBR1	Gene
Gene::255061	TAC4	Gene
Gene::2551	GABPA	Gene
Gene::255189	PLA2G4F	Gene
Gene::255231	MCOLN2	Gene
Gene::2553	GABPB1	Gene
Gene::2554	GABRA1	Gene
Gene::255403	ZNF718	Gene
Gene::255488	RNF144B	Gene
Gene::2555	GABRA2	Gene
Gene::2556	GABRA3	Gene
Gene::255626	HIST1H2BA	Gene
Gene::255631	COL24A1	Gene
Gene::2557	GABRA4	Gene
Gene::255725	OR52B2	Gene
Gene::255738	PCSK9	Gene
Gene::255743	NPNT	Gene
Gene::2558	GABRA5	Gene
Gene::2559	GABRA6	Gene
Gene::255919	CNEP1R1	Gene
Gene::255967	PAN3	Gene
Gene::2560	GABRB1	Gene
Gene::256051	ZNF549	Gene
Gene::2561	GABRB2	Gene
Gene::256126	SYCE2	Gene
Gene::256144	OR4C3	Gene
Gene::256148	OR4S1	Gene
Gene::2562	GABRB3	Gene
Gene::256297	PTF1A	Gene
Gene::256435	ST6GALNAC3	Gene
Gene::2566	GABRG2	Gene
Gene::2567	GABRG3	Gene
Gene::2569	GABRR1	Gene
Gene::256933	NPB	Gene
Gene::2570	GABRR2	Gene
Gene::257062	CATSPERD	Gene
Gene::2571	GAD1	Gene
Gene::257106	ARHGAP30	Gene
Gene::2572	GAD2	Gene
Gene::257202	GPX6	Gene
Gene::257313	UTS2B	Gene
Gene::257397	TAB3	Gene
Gene::25759	SHC2	Gene
Gene::25769	SLC24A2	Gene
Gene::25776	CBY1	Gene
Gene::25777	SUN2	Gene
Gene::25780	RASGRP3	Gene
Gene::25782	RAB3GAP2	Gene
Gene::25788	RAD54B	Gene
Gene::25791	NGEF	Gene
Gene::25796	PGLS	Gene
Gene::25799	ZNF324	Gene
Gene::2580	GAK	Gene
Gene::25800	SLC39A6	Gene
Gene::25802	LMOD1	Gene
Gene::25803	SPDEF	Gene
Gene::25804	LSM4	Gene
Gene::25805	BAMBI	Gene
Gene::25806	VAX2	Gene
Gene::2581	GALC	Gene
Gene::25813	SAMM50	Gene
Gene::25819	CCRN4L	Gene
Gene::2582	GALE	Gene
Gene::25820	ARIH1	Gene
Gene::25824	PRDX5	Gene
Gene::25828	TXN2	Gene
Gene::2583	B4GALNT1	Gene
Gene::25830	SULT4A1	Gene
Gene::25834	MGAT4C	Gene
Gene::25836	NIPBL	Gene
Gene::2584	GALK1	Gene
Gene::25842	ASF1A	Gene
Gene::25847	ANAPC13	Gene
Gene::25855	BRMS1	Gene
Gene::2587	GALR1	Gene
Gene::25870	SUMF2	Gene
Gene::25873	RPL36	Gene
Gene::25874	MPC2	Gene
Gene::25885	POLR1A	Gene
Gene::25888	ZNF473	Gene
Gene::2589	GALNT1	Gene
Gene::25897	RNF19A	Gene
Gene::25898	RCHY1	Gene
Gene::259	AMBP	Gene
Gene::2590	GALNT2	Gene
Gene::25902	MTHFD1L	Gene
Gene::25904	CNOT10	Gene
Gene::25909	AHCTF1	Gene
Gene::2591	GALNT3	Gene
Gene::25913	POT1	Gene
Gene::2592	GALT	Gene
Gene::25920	NELFB	Gene
Gene::259230	SGMS1	Gene
Gene::259232	NALCN	Gene
Gene::25924	MYRIP	Gene
Gene::25928	SOSTDC1	Gene
Gene::259285	TAS2R39	Gene
Gene::259286	TAS2R40	Gene
Gene::259287	TAS2R41	Gene
Gene::259289	TAS2R43	Gene
Gene::25929	GEMIN5	Gene
Gene::259290	TAS2R31	Gene
Gene::259292	TAS2R46	Gene
Gene::259293	TAS2R30	Gene
Gene::259294	TAS2R19	Gene
Gene::259295	TAS2R20	Gene
Gene::259296	TAS2R50	Gene
Gene::2593	GAMT	Gene
Gene::259307	IL4I1	Gene
Gene::25936	NSL1	Gene
Gene::25937	WWTR1	Gene
Gene::25942	SIN3A	Gene
Gene::25945	PVRL3	Gene
Gene::25946	ZNF385A	Gene
Gene::25956	SEC31B	Gene
Gene::2596	GAP43	Gene
Gene::25960	ADGRA2	Gene
Gene::2597	GAPDH	Gene
Gene::25970	SH2B1	Gene
Gene::25973	PARS2	Gene
Gene::25974	MMACHC	Gene
Gene::25977	NECAP1	Gene
Gene::25978	CHMP2B	Gene
Gene::25987	TSKU	Gene
Gene::25989	ULK3	Gene
Gene::25998	IBTK	Gene
Gene::26	AOC1	Gene
Gene::26003	GORASP2	Gene
Gene::26007	TKFC	Gene
Gene::26009	ZZZ3	Gene
Gene::26018	LRIG1	Gene
Gene::26019	UPF2	Gene
Gene::26020	LRP10	Gene
Gene::260293	CYP4X1	Gene
Gene::26034	IPCEF1	Gene
Gene::26035	GLCE	Gene
Gene::26040	SETBP1	Gene
Gene::26048	ZNF500	Gene
Gene::26052	DNM3	Gene
Gene::26059	ERC2	Gene
Gene::26060	APPL1	Gene
Gene::26061	HACL1	Gene
Gene::26084	ARHGEF26	Gene
Gene::26085	KLK13	Gene
Gene::26108	PYGO1	Gene
Gene::26118	WSB1	Gene
Gene::26119	LDLRAP1	Gene
Gene::26127	FGFR1OP2	Gene
Gene::26133	TRPC4AP	Gene
Gene::26135	SERBP1	Gene
Gene::26147	PHF19	Gene
Gene::26149	ZNF658	Gene
Gene::26151	NAT9	Gene
Gene::26152	ZNF337	Gene
Gene::26153	KIF26A	Gene
Gene::26154	ABCA12	Gene
Gene::26155	NOC2L	Gene
Gene::26156	RSL1D1	Gene
Gene::26160	IFT172	Gene
Gene::2617	GARS	Gene
Gene::261729	STEAP2	Gene
Gene::261734	NPHP4	Gene
Gene::2618	GART	Gene
Gene::26188	OR1C1	Gene
Gene::26189	OR1A2	Gene
Gene::2619	GAS1	Gene
Gene::26190	FBXW2	Gene
Gene::262	AMD1	Gene
Gene::2620	GAS2	Gene
Gene::2621	GAS6	Gene
Gene::26211	OR2F1	Gene
Gene::26212	OR2B6	Gene
Gene::26219	OR1J4	Gene
Gene::26224	FBXL3	Gene
Gene::26227	PHGDH	Gene
Gene::26228	STAP1	Gene
Gene::26229	B3GAT3	Gene
Gene::2623	GATA1	Gene
Gene::26230	TIAM2	Gene
Gene::26232	FBXO2	Gene
Gene::26234	FBXL5	Gene
Gene::2624	GATA2	Gene
Gene::26245	OR2M4	Gene
Gene::26246	OR2L2	Gene
Gene::26248	OR2K2	Gene
Gene::2625	GATA3	Gene
Gene::26251	KCNG2	Gene
Gene::26258	BLOC1S6	Gene
Gene::26259	FBXW8	Gene
Gene::2626	GATA4	Gene
Gene::26266	SLC13A4	Gene
Gene::26269	FBXO8	Gene
Gene::2627	GATA6	Gene
Gene::26270	FBXO6	Gene
Gene::26271	FBXO5	Gene
Gene::26272	FBXO4	Gene
Gene::26273	FBXO3	Gene
Gene::26275	HIBCH	Gene
Gene::26277	TINF2	Gene
Gene::26279	PLA2G2D	Gene
Gene::2628	GATM	Gene
Gene::26281	FGF20	Gene
Gene::26284	ERAL1	Gene
Gene::26285	CLDN17	Gene
Gene::26289	AK5	Gene
Gene::2629	GBA	Gene
Gene::26290	GALNT8	Gene
Gene::26291	FGF21	Gene
Gene::26292	MYCBP	Gene
Gene::26301	GBGT1	Gene
Gene::2632	GBE1	Gene
Gene::2633	GBP1	Gene
Gene::26330	GAPDHS	Gene
Gene::26333	OR7A17	Gene
Gene::26338	OR5L2	Gene
Gene::26339	OR5K1	Gene
Gene::2634	GBP2	Gene
Gene::2635	GBP3	Gene
Gene::2637	GBX2	Gene
Gene::2638	GC	Gene
Gene::2639	GCDH	Gene
Gene::2641	GCG	Gene
Gene::2642	GCGR	Gene
Gene::2643	GCH1	Gene
Gene::2644	GCHFR	Gene
Gene::2645	GCK	Gene
Gene::2646	GCKR	Gene
Gene::26469	PTPN18	Gene
Gene::2647	BLOC1S1	Gene
Gene::26472	PPP1R14B	Gene
Gene::26476	OR10J1	Gene
Gene::2648	KAT2A	Gene
Gene::2649	NR6A1	Gene
Gene::26492	OR8G2	Gene
Gene::26493	OR8B8	Gene
Gene::26494	OR8G1	Gene
Gene::26496	OR10A3	Gene
Gene::2650	GCNT1	Gene
Gene::26503	SLC17A5	Gene
Gene::26508	HEYL	Gene
Gene::26509	MYOF	Gene
Gene::26515	TIMM10B	Gene
Gene::26517	TIMM13	Gene
Gene::26519	TIMM10	Gene
Gene::2652	OPN1MW	Gene
Gene::26520	TIMM9	Gene
Gene::26521	TIMM8B	Gene
Gene::26523	AGO1	Gene
Gene::26524	LATS2	Gene
Gene::26529	OR12D2	Gene
Gene::26531	OR11A1	Gene
Gene::26532	OR10H3	Gene
Gene::26533	OR10G3	Gene
Gene::26534	OR10G2	Gene
Gene::26538	OR10H2	Gene
Gene::26539	OR10H1	Gene
Gene::2657	GDF1	Gene
Gene::26574	AATF	Gene
Gene::26575	RGS17	Gene
Gene::26577	PCOLCE2	Gene
Gene::2658	GDF2	Gene
Gene::26580	BSCL2	Gene
Gene::26585	GREM1	Gene
Gene::26589	MRPL46	Gene
Gene::26595	OR8B2	Gene
Gene::2660	MSTN	Gene
Gene::2661	GDF9	Gene
Gene::26610	ELP4	Gene
Gene::2662	GDF10	Gene
Gene::2664	GDI1	Gene
Gene::26648	OR7E24	Gene
Gene::2665	GDI2	Gene
Gene::26658	OR7C2	Gene
Gene::26659	OR7A5	Gene
Gene::26664	OR7C1	Gene
Gene::266675	BEST4	Gene
Gene::266722	HS6ST3	Gene
Gene::266747	RGL4	Gene
Gene::2668	GDNF	Gene
Gene::26682	OR4F4	Gene
Gene::26683	OR4F3	Gene
Gene::26686	OR4E2	Gene
Gene::26689	OR4D1	Gene
Gene::26692	OR2W1	Gene
Gene::26693	OR2V1	Gene
Gene::26696	OR2T1	Gene
Gene::267	AMFR	Gene
Gene::2670	GFAP	Gene
Gene::26707	OR2J2	Gene
Gene::2671	GFER	Gene
Gene::26716	OR2H1	Gene
Gene::2672	GFI1	Gene
Gene::2673	GFPT1	Gene
Gene::26735	OR1L3	Gene
Gene::26737	OR1L1	Gene
Gene::2674	GFRA1	Gene
Gene::26740	OR1J2	Gene
Gene::2675	GFRA2	Gene
Gene::2677	GGCX	Gene
Gene::2678	GGT1	Gene
Gene::268	AMH	Gene
Gene::2683	B4GALT1	Gene
Gene::2686	GGT7	Gene
Gene::2687	GGT5	Gene
Gene::26872	STEAP1	Gene
Gene::26873	OPLAH	Gene
Gene::2688	GH1	Gene
Gene::2689	GH2	Gene
Gene::269	AMHR2	Gene
Gene::2690	GHR	Gene
Gene::2691	GHRH	Gene
Gene::2692	GHRHR	Gene
Gene::2693	GHSR	Gene
Gene::2694	GIF	Gene
Gene::2695	GIP	Gene
Gene::26959	HBP1	Gene
Gene::2696	GIPR	Gene
Gene::2697	GJA1	Gene
Gene::26974	ZNF285	Gene
Gene::26985	AP3M1	Gene
Gene::26986	PABPC1	Gene
Gene::26999	CYFIP2	Gene
Gene::27	ABL2	Gene
Gene::270	AMPD1	Gene
Gene::2700	GJA3	Gene
Gene::27005	USP21	Gene
Gene::27006	FGF22	Gene
Gene::2701	GJA4	Gene
Gene::27010	TPK1	Gene
Gene::27012	KCNV1	Gene
Gene::27018	NGFRAP1	Gene
Gene::2702	GJA5	Gene
Gene::27022	FOXD3	Gene
Gene::2703	GJA8	Gene
Gene::27030	MLH3	Gene
Gene::27032	ATP2C1	Gene
Gene::27033	ZBTB32	Gene
Gene::27034	ACAD8	Gene
Gene::27035	NOX1	Gene
Gene::27040	LAT	Gene
Gene::27043	PELP1	Gene
Gene::27044	SND1	Gene
Gene::2705	GJB1	Gene
Gene::2706	GJB2	Gene
Gene::27063	ANKRD1	Gene
Gene::27065	NSG1	Gene
Gene::27068	PPA2	Gene
Gene::2707	GJB3	Gene
Gene::27071	DAPP1	Gene
Gene::27087	B3GAT1	Gene
Gene::27089	UQCRQ	Gene
Gene::2709	GJB5	Gene
Gene::27090	ST6GALNAC4	Gene
Gene::27091	CACNG5	Gene
Gene::27092	CACNG4	Gene
Gene::27094	KCNMB3	Gene
Gene::27097	TAF5L	Gene
Gene::271	AMPD2	Gene
Gene::2710	GK	Gene
Gene::27101	CACYBP	Gene
Gene::27102	EIF2AK1	Gene
Gene::27109	ATP5S	Gene
Gene::27113	BBC3	Gene
Gene::27115	PDE7B	Gene
Gene::2712	GK2	Gene
Gene::27121	DKK4	Gene
Gene::27123	DKK2	Gene
Gene::27124	INPP5J	Gene
Gene::27127	SMC1B	Gene
Gene::27129	HSPB7	Gene
Gene::27131	SNX5	Gene
Gene::27133	KCNH5	Gene
Gene::27145	FILIP1	Gene
Gene::27148	STK36	Gene
Gene::27152	INTU	Gene
Gene::27153	ZNF777	Gene
Gene::27154	BRPF3	Gene
Gene::27158	NDOR1	Gene
Gene::27161	AGO2	Gene
Gene::27165	GLS2	Gene
Gene::2717	GLA	Gene
Gene::27173	SLC39A1	Gene
Gene::27175	TUBG2	Gene
Gene::27183	VPS4A	Gene
Gene::27189	IL17C	Gene
Gene::2719	GPC3	Gene
Gene::27190	IL17B	Gene
Gene::27198	HCAR1	Gene
Gene::27199	OXGR1	Gene
Gene::272	AMPD3	Gene
Gene::2720	GLB1	Gene
Gene::27202	C5AR2	Gene
Gene::27229	TUBGCP4	Gene
Gene::27230	SERP1	Gene
Gene::27233	SULT1C4	Gene
Gene::27235	COQ2	Gene
Gene::27237	ARHGEF16	Gene
Gene::27239	GPR162	Gene
Gene::27242	TNFRSF21	Gene
Gene::27243	CHMP2A	Gene
Gene::27244	SESN1	Gene
Gene::27248	ERLEC1	Gene
Gene::27249	MMADHC	Gene
Gene::27250	PDCD4	Gene
Gene::27252	KLHL20	Gene
Gene::27255	CNTN6	Gene
Gene::27257	LSM1	Gene
Gene::27258	LSM3	Gene
Gene::27284	SULT1B1	Gene
Gene::27289	RND1	Gene
Gene::2729	GCLC	Gene
Gene::27297	CRCP	Gene
Gene::273	AMPH	Gene
Gene::2730	GCLM	Gene
Gene::27300	ZNF544	Gene
Gene::27302	BMP10	Gene
Gene::27304	MOCS3	Gene
Gene::27306	HPGDS	Gene
Gene::27316	RBMX	Gene
Gene::27324	TOX3	Gene
Gene::27327	TNRC6A	Gene
Gene::27329	ANGPTL3	Gene
Gene::27330	RPS6KA6	Gene
Gene::27334	P2RY10	Gene
Gene::27335	EIF3K	Gene
Gene::27338	UBE2S	Gene
Gene::27339	PRPF19	Gene
Gene::2734	GLG1	Gene
Gene::27342	RABGEF1	Gene
Gene::27343	POLL	Gene
Gene::27345	KCNMB4	Gene
Gene::27347	STK39	Gene
Gene::2735	GLI1	Gene
Gene::27352	SGSM3	Gene
Gene::2736	GLI2	Gene
Gene::2737	GLI3	Gene
Gene::274	BIN1	Gene
Gene::2740	GLP1R	Gene
Gene::2741	GLRA1	Gene
Gene::2742	GLRA2	Gene
Gene::27429	HTRA2	Gene
Gene::2743	GLRB	Gene
Gene::27430	MAT2B	Gene
Gene::27434	POLM	Gene
Gene::2744	GLS	Gene
Gene::2745	GLRX	Gene
Gene::2746	GLUD1	Gene
Gene::275	AMT	Gene
Gene::2752	GLUL	Gene
Gene::276	AMY1A	Gene
Gene::2760	GM2A	Gene
Gene::2766	GMPR	Gene
Gene::2767	GNA11	Gene
Gene::2768	GNA12	Gene
Gene::2769	GNA15	Gene
Gene::277	AMY1B	Gene
Gene::2770	GNAI1	Gene
Gene::2771	GNAI2	Gene
Gene::2773	GNAI3	Gene
Gene::2774	GNAL	Gene
Gene::2775	GNAO1	Gene
Gene::2776	GNAQ	Gene
Gene::2778	GNAS	Gene
Gene::2779	GNAT1	Gene
Gene::278	AMY1C	Gene
Gene::2780	GNAT2	Gene
Gene::2781	GNAZ	Gene
Gene::2782	GNB1	Gene
Gene::2783	GNB2	Gene
Gene::2784	GNB3	Gene
Gene::2785	GNG3	Gene
Gene::2786	GNG4	Gene
Gene::2787	GNG5	Gene
Gene::2788	GNG7	Gene
Gene::279	AMY2A	Gene
Gene::2790	GNG10	Gene
Gene::2791	GNG11	Gene
Gene::2792	GNGT1	Gene
Gene::2793	GNGT2	Gene
Gene::2796	GNRH1	Gene
Gene::2797	GNRH2	Gene
Gene::2798	GNRHR	Gene
Gene::2799	GNS	Gene
Gene::28	ABO	Gene
Gene::280	AMY2B	Gene
Gene::2801	GOLGA2	Gene
Gene::2805	GOT1	Gene
Gene::2806	GOT2	Gene
Gene::280636	C11orf31	Gene
Gene::2810	SFN	Gene
Gene::2811	GP1BA	Gene
Gene::2812	GP1BB	Gene
Gene::2814	GP5	Gene
Gene::2815	GP9	Gene
Gene::2817	GPC1	Gene
Gene::2819	GPD1	Gene
Gene::2820	GPD2	Gene
Gene::2821	GPI	Gene
Gene::2822	GPLD1	Gene
Gene::28227	PPP2R3B	Gene
Gene::28231	SLCO4A1	Gene
Gene::28232	SLCO3A1	Gene
Gene::28234	SLCO1B3	Gene
Gene::2825	GPR1	Gene
Gene::2826	CCR10	Gene
Gene::282616	IFNL2	Gene
Gene::282617	IFNL3	Gene
Gene::282618	IFNL1	Gene
Gene::282679	AQP11	Gene
Gene::2827	GPR3	Gene
Gene::282763	OR51B5	Gene
Gene::282770	OR10AG1	Gene
Gene::282775	OR5J2	Gene
Gene::2828	GPR4	Gene
Gene::282890	ZNF311	Gene
Gene::2829	XCR1	Gene
Gene::2830	GPR6	Gene
Gene::283092	OR4C13	Gene
Gene::283093	OR4C12	Gene
Gene::2831	NPBWR1	Gene
Gene::283111	OR51V1	Gene
Gene::283149	BCL9L	Gene
Gene::283159	OR8D1	Gene
Gene::283160	OR8D2	Gene
Gene::283162	OR8B4	Gene
Gene::283189	OR9G4	Gene
Gene::2832	NPBWR2	Gene
Gene::283297	OR10A4	Gene
Gene::2833	CXCR3	Gene
Gene::283337	ZNF740	Gene
Gene::283375	SLC39A5	Gene
Gene::283383	ADGRD1	Gene
Gene::2834	PRLHR	Gene
Gene::283455	KSR2	Gene
Gene::283463	MUC19	Gene
Gene::283464	GXYLT1	Gene
Gene::2835	GPR12	Gene
Gene::283652	SLC24A5	Gene
Gene::283659	PRTG	Gene
Gene::283694	OR4N4	Gene
Gene::2837	UTS2R	Gene
Gene::283748	PLA2G4D	Gene
Gene::2838	GPR15	Gene
Gene::283848	CES4A	Gene
Gene::283869	NPW	Gene
Gene::284	ANGPT1	Gene
Gene::2840	GPR17	Gene
Gene::284058	KANSL1	Gene
Gene::284098	PIGW	Gene
Gene::2841	GPR18	Gene
Gene::284111	SLC13A5	Gene
Gene::284119	PTRF	Gene
Gene::2842	GPR19	Gene
Gene::284217	LAMA1	Gene
Gene::284266	SIGLEC15	Gene
Gene::2843	GPR20	Gene
Gene::284306	ZNF547	Gene
Gene::284307	ZIK1	Gene
Gene::284309	ZNF776	Gene
Gene::284355	TPRX1	Gene
Gene::284359	IZUMO1	Gene
Gene::284370	ZNF615	Gene
Gene::284383	OR2Z1	Gene
Gene::2844	GPR21	Gene
Gene::284433	OR10H5	Gene
Gene::284443	ZNF493	Gene
Gene::284459	HKR1	Gene
Gene::284485	RIIAD1	Gene
Gene::2845	GPR22	Gene
Gene::284521	OR2L13	Gene
Gene::284525	SLC9C2	Gene
Gene::284532	OR14A16	Gene
Gene::284541	CYP4A22	Gene
Gene::2846	LPAR4	Gene
Gene::284654	RSPO1	Gene
Gene::284656	EPHA10	Gene
Gene::2847	MCHR1	Gene
Gene::2848	GPR25	Gene
Gene::285	ANGPT2	Gene
Gene::2850	GPR27	Gene
Gene::28514	DLL1	Gene
Gene::285175	UNC80	Gene
Gene::285195	SLC9A9	Gene
Gene::2852	GPER1	Gene
Gene::285220	EPHA6	Gene
Gene::285267	ZNF619	Gene
Gene::285268	ZNF621	Gene
Gene::2853	GPR31	Gene
Gene::285335	SLC9C1	Gene
Gene::285349	ZNF660	Gene
Gene::285362	SUMF1	Gene
Gene::2854	GPR32	Gene
Gene::285440	CYP4V2	Gene
Gene::285521	COX18	Gene
Gene::285643	KIF4B	Gene
Gene::285659	OR2V2	Gene
Gene::285676	ZNF454	Gene
Gene::2857	GPR34	Gene
Gene::285704	RGMB	Gene
Gene::2859	GPR35	Gene
Gene::285971	ZNF775	Gene
Gene::286	ANK1	Gene
Gene::286075	ZNF707	Gene
Gene::2861	GPR37	Gene
Gene::286133	SCARA5	Gene
Gene::2862	MLNR	Gene
Gene::286205	SCAI	Gene
Gene::286256	LCN12	Gene
Gene::2863	GPR39	Gene
Gene::286362	OR13C9	Gene
Gene::286365	OR13D1	Gene
Gene::2864	FFAR1	Gene
Gene::286410	ATP11C	Gene
Gene::286451	YIPF6	Gene
Gene::2865	FFAR3	Gene
Gene::2867	FFAR2	Gene
Gene::2868	GRK4	Gene
Gene::286826	LIN9	Gene
Gene::286827	TRIM59	Gene
Gene::2869	GRK5	Gene
Gene::287	ANK2	Gene
Gene::2870	GRK6	Gene
Gene::2872	MKNK2	Gene
Gene::2874	GPS2	Gene
Gene::2875	GPT	Gene
Gene::2876	GPX1	Gene
Gene::2877	GPX2	Gene
Gene::2878	GPX3	Gene
Gene::2879	GPX4	Gene
Gene::288	ANK3	Gene
Gene::2882	GPX7	Gene
Gene::2885	GRB2	Gene
Gene::2886	GRB7	Gene
Gene::2887	GRB10	Gene
Gene::2888	GRB14	Gene
Gene::2889	RAPGEF1	Gene
Gene::2890	GRIA1	Gene
Gene::2891	GRIA2	Gene
Gene::2892	GRIA3	Gene
Gene::2893	GRIA4	Gene
Gene::28957	MRPS28	Gene
Gene::2896	GRN	Gene
Gene::28960	DCPS	Gene
Gene::28962	OSTM1	Gene
Gene::28964	GIT1	Gene
Gene::28965	SLC27A6	Gene
Gene::28968	SLC6A16	Gene
Gene::2897	GRIK1	Gene
Gene::28972	SPCS1	Gene
Gene::28973	MRPS18B	Gene
Gene::28977	MRPL42	Gene
Gene::2898	GRIK2	Gene
Gene::28982	FLVCR1	Gene
Gene::28984	RGCC	Gene
Gene::28986	MAGEH1	Gene
Gene::28988	DBNL	Gene
Gene::2899	GRIK3	Gene
Gene::28996	HIPK2	Gene
Gene::28998	MRPL13	Gene
Gene::28999	KLF15	Gene
Gene::29	ABR	Gene
Gene::290	ANPEP	Gene
Gene::2900	GRIK4	Gene
Gene::2901	GRIK5	Gene
Gene::2902	GRIN1	Gene
Gene::29028	ATAD2	Gene
Gene::2903	GRIN2A	Gene
Gene::2904	GRIN2B	Gene
Gene::2905	GRIN2C	Gene
Gene::2906	GRIN2D	Gene
Gene::29071	C1GALT1C1	Gene
Gene::29072	SETD2	Gene
Gene::29074	MRPL18	Gene
Gene::29079	MED4	Gene
Gene::2908	NR3C1	Gene
Gene::29082	CHMP4A	Gene
Gene::29088	MRPL15	Gene
Gene::29089	UBE2T	Gene
Gene::2909	ARHGAP35	Gene
Gene::29090	TIMM21	Gene
Gene::29093	MRPL22	Gene
Gene::291	SLC25A4	Gene
Gene::29102	DROSHA	Gene
Gene::29106	SCG3	Gene
Gene::29108	PYCARD	Gene
Gene::2911	GRM1	Gene
Gene::29110	TBK1	Gene
Gene::29115	SAP30BP	Gene
Gene::29119	CTNNA3	Gene
Gene::2912	GRM2	Gene
Gene::29124	LGALS13	Gene
Gene::29126	CD274	Gene
Gene::29127	RACGAP1	Gene
Gene::29128	UHRF1	Gene
Gene::2913	GRM3	Gene
Gene::2914	GRM4	Gene
Gene::2915	GRM5	Gene
Gene::2916	GRM6	Gene
Gene::2917	GRM7	Gene
Gene::2918	GRM8	Gene
Gene::2919	CXCL1	Gene
Gene::292	SLC25A5	Gene
Gene::2920	CXCL2	Gene
Gene::2921	CXCL3	Gene
Gene::2922	GRP	Gene
Gene::2923	PDIA3	Gene
Gene::2925	GRPR	Gene
Gene::2926	GRSF1	Gene
Gene::293	SLC25A6	Gene
Gene::2931	GSK3A	Gene
Gene::2932	GSK3B	Gene
Gene::2934	GSN	Gene
Gene::2936	GSR	Gene
Gene::2937	GSS	Gene
Gene::2938	GSTA1	Gene
Gene::2939	GSTA2	Gene
Gene::2940	GSTA3	Gene
Gene::2941	GSTA4	Gene
Gene::2944	GSTM1	Gene
Gene::2946	GSTM2	Gene
Gene::2947	GSTM3	Gene
Gene::2948	GSTM4	Gene
Gene::2949	GSTM5	Gene
Gene::2950	GSTP1	Gene
Gene::2953	GSTT2	Gene
Gene::2954	GSTZ1	Gene
Gene::2956	MSH6	Gene
Gene::2957	GTF2A1	Gene
Gene::2958	GTF2A2	Gene
Gene::2959	GTF2B	Gene
Gene::2960	GTF2E1	Gene
Gene::2961	GTF2E2	Gene
Gene::2962	GTF2F1	Gene
Gene::2963	GTF2F2	Gene
Gene::2965	GTF2H1	Gene
Gene::2966	GTF2H2	Gene
Gene::2967	GTF2H3	Gene
Gene::2968	GTF2H4	Gene
Gene::2969	GTF2I	Gene
Gene::2971	GTF3A	Gene
Gene::2972	BRF1	Gene
Gene::2975	GTF3C1	Gene
Gene::2976	GTF3C2	Gene
Gene::29760	BLNK	Gene
Gene::2977	GUCY1A2	Gene
Gene::2978	GUCA1A	Gene
Gene::29780	PARVB	Gene
Gene::29781	NCAPH2	Gene
Gene::29785	CYP2S1	Gene
Gene::2979	GUCA1B	Gene
Gene::29796	UQCR10	Gene
Gene::2980	GUCA2A	Gene
Gene::2981	GUCA2B	Gene
Gene::2982	GUCY1A3	Gene
Gene::2983	GUCY1B3	Gene
Gene::29841	GRHL1	Gene
Gene::29843	SENP1	Gene
Gene::29850	TRPM5	Gene
Gene::29851	ICOS	Gene
Gene::29855	UBN1	Gene
Gene::2986	GUCY2F	Gene
Gene::2987	GUK1	Gene
Gene::29880	ALG5	Gene
Gene::29881	NPC1L1	Gene
Gene::29882	ANAPC2	Gene
Gene::29883	CNOT7	Gene
Gene::29893	PSMC3IP	Gene
Gene::29894	CPSF1	Gene
Gene::29895	MYLPF	Gene
Gene::2990	GUSB	Gene
Gene::29904	EEF2K	Gene
Gene::29906	ST8SIA5	Gene
Gene::29909	GPR171	Gene
Gene::2992	GYG1	Gene
Gene::29924	EPN1	Gene
Gene::29925	GMPPB	Gene
Gene::29926	GMPPA	Gene
Gene::29927	SEC61A1	Gene
Gene::29928	TIMM22	Gene
Gene::29929	ALG6	Gene
Gene::2993	GYPA	Gene
Gene::29933	GPR132	Gene
Gene::29935	RPA4	Gene
Gene::29940	DSE	Gene
Gene::29945	ANAPC4	Gene
Gene::29947	DNMT3L	Gene
Gene::29949	IL19	Gene
Gene::29956	CERS2	Gene
Gene::29959	NRBP1	Gene
Gene::29967	LRP12	Gene
Gene::29968	PSAT1	Gene
Gene::29969	MDFIC	Gene
Gene::2997	GYS1	Gene
Gene::29970	SCHIP1	Gene
Gene::29974	A1CF	Gene
Gene::29979	UBQLN1	Gene
Gene::2998	GYS2	Gene
Gene::29982	NRBF2	Gene
Gene::29984	RHOD	Gene
Gene::29985	SLC39A3	Gene
Gene::29986	SLC39A2	Gene
Gene::29988	SLC2A8	Gene
Gene::2999	GZMH	Gene
Gene::30	ACAA1	Gene
Gene::3000	GUCY2D	Gene
Gene::30001	ERO1L	Gene
Gene::30008	EFEMP2	Gene
Gene::30009	TBX21	Gene
Gene::3001	GZMA	Gene
Gene::30011	SH3KBP1	Gene
Gene::30012	TLX3	Gene
Gene::3002	GZMB	Gene
Gene::3004	GZMM	Gene
Gene::3005	H1F0	Gene
Gene::3006	HIST1H1C	Gene
Gene::30061	SLC40A1	Gene
Gene::3007	HIST1H1D	Gene
Gene::3008	HIST1H1E	Gene
Gene::3009	HIST1H1B	Gene
Gene::301	ANXA1	Gene
Gene::3012	HIST1H2AE	Gene
Gene::3013	HIST1H2AD	Gene
Gene::3014	H2AFX	Gene
Gene::3015	H2AFZ	Gene
Gene::3017	HIST1H2BD	Gene
Gene::3018	HIST1H2BB	Gene
Gene::302	ANXA2	Gene
Gene::3020	H3F3A	Gene
Gene::3021	H3F3B	Gene
Gene::3024	HIST1H1A	Gene
Gene::3028	HSD17B10	Gene
Gene::3029	HAGH	Gene
Gene::3030	HADHA	Gene
Gene::3032	HADHB	Gene
Gene::3033	HADH	Gene
Gene::3034	HAL	Gene
Gene::3035	HARS	Gene
Gene::3036	HAS1	Gene
Gene::3037	HAS2	Gene
Gene::3038	HAS3	Gene
Gene::3039	HBA1	Gene
Gene::3040	HBA2	Gene
Gene::3043	HBB	Gene
Gene::3046	HBE1	Gene
Gene::3047	HBG1	Gene
Gene::3048	HBG2	Gene
Gene::3053	SERPIND1	Gene
Gene::3054	HCFC1	Gene
Gene::3055	HCK	Gene
Gene::3059	HCLS1	Gene
Gene::306	ANXA3	Gene
Gene::3060	HCRT	Gene
Gene::3061	HCRTR1	Gene
Gene::3062	HCRTR2	Gene
Gene::3064	HTT	Gene
Gene::3065	HDAC1	Gene
Gene::3066	HDAC2	Gene
Gene::3067	HDC	Gene
Gene::3068	HDGF	Gene
Gene::307	ANXA4	Gene
Gene::3070	HELLS	Gene
Gene::3071	NCKAP1L	Gene
Gene::3073	HEXA	Gene
Gene::3074	HEXB	Gene
Gene::3075	CFH	Gene
Gene::308	ANXA5	Gene
Gene::3081	HGD	Gene
Gene::30812	SOX8	Gene
Gene::30814	PLA2G2E	Gene
Gene::30815	ST6GALNAC6	Gene
Gene::30817	ADGRE2	Gene
Gene::30818	KCNIP3	Gene
Gene::3082	HGF	Gene
Gene::30827	CXXC1	Gene
Gene::30832	ZNF354C	Gene
Gene::30833	NT5C	Gene
Gene::30834	ZNRD1	Gene
Gene::30837	SOCS7	Gene
Gene::3084	NRG1	Gene
Gene::30844	EHD4	Gene
Gene::30845	EHD3	Gene
Gene::30846	EHD2	Gene
Gene::30849	PIK3R4	Gene
Gene::3087	HHEX	Gene
Gene::309	ANXA6	Gene
Gene::3090	HIC1	Gene
Gene::3091	HIF1A	Gene
Gene::3092	HIP1	Gene
Gene::3093	UBE2K	Gene
Gene::3098	HK1	Gene
Gene::3099	HK2	Gene
Gene::31	ACACA	Gene
Gene::3101	HK3	Gene
Gene::3105	HLA-A	Gene
Gene::3106	HLA-B	Gene
Gene::3107	HLA-C	Gene
Gene::3108	HLA-DMA	Gene
Gene::3109	HLA-DMB	Gene
Gene::3111	HLA-DOA	Gene
Gene::3112	HLA-DOB	Gene
Gene::3113	HLA-DPA1	Gene
Gene::3115	HLA-DPB1	Gene
Gene::3117	HLA-DQA1	Gene
Gene::3118	HLA-DQA2	Gene
Gene::3119	HLA-DQB1	Gene
Gene::3120	HLA-DQB2	Gene
Gene::3122	HLA-DRA	Gene
Gene::3123	HLA-DRB1	Gene
Gene::3127	HLA-DRB5	Gene
Gene::3133	HLA-E	Gene
Gene::3134	HLA-F	Gene
Gene::3135	HLA-G	Gene
Gene::3141	HLCS	Gene
Gene::3142	HLX	Gene
Gene::3145	HMBS	Gene
Gene::3146	HMGB1	Gene
Gene::3148	HMGB2	Gene
Gene::3150	HMGN1	Gene
Gene::3155	HMGCL	Gene
Gene::3156	HMGCR	Gene
Gene::3157	HMGCS1	Gene
Gene::3158	HMGCS2	Gene
Gene::3159	HMGA1	Gene
Gene::316	AOX1	Gene
Gene::3161	HMMR	Gene
Gene::3162	HMOX1	Gene
Gene::3163	HMOX2	Gene
Gene::3164	NR4A1	Gene
Gene::3169	FOXA1	Gene
Gene::317	APAF1	Gene
Gene::3170	FOXA2	Gene
Gene::3171	FOXA3	Gene
Gene::3172	HNF4A	Gene
Gene::3174	HNF4G	Gene
Gene::3175	ONECUT1	Gene
Gene::3176	HNMT	Gene
Gene::317649	EIF4E3	Gene
Gene::3177	SLC29A2	Gene
Gene::317772	HIST2H2AB	Gene
Gene::3178	HNRNPA1	Gene
Gene::3181	HNRNPA2B1	Gene
Gene::3182	HNRNPAB	Gene
Gene::3183	HNRNPC	Gene
Gene::3184	HNRNPD	Gene
Gene::3185	HNRNPF	Gene
Gene::3187	HNRNPH1	Gene
Gene::3188	HNRNPH2	Gene
Gene::319	APOF	Gene
Gene::3190	HNRNPK	Gene
Gene::3191	HNRNPL	Gene
Gene::319100	TAAR6	Gene
Gene::3192	HNRNPU	Gene
Gene::3195	TLX1	Gene
Gene::3196	TLX2	Gene
Gene::3198	HOXA1	Gene
Gene::32	ACACB	Gene
Gene::3206	HOXA10	Gene
Gene::3211	HOXB1	Gene
Gene::322	APBB1	Gene
Gene::3224	HOXC8	Gene
Gene::3225	HOXC9	Gene
Gene::3227	HOXC11	Gene
Gene::324	APC	Gene
Gene::3240	HP	Gene
Gene::3242	HPD	Gene
Gene::3248	HPGD	Gene
Gene::325	APCS	Gene
Gene::3250	HPR	Gene
Gene::3251	HPRT1	Gene
Gene::3263	HPX	Gene
Gene::326340	ZAR1	Gene
Gene::3265	HRAS	Gene
Gene::326625	MMAB	Gene
Gene::3269	HRH1	Gene
Gene::3273	HRG	Gene
Gene::3274	HRH2	Gene
Gene::3275	PRMT2	Gene
Gene::3276	PRMT1	Gene
Gene::328	APEX1	Gene
Gene::3280	HES1	Gene
Gene::3281	HSBP1	Gene
Gene::3283	HSD3B1	Gene
Gene::3284	HSD3B2	Gene
Gene::329	BIRC2	Gene
Gene::3290	HSD11B1	Gene
Gene::3291	HSD11B2	Gene
Gene::3292	HSD17B1	Gene
Gene::3293	HSD17B3	Gene
Gene::3294	HSD17B2	Gene
Gene::3295	HSD17B4	Gene
Gene::3297	HSF1	Gene
Gene::3298	HSF2	Gene
Gene::33	ACADL	Gene
Gene::330	BIRC3	Gene
Gene::3301	DNAJA1	Gene
Gene::3303	HSPA1A	Gene
Gene::3304	HSPA1B	Gene
Gene::3305	HSPA1L	Gene
Gene::3306	HSPA2	Gene
Gene::3308	HSPA4	Gene
Gene::3309	HSPA5	Gene
Gene::331	XIAP	Gene
Gene::3310	HSPA6	Gene
Gene::3312	HSPA8	Gene
Gene::3313	HSPA9	Gene
Gene::3315	HSPB1	Gene
Gene::3316	HSPB2	Gene
Gene::332	BIRC5	Gene
Gene::3320	HSP90AA1	Gene
Gene::3326	HSP90AB1	Gene
Gene::3329	HSPD1	Gene
Gene::3337	DNAJB1	Gene
Gene::3339	HSPG2	Gene
Gene::333926	PPM1J	Gene
Gene::333932	HIST2H3A	Gene
Gene::3340	NDST1	Gene
Gene::335	APOA1	Gene
Gene::3350	HTR1A	Gene
Gene::3351	HTR1B	Gene
Gene::3352	HTR1D	Gene
Gene::3354	HTR1E	Gene
Gene::3355	HTR1F	Gene
Gene::3356	HTR2A	Gene
Gene::3357	HTR2B	Gene
Gene::3358	HTR2C	Gene
Gene::3359	HTR3A	Gene
Gene::336	APOA2	Gene
Gene::3360	HTR4	Gene
Gene::3361	HTR5A	Gene
Gene::3362	HTR6	Gene
Gene::3363	HTR7	Gene
Gene::3364	HUS1	Gene
Gene::337	APOA4	Gene
Gene::3371	TNC	Gene
Gene::3373	HYAL1	Gene
Gene::3375	IAPP	Gene
Gene::3376	IARS	Gene
Gene::337876	CHSY3	Gene
Gene::338	APOB	Gene
Gene::3381	IBSP	Gene
Gene::3383	ICAM1	Gene
Gene::338322	NLRP10	Gene
Gene::338398	TAS2R60	Gene
Gene::3384	ICAM2	Gene
Gene::338442	HCAR2	Gene
Gene::3385	ICAM3	Gene
Gene::338557	FFAR4	Gene
Gene::338567	KCNK18	Gene
Gene::338596	ST8SIA6	Gene
Gene::3386	ICAM4	Gene
Gene::338662	OR8D4	Gene
Gene::338674	OR5F1	Gene
Gene::338675	OR5AP2	Gene
Gene::338751	OR52L1	Gene
Gene::339	APOBEC1	Gene
Gene::339221	ENPP7	Gene
Gene::339287	MSL1	Gene
Gene::339327	ZNF546	Gene
Gene::339366	ADAMTSL5	Gene
Gene::3394	IRF8	Gene
Gene::339403	RXFP4	Gene
Gene::339500	ZNF678	Gene
Gene::339559	ZFP69	Gene
Gene::3396	ICT1	Gene
Gene::3397	ID1	Gene
Gene::339761	CYP27C1	Gene
Gene::3398	ID2	Gene
Gene::3399	ID3	Gene
Gene::339983	NAT8L	Gene
Gene::34	ACADM	Gene
Gene::3400	ID4	Gene
Gene::340024	SLC6A19	Gene
Gene::340061	TMEM173	Gene
Gene::340075	ARSI	Gene
Gene::340252	ZNF680	Gene
Gene::340267	COL28A1	Gene
Gene::340273	ABCB5	Gene
Gene::340385	ZNF517	Gene
Gene::340419	RSPO2	Gene
Gene::340481	ZDHHC21	Gene
Gene::340485	ACER2	Gene
Gene::340665	CYP26C1	Gene
Gene::340980	OR52B6	Gene
Gene::341	APOC1	Gene
Gene::341208	HEPHL1	Gene
Gene::341276	OR10A2	Gene
Gene::341392	ACSM4	Gene
Gene::341416	OR6C2	Gene
Gene::341418	OR6C4	Gene
Gene::341568	OR8S1	Gene
Gene::3416	IDE	Gene
Gene::3417	IDH1	Gene
Gene::341799	OR6S1	Gene
Gene::3418	IDH2	Gene
Gene::3419	IDH3A	Gene
Gene::3420	IDH3B	Gene
Gene::3421	IDH3G	Gene
Gene::342132	ZNF774	Gene
Gene::342184	FMN1	Gene
Gene::3422	IDI1	Gene
Gene::3423	IDS	Gene
Gene::3425	IDUA	Gene
Gene::342510	CD300E	Gene
Gene::3426	CFI	Gene
Gene::3428	IFI16	Gene
Gene::3429	IFI27	Gene
Gene::342900	LEUTX	Gene
Gene::342926	ZNF677	Gene
Gene::343	AQP8	Gene
Gene::3430	IFI35	Gene
Gene::343169	OR6F1	Gene
Gene::343171	OR2W3	Gene
Gene::343173	OR2T3	Gene
Gene::3433	IFIT2	Gene
Gene::3434	IFIT1	Gene
Gene::343406	OR10R2	Gene
Gene::343563	OR2T29	Gene
Gene::343578	ARHGAP40	Gene
Gene::343637	RSPO4	Gene
Gene::3437	IFIT3	Gene
Gene::3439	IFNA1	Gene
Gene::344	APOC2	Gene
Gene::3440	IFNA2	Gene
Gene::344018	FIGLA	Gene
Gene::3441	IFNA4	Gene
Gene::344167	FOXI3	Gene
Gene::3442	IFNA5	Gene
Gene::3443	IFNA6	Gene
Gene::3444	IFNA7	Gene
Gene::3445	IFNA8	Gene
Gene::3446	IFNA10	Gene
Gene::3447	IFNA13	Gene
Gene::3448	IFNA14	Gene
Gene::3449	IFNA16	Gene
Gene::345	APOC3	Gene
Gene::3451	IFNA17	Gene
Gene::3452	IFNA21	Gene
Gene::345274	SLC10A6	Gene
Gene::3454	IFNAR1	Gene
Gene::3455	IFNAR2	Gene
Gene::345557	PLCXD3	Gene
Gene::3456	IFNB1	Gene
Gene::3458	IFNG	Gene
Gene::3459	IFNGR1	Gene
Gene::3460	IFNGR2	Gene
Gene::346517	OR6V1	Gene
Gene::346525	OR2A12	Gene
Gene::346528	OR2A1	Gene
Gene::346606	MOGAT3	Gene
Gene::347	APOD	Gene
Gene::347148	QRFP	Gene
Gene::347168	OR1J1	Gene
Gene::347169	OR1B1	Gene
Gene::347468	OR13H1	Gene
Gene::3475	IFRD1	Gene
Gene::347527	ARSH	Gene
Gene::347688	TUBB8	Gene
Gene::347732	CATSPER3	Gene
Gene::347733	TUBB2B	Gene
Gene::347734	SLC35B2	Gene
Gene::3479	IGF1	Gene
Gene::348	APOE	Gene
Gene::3480	IGF1R	Gene
Gene::3481	IGF2	Gene
Gene::348158	ACSM2B	Gene
Gene::3482	IGF2R	Gene
Gene::348235	SKA2	Gene
Gene::3483	IGFALS	Gene
Gene::348303	SELV	Gene
Gene::348327	ZNF530	Gene
Gene::3484	IGFBP1	Gene
Gene::3485	IGFBP2	Gene
Gene::3486	IGFBP3	Gene
Gene::3487	IGFBP4	Gene
Gene::3488	IGFBP5	Gene
Gene::3489	IGFBP6	Gene
Gene::348932	SLC6A18	Gene
Gene::348980	HCN1	Gene
Gene::348995	NUP43	Gene
Gene::3490	IGFBP7	Gene
Gene::349075	ZNF713	Gene
Gene::3491	CYR61	Gene
Gene::349565	NMNAT3	Gene
Gene::35	ACADS	Gene
Gene::351	APP	Gene
Gene::3516	RBPJ	Gene
Gene::352954	GATS	Gene
Gene::353	APRT	Gene
Gene::353088	ZNF429	Gene
Gene::353164	TAS2R42	Gene
Gene::353189	SLCO4C1	Gene
Gene::353238	PADI6	Gene
Gene::353274	ZNF445	Gene
Gene::353376	TICAM2	Gene
Gene::354	KLK3	Gene
Gene::3549	IHH	Gene
Gene::355	FAS	Gene
Gene::3551	IKBKB	Gene
Gene::3552	IL1A	Gene
Gene::3553	IL1B	Gene
Gene::3554	IL1R1	Gene
Gene::3556	IL1RAP	Gene
Gene::3557	IL1RN	Gene
Gene::3558	IL2	Gene
Gene::3559	IL2RA	Gene
Gene::356	FASLG	Gene
Gene::3560	IL2RB	Gene
Gene::3561	IL2RG	Gene
Gene::3562	IL3	Gene
Gene::3563	IL3RA	Gene
Gene::3565	IL4	Gene
Gene::3566	IL4R	Gene
Gene::3567	IL5	Gene
Gene::3568	IL5RA	Gene
Gene::3569	IL6	Gene
Gene::3570	IL6R	Gene
Gene::3572	IL6ST	Gene
Gene::3574	IL7	Gene
Gene::3575	IL7R	Gene
Gene::3576	CXCL8	Gene
Gene::3577	CXCR1	Gene
Gene::3578	IL9	Gene
Gene::3579	CXCR2	Gene
Gene::358	AQP1	Gene
Gene::3581	IL9R	Gene
Gene::3586	IL10	Gene
Gene::3588	IL10RB	Gene
Gene::3589	IL11	Gene
Gene::359	AQP2	Gene
Gene::3590	IL11RA	Gene
Gene::3592	IL12A	Gene
Gene::3593	IL12B	Gene
Gene::3594	IL12RB1	Gene
Gene::3595	IL12RB2	Gene
Gene::3596	IL13	Gene
Gene::3597	IL13RA1	Gene
Gene::359787	DPPA3	Gene
Gene::3598	IL13RA2	Gene
Gene::36	ACADSB	Gene
Gene::360	AQP3	Gene
Gene::3600	IL15	Gene
Gene::360030	NANOGNB	Gene
Gene::3601	IL15RA	Gene
Gene::3604	TNFRSF9	Gene
Gene::3605	IL17A	Gene
Gene::3606	IL18	Gene
Gene::3608	ILF2	Gene
Gene::361	AQP4	Gene
Gene::3611	ILK	Gene
Gene::3612	IMPA1	Gene
Gene::3613	IMPA2	Gene
Gene::3614	IMPDH1	Gene
Gene::3615	IMPDH2	Gene
Gene::3619	INCENP	Gene
Gene::362	AQP5	Gene
Gene::3620	IDO1	Gene
Gene::3621	ING1	Gene
Gene::3622	ING2	Gene
Gene::3623	INHA	Gene
Gene::3624	INHBA	Gene
Gene::3625	INHBB	Gene
Gene::3626	INHBC	Gene
Gene::3627	CXCL10	Gene
Gene::3628	INPP1	Gene
Gene::363	AQP6	Gene
Gene::3630	INS	Gene
Gene::3631	INPP4A	Gene
Gene::3632	INPP5A	Gene
Gene::3633	INPP5B	Gene
Gene::3635	INPP5D	Gene
Gene::3636	INPPL1	Gene
Gene::3638	INSIG1	Gene
Gene::364	AQP7	Gene
Gene::3640	INSL3	Gene
Gene::3642	INSM1	Gene
Gene::3643	INSR	Gene
Gene::3646	EIF3E	Gene
Gene::3651	PDX1	Gene
Gene::3654	IRAK1	Gene
Gene::3655	ITGA6	Gene
Gene::3656	IRAK2	Gene
Gene::3658	IREB2	Gene
Gene::3659	IRF1	Gene
Gene::366	AQP9	Gene
Gene::3660	IRF2	Gene
Gene::3661	IRF3	Gene
Gene::3662	IRF4	Gene
Gene::3663	IRF5	Gene
Gene::3664	IRF6	Gene
Gene::3665	IRF7	Gene
Gene::3667	IRS1	Gene
Gene::3669	ISG20	Gene
Gene::367	AR	Gene
Gene::3670	ISL1	Gene
Gene::3672	ITGA1	Gene
Gene::3673	ITGA2	Gene
Gene::3674	ITGA2B	Gene
Gene::3675	ITGA3	Gene
Gene::3676	ITGA4	Gene
Gene::3678	ITGA5	Gene
Gene::3679	ITGA7	Gene
Gene::368	ABCC6	Gene
Gene::3680	ITGA9	Gene
Gene::3681	ITGAD	Gene
Gene::3682	ITGAE	Gene
Gene::3683	ITGAL	Gene
Gene::3684	ITGAM	Gene
Gene::3685	ITGAV	Gene
Gene::3687	ITGAX	Gene
Gene::3688	ITGB1	Gene
Gene::3689	ITGB2	Gene
Gene::369	ARAF	Gene
Gene::3690	ITGB3	Gene
Gene::3691	ITGB4	Gene
Gene::3692	EIF6	Gene
Gene::3693	ITGB5	Gene
Gene::3694	ITGB6	Gene
Gene::3695	ITGB7	Gene
Gene::3696	ITGB8	Gene
Gene::37	ACADVL	Gene
Gene::3702	ITK	Gene
Gene::3703	STT3A	Gene
Gene::3704	ITPA	Gene
Gene::3705	ITPK1	Gene
Gene::3706	ITPKA	Gene
Gene::3707	ITPKB	Gene
Gene::3708	ITPR1	Gene
Gene::3709	ITPR2	Gene
Gene::3710	ITPR3	Gene
Gene::3712	IVD	Gene
Gene::3713	IVL	Gene
Gene::3714	JAG2	Gene
Gene::3716	JAK1	Gene
Gene::3717	JAK2	Gene
Gene::3718	JAK3	Gene
Gene::372	ARCN1	Gene
Gene::3720	JARID2	Gene
Gene::3725	JUN	Gene
Gene::3726	JUNB	Gene
Gene::3727	JUND	Gene
Gene::3728	JUP	Gene
Gene::373156	GSTK1	Gene
Gene::3732	CD82	Gene
Gene::3735	KARS	Gene
Gene::3736	KCNA1	Gene
Gene::3737	KCNA2	Gene
Gene::3738	KCNA3	Gene
Gene::373856	USP41	Gene
Gene::3739	KCNA4	Gene
Gene::374	AREG	Gene
Gene::3741	KCNA5	Gene
Gene::3742	KCNA6	Gene
Gene::374291	NDUFS7	Gene
Gene::3743	KCNA7	Gene
Gene::374378	GALNT18	Gene
Gene::3744	KCNA10	Gene
Gene::3745	KCNB1	Gene
Gene::3746	KCNC1	Gene
Gene::374654	KIF7	Gene
Gene::374655	ZNF710	Gene
Gene::3747	KCNC2	Gene
Gene::3748	KCNC3	Gene
Gene::374868	ATP9B	Gene
Gene::374879	ZNF699	Gene
Gene::3749	KCNC4	Gene
Gene::374900	ZNF568	Gene
Gene::374907	B3GNT8	Gene
Gene::374928	ZNF773	Gene
Gene::375	ARF1	Gene
Gene::3750	KCND1	Gene
Gene::3751	KCND2	Gene
Gene::3752	KCND3	Gene
Gene::3753	KCNE1	Gene
Gene::3754	KCNF1	Gene
Gene::3755	KCNG1	Gene
Gene::375519	GJB7	Gene
Gene::3756	KCNH1	Gene
Gene::3757	KCNH2	Gene
Gene::375790	AGRN	Gene
Gene::3758	KCNJ1	Gene
Gene::3759	KCNJ2	Gene
Gene::3760	KCNJ3	Gene
Gene::3761	KCNJ4	Gene
Gene::3762	KCNJ5	Gene
Gene::3763	KCNJ6	Gene
Gene::3764	KCNJ8	Gene
Gene::376497	SLC27A1	Gene
Gene::3765	KCNJ9	Gene
Gene::3766	KCNJ10	Gene
Gene::3767	KCNJ11	Gene
Gene::3768	KCNJ12	Gene
Gene::377	ARF3	Gene
Gene::3770	KCNJ14	Gene
Gene::3772	KCNJ15	Gene
Gene::3773	KCNJ16	Gene
Gene::3775	KCNK1	Gene
Gene::3776	KCNK2	Gene
Gene::377677	CA13	Gene
Gene::3777	KCNK3	Gene
Gene::3778	KCNMA1	Gene
Gene::3779	KCNMB1	Gene
Gene::378	ARF4	Gene
Gene::3780	KCNN1	Gene
Gene::3781	KCNN2	Gene
Gene::3782	KCNN3	Gene
Gene::3783	KCNN4	Gene
Gene::3784	KCNQ1	Gene
Gene::3785	KCNQ2	Gene
Gene::3786	KCNQ3	Gene
Gene::3787	KCNS1	Gene
Gene::378708	APITD1	Gene
Gene::3788	KCNS2	Gene
Gene::378807	CATSPER4	Gene
Gene::378884	NHLRC1	Gene
Gene::3790	KCNS3	Gene
Gene::3791	KDR	Gene
Gene::3795	KHK	Gene
Gene::3796	KIF2A	Gene
Gene::3797	KIF3C	Gene
Gene::3798	KIF5A	Gene
Gene::3799	KIF5B	Gene
Gene::38	ACAT1	Gene
Gene::3800	KIF5C	Gene
Gene::3801	KIFC3	Gene
Gene::3802	KIR2DL1	Gene
Gene::3804	KIR2DL3	Gene
Gene::3805	KIR2DL4	Gene
Gene::3809	KIR2DS4	Gene
Gene::381	ARF5	Gene
Gene::3811	KIR3DL1	Gene
Gene::3812	KIR3DL2	Gene
Gene::3814	KISS1	Gene
Gene::3815	KIT	Gene
Gene::3816	KLK1	Gene
Gene::3817	KLK2	Gene
Gene::3818	KLKB1	Gene
Gene::382	ARF6	Gene
Gene::3821	KLRC1	Gene
Gene::3822	KLRC2	Gene
Gene::3823	KLRC3	Gene
Gene::3824	KLRD1	Gene
Gene::3827	KNG1	Gene
Gene::383	ARG1	Gene
Gene::3831	KLC1	Gene
Gene::3832	KIF11	Gene
Gene::3833	KIFC1	Gene
Gene::3835	KIF22	Gene
Gene::3836	KPNA1	Gene
Gene::3837	KPNB1	Gene
Gene::3838	KPNA2	Gene
Gene::3839	KPNA3	Gene
Gene::384	ARG2	Gene
Gene::3840	KPNA4	Gene
Gene::3841	KPNA5	Gene
Gene::3842	TNPO1	Gene
Gene::3843	IPO5	Gene
Gene::3845	KRAS	Gene
Gene::3848	KRT1	Gene
Gene::3852	KRT5	Gene
Gene::3853	KRT6A	Gene
Gene::3856	KRT8	Gene
Gene::3858	KRT10	Gene
Gene::3861	KRT14	Gene
Gene::387	RHOA	Gene
Gene::387032	ZKSCAN4	Gene
Gene::387129	NPSR1	Gene
Gene::3872	KRT17	Gene
Gene::3875	KRT18	Gene
Gene::387748	OR56B1	Gene
Gene::387893	SETD8	Gene
Gene::388	RHOB	Gene
Gene::3880	KRT19	Gene
Gene::388531	RGS9BP	Gene
Gene::388536	ZNF790	Gene
Gene::388552	BLOC1S3	Gene
Gene::388561	ZNF761	Gene
Gene::388566	ZNF470	Gene
Gene::388567	ZNF749	Gene
Gene::388569	ZNF324B	Gene
Gene::388585	HES5	Gene
Gene::388646	GBP7	Gene
Gene::388662	SLC6A17	Gene
Gene::389	RHOC	Gene
Gene::389015	SLC9A4	Gene
Gene::389058	SP5	Gene
Gene::389090	OR6B2	Gene
Gene::389114	ZNF662	Gene
Gene::389289	ANXA2R	Gene
Gene::389421	LIN28B	Gene
Gene::389434	IYD	Gene
Gene::389692	MAFA	Gene
Gene::3897	L1CAM	Gene
Gene::389812	LCN15	Gene
Gene::390036	OR52K1	Gene
Gene::390037	OR52I1	Gene
Gene::390038	OR51D1	Gene
Gene::390054	OR52A5	Gene
Gene::390058	OR51B6	Gene
Gene::390059	OR51M1	Gene
Gene::390061	OR51Q1	Gene
Gene::390063	OR51I1	Gene
Gene::390064	OR51I2	Gene
Gene::390066	OR52D1	Gene
Gene::390067	OR52H1	Gene
Gene::390072	OR52N4	Gene
Gene::390075	OR52N5	Gene
Gene::390077	OR52N2	Gene
Gene::390078	OR52E6	Gene
Gene::390079	OR52E8	Gene
Gene::390081	OR52E4	Gene
Gene::390083	OR56A3	Gene
Gene::390084	OR56A5	Gene
Gene::390093	OR10A6	Gene
Gene::390113	OR4X1	Gene
Gene::390142	OR5D13	Gene
Gene::390144	OR5D16	Gene
Gene::390148	OR5W2	Gene
Gene::390151	OR8H2	Gene
Gene::390152	OR8H3	Gene
Gene::390154	OR5T3	Gene
Gene::390155	OR5T1	Gene
Gene::390157	OR8K1	Gene
Gene::390162	OR5M9	Gene
Gene::390167	OR5M10	Gene
Gene::390168	OR5M1	Gene
Gene::390174	OR9G1	Gene
Gene::390181	OR5AK2	Gene
Gene::390190	OR5B2	Gene
Gene::390191	OR5B12	Gene
Gene::390195	OR5AN1	Gene
Gene::390197	OR4D10	Gene
Gene::390199	OR4D9	Gene
Gene::390201	OR10V1	Gene
Gene::390243	IZUMO1R	Gene
Gene::390260	OR6X1	Gene
Gene::390261	OR6M1	Gene
Gene::390264	OR10G4	Gene
Gene::390265	OR10G7	Gene
Gene::390271	OR8B3	Gene
Gene::390275	OR8A1	Gene
Gene::390321	OR6C1	Gene
Gene::390429	OR4N2	Gene
Gene::390431	OR4K2	Gene
Gene::390433	OR4K13	Gene
Gene::390436	OR4K17	Gene
Gene::390437	OR4N5	Gene
Gene::390439	OR11G2	Gene
Gene::390442	OR11H4	Gene
Gene::390445	OR5AU1	Gene
Gene::390538	OR4M2	Gene
Gene::390648	OR4F6	Gene
Gene::390649	OR4F15	Gene
Gene::3908	LAMA2	Gene
Gene::390874	ONECUT3	Gene
Gene::390882	OR7G2	Gene
Gene::390883	OR7G3	Gene
Gene::390892	OR7A10	Gene
Gene::3909	LAMA3	Gene
Gene::390927	ZNF793	Gene
Gene::391	RHOG	Gene
Gene::3910	LAMA4	Gene
Gene::3911	LAMA5	Gene
Gene::391107	OR10K2	Gene
Gene::391109	OR10K1	Gene
Gene::391112	OR6Y1	Gene
Gene::391114	OR6K3	Gene
Gene::391189	OR11L1	Gene
Gene::391190	OR2L8	Gene
Gene::391191	OR2AK2	Gene
Gene::391192	OR2L3	Gene
Gene::391194	OR2M2	Gene
Gene::391195	OR2T33	Gene
Gene::391196	OR2M7	Gene
Gene::3912	LAMB1	Gene
Gene::391211	OR2G6	Gene
Gene::3913	LAMB2	Gene
Gene::391365	SULT6B1	Gene
Gene::3914	LAMB3	Gene
Gene::3915	LAMC1	Gene
Gene::3916	LAMP1	Gene
Gene::3918	LAMC2	Gene
Gene::392	ARHGAP1	Gene
Gene::3920	LAMP2	Gene
Gene::3921	RPSA	Gene
Gene::392309	OR13J1	Gene
Gene::392376	OR13C2	Gene
Gene::392390	OR1L6	Gene
Gene::392391	OR5C1	Gene
Gene::392392	OR1K1	Gene
Gene::392399	LCN9	Gene
Gene::3925	STMN1	Gene
Gene::3929	LBP	Gene
Gene::393	ARHGAP4	Gene
Gene::3930	LBR	Gene
Gene::393046	OR2A5	Gene
Gene::3931	LCAT	Gene
Gene::3932	LCK	Gene
Gene::3933	LCN1	Gene
Gene::3934	LCN2	Gene
Gene::3937	LCP2	Gene
Gene::3938	LCT	Gene
Gene::3939	LDHA	Gene
Gene::394	ARHGAP5	Gene
Gene::394263	MUC21	Gene
Gene::3945	LDHB	Gene
Gene::3948	LDHC	Gene
Gene::3949	LDLR	Gene
Gene::395	ARHGAP6	Gene
Gene::3950	LECT2	Gene
Gene::3952	LEP	Gene
Gene::3953	LEPR	Gene
Gene::3955	LFNG	Gene
Gene::3956	LGALS1	Gene
Gene::3958	LGALS3	Gene
Gene::396	ARHGDIA	Gene
Gene::397	ARHGDIB	Gene
Gene::3972	LHB	Gene
Gene::3973	LHCGR	Gene
Gene::3975	LHX1	Gene
Gene::3976	LIF	Gene
Gene::3977	LIFR	Gene
Gene::3978	LIG1	Gene
Gene::398	ARHGDIG	Gene
Gene::3980	LIG3	Gene
Gene::3981	LIG4	Gene
Gene::3983	ABLIM1	Gene
Gene::3984	LIMK1	Gene
Gene::3985	LIMK2	Gene
Gene::3987	LIMS1	Gene
Gene::3988	LIPA	Gene
Gene::399	RHOH	Gene
Gene::3990	LIPC	Gene
Gene::3991	LIPE	Gene
Gene::3992	FADS1	Gene
Gene::399687	MYO18A	Gene
Gene::399694	SHC4	Gene
Gene::3998	LMAN1	Gene
Gene::40	ASIC2	Gene
Gene::4000	LMNA	Gene
Gene::4001	LMNB1	Gene
Gene::4005	LMO2	Gene
Gene::400569	MED11	Gene
Gene::400720	ZNF772	Gene
Gene::400830	DEFB132	Gene
Gene::4009	LMX1A	Gene
Gene::401	PHOX2A	Gene
Gene::4010	LMX1B	Gene
Gene::401036	ASB18	Gene
Gene::4012	LNPEP	Gene
Gene::401427	OR2A7	Gene
Gene::4015	LOX	Gene
Gene::401505	TOMM5	Gene
Gene::401541	CENPP	Gene
Gene::4016	LOXL1	Gene
Gene::401665	OR51T1	Gene
Gene::401666	OR51A4	Gene
Gene::401667	OR51A2	Gene
Gene::4017	LOXL2	Gene
Gene::4018	LPA	Gene
Gene::401992	OR2T2	Gene
Gene::401993	OR2T5	Gene
Gene::402	ARL2	Gene
Gene::402135	OR5K2	Gene
Gene::4023	LPL	Gene
Gene::402317	OR2A42	Gene
Gene::4026	LPP	Gene
Gene::403239	OR2T27	Gene
Gene::403244	OR2T35	Gene
Gene::403253	OR4A47	Gene
Gene::403339	DEFB133	Gene
Gene::4035	LRP1	Gene
Gene::4036	LRP2	Gene
Gene::4038	LRP4	Gene
Gene::4040	LRP6	Gene
Gene::4041	LRP5	Gene
Gene::4043	LRPAP1	Gene
Gene::4046	LSP1	Gene
Gene::4047	LSS	Gene
Gene::4048	LTA4H	Gene
Gene::4049	LTA	Gene
Gene::405	ARNT	Gene
Gene::4050	LTB	Gene
Gene::4051	CYP4F3	Gene
Gene::4052	LTBP1	Gene
Gene::4053	LTBP2	Gene
Gene::4054	LTBP3	Gene
Gene::4056	LTC4S	Gene
Gene::4057	LTF	Gene
Gene::406	ARNTL	Gene
Gene::4060	LUM	Gene
Gene::4061	LY6E	Gene
Gene::4064	CD180	Gene
Gene::4066	LYL1	Gene
Gene::4067	LYN	Gene
Gene::4068	SH2D1A	Gene
Gene::4069	LYZ	Gene
Gene::407	ARR3	Gene
Gene::4074	M6PR	Gene
Gene::408	ARRB1	Gene
Gene::4082	MARCKS	Gene
Gene::4084	MXD1	Gene
Gene::4085	MAD2L1	Gene
Gene::4086	SMAD1	Gene
Gene::4087	SMAD2	Gene
Gene::4088	SMAD3	Gene
Gene::4089	SMAD4	Gene
Gene::409	ARRB2	Gene
Gene::4090	SMAD5	Gene
Gene::4091	SMAD6	Gene
Gene::4092	SMAD7	Gene
Gene::4093	SMAD9	Gene
Gene::4094	MAF	Gene
Gene::4097	MAFG	Gene
Gene::4099	MAG	Gene
Gene::41	ASIC1	Gene
Gene::410	ARSA	Gene
Gene::4100	MAGEA1	Gene
Gene::411	ARSB	Gene
Gene::4116	MAGOH	Gene
Gene::4117	MAK	Gene
Gene::412	STS	Gene
Gene::4121	MAN1A1	Gene
Gene::4122	MAN2A2	Gene
Gene::4124	MAN2A1	Gene
Gene::4128	MAOA	Gene
Gene::4129	MAOB	Gene
Gene::4131	MAP1B	Gene
Gene::4133	MAP2	Gene
Gene::4137	MAPT	Gene
Gene::414	ARSD	Gene
Gene::414062	CCL3L3	Gene
Gene::4141	MARS	Gene
Gene::4142	MAS1	Gene
Gene::4143	MAT1A	Gene
Gene::414325	DEFB103A	Gene
Gene::4144	MAT2A	Gene
Gene::4145	MATK	Gene
Gene::4146	MATN1	Gene
Gene::4148	MATN3	Gene
Gene::4149	MAX	Gene
Gene::415	ARSE	Gene
Gene::4150	MAZ	Gene
Gene::4151	MB	Gene
Gene::4152	MBD1	Gene
Gene::4153	MBL2	Gene
Gene::4154	MBNL1	Gene
Gene::4155	MBP	Gene
Gene::4157	MC1R	Gene
Gene::4158	MC2R	Gene
Gene::4159	MC3R	Gene
Gene::416	ARSF	Gene
Gene::4160	MC4R	Gene
Gene::4161	MC5R	Gene
Gene::4166	CHST6	Gene
Gene::4168	MCF2	Gene
Gene::417	ART1	Gene
Gene::4170	MCL1	Gene
Gene::4171	MCM2	Gene
Gene::4172	MCM3	Gene
Gene::4173	MCM4	Gene
Gene::4174	MCM5	Gene
Gene::4175	MCM6	Gene
Gene::4176	MCM7	Gene
Gene::4179	CD46	Gene
Gene::4189	DNAJB9	Gene
Gene::4190	MDH1	Gene
Gene::4191	MDH2	Gene
Gene::4192	MDK	Gene
Gene::4193	MDM2	Gene
Gene::4194	MDM4	Gene
Gene::4199	ME1	Gene
Gene::4204	MECP2	Gene
Gene::4205	MEF2A	Gene
Gene::4207	MEF2BNB-MEF2B	Gene
Gene::4208	MEF2C	Gene
Gene::4209	MEF2D	Gene
Gene::4210	MEFV	Gene
Gene::4214	MAP3K1	Gene
Gene::4215	MAP3K3	Gene
Gene::4216	MAP3K4	Gene
Gene::4217	MAP3K5	Gene
Gene::4218	RAB8A	Gene
Gene::4221	MEN1	Gene
Gene::4225	MEP1B	Gene
Gene::4233	MET	Gene
Gene::4236	MFAP1	Gene
Gene::4237	MFAP2	Gene
Gene::4238	MFAP3	Gene
Gene::4239	MFAP4	Gene
Gene::4240	MFGE8	Gene
Gene::4242	MFNG	Gene
Gene::4245	MGAT1	Gene
Gene::4247	MGAT2	Gene
Gene::4248	MGAT3	Gene
Gene::4249	MGAT5	Gene
Gene::4254	KITLG	Gene
Gene::4255	MGMT	Gene
Gene::4256	MGP	Gene
Gene::4257	MGST1	Gene
Gene::4258	MGST2	Gene
Gene::4259	MGST3	Gene
Gene::4261	CIITA	Gene
Gene::427	ASAH1	Gene
Gene::4277	MICB	Gene
Gene::4282	MIF	Gene
Gene::4283	CXCL9	Gene
Gene::4284	MIP	Gene
Gene::4286	MITF	Gene
Gene::4288	MKI67	Gene
Gene::429	ASCL1	Gene
Gene::4292	MLH1	Gene
Gene::4293	MAP3K9	Gene
Gene::4294	MAP3K10	Gene
Gene::4295	MLN	Gene
Gene::4296	MAP3K11	Gene
Gene::4297	KMT2A	Gene
Gene::43	ACHE	Gene
Gene::4301	MLLT4	Gene
Gene::4303	FOXO4	Gene
Gene::4306	NR3C2	Gene
Gene::4308	TRPM1	Gene
Gene::4311	MME	Gene
Gene::4312	MMP1	Gene
Gene::4313	MMP2	Gene
Gene::4314	MMP3	Gene
Gene::4316	MMP7	Gene
Gene::4317	MMP8	Gene
Gene::431704	RGS21	Gene
Gene::4318	MMP9	Gene
Gene::4319	MMP10	Gene
Gene::4320	MMP11	Gene
Gene::4321	MMP12	Gene
Gene::4322	MMP13	Gene
Gene::4323	MMP14	Gene
Gene::4324	MMP15	Gene
Gene::4325	MMP16	Gene
Gene::4326	MMP17	Gene
Gene::4327	MMP19	Gene
Gene::4329	ALDH6A1	Gene
Gene::4331	MNAT1	Gene
Gene::4337	MOCS1	Gene
Gene::4338	MOCS2	Gene
Gene::434	ASIP	Gene
Gene::4342	MOS	Gene
Gene::4343	MOV10	Gene
Gene::4345	CD200	Gene
Gene::435	ASL	Gene
Gene::4350	MPG	Gene
Gene::4351	MPI	Gene
Gene::4352	MPL	Gene
Gene::4353	MPO	Gene
Gene::4357	MPST	Gene
Gene::4359	MPZ	Gene
Gene::4360	MRC1	Gene
Gene::4361	MRE11A	Gene
Gene::4363	ABCC1	Gene
Gene::438	ASMT	Gene
Gene::440	ASNS	Gene
Gene::440077	ZNF705A	Gene
Gene::440138	ALG11	Gene
Gene::440193	CCDC88C	Gene
Gene::440279	UNC13C	Gene
Gene::440387	CTRB2	Gene
Gene::440515	ZNF506	Gene
Gene::440689	HIST2H2BF	Gene
Gene::440738	MAP1LC3C	Gene
Gene::441024	MTHFD2L	Gene
Gene::441308	OR4F21	Gene
Gene::441509	GLRA4	Gene
Gene::441608	OR5B3	Gene
Gene::441639	OR9K2	Gene
Gene::441669	OR4Q3	Gene
Gene::441670	OR4M1	Gene
Gene::441911	OR10J3	Gene
Gene::441933	OR13G1	Gene
Gene::442038	SULT1C3	Gene
Gene::442117	GALNTL6	Gene
Gene::442184	OR2B3	Gene
Gene::442186	OR2J3	Gene
Gene::442191	OR14J1	Gene
Gene::442194	OR10C1	Gene
Gene::442361	OR2A2	Gene
Gene::443	ASPA	Gene
Gene::4435	CITED1	Gene
Gene::4436	MSH2	Gene
Gene::4437	MSH3	Gene
Gene::4438	MSH4	Gene
Gene::4439	MSH5	Gene
Gene::445	ASS1	Gene
Gene::445329	SULT1A4	Gene
Gene::4478	MSN	Gene
Gene::4481	MSR1	Gene
Gene::4482	MSRA	Gene
Gene::4485	MST1	Gene
Gene::4486	MST1R	Gene
Gene::4487	MSX1	Gene
Gene::4488	MSX2	Gene
Gene::4489	MT1A	Gene
Gene::4490	MT1B	Gene
Gene::4493	MT1E	Gene
Gene::4494	MT1F	Gene
Gene::4495	MT1G	Gene
Gene::4496	MT1H	Gene
Gene::4499	MT1M	Gene
Gene::4501	MT1X	Gene
Gene::4502	MT2A	Gene
Gene::4504	MT3	Gene
Gene::4507	MTAP	Gene
Gene::4508	ATP6	Gene
Gene::4509	ATP8	Gene
Gene::4512	COX1	Gene
Gene::4513	COX2	Gene
Gene::4514	COX3	Gene
Gene::4519	CYTB	Gene
Gene::4520	MTF1	Gene
Gene::4521	NUDT1	Gene
Gene::4522	MTHFD1	Gene
Gene::4524	MTHFR	Gene
Gene::4528	MTIF2	Gene
Gene::4534	MTM1	Gene
Gene::4535	ND1	Gene
Gene::4536	ND2	Gene
Gene::4537	ND3	Gene
Gene::4538	ND4	Gene
Gene::4539	ND4L	Gene
Gene::4540	ND5	Gene
Gene::4541	ND6	Gene
Gene::4543	MTNR1A	Gene
Gene::4544	MTNR1B	Gene
Gene::4547	MTTP	Gene
Gene::4548	MTR	Gene
Gene::4552	MTRR	Gene
Gene::4580	MTX1	Gene
Gene::4582	MUC1	Gene
Gene::4583	MUC2	Gene
Gene::4584	MUC3A	Gene
Gene::4585	MUC4	Gene
Gene::4586	MUC5AC	Gene
Gene::4588	MUC6	Gene
Gene::4589	MUC7	Gene
Gene::4591	TRIM37	Gene
Gene::4593	MUSK	Gene
Gene::4594	MUT	Gene
Gene::4595	MUTYH	Gene
Gene::4597	MVD	Gene
Gene::4598	MVK	Gene
Gene::4599	MX1	Gene
Gene::460	ASTN1	Gene
Gene::4600	MX2	Gene
Gene::4601	MXI1	Gene
Gene::4602	MYB	Gene
Gene::4603	MYBL1	Gene
Gene::4604	MYBPC1	Gene
Gene::4605	MYBL2	Gene
Gene::4606	MYBPC2	Gene
Gene::4607	MYBPC3	Gene
Gene::4608	MYBPH	Gene
Gene::4609	MYC	Gene
Gene::4615	MYD88	Gene
Gene::4616	GADD45B	Gene
Gene::4617	MYF5	Gene
Gene::4618	MYF6	Gene
Gene::4619	MYH1	Gene
Gene::462	SERPINC1	Gene
Gene::4620	MYH2	Gene
Gene::4621	MYH3	Gene
Gene::4622	MYH4	Gene
Gene::4624	MYH6	Gene
Gene::4625	MYH7	Gene
Gene::4626	MYH8	Gene
Gene::4627	MYH9	Gene
Gene::4628	MYH10	Gene
Gene::4629	MYH11	Gene
Gene::463	ZFHX3	Gene
Gene::4632	MYL1	Gene
Gene::4633	MYL2	Gene
Gene::4634	MYL3	Gene
Gene::4635	MYL4	Gene
Gene::4637	MYL6	Gene
Gene::4638	MYLK	Gene
Gene::4641	MYO1C	Gene
Gene::4643	MYO1E	Gene
Gene::4644	MYO5A	Gene
Gene::4645	MYO5B	Gene
Gene::4646	MYO6	Gene
Gene::4647	MYO7A	Gene
Gene::4650	MYO9B	Gene
Gene::4651	MYO10	Gene
Gene::4654	MYOD1	Gene
Gene::4656	MYOG	Gene
Gene::4659	PPP1R12A	Gene
Gene::466	ATF1	Gene
Gene::4660	PPP1R12B	Gene
Gene::4661	MYT1	Gene
Gene::4664	NAB1	Gene
Gene::4666	NACA	Gene
Gene::4669	NAGLU	Gene
Gene::467	ATF3	Gene
Gene::4670	HNRNPM	Gene
Gene::4671	NAIP	Gene
Gene::4677	NARS	Gene
Gene::468	ATF4	Gene
Gene::4680	CEACAM6	Gene
Gene::4682	NUBP1	Gene
Gene::4683	NBN	Gene
Gene::4684	NCAM1	Gene
Gene::4686	NCBP1	Gene
Gene::4688	NCF2	Gene
Gene::4689	NCF4	Gene
Gene::4690	NCK1	Gene
Gene::4691	NCL	Gene
Gene::4692	NDN	Gene
Gene::4694	NDUFA1	Gene
Gene::4695	NDUFA2	Gene
Gene::4696	NDUFA3	Gene
Gene::4697	NDUFA4	Gene
Gene::4698	NDUFA5	Gene
Gene::47	ACLY	Gene
Gene::4700	NDUFA6	Gene
Gene::4701	NDUFA7	Gene
Gene::4702	NDUFA8	Gene
Gene::4703	NEB	Gene
Gene::4704	NDUFA9	Gene
Gene::4705	NDUFA10	Gene
Gene::4706	NDUFAB1	Gene
Gene::4707	NDUFB1	Gene
Gene::4708	NDUFB2	Gene
Gene::4709	NDUFB3	Gene
Gene::471	ATIC	Gene
Gene::4710	NDUFB4	Gene
Gene::4711	NDUFB5	Gene
Gene::4712	NDUFB6	Gene
Gene::4713	NDUFB7	Gene
Gene::4714	NDUFB8	Gene
Gene::4715	NDUFB9	Gene
Gene::4716	NDUFB10	Gene
Gene::4717	NDUFC1	Gene
Gene::4718	NDUFC2	Gene
Gene::4719	NDUFS1	Gene
Gene::472	ATM	Gene
Gene::4720	NDUFS2	Gene
Gene::4722	NDUFS3	Gene
Gene::4723	NDUFV1	Gene
Gene::4724	NDUFS4	Gene
Gene::4725	NDUFS5	Gene
Gene::4726	NDUFS6	Gene
Gene::4728	NDUFS8	Gene
Gene::4729	NDUFV2	Gene
Gene::4731	NDUFV3	Gene
Gene::4734	NEDD4	Gene
Gene::4735	SEPT2	Gene
Gene::4736	RPL10A	Gene
Gene::4738	NEDD8	Gene
Gene::4739	NEDD9	Gene
Gene::4741	NEFM	Gene
Gene::474382	H2AFB1	Gene
Gene::4744	NEFH	Gene
Gene::4747	NEFL	Gene
Gene::475	ATOX1	Gene
Gene::4751	NEK2	Gene
Gene::4756	NEO1	Gene
Gene::4758	NEU1	Gene
Gene::4759	NEU2	Gene
Gene::476	ATP1A1	Gene
Gene::4760	NEUROD1	Gene
Gene::4762	NEUROG1	Gene
Gene::4763	NF1	Gene
Gene::477	ATP1A2	Gene
Gene::4771	NF2	Gene
Gene::4772	NFATC1	Gene
Gene::4773	NFATC2	Gene
Gene::4774	NFIA	Gene
Gene::4775	NFATC3	Gene
Gene::4776	NFATC4	Gene
Gene::4778	NFE2	Gene
Gene::478	ATP1A3	Gene
Gene::4780	NFE2L2	Gene
Gene::4781	NFIB	Gene
Gene::4782	NFIC	Gene
Gene::4783	NFIL3	Gene
Gene::4784	NFIX	Gene
Gene::479	ATP12A	Gene
Gene::4790	NFKB1	Gene
Gene::4791	NFKB2	Gene
Gene::4792	NFKBIA	Gene
Gene::4793	NFKBIB	Gene
Gene::4794	NFKBIE	Gene
Gene::4798	NFRKB	Gene
Gene::4799	NFX1	Gene
Gene::48	ACO1	Gene
Gene::480	ATP1A4	Gene
Gene::4800	NFYA	Gene
Gene::4801	NFYB	Gene
Gene::4802	NFYC	Gene
Gene::4803	NGF	Gene
Gene::4804	NGFR	Gene
Gene::4809	NHP2L1	Gene
Gene::481	ATP1B1	Gene
Gene::4811	NID1	Gene
Gene::482	ATP1B2	Gene
Gene::4821	NKX2-2	Gene
Gene::4824	NKX3-1	Gene
Gene::4825	NKX6-1	Gene
Gene::4828	NMB	Gene
Gene::4829	NMBR	Gene
Gene::483	ATP1B3	Gene
Gene::4830	NME1	Gene
Gene::4831	NME2	Gene
Gene::4833	NME4	Gene
Gene::4836	NMT1	Gene
Gene::4837	NNMT	Gene
Gene::4838	NODAL	Gene
Gene::4839	NOP2	Gene
Gene::4841	NONO	Gene
Gene::4842	NOS1	Gene
Gene::4843	NOS2	Gene
Gene::4846	NOS3	Gene
Gene::4848	CNOT2	Gene
Gene::4849	CNOT3	Gene
Gene::4850	CNOT4	Gene
Gene::4851	NOTCH1	Gene
Gene::4852	NPY	Gene
Gene::4853	NOTCH2	Gene
Gene::4854	NOTCH3	Gene
Gene::4855	NOTCH4	Gene
Gene::486	FXYD2	Gene
Gene::4860	PNP	Gene
Gene::4862	NPAS2	Gene
Gene::4863	NPAT	Gene
Gene::4864	NPC1	Gene
Gene::4868	NPHS1	Gene
Gene::4869	NPM1	Gene
Gene::487	ATP2A1	Gene
Gene::4878	NPPA	Gene
Gene::4879	NPPB	Gene
Gene::488	ATP2A2	Gene
Gene::4886	NPY1R	Gene
Gene::4887	NPY2R	Gene
Gene::4889	NPY5R	Gene
Gene::489	ATP2A3	Gene
Gene::4891	SLC11A2	Gene
Gene::4893	NRAS	Gene
Gene::4897	NRCAM	Gene
Gene::4899	NRF1	Gene
Gene::49	ACR	Gene
Gene::490	ATP2B1	Gene
Gene::4902	NRTN	Gene
Gene::4904	YBX1	Gene
Gene::4905	NSF	Gene
Gene::4907	NT5E	Gene
Gene::4908	NTF3	Gene
Gene::4909	NTF4	Gene
Gene::491	ATP2B2	Gene
Gene::4913	NTHL1	Gene
Gene::4914	NTRK1	Gene
Gene::4915	NTRK2	Gene
Gene::4916	NTRK3	Gene
Gene::4917	NTN3	Gene
Gene::4919	ROR1	Gene
Gene::492	ATP2B3	Gene
Gene::4920	ROR2	Gene
Gene::4921	DDR2	Gene
Gene::4922	NTS	Gene
Gene::4923	NTSR1	Gene
Gene::4926	NUMA1	Gene
Gene::4927	NUP88	Gene
Gene::4928	NUP98	Gene
Gene::4929	NR4A2	Gene
Gene::493	ATP2B4	Gene
Gene::4935	GPR143	Gene
Gene::4938	OAS1	Gene
Gene::493869	GPX8	Gene
Gene::4939	OAS2	Gene
Gene::4940	OAS3	Gene
Gene::4942	OAT	Gene
Gene::4946	OAZ1	Gene
Gene::4947	OAZ2	Gene
Gene::495	ATP4A	Gene
Gene::4952	OCRL	Gene
Gene::4953	ODC1	Gene
Gene::4957	ODF2	Gene
Gene::4958	OMD	Gene
Gene::496	ATP4B	Gene
Gene::4967	OGDH	Gene
Gene::4968	OGG1	Gene
Gene::4969	OGN	Gene
Gene::4973	OLR1	Gene
Gene::4974	OMG	Gene
Gene::498	ATP5A1	Gene
Gene::4982	TNFRSF11B	Gene
Gene::4983	OPHN1	Gene
Gene::4985	OPRD1	Gene
Gene::4986	OPRK1	Gene
Gene::49861	CLDN20	Gene
Gene::4987	OPRL1	Gene
Gene::4988	OPRM1	Gene
Gene::4990	SIX6	Gene
Gene::4991	OR1D2	Gene
Gene::4992	OR1F1	Gene
Gene::4993	OR2C1	Gene
Gene::4994	OR3A1	Gene
Gene::4995	OR3A2	Gene
Gene::4998	ORC1	Gene
Gene::4999	ORC2	Gene
Gene::50	ACO2	Gene
Gene::5000	ORC4	Gene
Gene::5001	ORC5	Gene
Gene::5002	SLC22A18	Gene
Gene::5007	OSBP	Gene
Gene::5008	OSM	Gene
Gene::5009	OTC	Gene
Gene::501	ALDH7A1	Gene
Gene::5010	CLDN11	Gene
Gene::5015	OTX2	Gene
Gene::5016	OVGP1	Gene
Gene::5019	OXCT1	Gene
Gene::5020	OXT	Gene
Gene::5021	OXTR	Gene
Gene::5023	P2RX1	Gene
Gene::5027	P2RX7	Gene
Gene::5028	P2RY1	Gene
Gene::5029	P2RY2	Gene
Gene::5030	P2RY4	Gene
Gene::5031	P2RY6	Gene
Gene::5032	P2RY11	Gene
Gene::5034	P4HB	Gene
Gene::503582	ARGFX	Gene
Gene::5036	PA2G4	Gene
Gene::503614	DEFB107B	Gene
Gene::503618	DEFB104B	Gene
Gene::5037	PEBP1	Gene
Gene::503834	DPRX	Gene
Gene::503841	DEFB106B	Gene
Gene::504180	DEFB105B	Gene
Gene::5045	FURIN	Gene
Gene::5046	PCSK6	Gene
Gene::5048	PAFAH1B1	Gene
Gene::50484	RRM2B	Gene
Gene::50485	SMARCAL1	Gene
Gene::50486	G0S2	Gene
Gene::50487	PLA2G3	Gene
Gene::50488	MINK1	Gene
Gene::50489	CD207	Gene
Gene::5049	PAFAH1B2	Gene
Gene::5050	PAFAH1B3	Gene
Gene::50506	DUOX2	Gene
Gene::50507	NOX4	Gene
Gene::50509	COL5A3	Gene
Gene::50511	SYCP3	Gene
Gene::50514	DEC1	Gene
Gene::50515	CHST11	Gene
Gene::5052	PRDX1	Gene
Gene::5053	PAH	Gene
Gene::5054	SERPINE1	Gene
Gene::5055	SERPINB2	Gene
Gene::5058	PAK1	Gene
Gene::506	ATP5B	Gene
Gene::50614	GALNT9	Gene
Gene::50616	IL22	Gene
Gene::50617	ATP6V0A4	Gene
Gene::50618	ITSN2	Gene
Gene::50619	DEF6	Gene
Gene::5062	PAK2	Gene
Gene::50628	GEMIN4	Gene
Gene::5063	PAK3	Gene
Gene::50636	ANO7	Gene
Gene::50640	PNPLA8	Gene
Gene::50649	ARHGEF4	Gene
Gene::50650	ARHGEF3	Gene
Gene::50674	NEUROG3	Gene
Gene::5069	PAPPA	Gene
Gene::50700	RDH8	Gene
Gene::5071	PARK2	Gene
Gene::5073	PARN	Gene
Gene::5074	PAWR	Gene
Gene::5076	PAX2	Gene
Gene::5077	PAX3	Gene
Gene::5078	PAX4	Gene
Gene::5079	PAX5	Gene
Gene::5080	PAX6	Gene
Gene::50801	KCNK4	Gene
Gene::50804	MYEF2	Gene
Gene::50805	IRX4	Gene
Gene::50807	ASAP1	Gene
Gene::50808	AK3	Gene
Gene::5081	PAX7	Gene
Gene::50814	NSDHL	Gene
Gene::5083	PAX9	Gene
Gene::50831	TAS2R3	Gene
Gene::50832	TAS2R4	Gene
Gene::50833	TAS2R16	Gene
Gene::50834	TAS2R1	Gene
Gene::50835	TAS2R9	Gene
Gene::50836	TAS2R8	Gene
Gene::50837	TAS2R7	Gene
Gene::50838	TAS2R13	Gene
Gene::50839	TAS2R10	Gene
Gene::50840	TAS2R14	Gene
Gene::50846	DHH	Gene
Gene::50848	F11R	Gene
Gene::50852	TRAT1	Gene
Gene::50855	PARD6A	Gene
Gene::50865	HEBP1	Gene
Gene::5087	PBX1	Gene
Gene::509	ATP5C1	Gene
Gene::5091	PC	Gene
Gene::5092	PCBD1	Gene
Gene::5093	PCBP1	Gene
Gene::50937	CDON	Gene
Gene::5094	PCBP2	Gene
Gene::50940	PDE11A	Gene
Gene::50943	FOXP3	Gene
Gene::5095	PCCA	Gene
Gene::5096	PCCB	Gene
Gene::50964	SOST	Gene
Gene::50999	TMED5	Gene
Gene::51	ACOX1	Gene
Gene::51000	SLC35B3	Gene
Gene::51001	MTERF3	Gene
Gene::51003	MED31	Gene
Gene::51004	COQ6	Gene
Gene::51009	DERL2	Gene
Gene::51010	EXOSC3	Gene
Gene::51013	EXOSC1	Gene
Gene::51014	TMED7	Gene
Gene::51021	MRPS16	Gene
Gene::51023	MRPS18C	Gene
Gene::51025	PAM16	Gene
Gene::51028	VPS36	Gene
Gene::5104	SERPINA5	Gene
Gene::51043	ZBTB7B	Gene
Gene::51046	ST8SIA3	Gene
Gene::5105	PCK1	Gene
Gene::51052	PRLH	Gene
Gene::51053	GMNN	Gene
Gene::51058	ZNF691	Gene
Gene::5106	PCK2	Gene
Gene::51065	RPS27L	Gene
Gene::51067	YARS2	Gene
Gene::51069	MRPL2	Gene
Gene::51070	NOSIP	Gene
Gene::51073	MRPL4	Gene
Gene::51074	APIP	Gene
Gene::51079	NDUFA13	Gene
Gene::5108	PCM1	Gene
Gene::51081	MRPS7	Gene
Gene::51082	POLR1D	Gene
Gene::51083	GAL	Gene
Gene::51085	MLXIPL	Gene
Gene::51091	SEPSECS	Gene
Gene::51094	ADIPOR1	Gene
Gene::51098	IFT52	Gene
Gene::51099	ABHD5	Gene
Gene::51100	SH3GLB1	Gene
Gene::51102	MECR	Gene
Gene::51106	TFB1M	Gene
Gene::51107	APH1A	Gene
Gene::51109	RDH11	Gene
Gene::5111	PCNA	Gene
Gene::51111	SUV420H1	Gene
Gene::51121	RPL26L1	Gene
Gene::51123	ZNF706	Gene
Gene::51126	NAA20	Gene
Gene::51128	SAR1B	Gene
Gene::51129	ANGPTL4	Gene
Gene::51130	ASB3	Gene
Gene::51135	IRAK4	Gene
Gene::51141	INSIG2	Gene
Gene::51144	HSD17B12	Gene
Gene::51147	ING4	Gene
Gene::51155	HN1	Gene
Gene::5116	PCNT	Gene
Gene::51160	VPS28	Gene
Gene::51164	DCTN4	Gene
Gene::51166	AADAT	Gene
Gene::51167	CYB5R4	Gene
Gene::51176	LEF1	Gene
Gene::5118	PCOLCE	Gene
Gene::51182	HSPA14	Gene
Gene::51191	HERC5	Gene
Gene::51196	PLCE1	Gene
Gene::51204	TACO1	Gene
Gene::51206	GP6	Gene
Gene::51208	CLDN18	Gene
Gene::5122	PCSK1	Gene
Gene::51222	ZNF219	Gene
Gene::51227	PIGP	Gene
Gene::51230	PHF20	Gene
Gene::51241	COX16	Gene
Gene::51248	PDZD11	Gene
Gene::5125	PCSK5	Gene
Gene::51251	NT5C3A	Gene
Gene::51253	MRPL37	Gene
Gene::51258	MRPL51	Gene
Gene::5126	PCSK2	Gene
Gene::51263	MRPL30	Gene
Gene::51264	MRPL27	Gene
Gene::51276	ZNF571	Gene
Gene::51284	TLR7	Gene
Gene::51289	RXFP3	Gene
Gene::51291	GMIP	Gene
Gene::51292	GMPR2	Gene
Gene::51293	CD320	Gene
Gene::51295	ECSIT	Gene
Gene::51296	SLC15A3	Gene
Gene::513	ATP5D	Gene
Gene::5130	PCYT1A	Gene
Gene::51301	GCNT4	Gene
Gene::51302	CYP39A1	Gene
Gene::51305	KCNK9	Gene
Gene::51306	FAM13B	Gene
Gene::51310	SLC22A17	Gene
Gene::51311	TLR8	Gene
Gene::51312	SLC25A37	Gene
Gene::51316	PLAC8	Gene
Gene::51317	PHF21A	Gene
Gene::51318	MRPL35	Gene
Gene::5133	PDCD1	Gene
Gene::51330	TNFRSF12A	Gene
Gene::51332	SPTBN5	Gene
Gene::51333	ZNF771	Gene
Gene::51339	DACT1	Gene
Gene::51343	FZR1	Gene
Gene::51347	TAOK3	Gene
Gene::5136	PDE1A	Gene
Gene::51360	MBTPS2	Gene
Gene::51362	CDC40	Gene
Gene::51363	CHST15	Gene
Gene::51366	UBR5	Gene
Gene::5137	PDE1C	Gene
Gene::51373	MRPS17	Gene
Gene::51377	UCHL5	Gene
Gene::51378	ANGPT4	Gene
Gene::5138	PDE2A	Gene
Gene::51380	CSAD	Gene
Gene::51382	ATP6V1D	Gene
Gene::51384	WNT16	Gene
Gene::51385	ZNF589	Gene
Gene::5139	PDE3A	Gene
Gene::51393	TRPV2	Gene
Gene::51399	TRAPPC4	Gene
Gene::514	ATP5E	Gene
Gene::5140	PDE3B	Gene
Gene::5141	PDE4A	Gene
Gene::51412	ACTL6B	Gene
Gene::5142	PDE4B	Gene
Gene::51421	AMOTL2	Gene
Gene::51422	PRKAG2	Gene
Gene::51426	POLK	Gene
Gene::51428	DDX41	Gene
Gene::51429	SNX9	Gene
Gene::5143	PDE4C	Gene
Gene::51433	ANAPC5	Gene
Gene::51434	ANAPC7	Gene
Gene::5144	PDE4D	Gene
Gene::51444	RNF138	Gene
Gene::51447	IP6K2	Gene
Gene::5145	PDE6A	Gene
Gene::51454	GULP1	Gene
Gene::51455	REV1	Gene
Gene::51458	RHCG	Gene
Gene::5146	PDE6C	Gene
Gene::51465	UBE2J1	Gene
Gene::51466	EVL	Gene
Gene::51474	LIMA1	Gene
Gene::51477	ISYNA1	Gene
Gene::51478	HSD17B7	Gene
Gene::5148	PDE6G	Gene
Gene::5149	PDE6H	Gene
Gene::51497	NELFCD	Gene
Gene::51499	TRIAP1	Gene
Gene::515	ATP5F1	Gene
Gene::5150	PDE7A	Gene
Gene::51503	CWC15	Gene
Gene::5151	PDE8A	Gene
Gene::51510	CHMP5	Gene
Gene::51517	NCKIPSD	Gene
Gene::5152	PDE9A	Gene
Gene::51520	LARS	Gene
Gene::51529	ANAPC11	Gene
Gene::5153	PDE1B	Gene
Gene::51534	VTA1	Gene
Gene::5154	PDGFA	Gene
Gene::51540	SCLY	Gene
Gene::51547	SIRT7	Gene
Gene::51548	SIRT6	Gene
Gene::5155	PDGFB	Gene
Gene::51552	RAB14	Gene
Gene::51554	ACKR4	Gene
Gene::5156	PDGFRA	Gene
Gene::51561	IL23A	Gene
Gene::51562	MBIP	Gene
Gene::51564	HDAC7	Gene
Gene::51567	TDP2	Gene
Gene::5158	PDE6B	Gene
Gene::51582	AZIN1	Gene
Gene::51585	PCF11	Gene
Gene::51586	MED15	Gene
Gene::51588	PIAS4	Gene
Gene::5159	PDGFRB	Gene
Gene::51592	TRIM33	Gene
Gene::516	ATP5G1	Gene
Gene::5160	PDHA1	Gene
Gene::51604	PIGT	Gene
Gene::51606	ATP6V1H	Gene
Gene::5161	PDHA2	Gene
Gene::51616	TAF9B	Gene
Gene::51619	UBE2D4	Gene
Gene::5162	PDHB	Gene
Gene::51626	DYNC2LI1	Gene
Gene::5163	PDK1	Gene
Gene::51639	SF3B6	Gene
Gene::5164	PDK2	Gene
Gene::51642	MRPL48	Gene
Gene::51647	FAM96B	Gene
Gene::51649	MRPS23	Gene
Gene::5165	PDK3	Gene
Gene::51650	MRPS33	Gene
Gene::51651	PTRH2	Gene
Gene::51652	CHMP3	Gene
Gene::51659	GINS2	Gene
Gene::5166	PDK4	Gene
Gene::51660	MPC1	Gene
Gene::51663	ZFR	Gene
Gene::51665	ASB1	Gene
Gene::51666	ASB4	Gene
Gene::5167	ENPP1	Gene
Gene::51676	ASB2	Gene
Gene::51684	SUFU	Gene
Gene::51686	OAZ3	Gene
Gene::5169	ENPP3	Gene
Gene::51690	LSM7	Gene
Gene::51692	CPSF3	Gene
Gene::51699	VPS29	Gene
Gene::517	ATP5G2	Gene
Gene::5170	PDPK1	Gene
Gene::51700	CYB5R2	Gene
Gene::51701	NLK	Gene
Gene::51703	ACSL5	Gene
Gene::51704	GPRC5B	Gene
Gene::51706	CYB5R1	Gene
Gene::51714	SELT	Gene
Gene::51715	RAB23	Gene
Gene::51719	CAB39	Gene
Gene::5172	SLC26A4	Gene
Gene::51720	UIMC1	Gene
Gene::51726	DNAJB11	Gene
Gene::51727	CMPK1	Gene
Gene::51728	POLR3K	Gene
Gene::5173	PDYN	Gene
Gene::51733	UPB1	Gene
Gene::51734	MSRB1	Gene
Gene::51738	GHRL	Gene
Gene::51741	WWOX	Gene
Gene::51742	ARID4B	Gene
Gene::51744	CD244	Gene
Gene::5175	PECAM1	Gene
Gene::51750	RTEL1	Gene
Gene::51752	ERAP1	Gene
Gene::51761	ATP8A2	Gene
Gene::51762	RAB8B	Gene
Gene::51763	INPP5K	Gene
Gene::51764	GNG13	Gene
Gene::51765	STK26	Gene
Gene::51773	RSF1	Gene
Gene::51776	ZAK	Gene
Gene::51780	KDM3B	Gene
Gene::5179	PENK	Gene
Gene::518	ATP5G3	Gene
Gene::51802	ASIC5	Gene
Gene::51804	SIX4	Gene
Gene::51805	COQ3	Gene
Gene::51806	CALML5	Gene
Gene::51807	TUBA8	Gene
Gene::51808	PHAX	Gene
Gene::51809	GALNT7	Gene
Gene::5187	PER1	Gene
Gene::5195	PEX14	Gene
Gene::5196	PF4	Gene
Gene::5197	PF4V1	Gene
Gene::5198	PFAS	Gene
Gene::5199	CFP	Gene
Gene::52	ACP1	Gene
Gene::5201	PFDN1	Gene
Gene::5202	PFDN2	Gene
Gene::5203	PFDN4	Gene
Gene::5204	PFDN5	Gene
Gene::5205	ATP8B1	Gene
Gene::5207	PFKFB1	Gene
Gene::5208	PFKFB2	Gene
Gene::5209	PFKFB3	Gene
Gene::521	ATP5I	Gene
Gene::5210	PFKFB4	Gene
Gene::5211	PFKL	Gene
Gene::5213	PFKM	Gene
Gene::5214	PFKP	Gene
Gene::5216	PFN1	Gene
Gene::5217	PFN2	Gene
Gene::522	ATP5J	Gene
Gene::5223	PGAM1	Gene
Gene::5224	PGAM2	Gene
Gene::5226	PGD	Gene
Gene::5228	PGF	Gene
Gene::523	ATP6V1A	Gene
Gene::5230	PGK1	Gene
Gene::5232	PGK2	Gene
Gene::5236	PGM1	Gene
Gene::5238	PGM3	Gene
Gene::5239	PGM5	Gene
Gene::5241	PGR	Gene
Gene::5243	ABCB1	Gene
Gene::5244	ABCB4	Gene
Gene::5245	PHB	Gene
Gene::525	ATP6V1B1	Gene
Gene::5250	SLC25A3	Gene
Gene::5252	PHF1	Gene
Gene::5253	PHF2	Gene
Gene::5255	PHKA1	Gene
Gene::5256	PHKA2	Gene
Gene::5257	PHKB	Gene
Gene::526	ATP6V1B2	Gene
Gene::5260	PHKG1	Gene
Gene::5261	PHKG2	Gene
Gene::5264	PHYH	Gene
Gene::5265	SERPINA1	Gene
Gene::5268	SERPINB5	Gene
Gene::5269	SERPINB6	Gene
Gene::527	ATP6V0C	Gene
Gene::5270	SERPINE2	Gene
Gene::5271	SERPINB8	Gene
Gene::5273	SERPINB10	Gene
Gene::5274	SERPINI1	Gene
Gene::5277	PIGA	Gene
Gene::5279	PIGC	Gene
Gene::528	ATP6V1C1	Gene
Gene::5281	PIGF	Gene
Gene::5283	PIGH	Gene
Gene::5284	PIGR	Gene
Gene::5286	PIK3C2A	Gene
Gene::5287	PIK3C2B	Gene
Gene::5288	PIK3C2G	Gene
Gene::5289	PIK3C3	Gene
Gene::529	ATP6V1E1	Gene
Gene::5290	PIK3CA	Gene
Gene::5291	PIK3CB	Gene
Gene::5292	PIM1	Gene
Gene::5293	PIK3CD	Gene
Gene::5294	PIK3CG	Gene
Gene::5295	PIK3R1	Gene
Gene::5296	PIK3R2	Gene
Gene::5297	PI4KA	Gene
Gene::5298	PI4KB	Gene
Gene::5300	PIN1	Gene
Gene::5305	PIP4K2A	Gene
Gene::5306	PITPNA	Gene
Gene::5308	PITX2	Gene
Gene::5309	PITX3	Gene
Gene::5313	PKLR	Gene
Gene::5315	PKM	Gene
Gene::5316	PKNOX1	Gene
Gene::5317	PKP1	Gene
Gene::5318	PKP2	Gene
Gene::5319	PLA2G1B	Gene
Gene::5320	PLA2G2A	Gene
Gene::5321	PLA2G4A	Gene
Gene::5322	PLA2G5	Gene
Gene::5325	PLAGL1	Gene
Gene::5327	PLAT	Gene
Gene::5328	PLAU	Gene
Gene::5329	PLAUR	Gene
Gene::533	ATP6V0B	Gene
Gene::5330	PLCB2	Gene
Gene::5331	PLCB3	Gene
Gene::5332	PLCB4	Gene
Gene::5333	PLCD1	Gene
Gene::53335	BCL11A	Gene
Gene::53342	IL17D	Gene
Gene::53343	NUDT9	Gene
Gene::5335	PLCG1	Gene
Gene::53354	PANK1	Gene
Gene::53358	SHC3	Gene
Gene::5336	PLCG2	Gene
Gene::5337	PLD1	Gene
Gene::53371	NUP54	Gene
Gene::53373	TPCN1	Gene
Gene::5338	PLD2	Gene
Gene::5339	PLEC	Gene
Gene::534	ATP6V1G2	Gene
Gene::5340	PLG	Gene
Gene::5341	PLEK	Gene
Gene::5345	SERPINF2	Gene
Gene::5346	PLIN1	Gene
Gene::5347	PLK1	Gene
Gene::5348	FXYD1	Gene
Gene::5349	FXYD3	Gene
Gene::535	ATP6V0A1	Gene
Gene::5350	PLN	Gene
Gene::5351	PLOD1	Gene
Gene::5352	PLOD2	Gene
Gene::5354	PLP1	Gene
Gene::5356	PLRG1	Gene
Gene::5359	PLSCR1	Gene
Gene::5360	PLTP	Gene
Gene::5361	PLXNA1	Gene
Gene::53615	MBD3	Gene
Gene::5362	PLXNA2	Gene
Gene::53630	BCO1	Gene
Gene::53632	PRKAG3	Gene
Gene::53637	S1PR5	Gene
Gene::5364	PLXNB1	Gene
Gene::5365	PLXNB3	Gene
Gene::5366	PMAIP1	Gene
Gene::5367	PMCH	Gene
Gene::5368	PNOC	Gene
Gene::537	ATP6AP1	Gene
Gene::5371	PML	Gene
Gene::5372	PMM1	Gene
Gene::5373	PMM2	Gene
Gene::5376	PMP22	Gene
Gene::538	ATP7A	Gene
Gene::53822	FXYD7	Gene
Gene::53826	FXYD6	Gene
Gene::53828	FXYD4	Gene
Gene::53829	P2RY13	Gene
Gene::53831	GPR84	Gene
Gene::53836	GPR87	Gene
Gene::53842	CLDN22	Gene
Gene::539	ATP5O	Gene
Gene::53918	PELO	Gene
Gene::53919	SLCO1C1	Gene
Gene::5393	EXOSC9	Gene
Gene::53944	CSNK1G1	Gene
Gene::53947	A4GALT	Gene
Gene::5395	PMS2	Gene
Gene::53981	CPSF2	Gene
Gene::54	ACP5	Gene
Gene::540	ATP7B	Gene
Gene::5406	PNLIP	Gene
Gene::54069	MIS18A	Gene
Gene::5407	PNLIPRP1	Gene
Gene::5408	PNLIPRP2	Gene
Gene::5409	PNMT	Gene
Gene::54093	SETD4	Gene
Gene::54106	TLR9	Gene
Gene::54112	GPR88	Gene
Gene::5413	SEPT5	Gene
Gene::5414	SEPT4	Gene
Gene::54148	MRPL39	Gene
Gene::54187	NANS	Gene
Gene::5420	PODXL	Gene
Gene::54205	CYCS	Gene
Gene::54206	ERRFI1	Gene
Gene::54207	KCNK10	Gene
Gene::54209	TREM2	Gene
Gene::54210	TREM1	Gene
Gene::5422	POLA1	Gene
Gene::5423	POLB	Gene
Gene::5424	POLD1	Gene
Gene::5425	POLD2	Gene
Gene::5426	POLE	Gene
Gene::5427	POLE2	Gene
Gene::5428	POLG	Gene
Gene::5429	POLH	Gene
Gene::5430	POLR2A	Gene
Gene::5431	POLR2B	Gene
Gene::5432	POLR2C	Gene
Gene::54328	GPR173	Gene
Gene::54329	GPR85	Gene
Gene::5433	POLR2D	Gene
Gene::54331	GNG2	Gene
Gene::5434	POLR2E	Gene
Gene::54344	DPM3	Gene
Gene::5435	POLR2F	Gene
Gene::5436	POLR2G	Gene
Gene::54361	WNT4	Gene
Gene::54363	HAO1	Gene
Gene::5437	POLR2H	Gene
Gene::5438	POLR2I	Gene
Gene::54386	TERF2IP	Gene
Gene::5439	POLR2J	Gene
Gene::5440	POLR2K	Gene
Gene::54407	SLC38A2	Gene
Gene::5441	POLR2L	Gene
Gene::5442	POLRMT	Gene
Gene::54429	TAS2R5	Gene
Gene::5443	POMC	Gene
Gene::54434	SSH1	Gene
Gene::54437	SEMA5B	Gene
Gene::5444	PON1	Gene
Gene::54443	ANLN	Gene
Gene::5445	PON2	Gene
Gene::54453	RIN2	Gene
Gene::5446	PON3	Gene
Gene::54460	MRPS21	Gene
Gene::54461	FBXW5	Gene
Gene::54464	XRN1	Gene
Gene::5447	POR	Gene
Gene::54472	TOLLIP	Gene
Gene::54476	RNF216	Gene
Gene::54480	CHPF2	Gene
Gene::54487	DGCR8	Gene
Gene::5449	POU1F1	Gene
Gene::54490	UGT2B28	Gene
Gene::54496	PRMT7	Gene
Gene::54498	SMOX	Gene
Gene::545	ATR	Gene
Gene::54507	ADAMTSL4	Gene
Gene::54509	RHOF	Gene
Gene::5451	POU2F1	Gene
Gene::54512	EXOSC4	Gene
Gene::54516	MTRF1L	Gene
Gene::54518	APBB1IP	Gene
Gene::5452	POU2F2	Gene
Gene::54521	WDR44	Gene
Gene::54534	MRPL50	Gene
Gene::54536	EXOC6	Gene
Gene::54539	NDUFB11	Gene
Gene::5454	POU3F2	Gene
Gene::54541	DDIT4	Gene
Gene::54543	TOMM7	Gene
Gene::54551	MAGEL2	Gene
Gene::54556	ING3	Gene
Gene::54567	DLL4	Gene
Gene::5457	POU4F1	Gene
Gene::54575	UGT1A10	Gene
Gene::54576	UGT1A8	Gene
Gene::54577	UGT1A7	Gene
Gene::54578	UGT1A6	Gene
Gene::54579	UGT1A5	Gene
Gene::5458	POU4F2	Gene
Gene::54583	EGLN1	Gene
Gene::5460	POU5F1	Gene
Gene::54600	UGT1A9	Gene
Gene::54623	PAF1	Gene
Gene::54625	PARP14	Gene
Gene::5464	PPA1	Gene
Gene::5465	PPARA	Gene
Gene::54657	UGT1A4	Gene
Gene::54658	UGT1A1	Gene
Gene::54659	UGT1A3	Gene
Gene::5467	PPARD	Gene
Gene::54675	CRLS1	Gene
Gene::54677	CROT	Gene
Gene::5468	PPARG	Gene
Gene::5469	MED1	Gene
Gene::54700	RRN3	Gene
Gene::54704	PDP1	Gene
Gene::5471	PPAT	Gene
Gene::54714	CNGB3	Gene
Gene::54715	RBFOX1	Gene
Gene::54716	SLC6A20	Gene
Gene::5473	PPBP	Gene
Gene::54738	FEV	Gene
Gene::54739	XAF1	Gene
Gene::5475	PPEF1	Gene
Gene::54751	FBLIM1	Gene
Gene::54756	IL17RD	Gene
Gene::5476	CTSA	Gene
Gene::54778	RNF111	Gene
Gene::5478	PPIA	Gene
Gene::5479	PPIB	Gene
Gene::54790	TET2	Gene
Gene::54795	TRPM4	Gene
Gene::54797	MED18	Gene
Gene::54806	AHI1	Gene
Gene::54807	ZNF586	Gene
Gene::5481	PPID	Gene
Gene::54811	ZNF562	Gene
Gene::54815	GATAD2A	Gene
Gene::54820	NDE1	Gene
Gene::54821	ERCC6L	Gene
Gene::54822	TRPM7	Gene
Gene::54828	BCAS3	Gene
Gene::54829	ASPN	Gene
Gene::54831	BEST2	Gene
Gene::54840	APTX	Gene
Gene::54843	SYTL2	Gene
Gene::54859	ELP6	Gene
Gene::548596	CKMT1A	Gene
Gene::54862	CC2D1A	Gene
Gene::54872	PIGG	Gene
Gene::54880	BCOR	Gene
Gene::54884	RETSAT	Gene
Gene::54885	TBC1D8B	Gene
Gene::54888	NSUN2	Gene
Gene::54891	INO80D	Gene
Gene::54892	NCAPG2	Gene
Gene::54894	RNF43	Gene
Gene::54897	CASZ1	Gene
Gene::54898	ELOVL2	Gene
Gene::549	AUH	Gene
Gene::54903	MKS1	Gene
Gene::54905	CYP2W1	Gene
Gene::54908	SPDL1	Gene
Gene::54921	CHTF8	Gene
Gene::54925	ZSCAN32	Gene
Gene::54926	UBE2R2	Gene
Gene::54934	KANSL2	Gene
Gene::54938	SARS2	Gene
Gene::5494	PPM1A	Gene
Gene::54941	RNF125	Gene
Gene::54947	LPCAT2	Gene
Gene::54948	MRPL16	Gene
Gene::5495	PPM1B	Gene
Gene::54952	TRNAU1AP	Gene
Gene::5496	PPM1G	Gene
Gene::54961	SSH3	Gene
Gene::54962	TIPIN	Gene
Gene::54965	PIGX	Gene
Gene::5498	PPOX	Gene
Gene::54984	PINX1	Gene
Gene::54988	ACSM5	Gene
Gene::54989	ZNF770	Gene
Gene::5499	PPP1CA	Gene
Gene::54998	AURKAIP1	Gene
Gene::5500	PPP1CB	Gene
Gene::5501	PPP1CC	Gene
Gene::55033	FKBP14	Gene
Gene::55034	MOCOS	Gene
Gene::55037	PTCD3	Gene
Gene::55052	MRPL20	Gene
Gene::55054	ATG16L1	Gene
Gene::55055	ZWILCH	Gene
Gene::5506	PPP1R3A	Gene
Gene::55062	WIPI1	Gene
Gene::55066	PDPR	Gene
Gene::5507	PPP1R3C	Gene
Gene::55070	DET1	Gene
Gene::55072	RNF31	Gene
Gene::55081	IFT57	Gene
Gene::55089	SLC38A4	Gene
Gene::55090	MED9	Gene
Gene::551	AVP	Gene
Gene::55107	ANO1	Gene
Gene::55114	ARHGAP17	Gene
Gene::55117	SLC6A15	Gene
Gene::55120	FANCL	Gene
Gene::55125	CEP192	Gene
Gene::55129	ANO10	Gene
Gene::55135	WRAP53	Gene
Gene::55140	ELP3	Gene
Gene::55142	HAUS2	Gene
Gene::55143	CDCA8	Gene
Gene::5515	PPP2CA	Gene
Gene::55157	DARS2	Gene
Gene::5516	PPP2CB	Gene
Gene::55160	ARHGEF10L	Gene
Gene::55163	PNPO	Gene
Gene::55166	CENPQ	Gene
Gene::55167	MSL2	Gene
Gene::55168	MRPS18A	Gene
Gene::55170	PRMT6	Gene
Gene::55173	MRPS10	Gene
Gene::55176	SEC61A2	Gene
Gene::55179	FAIM	Gene
Gene::5518	PPP2R1A	Gene
Gene::55181	SMG8	Gene
Gene::55182	RNF220	Gene
Gene::5519	PPP2R1B	Gene
Gene::55190	NUDT11	Gene
Gene::55191	NADSYN1	Gene
Gene::55193	PBRM1	Gene
Gene::552	AVPR1A	Gene
Gene::5520	PPP2R2A	Gene
Gene::55200	PLEKHG6	Gene
Gene::55209	SETD5	Gene
Gene::5521	PPP2R2B	Gene
Gene::55214	P3H2	Gene
Gene::55215	FANCI	Gene
Gene::55217	TMLHE	Gene
Gene::5522	PPP2R2C	Gene
Gene::55224	ETNK2	Gene
Gene::55226	NAT10	Gene
Gene::55229	PANK4	Gene
Gene::5523	PPP2R3A	Gene
Gene::55233	MOB1A	Gene
Gene::5524	PPP2R4	Gene
Gene::55240	STEAP3	Gene
Gene::55243	KIRREL	Gene
Gene::55244	SLC47A1	Gene
Gene::5525	PPP2R5A	Gene
Gene::55250	ELP2	Gene
Gene::55256	ADI1	Gene
Gene::55257	MRGBP	Gene
Gene::5526	PPP2R5B	Gene
Gene::55268	ECHDC2	Gene
Gene::55269	PSPC1	Gene
Gene::5527	PPP2R5C	Gene
Gene::55270	NUDT15	Gene
Gene::55276	PGM2	Gene
Gene::5528	PPP2R5D	Gene
Gene::55283	MCOLN3	Gene
Gene::55284	UBE2W	Gene
Gene::55288	RHOT1	Gene
Gene::5529	PPP2R5E	Gene
Gene::55290	BRF2	Gene
Gene::55294	FBXW7	Gene
Gene::55299	BRIX1	Gene
Gene::553	AVPR1B	Gene
Gene::5530	PPP3CA	Gene
Gene::55300	PI4K2B	Gene
Gene::55304	SPTLC3	Gene
Gene::55312	RFK	Gene
Gene::55315	SLC29A3	Gene
Gene::5532	PPP3CB	Gene
Gene::55320	MIS18BP1	Gene
Gene::55326	AGPAT5	Gene
Gene::5533	PPP3CC	Gene
Gene::55330	BLOC1S4	Gene
Gene::55331	ACER3	Gene
Gene::55334	SLC39A9	Gene
Gene::5534	PPP3R1	Gene
Gene::55343	SLC35C1	Gene
Gene::5535	PPP3R2	Gene
Gene::55352	COPRS	Gene
Gene::55355	HJURP	Gene
Gene::55356	SLC22A15	Gene
Gene::55359	STYK1	Gene
Gene::5536	PPP5C	Gene
Gene::55361	PI4K2A	Gene
Gene::55366	LGR4	Gene
Gene::55367	PIDD1	Gene
Gene::55388	MCM10	Gene
Gene::5539	PPY	Gene
Gene::554	AVPR2	Gene
Gene::5540	NPY4R	Gene
Gene::5542	PRB1	Gene
Gene::55422	ZNF331	Gene
Gene::55423	SIRPG	Gene
Gene::554313	HIST2H4B	Gene
Gene::55437	STRADB	Gene
Gene::55454	CSGALNACT2	Gene
Gene::5547	PRCP	Gene
Gene::5549	PRELP	Gene
Gene::55500	ETNK1	Gene
Gene::55501	CHST12	Gene
Gene::55502	HES6	Gene
Gene::55503	TRPV6	Gene
Gene::55506	H2AFY2	Gene
Gene::55507	GPRC5D	Gene
Gene::55509	BATF3	Gene
Gene::5551	PRF1	Gene
Gene::55512	SMPD3	Gene
Gene::55515	ASIC4	Gene
Gene::5552	SRGN	Gene
Gene::55521	TRIM36	Gene
Gene::55526	DHTKD1	Gene
Gene::55532	SLC30A10	Gene
Gene::55534	MAML3	Gene
Gene::55536	CDCA7L	Gene
Gene::55540	IL17RB	Gene
Gene::55553	SOX6	Gene
Gene::55554	KLK15	Gene
Gene::55558	PLXNA3	Gene
Gene::55568	GALNT10	Gene
Gene::5557	PRIM1	Gene
Gene::55571	CNOT11	Gene
Gene::55576	STAB2	Gene
Gene::55578	SUPT20H	Gene
Gene::5558	PRIM2	Gene
Gene::55584	CHRNA9	Gene
Gene::55585	UBE2Q1	Gene
Gene::55588	MED29	Gene
Gene::55593	OTUD5	Gene
Gene::55604	LRRC16A	Gene
Gene::55615	PRR5	Gene
Gene::55619	DOCK10	Gene
Gene::5562	PRKAA1	Gene
Gene::55626	AMBRA1	Gene
Gene::55627	SMPD4	Gene
Gene::5563	PRKAA2	Gene
Gene::55630	SLC39A4	Gene
Gene::55634	KRBOX4	Gene
Gene::55636	CHD7	Gene
Gene::5564	PRKAB1	Gene
Gene::5565	PRKAB2	Gene
Gene::55650	PIGV	Gene
Gene::55651	NHP2	Gene
Gene::55655	NLRP2	Gene
Gene::55657	ZNF692	Gene
Gene::55659	ZNF416	Gene
Gene::5566	PRKACA	Gene
Gene::55660	PRPF40A	Gene
Gene::55662	HIF1AN	Gene
Gene::55663	ZNF446	Gene
Gene::55669	MFN1	Gene
Gene::5567	PRKACB	Gene
Gene::55671	SMEK1	Gene
Gene::55676	SLC30A6	Gene
Gene::55679	LIMS2	Gene
Gene::5568	PRKACG	Gene
Gene::55683	KANSL3	Gene
Gene::55689	YEATS2	Gene
Gene::5569	PKIA	Gene
Gene::55690	PACS1	Gene
Gene::55693	KDM4D	Gene
Gene::55697	VAC14	Gene
Gene::55699	IARS2	Gene
Gene::5570	PKIB	Gene
Gene::55703	POLR3B	Gene
Gene::5571	PRKAG1	Gene
Gene::55711	FAR2	Gene
Gene::55713	ZNF334	Gene
Gene::55715	DOK4	Gene
Gene::55718	POLR3E	Gene
Gene::55722	CEP72	Gene
Gene::5573	PRKAR1A	Gene
Gene::55733	HHAT	Gene
Gene::55737	VPS35	Gene
Gene::55738	ARFGAP1	Gene
Gene::55740	ENAH	Gene
Gene::55741	EDEM2	Gene
Gene::55742	PARVA	Gene
Gene::55746	NUP133	Gene
Gene::55748	CNDP2	Gene
Gene::55749	CCAR1	Gene
Gene::5575	PRKAR1B	Gene
Gene::55755	CDK5RAP2	Gene
Gene::55757	UGGT2	Gene
Gene::5576	PRKAR2A	Gene
Gene::55762	ZNF701	Gene
Gene::55763	EXOC1	Gene
Gene::55764	IFT122	Gene
Gene::5577	PRKAR2B	Gene
Gene::55770	EXOC2	Gene
Gene::55775	TDP1	Gene
Gene::5578	PRKCA	Gene
Gene::55786	ZNF415	Gene
Gene::55787	TXLNG	Gene
Gene::55788	LMBRD1	Gene
Gene::55789	DEPDC1B	Gene
Gene::5579	PRKCB	Gene
Gene::55790	CSGALNACT1	Gene
Gene::55799	CACNA2D3	Gene
Gene::558	AXL	Gene
Gene::5580	PRKCD	Gene
Gene::55800	SCN3B	Gene
Gene::55802	DCP1A	Gene
Gene::55808	ST6GALNAC1	Gene
Gene::5581	PRKCE	Gene
Gene::55811	ADCY10	Gene
Gene::55816	DOK5	Gene
Gene::55818	KDM3A	Gene
Gene::5582	PRKCG	Gene
Gene::55824	PAG1	Gene
Gene::55825	PECR	Gene
Gene::55829	VIMP	Gene
Gene::5583	PRKCH	Gene
Gene::55832	CAND1	Gene
Gene::55835	CENPJ	Gene
Gene::55839	CENPN	Gene
Gene::5584	PRKCI	Gene
Gene::55843	ARHGAP15	Gene
Gene::55844	PPP2R2D	Gene
Gene::55845	BRK1	Gene
Gene::55847	CISD1	Gene
Gene::5585	PKN1	Gene
Gene::55851	PSENEN	Gene
Gene::55857	KIZ	Gene
Gene::55859	BEX1	Gene
Gene::5586	PKN2	Gene
Gene::55862	ECHDC1	Gene
Gene::55867	SLC22A11	Gene
Gene::55869	HDAC8	Gene
Gene::5587	PRKD1	Gene
Gene::55870	ASH1L	Gene
Gene::55879	GABRQ	Gene
Gene::5588	PRKCQ	Gene
Gene::55888	ZKSCAN7	Gene
Gene::5589	PRKCSH	Gene
Gene::55890	GPRC5C	Gene
Gene::55894	DEFB103B	Gene
Gene::55897	MESP1	Gene
Gene::5590	PRKCZ	Gene
Gene::55900	ZNF302	Gene
Gene::55901	THSD1	Gene
Gene::55902	ACSS2	Gene
Gene::55904	KMT2E	Gene
Gene::55907	CMAS	Gene
Gene::5591	PRKDC	Gene
Gene::55914	ERBB2IP	Gene
Gene::5592	PRKG1	Gene
Gene::55920	RCC2	Gene
Gene::55929	DMAP1	Gene
Gene::5593	PRKG2	Gene
Gene::5594	MAPK1	Gene
Gene::5595	MAPK3	Gene
Gene::55957	LIN37	Gene
Gene::55958	KLHL9	Gene
Gene::5596	MAPK4	Gene
Gene::55967	NDUFA12	Gene
Gene::5597	MAPK6	Gene
Gene::55970	GNG12	Gene
Gene::55974	SLC50A1	Gene
Gene::5598	MAPK7	Gene
Gene::5599	MAPK8	Gene
Gene::55997	CFC1	Gene
Gene::5600	MAPK11	Gene
Gene::56005	MYDGF	Gene
Gene::56006	SMG9	Gene
Gene::5601	MAPK9	Gene
Gene::5602	MAPK10	Gene
Gene::5603	MAPK13	Gene
Gene::56034	PDGFC	Gene
Gene::5604	MAP2K1	Gene
Gene::5605	MAP2K2	Gene
Gene::56052	ALG1	Gene
Gene::5606	MAP2K3	Gene
Gene::5607	MAP2K5	Gene
Gene::5608	MAP2K6	Gene
Gene::5609	MAP2K7	Gene
Gene::5610	EIF2AK2	Gene
Gene::5611	DNAJC3	Gene
Gene::56154	TEX15	Gene
Gene::56158	TEX12	Gene
Gene::56160	NDNL2	Gene
Gene::5617	PRL	Gene
Gene::5618	PRLR	Gene
Gene::5621	PRNP	Gene
Gene::5623	PSPN	Gene
Gene::5624	PROC	Gene
Gene::56242	ZNF253	Gene
Gene::5625	PRODH	Gene
Gene::56253	CRTAM	Gene
Gene::56259	CTNNBL1	Gene
Gene::56261	GPCPD1	Gene
Gene::56267	CCBL2	Gene
Gene::5627	PROS1	Gene
Gene::56288	PARD3	Gene
Gene::5629	PROX1	Gene
Gene::5630	PRPH	Gene
Gene::56301	SLC7A10	Gene
Gene::56302	TRPV5	Gene
Gene::5631	PRPS1	Gene
Gene::56339	METTL3	Gene
Gene::5634	PRPS2	Gene
Gene::5641	LGMN	Gene
Gene::56413	LTB4R2	Gene
Gene::5644	PRSS1	Gene
Gene::5645	PRSS2	Gene
Gene::5646	PRSS3	Gene
Gene::56474	CTPS2	Gene
Gene::56477	CCL28	Gene
Gene::56479	KCNQ5	Gene
Gene::5648	MASP1	Gene
Gene::5649	RELN	Gene
Gene::5650	KLK7	Gene
Gene::5653	KLK6	Gene
Gene::56547	MMP26	Gene
Gene::56548	CHST7	Gene
Gene::5657	PRTN3	Gene
Gene::5660	PSAP	Gene
Gene::56603	CYP26B1	Gene
Gene::56605	ERO1LB	Gene
Gene::56606	SLC2A9	Gene
Gene::56616	DIABLO	Gene
Gene::56623	INPP5E	Gene
Gene::56624	ASAH2	Gene
Gene::5663	PSEN1	Gene
Gene::5664	PSEN2	Gene
Gene::56648	EIF5A2	Gene
Gene::56652	C10orf2	Gene
Gene::56656	OR2S2	Gene
Gene::56659	KCNK13	Gene
Gene::56666	PANX2	Gene
Gene::56667	MUC13	Gene
Gene::56670	SUCNR1	Gene
Gene::56681	SAR1A	Gene
Gene::567	B2M	Gene
Gene::56729	RETN	Gene
Gene::56731	SLC2A4RG	Gene
Gene::5681	PSKH1	Gene
Gene::5682	PSMA1	Gene
Gene::56829	ZC3HAV1	Gene
Gene::5683	PSMA2	Gene
Gene::5684	PSMA3	Gene
Gene::56848	SPHK2	Gene
Gene::5685	PSMA4	Gene
Gene::56853	CELF4	Gene
Gene::5686	PSMA5	Gene
Gene::5687	PSMA6	Gene
Gene::5688	PSMA7	Gene
Gene::56886	UGGT1	Gene
Gene::5689	PSMB1	Gene
Gene::56894	AGPAT3	Gene
Gene::56895	AGPAT4	Gene
Gene::56896	DPYSL5	Gene
Gene::56899	ANKS1B	Gene
Gene::5690	PSMB2	Gene
Gene::56901	NDUFA4L2	Gene
Gene::5691	PSMB3	Gene
Gene::56911	MAP3K7CL	Gene
Gene::56913	C1GALT1	Gene
Gene::56915	EXOSC5	Gene
Gene::5692	PSMB4	Gene
Gene::56922	MCCC1	Gene
Gene::56923	NMUR2	Gene
Gene::56924	PAK6	Gene
Gene::5693	PSMB5	Gene
Gene::56937	PMEPA1	Gene
Gene::56938	ARNTL2	Gene
Gene::5694	PSMB6	Gene
Gene::56943	ENY2	Gene
Gene::56945	MRPS22	Gene
Gene::56949	XAB2	Gene
Gene::5695	PSMB7	Gene
Gene::56950	SMYD2	Gene
Gene::56953	NT5M	Gene
Gene::56957	OTUD7B	Gene
Gene::5696	PSMB8	Gene
Gene::56963	RGMA	Gene
Gene::5697	PYY	Gene
Gene::56970	ATXN7L3	Gene
Gene::56979	PRDM9	Gene
Gene::5698	PSMB9	Gene
Gene::56983	POGLUT1	Gene
Gene::56987	BBX	Gene
Gene::5699	PSMB10	Gene
Gene::56992	KIF15	Gene
Gene::56993	TOMM22	Gene
Gene::56994	CHPT1	Gene
Gene::56998	CTNNBIP1	Gene
Gene::56999	ADAMTS9	Gene
Gene::570	BAAT	Gene
Gene::5700	PSMC1	Gene
Gene::57007	ACKR3	Gene
Gene::5701	PSMC2	Gene
Gene::57016	AKR1B10	Gene
Gene::57019	CIAPIN1	Gene
Gene::5702	PSMC3	Gene
Gene::57030	SLC17A7	Gene
Gene::57038	RARS2	Gene
Gene::5704	PSMC4	Gene
Gene::57045	TWSG1	Gene
Gene::5705	PSMC5	Gene
Gene::57057	TBX20	Gene
Gene::5706	PSMC6	Gene
Gene::57060	PCBP4	Gene
Gene::5707	PSMD1	Gene
Gene::5708	PSMD2	Gene
Gene::57082	CASC5	Gene
Gene::57084	SLC17A6	Gene
Gene::5709	PSMD3	Gene
Gene::571	BACH1	Gene
Gene::5710	PSMD4	Gene
Gene::57101	ANO2	Gene
Gene::57103	TIGAR	Gene
Gene::57104	PNPLA2	Gene
Gene::57105	CYSLTR2	Gene
Gene::57106	NAT14	Gene
Gene::57107	PDSS2	Gene
Gene::5711	PSMD5	Gene
Gene::57113	TRPC7	Gene
Gene::57121	LPAR5	Gene
Gene::57122	NUP107	Gene
Gene::57126	CD177	Gene
Gene::57127	RHBG	Gene
Gene::57128	LYRM4	Gene
Gene::57129	MRPL47	Gene
Gene::5713	PSMD7	Gene
Gene::57134	MAN1C1	Gene
Gene::5714	PSMD8	Gene
Gene::57142	RTN4	Gene
Gene::57144	PAK7	Gene
Gene::57148	RALGAPB	Gene
Gene::5715	PSMD9	Gene
Gene::57153	SLC44A2	Gene
Gene::57154	SMURF1	Gene
Gene::5716	PSMD10	Gene
Gene::57161	PELI2	Gene
Gene::57162	PELI1	Gene
Gene::57165	GJC2	Gene
Gene::57167	SALL4	Gene
Gene::57169	ZNFX1	Gene
Gene::5717	PSMD11	Gene
Gene::57171	DOLPP1	Gene
Gene::57176	VARS2	Gene
Gene::57178	ZMIZ1	Gene
Gene::5718	PSMD12	Gene
Gene::57181	SLC39A10	Gene
Gene::57186	RALGAPA2	Gene
Gene::57188	ADAMTSL3	Gene
Gene::5719	PSMD13	Gene
Gene::57190	SEPN1	Gene
Gene::57191	VN1R1	Gene
Gene::57192	MCOLN1	Gene
Gene::57194	ATP10A	Gene
Gene::57198	ATP8B2	Gene
Gene::572	BAD	Gene
Gene::5720	PSME1	Gene
Gene::57205	ATP10D	Gene
Gene::57209	ZNF248	Gene
Gene::5721	PSME2	Gene
Gene::57216	VANGL2	Gene
Gene::57223	SMEK2	Gene
Gene::5723	PSPH	Gene
Gene::5724	PTAFR	Gene
Gene::5725	PTBP1	Gene
Gene::5726	TAS2R38	Gene
Gene::5727	PTCH1	Gene
Gene::5728	PTEN	Gene
Gene::57282	SLC4A10	Gene
Gene::5729	PTGDR	Gene
Gene::573	BAG1	Gene
Gene::5730	PTGDS	Gene
Gene::5731	PTGER1	Gene
Gene::5732	PTGER2	Gene
Gene::57325	CSRP2BP	Gene
Gene::5733	PTGER3	Gene
Gene::57332	CBX8	Gene
Gene::57335	ZNF286A	Gene
Gene::57336	ZNF287	Gene
Gene::5734	PTGER4	Gene
Gene::57343	ZNF304	Gene
Gene::57348	TTYH1	Gene
Gene::57369	GJD2	Gene
Gene::5737	PTGFR	Gene
Gene::57379	AICDA	Gene
Gene::57381	RHOJ	Gene
Gene::5739	PTGIR	Gene
Gene::57396	CLK4	Gene
Gene::5740	PTGIS	Gene
Gene::57404	CYP20A1	Gene
Gene::57405	SPC25	Gene
Gene::5741	PTH	Gene
Gene::57419	SLC24A3	Gene
Gene::5742	PTGS1	Gene
Gene::5743	PTGS2	Gene
Gene::5744	PTHLH	Gene
Gene::57447	NDRG2	Gene
Gene::57448	BIRC6	Gene
Gene::57449	PLEKHG5	Gene
Gene::5745	PTH1R	Gene
Gene::57452	GALNT16	Gene
Gene::57453	DSCAML1	Gene
Gene::574537	UGT2A2	Gene
Gene::57459	GATAD2B	Gene
Gene::5746	PTH2R	Gene
Gene::57462	KIAA1161	Gene
Gene::57468	SLC12A5	Gene
Gene::5747	PTK2	Gene
Gene::57472	CNOT6	Gene
Gene::57474	ZNF490	Gene
Gene::57476	GRAMD1B	Gene
Gene::57491	AHRR	Gene
Gene::57492	ARID1B	Gene
Gene::57498	KIDINS220	Gene
Gene::57504	MTA3	Gene
Gene::57505	AARS2	Gene
Gene::57506	MAVS	Gene
Gene::57510	XPO5	Gene
Gene::57514	ARHGAP31	Gene
Gene::57515	SERINC1	Gene
Gene::57521	RPTOR	Gene
Gene::57522	SRGAP1	Gene
Gene::5753	PTK6	Gene
Gene::57530	CGN	Gene
Gene::57534	MIB1	Gene
Gene::57539	WDR35	Gene
Gene::57541	ZNF398	Gene
Gene::57546	PDP2	Gene
Gene::57547	ZNF624	Gene
Gene::57551	TAOK1	Gene
Gene::57556	SEMA6A	Gene
Gene::57559	STAMBPL1	Gene
Gene::57569	ARHGAP20	Gene
Gene::5757	PTMA	Gene
Gene::57572	DOCK6	Gene
Gene::57573	ZNF471	Gene
Gene::57578	UNC79	Gene
Gene::57580	PREX1	Gene
Gene::57591	MKL1	Gene
Gene::57599	WDR48	Gene
Gene::57610	RANBP10	Gene
Gene::57615	ZNF492	Gene
Gene::57621	ZBTB2	Gene
Gene::57630	SH3RF1	Gene
Gene::57634	EP400	Gene
Gene::57636	ARHGAP23	Gene
Gene::5764	PTN	Gene
Gene::57642	COL20A1	Gene
Gene::57657	HCN3	Gene
Gene::57658	CALCOCO1	Gene
Gene::57662	CAMSAP3	Gene
Gene::57669	EPB41L5	Gene
Gene::57677	ZFP14	Gene
Gene::57678	GPAM	Gene
Gene::57679	ALS2	Gene
Gene::57680	CHD8	Gene
Gene::57690	TNRC6C	Gene
Gene::57693	ZNF317	Gene
Gene::57697	FANCM	Gene
Gene::5770	PTPN1	Gene
Gene::57704	GBA2	Gene
Gene::5771	PTPN2	Gene
Gene::57711	ZNF529	Gene
Gene::57719	ANO8	Gene
Gene::57728	WDR19	Gene
Gene::57731	SPTBN4	Gene
Gene::57732	ZFYVE28	Gene
Gene::57733	GBA3	Gene
Gene::57758	SCUBE2	Gene
Gene::57761	TRIB3	Gene
Gene::57763	ANKRA2	Gene
Gene::5777	PTPN6	Gene
Gene::5778	PTPN7	Gene
Gene::57787	MARK4	Gene
Gene::57794	SUGP1	Gene
Gene::578	BAK1	Gene
Gene::57804	POLD4	Gene
Gene::57805	CCAR2	Gene
Gene::5781	PTPN11	Gene
Gene::57817	HAMP	Gene
Gene::57818	G6PC2	Gene
Gene::57819	LSM2	Gene
Gene::5782	PTPN12	Gene
Gene::57820	CCNB1IP1	Gene
Gene::57828	CATSPERG	Gene
Gene::57829	ZP4	Gene
Gene::5783	PTPN13	Gene
Gene::57834	CYP4F11	Gene
Gene::57835	SLC4A5	Gene
Gene::5786	PTPRA	Gene
Gene::57863	CADM3	Gene
Gene::5787	PTPRB	Gene
Gene::5788	PTPRC	Gene
Gene::579	NKX3-2	Gene
Gene::5790	PTPRCAP	Gene
Gene::5791	PTPRE	Gene
Gene::5792	PTPRF	Gene
Gene::5795	PTPRJ	Gene
Gene::5796	PTPRK	Gene
Gene::5797	PTPRM	Gene
Gene::58	ACTA1	Gene
Gene::580	BARD1	Gene
Gene::5800	PTPRO	Gene
Gene::5801	PTPRR	Gene
Gene::5802	PTPRS	Gene
Gene::5803	PTPRZ1	Gene
Gene::5805	PTS	Gene
Gene::581	BAX	Gene
Gene::5810	RAD1	Gene
Gene::5813	PURA	Gene
Gene::58155	PTBP2	Gene
Gene::5817	PVR	Gene
Gene::5818	PVRL1	Gene
Gene::5819	PVRL2	Gene
Gene::58190	CTDSP1	Gene
Gene::58191	CXCL16	Gene
Gene::5824	PEX19	Gene
Gene::5825	ABCD3	Gene
Gene::5826	ABCD4	Gene
Gene::5829	PXN	Gene
Gene::5831	PYCR1	Gene
Gene::5832	ALDH18A1	Gene
Gene::5833	PCYT2	Gene
Gene::5834	PYGB	Gene
Gene::5836	PYGL	Gene
Gene::5837	PYGM	Gene
Gene::58472	SQRDL	Gene
Gene::58477	SRPRB	Gene
Gene::58478	ENOPH1	Gene
Gene::58480	RHOU	Gene
Gene::58484	NLRC4	Gene
Gene::58491	ZNF71	Gene
Gene::58492	ZNF77	Gene
Gene::58494	JAM2	Gene
Gene::58500	ZNF250	Gene
Gene::58504	ARHGAP22	Gene
Gene::58508	KMT2C	Gene
Gene::58513	EPS15L1	Gene
Gene::58515	SELK	Gene
Gene::58528	RRAGD	Gene
Gene::5859	QARS	Gene
Gene::586	BCAT1	Gene
Gene::5860	QDPR	Gene
Gene::5861	RAB1A	Gene
Gene::5862	RAB2A	Gene
Gene::5864	RAB3A	Gene
Gene::5867	RAB4A	Gene
Gene::5868	RAB5A	Gene
Gene::587	BCAT2	Gene
Gene::5870	RAB6A	Gene
Gene::5871	MAP4K2	Gene
Gene::5872	RAB13	Gene
Gene::5873	RAB27A	Gene
Gene::5874	RAB27B	Gene
Gene::5875	RABGGTA	Gene
Gene::5876	RABGGTB	Gene
Gene::5877	RABIF	Gene
Gene::5878	RAB5C	Gene
Gene::5879	RAC1	Gene
Gene::5880	RAC2	Gene
Gene::5881	RAC3	Gene
Gene::5883	RAD9A	Gene
Gene::5884	RAD17	Gene
Gene::5885	RAD21	Gene
Gene::5887	RAD23B	Gene
Gene::5888	RAD51	Gene
Gene::5889	RAD51C	Gene
Gene::5890	RAD51B	Gene
Gene::5893	RAD52	Gene
Gene::5894	RAF1	Gene
Gene::5897	RAG2	Gene
Gene::5898	RALA	Gene
Gene::5899	RALB	Gene
Gene::59	ACTA2	Gene
Gene::590	BCHE	Gene
Gene::5900	RALGDS	Gene
Gene::5901	RAN	Gene
Gene::5902	RANBP1	Gene
Gene::5903	RANBP2	Gene
Gene::5905	RANGAP1	Gene
Gene::5906	RAP1A	Gene
Gene::59067	IL21	Gene
Gene::5908	RAP1B	Gene
Gene::5909	RAP1GAP	Gene
Gene::5910	RAP1GDS1	Gene
Gene::5914	RARA	Gene
Gene::5915	RARB	Gene
Gene::5916	RARG	Gene
Gene::5917	RARS	Gene
Gene::5921	RASA1	Gene
Gene::5922	RASA2	Gene
Gene::5923	RASGRF1	Gene
Gene::5924	RASGRF2	Gene
Gene::5925	RB1	Gene
Gene::5926	ARID4A	Gene
Gene::5927	KDM5A	Gene
Gene::59272	ACE2	Gene
Gene::59277	NTN4	Gene
Gene::5928	RBBP4	Gene
Gene::59283	CACNG8	Gene
Gene::59284	CACNG7	Gene
Gene::59285	CACNG6	Gene
Gene::5929	RBBP5	Gene
Gene::593	BCKDHA	Gene
Gene::59307	SIGIRR	Gene
Gene::5931	RBBP7	Gene
Gene::5932	RBBP8	Gene
Gene::5933	RBL1	Gene
Gene::59338	PLEKHA1	Gene
Gene::59339	PLEKHA2	Gene
Gene::5934	RBL2	Gene
Gene::59340	HRH4	Gene
Gene::59341	TRPV4	Gene
Gene::59343	SENP2	Gene
Gene::59345	GNB4	Gene
Gene::59348	ZNF350	Gene
Gene::59349	KLHL12	Gene
Gene::59350	RXFP1	Gene
Gene::59352	LGR6	Gene
Gene::5936	RBM4	Gene
Gene::594	BCKDHB	Gene
Gene::5947	RBP1	Gene
Gene::5948	RBP2	Gene
Gene::594855	CPLX3	Gene
Gene::594857	NPS	Gene
Gene::5949	RBP3	Gene
Gene::595	CCND1	Gene
Gene::5950	RBP4	Gene
Gene::5956	OPN1LW	Gene
Gene::5957	RCVRN	Gene
Gene::5959	RDH5	Gene
Gene::596	BCL2	Gene
Gene::5962	RDX	Gene
Gene::5966	REL	Gene
Gene::5967	REG1A	Gene
Gene::597	BCL2A1	Gene
Gene::5970	RELA	Gene
Gene::5971	RELB	Gene
Gene::5972	REN	Gene
Gene::5976	UPF1	Gene
Gene::5978	REST	Gene
Gene::5979	RET	Gene
Gene::598	BCL2L1	Gene
Gene::5981	RFC1	Gene
Gene::5982	RFC2	Gene
Gene::5983	RFC3	Gene
Gene::5984	RFC4	Gene
Gene::5985	RFC5	Gene
Gene::5986	RFNG	Gene
Gene::599	BCL2L2	Gene
Gene::5995	RGR	Gene
Gene::5996	RGS1	Gene
Gene::5997	RGS2	Gene
Gene::5998	RGS3	Gene
Gene::5999	RGS4	Gene
Gene::60	ACTB	Gene
Gene::6000	RGS7	Gene
Gene::6001	RGS10	Gene
Gene::6002	RGS12	Gene
Gene::6004	RGS16	Gene
Gene::6005	RHAG	Gene
Gene::6009	RHEB	Gene
Gene::6010	RHO	Gene
Gene::6011	GRK1	Gene
Gene::6013	RLN1	Gene
Gene::6014	RIT2	Gene
Gene::6015	RING1	Gene
Gene::6016	RIT1	Gene
Gene::6017	RLBP1	Gene
Gene::6019	RLN2	Gene
Gene::602	BCL3	Gene
Gene::604	BCL6	Gene
Gene::60401	EDA2R	Gene
Gene::6041	RNASEL	Gene
Gene::60412	EXOC4	Gene
Gene::60436	TGIF2	Gene
Gene::6045	RNF2	Gene
Gene::6046	BRD2	Gene
Gene::6047	RNF4	Gene
Gene::60481	ELOVL5	Gene
Gene::60482	SLC5A7	Gene
Gene::60485	SAV1	Gene
Gene::60488	MRPS35	Gene
Gene::60489	APOBEC3G	Gene
Gene::6049	RNF6	Gene
Gene::60490	PPCDC	Gene
Gene::60495	HPSE2	Gene
Gene::60496	AASDHPPT	Gene
Gene::60559	SPCS3	Gene
Gene::60675	PROK2	Gene
Gene::60676	PAPPA2	Gene
Gene::60678	EEFSEC	Gene
Gene::607	BCL9	Gene
Gene::6091	ROBO1	Gene
Gene::6092	ROBO2	Gene
Gene::6093	ROCK1	Gene
Gene::6095	RORA	Gene
Gene::6096	RORB	Gene
Gene::6097	RORC	Gene
Gene::6098	ROS1	Gene
Gene::610	HCN2	Gene
Gene::611	OPN1SW	Gene
Gene::6117	RPA1	Gene
Gene::6118	RPA2	Gene
Gene::6119	RPA3	Gene
Gene::6120	RPE	Gene
Gene::6121	RPE65	Gene
Gene::6122	RPL3	Gene
Gene::6123	RPL3L	Gene
Gene::6124	RPL4	Gene
Gene::6125	RPL5	Gene
Gene::6128	RPL6	Gene
Gene::6129	RPL7	Gene
Gene::613	BCR	Gene
Gene::6130	RPL7A	Gene
Gene::6132	RPL8	Gene
Gene::613209	DEFB135	Gene
Gene::613210	DEFB136	Gene
Gene::613211	DEFB134	Gene
Gene::6133	RPL9	Gene
Gene::6134	RPL10	Gene
Gene::6135	RPL11	Gene
Gene::6136	RPL12	Gene
Gene::6137	RPL13	Gene
Gene::6138	RPL15	Gene
Gene::6139	RPL17	Gene
Gene::6141	RPL18	Gene
Gene::6142	RPL18A	Gene
Gene::6143	RPL19	Gene
Gene::6144	RPL21	Gene
Gene::6146	RPL22	Gene
Gene::6147	RPL23A	Gene
Gene::6150	MRPL23	Gene
Gene::6152	RPL24	Gene
Gene::6154	RPL26	Gene
Gene::6155	RPL27	Gene
Gene::6156	RPL30	Gene
Gene::6157	RPL27A	Gene
Gene::6158	RPL28	Gene
Gene::6159	RPL29	Gene
Gene::6160	RPL31	Gene
Gene::6161	RPL32	Gene
Gene::6164	RPL34	Gene
Gene::6165	RPL35A	Gene
Gene::6167	RPL37	Gene
Gene::6168	RPL37A	Gene
Gene::6169	RPL38	Gene
Gene::617	BCS1L	Gene
Gene::6170	RPL39	Gene
Gene::6171	RPL41	Gene
Gene::6173	RPL36A	Gene
Gene::6175	RPLP0	Gene
Gene::6176	RPLP1	Gene
Gene::6181	RPLP2	Gene
Gene::6182	MRPL12	Gene
Gene::6183	MRPS12	Gene
Gene::6184	RPN1	Gene
Gene::6185	RPN2	Gene
Gene::6187	RPS2	Gene
Gene::6188	RPS3	Gene
Gene::6189	RPS3A	Gene
Gene::6191	RPS4X	Gene
Gene::6192	RPS4Y1	Gene
Gene::619279	ZNF704	Gene
Gene::6193	RPS5	Gene
Gene::619373	MBOAT4	Gene
Gene::6194	RPS6	Gene
Gene::6195	RPS6KA1	Gene
Gene::6196	RPS6KA2	Gene
Gene::6197	RPS6KA3	Gene
Gene::6198	RPS6KB1	Gene
Gene::6199	RPS6KB2	Gene
Gene::6201	RPS7	Gene
Gene::6202	RPS8	Gene
Gene::6203	RPS9	Gene
Gene::6204	RPS10	Gene
Gene::6205	RPS11	Gene
Gene::6206	RPS12	Gene
Gene::6207	RPS13	Gene
Gene::6208	RPS14	Gene
Gene::6209	RPS15	Gene
Gene::6210	RPS15A	Gene
Gene::6217	RPS16	Gene
Gene::6218	RPS17	Gene
Gene::622	BDH1	Gene
Gene::6222	RPS18	Gene
Gene::6223	RPS19	Gene
Gene::6224	RPS20	Gene
Gene::6227	RPS21	Gene
Gene::6228	RPS23	Gene
Gene::6229	RPS24	Gene
Gene::623	BDKRB1	Gene
Gene::6230	RPS25	Gene
Gene::6231	RPS26	Gene
Gene::6232	RPS27	Gene
Gene::6233	RPS27A	Gene
Gene::6234	RPS28	Gene
Gene::6235	RPS29	Gene
Gene::6236	RRAD	Gene
Gene::6237	RRAS	Gene
Gene::6238	RRBP1	Gene
Gene::624	BDKRB2	Gene
Gene::6240	RRM1	Gene
Gene::6241	RRM2	Gene
Gene::6242	RTKN	Gene
Gene::6247	RS1	Gene
Gene::6249	CLIP1	Gene
Gene::6251	RSU1	Gene
Gene::6256	RXRA	Gene
Gene::6257	RXRB	Gene
Gene::6258	RXRG	Gene
Gene::6259	RYK	Gene
Gene::6261	RYR1	Gene
Gene::6262	RYR2	Gene
Gene::6263	RYR3	Gene
Gene::627	BDNF	Gene
Gene::6272	SORT1	Gene
Gene::6273	S100A2	Gene
Gene::6277	S100A6	Gene
Gene::6278	S100A7	Gene
Gene::6279	S100A8	Gene
Gene::6280	S100A9	Gene
Gene::6281	S100A10	Gene
Gene::6283	S100A12	Gene
Gene::6285	S100B	Gene
Gene::6286	S100P	Gene
Gene::6288	SAA1	Gene
Gene::6289	SAA2	Gene
Gene::629	CFB	Gene
Gene::6291	SAA4	Gene
Gene::6294	SAFB	Gene
Gene::6295	SAG	Gene
Gene::6300	MAPK12	Gene
Gene::6301	SARS	Gene
Gene::6303	SAT1	Gene
Gene::6304	SATB1	Gene
Gene::6307	MSMO1	Gene
Gene::6309	SC5D	Gene
Gene::6311	ATXN2	Gene
Gene::6314	ATXN7	Gene
Gene::6319	SCD	Gene
Gene::632	BGLAP	Gene
Gene::6323	SCN1A	Gene
Gene::6324	SCN1B	Gene
Gene::6326	SCN2A	Gene
Gene::6327	SCN2B	Gene
Gene::6328	SCN3A	Gene
Gene::6329	SCN4A	Gene
Gene::633	BGN	Gene
Gene::6330	SCN4B	Gene
Gene::6331	SCN5A	Gene
Gene::6332	SCN7A	Gene
Gene::6334	SCN8A	Gene
Gene::6335	SCN9A	Gene
Gene::6336	SCN10A	Gene
Gene::6337	SCNN1A	Gene
Gene::6338	SCNN1B	Gene
Gene::6339	SCNN1D	Gene
Gene::634	CEACAM1	Gene
Gene::6340	SCNN1G	Gene
Gene::6341	SCO1	Gene
Gene::6342	SCP2	Gene
Gene::6343	SCT	Gene
Gene::6344	SCTR	Gene
Gene::6346	CCL1	Gene
Gene::6347	CCL2	Gene
Gene::6348	CCL3	Gene
Gene::635	BHMT	Gene
Gene::6351	CCL4	Gene
Gene::6352	CCL5	Gene
Gene::6354	CCL7	Gene
Gene::6356	CCL11	Gene
Gene::6360	CCL16	Gene
Gene::6361	CCL17	Gene
Gene::6363	CCL19	Gene
Gene::6364	CCL20	Gene
Gene::6366	CCL21	Gene
Gene::6367	CCL22	Gene
Gene::6368	CCL23	Gene
Gene::637	BID	Gene
Gene::6370	CCL25	Gene
Gene::6372	CXCL6	Gene
Gene::6373	CXCL11	Gene
Gene::6374	CXCL5	Gene
Gene::6375	XCL1	Gene
Gene::6376	CX3CL1	Gene
Gene::638	BIK	Gene
Gene::6382	SDC1	Gene
Gene::63827	BCAN	Gene
Gene::6383	SDC2	Gene
Gene::6385	SDC4	Gene
Gene::6386	SDCBP	Gene
Gene::6387	CXCL12	Gene
Gene::63875	MRPL17	Gene
Gene::6389	SDHA	Gene
Gene::63891	RNF123	Gene
Gene::63893	UBE2O	Gene
Gene::639	PRDM1	Gene
Gene::6390	SDHB	Gene
Gene::6391	SDHC	Gene
Gene::63916	ELMO2	Gene
Gene::63917	GALNT11	Gene
Gene::6392	SDHD	Gene
Gene::63922	CHTF18	Gene
Gene::63923	TNN	Gene
Gene::63928	CHP2	Gene
Gene::63931	MRPS14	Gene
Gene::63934	ZNF667	Gene
Gene::6396	SEC13	Gene
Gene::63967	CLSPN	Gene
Gene::63970	TP53AIP1	Gene
Gene::63971	KIF13A	Gene
Gene::63973	NEUROG2	Gene
Gene::63976	PRDM16	Gene
Gene::63977	PRDM15	Gene
Gene::63978	PRDM14	Gene
Gene::63982	ANO3	Gene
Gene::640	BLK	Gene
Gene::6400	SEL1L	Gene
Gene::6401	SELE	Gene
Gene::6402	SELL	Gene
Gene::6403	SELP	Gene
Gene::6404	SELPLG	Gene
Gene::6406	SEMG1	Gene
Gene::64061	TSPYL2	Gene
Gene::64065	PERP	Gene
Gene::64066	MMP27	Gene
Gene::64078	SLC28A3	Gene
Gene::64087	MCCC2	Gene
Gene::64090	GAL3ST2	Gene
Gene::64094	SMOC2	Gene
Gene::64096	GFRA4	Gene
Gene::64098	PARVG	Gene
Gene::641	BLM	Gene
Gene::64100	ELSPBP1	Gene
Gene::64105	CENPK	Gene
Gene::64106	NPFFR1	Gene
Gene::64109	CRLF2	Gene
Gene::64116	SLC39A8	Gene
Gene::64121	RRAGC	Gene
Gene::64123	ADGRL4	Gene
Gene::64127	NOD2	Gene
Gene::64131	XYLT1	Gene
Gene::64135	IFIH1	Gene
Gene::64137	ABCG4	Gene
Gene::6414	SEPP1	Gene
Gene::64145	RBSN	Gene
Gene::64147	KIF9	Gene
Gene::6415	SEPW1	Gene
Gene::64151	NCAPG	Gene
Gene::6416	MAP2K4	Gene
Gene::64167	ERAP2	Gene
Gene::64170	CARD9	Gene
Gene::64174	DPEP2	Gene
Gene::64175	P3H1	Gene
Gene::6418	SET	Gene
Gene::64180	DPEP3	Gene
Gene::6419	SETMAR	Gene
Gene::642	BLMH	Gene
Gene::6421	SFPQ	Gene
Gene::64210	MMS19	Gene
Gene::64211	LHX5	Gene
Gene::64216	TFB2M	Gene
Gene::64218	SEMA4A	Gene
Gene::64219	PJA1	Gene
Gene::6422	SFRP1	Gene
Gene::64220	STRA6	Gene
Gene::64221	ROBO3	Gene
Gene::64223	MLST8	Gene
Gene::6423	SFRP2	Gene
Gene::6424	SFRP4	Gene
Gene::64240	ABCG5	Gene
Gene::64241	ABCG8	Gene
Gene::6426	SRSF1	Gene
Gene::6427	SRSF2	Gene
Gene::6428	SRSF3	Gene
Gene::64283	ARHGEF28	Gene
Gene::6429	SRSF4	Gene
Gene::643	CXCR5	Gene
Gene::6430	SRSF5	Gene
Gene::6431	SRSF6	Gene
Gene::6432	SRSF7	Gene
Gene::64320	RNF25	Gene
Gene::64321	SOX17	Gene
Gene::64324	NSD1	Gene
Gene::64326	RFWD2	Gene
Gene::64328	XPO4	Gene
Gene::6433	SFSWAP	Gene
Gene::64333	ARHGAP9	Gene
Gene::6434	TRA2B	Gene
Gene::64344	HIF3A	Gene
Gene::64377	CHST8	Gene
Gene::64386	MMP25	Gene
Gene::64388	GREM2	Gene
Gene::64398	MPP5	Gene
Gene::64399	HHIP	Gene
Gene::644	BLVRA	Gene
Gene::6440	SFTPC	Gene
Gene::64403	CDH24	Gene
Gene::64407	RGS18	Gene
Gene::64409	WBSCR17	Gene
Gene::6441	SFTPD	Gene
Gene::64411	ARAP3	Gene
Gene::64419	MTMR14	Gene
Gene::6442	SGCA	Gene
Gene::64421	DCLRE1C	Gene
Gene::64422	ATG3	Gene
Gene::64423	INF2	Gene
Gene::64425	POLR1E	Gene
Gene::64426	SUDS3	Gene
Gene::64428	NARFL	Gene
Gene::6443	SGCB	Gene
Gene::64432	MRPS25	Gene
Gene::644378	GCNT6	Gene
Gene::6444	SGCD	Gene
Gene::644414	DEFB131	Gene
Gene::6445	SGCG	Gene
Gene::6446	SGK1	Gene
Gene::6448	SGSH	Gene
Gene::645	BLVRB	Gene
Gene::64506	CPEB1	Gene
Gene::6452	SH3BP2	Gene
Gene::6453	ITSN1	Gene
Gene::6455	SH3GL1	Gene
Gene::6456	SH3GL2	Gene
Gene::6457	SH3GL3	Gene
Gene::64579	NDST4	Gene
Gene::64582	GPR135	Gene
Gene::64600	PLA2G2F	Gene
Gene::6461	SHB	Gene
Gene::6462	SHBG	Gene
Gene::6464	SHC1	Gene
Gene::6468	FBXW4	Gene
Gene::64682	ANAPC1	Gene
Gene::64689	GORASP1	Gene
Gene::6469	SHH	Gene
Gene::6470	SHMT1	Gene
Gene::64711	HS3ST6	Gene
Gene::64714	PDIA2	Gene
Gene::6472	SHMT2	Gene
Gene::64750	SMURF2	Gene
Gene::64754	SMYD3	Gene
Gene::6476	SI	Gene
Gene::64768	IPPK	Gene
Gene::64769	MEAF6	Gene
Gene::6477	SIAH1	Gene
Gene::6478	SIAH2	Gene
Gene::64781	CERK	Gene
Gene::64782	AEN	Gene
Gene::64798	DEPTOR	Gene
Gene::648	BMI1	Gene
Gene::6480	ST6GAL1	Gene
Gene::64800	EFCAB6	Gene
Gene::64802	NMNAT1	Gene
Gene::64805	P2RY12	Gene
Gene::64806	IL25	Gene
Gene::64816	CYP3A43	Gene
Gene::6482	ST3GAL1	Gene
Gene::6483	ST3GAL2	Gene
Gene::64834	ELOVL1	Gene
Gene::64837	KLC2	Gene
Gene::6484	ST3GAL4	Gene
Gene::64840	PORCN	Gene
Gene::64841	GNPNAT1	Gene
Gene::64849	SLC13A3	Gene
Gene::64857	PLEKHG2	Gene
Gene::6487	ST3GAL3	Gene
Gene::6489	ST8SIA1	Gene
Gene::649	BMP1	Gene
Gene::64900	LPIN3	Gene
Gene::64902	AGXT2	Gene
Gene::6491	STIL	Gene
Gene::64924	SLC30A5	Gene
Gene::64928	MRPL14	Gene
Gene::6494	SIPA1	Gene
Gene::64946	CENPH	Gene
Gene::64949	MRPS26	Gene
Gene::64951	MRPS24	Gene
Gene::6496	SIX3	Gene
Gene::64960	MRPS15	Gene
Gene::64963	MRPS11	Gene
Gene::64965	MRPS9	Gene
Gene::64968	MRPS6	Gene
Gene::64969	MRPS5	Gene
Gene::6497	SKI	Gene
Gene::64975	MRPL41	Gene
Gene::64976	MRPL40	Gene
Gene::64978	MRPL38	Gene
Gene::64979	MRPL36	Gene
Gene::6498	SKIL	Gene
Gene::64981	MRPL34	Gene
Gene::64983	MRPL32	Gene
Gene::6499	SKIV2L	Gene
Gene::650	BMP2	Gene
Gene::6500	SKP1	Gene
Gene::65003	MRPL11	Gene
Gene::65005	MRPL9	Gene
Gene::65008	MRPL1	Gene
Gene::65010	SLC26A6	Gene
Gene::65018	PINK1	Gene
Gene::6502	SKP2	Gene
Gene::6503	SLA	Gene
Gene::6505	SLC1A1	Gene
Gene::65057	ACD	Gene
Gene::6506	SLC1A2	Gene
Gene::6507	SLC1A3	Gene
Gene::65078	RTN4R	Gene
Gene::6508	SLC4A3	Gene
Gene::65080	MRPL44	Gene
Gene::6509	SLC1A4	Gene
Gene::651	BMP3	Gene
Gene::6510	SLC1A5	Gene
Gene::65109	UPF3B	Gene
Gene::6511	SLC1A6	Gene
Gene::65110	UPF3A	Gene
Gene::6512	SLC1A7	Gene
Gene::65125	WNK1	Gene
Gene::6513	SLC2A1	Gene
Gene::6514	SLC2A2	Gene
Gene::6515	SLC2A3	Gene
Gene::6517	SLC2A4	Gene
Gene::6518	SLC2A5	Gene
Gene::6519	SLC3A1	Gene
Gene::652	BMP4	Gene
Gene::6520	SLC3A2	Gene
Gene::6521	SLC4A1	Gene
Gene::6522	SLC4A2	Gene
Gene::65220	NADK	Gene
Gene::6523	SLC5A1	Gene
Gene::6524	SLC5A2	Gene
Gene::65243	ZFP69B	Gene
Gene::65251	ZNF649	Gene
Gene::6526	SLC5A3	Gene
Gene::65263	PYCRL	Gene
Gene::65264	UBE2Z	Gene
Gene::65266	WNK4	Gene
Gene::65267	WNK3	Gene
Gene::65268	WNK2	Gene
Gene::6527	SLC5A4	Gene
Gene::6528	SLC5A5	Gene
Gene::6529	SLC6A1	Gene
Gene::6530	SLC6A2	Gene
Gene::6531	SLC6A3	Gene
Gene::6532	SLC6A4	Gene
Gene::6533	SLC6A6	Gene
Gene::653308	ASAH2B	Gene
Gene::653361	NCF1	Gene
Gene::6534	SLC6A7	Gene
Gene::6535	SLC6A8	Gene
Gene::653509	SFTPA1	Gene
Gene::6536	SLC6A9	Gene
Gene::653604	HIST2H3D	Gene
Gene::653689	GSTT2B	Gene
Gene::6538	SLC6A11	Gene
Gene::6539	SLC6A12	Gene
Gene::654	BMP6	Gene
Gene::6540	SLC6A13	Gene
Gene::6541	SLC7A1	Gene
Gene::6542	SLC7A2	Gene
Gene::6543	SLC8A2	Gene
Gene::6546	SLC8A1	Gene
Gene::6547	SLC8A3	Gene
Gene::6548	SLC9A1	Gene
Gene::6549	SLC9A2	Gene
Gene::655	BMP7	Gene
Gene::6550	SLC9A3	Gene
Gene::6553	SLC9A5	Gene
Gene::6554	SLC10A1	Gene
Gene::6555	SLC10A2	Gene
Gene::6556	SLC11A1	Gene
Gene::6557	SLC12A1	Gene
Gene::6558	SLC12A2	Gene
Gene::6559	SLC12A3	Gene
Gene::6560	SLC12A4	Gene
Gene::6561	SLC13A1	Gene
Gene::6563	SLC14A1	Gene
Gene::6564	SLC15A1	Gene
Gene::6565	SLC15A2	Gene
Gene::6566	SLC16A1	Gene
Gene::6568	SLC17A1	Gene
Gene::6569	SLC34A1	Gene
Gene::657	BMPR1A	Gene
Gene::6570	SLC18A1	Gene
Gene::6571	SLC18A2	Gene
Gene::6572	SLC18A3	Gene
Gene::6573	SLC19A1	Gene
Gene::6574	SLC20A1	Gene
Gene::6575	SLC20A2	Gene
Gene::6576	SLC25A1	Gene
Gene::6578	SLCO2A1	Gene
Gene::6579	SLCO1A2	Gene
Gene::658	BMPR1B	Gene
Gene::6580	SLC22A1	Gene
Gene::6581	SLC22A3	Gene
Gene::6582	SLC22A2	Gene
Gene::6583	SLC22A4	Gene
Gene::6584	SLC22A5	Gene
Gene::6585	SLIT1	Gene
Gene::6586	SLIT3	Gene
Gene::659	BMPR2	Gene
Gene::6591	SNAI2	Gene
Gene::6595	SMARCA2	Gene
Gene::6596	HLTF	Gene
Gene::6597	SMARCA4	Gene
Gene::6598	SMARCB1	Gene
Gene::65988	ZNF747	Gene
Gene::6599	SMARCC1	Gene
Gene::65993	MRPS34	Gene
Gene::660	BMX	Gene
Gene::66002	CYP4F12	Gene
Gene::6601	SMARCC2	Gene
Gene::6602	SMARCD1	Gene
Gene::6603	SMARCD2	Gene
Gene::66035	SLC2A11	Gene
Gene::6604	SMARCD3	Gene
Gene::6605	SMARCE1	Gene
Gene::6606	SMN1	Gene
Gene::6607	SMN2	Gene
Gene::6608	SMO	Gene
Gene::6609	SMPD1	Gene
Gene::661	POLR3D	Gene
Gene::6610	SMPD2	Gene
Gene::6611	SMS	Gene
Gene::6612	SUMO3	Gene
Gene::6613	SUMO2	Gene
Gene::6615	SNAI1	Gene
Gene::6616	SNAP25	Gene
Gene::6617	SNAPC1	Gene
Gene::6618	SNAPC2	Gene
Gene::6619	SNAPC3	Gene
Gene::6621	SNAPC4	Gene
Gene::6622	SNCA	Gene
Gene::6625	SNRNP70	Gene
Gene::6626	SNRPA	Gene
Gene::6627	SNRPA1	Gene
Gene::6628	SNRPB	Gene
Gene::6629	SNRPB2	Gene
Gene::663	BNIP2	Gene
Gene::6632	SNRPD1	Gene
Gene::6633	SNRPD2	Gene
Gene::6634	SNRPD3	Gene
Gene::6635	SNRPE	Gene
Gene::6636	SNRPF	Gene
Gene::6637	SNRPG	Gene
Gene::6638	SNRPN	Gene
Gene::664	BNIP3	Gene
Gene::6640	SNTA1	Gene
Gene::6642	SNX1	Gene
Gene::6643	SNX2	Gene
Gene::6646	SOAT1	Gene
Gene::6647	SOD1	Gene
Gene::6648	SOD2	Gene
Gene::6649	SOD3	Gene
Gene::665	BNIP3L	Gene
Gene::6652	SORD	Gene
Gene::6654	SOS1	Gene
Gene::6655	SOS2	Gene
Gene::6656	SOX1	Gene
Gene::6657	SOX2	Gene
Gene::666	BOK	Gene
Gene::6660	SOX5	Gene
Gene::6662	SOX9	Gene
Gene::6663	SOX10	Gene
Gene::6664	SOX11	Gene
Gene::6667	SP1	Gene
Gene::667	DST	Gene
Gene::6670	SP3	Gene
Gene::6672	SP100	Gene
Gene::6675	UAP1	Gene
Gene::6677	SPAM1	Gene
Gene::6678	SPARC	Gene
Gene::6688	SPI1	Gene
Gene::6693	SPN	Gene
Gene::6695	SPOCK1	Gene
Gene::6696	SPP1	Gene
Gene::6697	SPR	Gene
Gene::6708	SPTA1	Gene
Gene::6709	SPTAN1	Gene
Gene::6710	SPTB	Gene
Gene::6711	SPTBN1	Gene
Gene::6712	SPTBN2	Gene
Gene::6713	SQLE	Gene
Gene::6714	SRC	Gene
Gene::6715	SRD5A1	Gene
Gene::6716	SRD5A2	Gene
Gene::6717	SRI	Gene
Gene::6718	AKR1D1	Gene
Gene::672	BRCA1	Gene
Gene::6720	SREBF1	Gene
Gene::6721	SREBF2	Gene
Gene::6722	SRF	Gene
Gene::6723	SRM	Gene
Gene::6725	SRMS	Gene
Gene::6726	SRP9	Gene
Gene::6727	SRP14	Gene
Gene::6728	SRP19	Gene
Gene::6729	SRP54	Gene
Gene::673	BRAF	Gene
Gene::6730	SRP68	Gene
Gene::6731	SRP72	Gene
Gene::6732	SRPK1	Gene
Gene::6733	SRPK2	Gene
Gene::6734	SRPR	Gene
Gene::6736	SRY	Gene
Gene::6737	TRIM21	Gene
Gene::6741	SSB	Gene
Gene::6742	SSBP1	Gene
Gene::6745	SSR1	Gene
Gene::6746	SSR2	Gene
Gene::6747	SSR3	Gene
Gene::6748	SSR4	Gene
Gene::6749	SSRP1	Gene
Gene::675	BRCA2	Gene
Gene::6750	SST	Gene
Gene::6751	SSTR1	Gene
Gene::6752	SSTR2	Gene
Gene::6753	SSTR3	Gene
Gene::6754	SSTR4	Gene
Gene::6755	SSTR5	Gene
Gene::677	ZFP36L1	Gene
Gene::6770	STAR	Gene
Gene::6772	STAT1	Gene
Gene::6773	STAT2	Gene
Gene::6774	STAT3	Gene
Gene::6775	STAT4	Gene
Gene::6776	STAT5A	Gene
Gene::6777	STAT5B	Gene
Gene::6778	STAT6	Gene
Gene::678	ZFP36L2	Gene
Gene::6781	STC1	Gene
Gene::6783	SULT1E1	Gene
Gene::6785	ELOVL4	Gene
Gene::6786	STIM1	Gene
Gene::6788	STK3	Gene
Gene::6789	STK4	Gene
Gene::6790	AURKA	Gene
Gene::6792	CDKL5	Gene
Gene::6794	STK11	Gene
Gene::6795	AURKC	Gene
Gene::6799	SULT1A2	Gene
Gene::680	BRS3	Gene
Gene::6801	STRN	Gene
Gene::6804	STX1A	Gene
Gene::6809	STX3	Gene
Gene::6810	STX4	Gene
Gene::6812	STXBP1	Gene
Gene::6813	STXBP2	Gene
Gene::6814	STXBP3	Gene
Gene::6817	SULT1A1	Gene
Gene::6819	SULT1C2	Gene
Gene::682	BSG	Gene
Gene::6820	SULT2B1	Gene
Gene::6821	SUOX	Gene
Gene::6822	SULT2A1	Gene
Gene::6827	SUPT4H1	Gene
Gene::6829	SUPT5H	Gene
Gene::6833	ABCC8	Gene
Gene::6834	SURF1	Gene
Gene::6837	MED22	Gene
Gene::6839	SUV39H1	Gene
Gene::6840	SVIL	Gene
Gene::6843	VAMP1	Gene
Gene::6844	VAMP2	Gene
Gene::6845	VAMP7	Gene
Gene::6846	XCL2	Gene
Gene::6847	SYCP1	Gene
Gene::685	BTC	Gene
Gene::6850	SYK	Gene
Gene::6853	SYN1	Gene
Gene::6854	SYN2	Gene
Gene::6855	SYP	Gene
Gene::6857	SYT1	Gene
Gene::686	BTD	Gene
Gene::6861	SYT5	Gene
Gene::6862	T	Gene
Gene::6863	TAC1	Gene
Gene::6865	TACR2	Gene
Gene::6866	TAC3	Gene
Gene::6867	TACC1	Gene
Gene::6868	ADAM17	Gene
Gene::6869	TACR1	Gene
Gene::687	KLF9	Gene
Gene::6870	TACR3	Gene
Gene::6871	TADA2A	Gene
Gene::6872	TAF1	Gene
Gene::6873	TAF2	Gene
Gene::6874	TAF4	Gene
Gene::6875	TAF4B	Gene
Gene::6876	TAGLN	Gene
Gene::6877	TAF5	Gene
Gene::6878	TAF6	Gene
Gene::6879	TAF7	Gene
Gene::688	KLF5	Gene
Gene::6880	TAF9	Gene
Gene::6881	TAF10	Gene
Gene::6882	TAF11	Gene
Gene::6883	TAF12	Gene
Gene::6884	TAF13	Gene
Gene::6885	MAP3K7	Gene
Gene::6888	TALDO1	Gene
Gene::6890	TAP1	Gene
Gene::6891	TAP2	Gene
Gene::6892	TAPBP	Gene
Gene::6895	TARBP2	Gene
Gene::6897	TARS	Gene
Gene::6898	TAT	Gene
Gene::6899	TBX1	Gene
Gene::6900	CNTN2	Gene
Gene::6901	TAZ	Gene
Gene::6902	TBCA	Gene
Gene::6903	TBCC	Gene
Gene::6904	TBCD	Gene
Gene::6905	TBCE	Gene
Gene::6907	TBL1X	Gene
Gene::6908	TBP	Gene
Gene::6909	TBX2	Gene
Gene::6910	TBX5	Gene
Gene::6911	TBX6	Gene
Gene::6915	TBXA2R	Gene
Gene::6916	TBXAS1	Gene
Gene::6917	TCEA1	Gene
Gene::6921	TCEB1	Gene
Gene::6923	TCEB2	Gene
Gene::6924	TCEB3	Gene
Gene::6925	TCF4	Gene
Gene::6926	TBX3	Gene
Gene::6927	HNF1A	Gene
Gene::6928	HNF1B	Gene
Gene::6929	TCF3	Gene
Gene::6932	TCF7	Gene
Gene::6934	TCF7L2	Gene
Gene::6935	ZEB1	Gene
Gene::6938	TCF12	Gene
Gene::694	BTG1	Gene
Gene::6940	ZNF354A	Gene
Gene::6942	TCF20	Gene
Gene::6944	VPS72	Gene
Gene::6945	MLX	Gene
Gene::6947	TCN1	Gene
Gene::6948	TCN2	Gene
Gene::695	BTK	Gene
Gene::6950	TCP1	Gene
Gene::699	BUB1	Gene
Gene::6993	DYNLT1	Gene
Gene::6996	TDG	Gene
Gene::6997	TDGF1	Gene
Gene::6999	TDO2	Gene
Gene::70	ACTC1	Gene
Gene::7001	PRDX2	Gene
Gene::7003	TEAD1	Gene
Gene::7004	TEAD4	Gene
Gene::7005	TEAD3	Gene
Gene::7006	TEC	Gene
Gene::701	BUB1B	Gene
Gene::7010	TEK	Gene
Gene::7013	TERF1	Gene
Gene::7014	TERF2	Gene
Gene::7015	TERT	Gene
Gene::7016	TESK1	Gene
Gene::7018	TF	Gene
Gene::7019	TFAM	Gene
Gene::7020	TFAP2A	Gene
Gene::7021	TFAP2B	Gene
Gene::7022	TFAP2C	Gene
Gene::7024	TFCP2	Gene
Gene::7025	NR2F1	Gene
Gene::7026	NR2F2	Gene
Gene::7027	TFDP1	Gene
Gene::7029	TFDP2	Gene
Gene::7030	TFE3	Gene
Gene::7031	TFF1	Gene
Gene::7033	TFF3	Gene
Gene::7035	TFPI	Gene
Gene::7036	TFR2	Gene
Gene::7037	TFRC	Gene
Gene::7038	TG	Gene
Gene::7039	TGFA	Gene
Gene::7040	TGFB1	Gene
Gene::7041	TGFB1I1	Gene
Gene::7042	TGFB2	Gene
Gene::7043	TGFB3	Gene
Gene::7044	LEFTY2	Gene
Gene::7045	TGFBI	Gene
Gene::7046	TGFBR1	Gene
Gene::7048	TGFBR2	Gene
Gene::7049	TGFBR3	Gene
Gene::7050	TGIF1	Gene
Gene::7052	TGM2	Gene
Gene::7054	TH	Gene
Gene::7056	THBD	Gene
Gene::7057	THBS1	Gene
Gene::7058	THBS2	Gene
Gene::7059	THBS3	Gene
Gene::7060	THBS4	Gene
Gene::7066	THPO	Gene
Gene::7067	THRA	Gene
Gene::7068	THRB	Gene
Gene::7070	THY1	Gene
Gene::7071	KLF10	Gene
Gene::7074	TIAM1	Gene
Gene::7075	TIE1	Gene
Gene::7076	TIMP1	Gene
Gene::7077	TIMP2	Gene
Gene::7078	TIMP3	Gene
Gene::7079	TIMP4	Gene
Gene::708	C1QBP	Gene
Gene::7080	NKX2-1	Gene
Gene::7082	TJP1	Gene
Gene::7083	TK1	Gene
Gene::7084	TK2	Gene
Gene::7086	TKT	Gene
Gene::7088	TLE1	Gene
Gene::7089	TLE2	Gene
Gene::7090	TLE3	Gene
Gene::7091	TLE4	Gene
Gene::7092	TLL1	Gene
Gene::7093	TLL2	Gene
Gene::7094	TLN1	Gene
Gene::7096	TLR1	Gene
Gene::7097	TLR2	Gene
Gene::7098	TLR3	Gene
Gene::7099	TLR4	Gene
Gene::71	ACTG1	Gene
Gene::710	SERPING1	Gene
Gene::7100	TLR5	Gene
Gene::7101	NR2E1	Gene
Gene::7103	TSPAN8	Gene
Gene::7108	TM7SF2	Gene
Gene::7110	TMF1	Gene
Gene::7111	TMOD1	Gene
Gene::7112	TMPO	Gene
Gene::7113	TMPRSS2	Gene
Gene::7114	TMSB4X	Gene
Gene::712	C1QA	Gene
Gene::7122	CLDN5	Gene
Gene::7124	TNF	Gene
Gene::7125	TNNC2	Gene
Gene::7128	TNFAIP3	Gene
Gene::713	C1QB	Gene
Gene::7132	TNFRSF1A	Gene
Gene::7133	TNFRSF1B	Gene
Gene::7134	TNNC1	Gene
Gene::7135	TNNI1	Gene
Gene::7136	TNNI2	Gene
Gene::7137	TNNI3	Gene
Gene::7138	TNNT1	Gene
Gene::7139	TNNT2	Gene
Gene::714	C1QC	Gene
Gene::7140	TNNT3	Gene
Gene::7143	TNR	Gene
Gene::7145	TNS1	Gene
Gene::7148	TNXB	Gene
Gene::715	C1R	Gene
Gene::7150	TOP1	Gene
Gene::7153	TOP2A	Gene
Gene::7156	TOP3A	Gene
Gene::7157	TP53	Gene
Gene::7158	TP53BP1	Gene
Gene::7159	TP53BP2	Gene
Gene::716	C1S	Gene
Gene::7161	TP73	Gene
Gene::7163	TPD52	Gene
Gene::7164	TPD52L1	Gene
Gene::7166	TPH1	Gene
Gene::7167	TPI1	Gene
Gene::7168	TPM1	Gene
Gene::7169	TPM2	Gene
Gene::717	C2	Gene
Gene::7170	TPM3	Gene
Gene::7171	TPM4	Gene
Gene::7172	TPMT	Gene
Gene::7173	TPO	Gene
Gene::7174	TPP2	Gene
Gene::7175	TPR	Gene
Gene::7177	TPSAB1	Gene
Gene::7178	TPT1	Gene
Gene::7179	TPTE	Gene
Gene::718	C3	Gene
Gene::7181	NR2C1	Gene
Gene::7182	NR2C2	Gene
Gene::7184	HSP90B1	Gene
Gene::7185	TRAF1	Gene
Gene::7186	TRAF2	Gene
Gene::7187	TRAF3	Gene
Gene::7188	TRAF5	Gene
Gene::7189	TRAF6	Gene
Gene::719	C3AR1	Gene
Gene::72	ACTG2	Gene
Gene::720	C4A	Gene
Gene::7200	TRH	Gene
Gene::7201	TRHR	Gene
Gene::7203	CCT3	Gene
Gene::7204	TRIO	Gene
Gene::7205	TRIP6	Gene
Gene::721	C4B	Gene
Gene::722	C4BPA	Gene
Gene::7220	TRPC1	Gene
Gene::7222	TRPC3	Gene
Gene::7223	TRPC4	Gene
Gene::7224	TRPC5	Gene
Gene::7225	TRPC6	Gene
Gene::7226	TRPM2	Gene
Gene::723790	HIST2H2AA4	Gene
Gene::723961	INS-IGF2	Gene
Gene::7247	TSN	Gene
Gene::7248	TSC1	Gene
Gene::7249	TSC2	Gene
Gene::725	C4BPB	Gene
Gene::7251	TSG101	Gene
Gene::7252	TSHB	Gene
Gene::7253	TSHR	Gene
Gene::7257	TSNAX	Gene
Gene::7259	TSPYL1	Gene
Gene::726	CAPN5	Gene
Gene::7263	TST	Gene
Gene::7266	DNAJC7	Gene
Gene::727	C5	Gene
Gene::7270	TTF1	Gene
Gene::7272	TTK	Gene
Gene::7273	TTN	Gene
Gene::7276	TTR	Gene
Gene::7277	TUBA4A	Gene
Gene::7278	TUBA3C	Gene
Gene::727897	MUC5B	Gene
Gene::728	C5AR1	Gene
Gene::7280	TUBB2A	Gene
Gene::728294	D2HGDH	Gene
Gene::7283	TUBG1	Gene
Gene::728340	GTF2H2C	Gene
Gene::728358	DEFA1B	Gene
Gene::7284	TUFM	Gene
Gene::728441	GGT2	Gene
Gene::728458	OPN1MW2	Gene
Gene::728642	CDK11A	Gene
Gene::7289	TULP3	Gene
Gene::728957	ZNF705D	Gene
Gene::729	C6	Gene
Gene::7290	HIRA	Gene
Gene::7291	TWIST1	Gene
Gene::7292	TNFSF4	Gene
Gene::729230	CCR2	Gene
Gene::729238	SFTPA2	Gene
Gene::7293	TNFRSF4	Gene
Gene::7294	TXK	Gene
Gene::7295	TXN	Gene
Gene::7296	TXNRD1	Gene
Gene::7297	TYK2	Gene
Gene::729759	OR4F29	Gene
Gene::7298	TYMS	Gene
Gene::7299	TYR	Gene
Gene::730	C7	Gene
Gene::730291	ZNF735	Gene
Gene::7305	TYROBP	Gene
Gene::7306	TYRP1	Gene
Gene::7307	U2AF1	Gene
Gene::731	C8A	Gene
Gene::7311	UBA52	Gene
Gene::7314	UBB	Gene
Gene::7316	UBC	Gene
Gene::7317	UBA1	Gene
Gene::7318	UBA7	Gene
Gene::7319	UBE2A	Gene
Gene::732	C8B	Gene
Gene::7320	UBE2B	Gene
Gene::7321	UBE2D1	Gene
Gene::7322	UBE2D2	Gene
Gene::7323	UBE2D3	Gene
Gene::7324	UBE2E1	Gene
Gene::7325	UBE2E2	Gene
Gene::7326	UBE2G1	Gene
Gene::7327	UBE2G2	Gene
Gene::7328	UBE2H	Gene
Gene::7329	UBE2I	Gene
Gene::733	C8G	Gene
Gene::7332	UBE2L3	Gene
Gene::7334	UBE2N	Gene
Gene::7335	UBE2V1	Gene
Gene::7336	UBE2V2	Gene
Gene::7337	UBE3A	Gene
Gene::7341	SUMO1	Gene
Gene::7343	UBTF	Gene
Gene::7345	UCHL1	Gene
Gene::7347	UCHL3	Gene
Gene::735	C9	Gene
Gene::7350	UCP1	Gene
Gene::7351	UCP2	Gene
Gene::7352	UCP3	Gene
Gene::7355	SLC35A2	Gene
Gene::7356	SCGB1A1	Gene
Gene::7357	UGCG	Gene
Gene::7358	UGDH	Gene
Gene::7360	UGP2	Gene
Gene::7363	UGT2B4	Gene
Gene::7364	UGT2B7	Gene
Gene::7365	UGT2B10	Gene
Gene::7366	UGT2B15	Gene
Gene::7367	UGT2B17	Gene
Gene::7371	UCK2	Gene
Gene::7372	UMPS	Gene
Gene::7373	COL14A1	Gene
Gene::7376	NR1H2	Gene
Gene::7378	UPP1	Gene
Gene::7381	UQCRB	Gene
Gene::7384	UQCRC1	Gene
Gene::7385	UQCRC2	Gene
Gene::7386	UQCRFS1	Gene
Gene::7388	UQCRH	Gene
Gene::7389	UROD	Gene
Gene::7390	UROS	Gene
Gene::7391	USF1	Gene
Gene::7392	USF2	Gene
Gene::7398	USP1	Gene
Gene::740	MRPL49	Gene
Gene::7402	UTRN	Gene
Gene::7403	KDM6A	Gene
Gene::7405	UVRAG	Gene
Gene::7407	VARS	Gene
Gene::7408	VASP	Gene
Gene::7409	VAV1	Gene
Gene::7410	VAV2	Gene
Gene::7411	VBP1	Gene
Gene::7412	VCAM1	Gene
Gene::7414	VCL	Gene
Gene::7415	VCP	Gene
Gene::7416	VDAC1	Gene
Gene::7421	VDR	Gene
Gene::7422	VEGFA	Gene
Gene::7423	VEGFB	Gene
Gene::7424	VEGFC	Gene
Gene::7428	VHL	Gene
Gene::7429	VIL1	Gene
Gene::7430	EZR	Gene
Gene::7431	VIM	Gene
Gene::7432	VIP	Gene
Gene::7433	VIPR1	Gene
Gene::7434	VIPR2	Gene
Gene::7436	VLDLR	Gene
Gene::7439	BEST1	Gene
Gene::7442	TRPV1	Gene
Gene::7443	VRK1	Gene
Gene::7444	VRK2	Gene
Gene::7448	VTN	Gene
Gene::7450	VWF	Gene
Gene::7453	WARS	Gene
Gene::7454	WAS	Gene
Gene::7456	WIPF1	Gene
Gene::7458	EIF4H	Gene
Gene::7462	LAT2	Gene
Gene::7465	WEE1	Gene
Gene::7466	WFS1	Gene
Gene::7469	NELFA	Gene
Gene::747	DAGLA	Gene
Gene::7471	WNT1	Gene
Gene::7472	WNT2	Gene
Gene::7473	WNT3	Gene
Gene::7474	WNT5A	Gene
Gene::7475	WNT6	Gene
Gene::7476	WNT7A	Gene
Gene::7477	WNT7B	Gene
Gene::7478	WNT8A	Gene
Gene::7479	WNT8B	Gene
Gene::7480	WNT10B	Gene
Gene::7481	WNT11	Gene
Gene::7482	WNT2B	Gene
Gene::7483	WNT9A	Gene
Gene::7484	WNT9B	Gene
Gene::7486	WRN	Gene
Gene::7490	WT1	Gene
Gene::7494	XBP1	Gene
Gene::7498	XDH	Gene
Gene::7507	XPA	Gene
Gene::7508	XPC	Gene
Gene::7514	XPO1	Gene
Gene::7515	XRCC1	Gene
Gene::7517	XRCC3	Gene
Gene::7518	XRCC4	Gene
Gene::7520	XRCC5	Gene
Gene::7525	YES1	Gene
Gene::7528	YY1	Gene
Gene::7529	YWHAB	Gene
Gene::7531	YWHAE	Gene
Gene::7532	YWHAG	Gene
Gene::7533	YWHAH	Gene
Gene::7534	YWHAZ	Gene
Gene::7535	ZAP70	Gene
Gene::7538	ZFP36	Gene
Gene::7539	ZFP37	Gene
Gene::7545	ZIC1	Gene
Gene::7547	ZIC3	Gene
Gene::7549	ZNF2	Gene
Gene::7551	ZNF3	Gene
Gene::7552	ZNF711	Gene
Gene::7556	ZNF10	Gene
Gene::7559	ZNF12	Gene
Gene::7561	ZNF14	Gene
Gene::7562	ZNF708	Gene
Gene::7565	ZNF17	Gene
Gene::7566	ZNF18	Gene
Gene::7567	ZNF19	Gene
Gene::7568	ZNF20	Gene
Gene::7571	ZNF23	Gene
Gene::7574	ZNF26	Gene
Gene::7576	ZNF28	Gene
Gene::7581	ZNF33A	Gene
Gene::7582	ZNF33B	Gene
Gene::7586	ZKSCAN1	Gene
Gene::7587	ZNF37A	Gene
Gene::759	CA1	Gene
Gene::7592	ZNF41	Gene
Gene::7593	MZF1	Gene
Gene::7594	ZNF43	Gene
Gene::7596	ZNF45	Gene
Gene::760	CA2	Gene
Gene::761	CA3	Gene
Gene::762	CA4	Gene
Gene::7621	ZNF70	Gene
Gene::7625	ZNF74	Gene
Gene::7626	ZNF75D	Gene
Gene::7627	ZNF75A	Gene
Gene::763	CA5A	Gene
Gene::7633	ZNF79	Gene
Gene::7638	ZNF221	Gene
Gene::765	CA6	Gene
Gene::766	CA7	Gene
Gene::7673	ZNF222	Gene
Gene::7678	ZNF124	Gene
Gene::768	CA9	Gene
Gene::7692	ZNF133	Gene
Gene::7694	ZNF135	Gene
Gene::7695	ZNF136	Gene
Gene::7697	ZNF138	Gene
Gene::7699	ZNF140	Gene
Gene::7700	ZNF141	Gene
Gene::7702	ZNF143	Gene
Gene::7704	ZBTB16	Gene
Gene::7706	TRIM25	Gene
Gene::7709	ZBTB17	Gene
Gene::771	CA12	Gene
Gene::7710	ZNF154	Gene
Gene::7711	ZNF155	Gene
Gene::7712	ZNF157	Gene
Gene::7728	ZNF175	Gene
Gene::773	CACNA1A	Gene
Gene::7733	ZNF180	Gene
Gene::7738	ZNF184	Gene
Gene::774	CACNA1B	Gene
Gene::7743	ZNF189	Gene
Gene::7745	ZKSCAN8	Gene
Gene::7748	ZNF195	Gene
Gene::775	CACNA1C	Gene
Gene::7750	ZMYM2	Gene
Gene::7752	ZNF200	Gene
Gene::7753	ZNF202	Gene
Gene::7755	ZNF205	Gene
Gene::7757	ZNF208	Gene
Gene::776	CACNA1D	Gene
Gene::7760	ZNF213	Gene
Gene::7761	ZNF214	Gene
Gene::7762	ZNF215	Gene
Gene::7763	ZFAND5	Gene
Gene::7766	ZNF223	Gene
Gene::7767	ZNF224	Gene
Gene::7768	ZNF225	Gene
Gene::7769	ZNF226	Gene
Gene::777	CACNA1E	Gene
Gene::7770	ZNF227	Gene
Gene::7771	ZNF112	Gene
Gene::7773	ZNF230	Gene
Gene::7779	SLC30A1	Gene
Gene::778	CACNA1F	Gene
Gene::7780	SLC30A2	Gene
Gene::7781	SLC30A3	Gene
Gene::7782	SLC30A4	Gene
Gene::7783	ZP2	Gene
Gene::7784	ZP3	Gene
Gene::7786	MAP3K12	Gene
Gene::779	CACNA1S	Gene
Gene::7791	ZYX	Gene
Gene::7799	PRDM2	Gene
Gene::780	DDR1	Gene
Gene::7803	PTP4A1	Gene
Gene::7804	LRP8	Gene
Gene::7809	BSND	Gene
Gene::781	CACNA2D1	Gene
Gene::7812	CSDE1	Gene
Gene::7813	EVI5	Gene
Gene::7818	DAP3	Gene
Gene::782	CACNB1	Gene
Gene::7827	NPHS2	Gene
Gene::783	CACNB2	Gene
Gene::7832	BTG2	Gene
Gene::7837	PXDN	Gene
Gene::784	CACNB3	Gene
Gene::7840	ALMS1	Gene
Gene::7841	MOGS	Gene
Gene::7846	TUBA1A	Gene
Gene::7849	PAX8	Gene
Gene::785	CACNB4	Gene
Gene::7850	IL1R2	Gene
Gene::7852	CXCR4	Gene
Gene::7855	FZD5	Gene
Gene::786	CACNG1	Gene
Gene::7862	BRPF1	Gene
Gene::7867	MAPKAPK3	Gene
Gene::7874	USP7	Gene
Gene::7879	RAB7A	Gene
Gene::788	SLC25A20	Gene
Gene::7881	KCNAB1	Gene
Gene::7884	SLBP	Gene
Gene::78989	COLEC11	Gene
Gene::790	CAD	Gene
Gene::79001	VKORC1	Gene
Gene::79003	MIS12	Gene
Gene::79004	CUEDC2	Gene
Gene::79017	GGCT	Gene
Gene::79019	CENPM	Gene
Gene::79023	NUP37	Gene
Gene::79027	ZNF655	Gene
Gene::7903	ST8SIA4	Gene
Gene::79039	DDX54	Gene
Gene::79048	SECISBP2	Gene
Gene::79053	ALG8	Gene
Gene::79054	TRPM8	Gene
Gene::79058	ASPSCR1	Gene
Gene::79068	FTO	Gene
Gene::79071	ELOVL6	Gene
Gene::79075	DSCC1	Gene
Gene::79083	MLPH	Gene
Gene::79084	WDR77	Gene
Gene::79087	ALG12	Gene
Gene::79088	ZNF426	Gene
Gene::79092	CARD14	Gene
Gene::79101	TAF1D	Gene
Gene::79109	MAPKAP1	Gene
Gene::79132	DHX58	Gene
Gene::79139	DERL1	Gene
Gene::79143	MBOAT7	Gene
Gene::79148	MMP28	Gene
Gene::7915	ALDH5A1	Gene
Gene::79155	TNIP2	Gene
Gene::79172	CENPO	Gene
Gene::79175	ZNF343	Gene
Gene::79178	THTPA	Gene
Gene::79191	IRX3	Gene
Gene::7922	SLC39A7	Gene
Gene::79230	ZNF557	Gene
Gene::79290	OR13A1	Gene
Gene::79295	OR5H6	Gene
Gene::79310	OR5H2	Gene
Gene::79317	OR4K5	Gene
Gene::7932	OR2H2	Gene
Gene::79324	OR51G1	Gene
Gene::79334	OR11H2	Gene
Gene::79339	OR51B4	Gene
Gene::79345	OR51B2	Gene
Gene::7936	NELFE	Gene
Gene::79365	BHLHE41	Gene
Gene::79369	B3GNT4	Gene
Gene::79370	BCL2L14	Gene
Gene::7941	PLA2G7	Gene
Gene::79411	GLB1L	Gene
Gene::79412	KREMEN2	Gene
Gene::79444	BIRC7	Gene
Gene::79465	ULBP3	Gene
Gene::79473	OR52N1	Gene
Gene::79501	OR4F5	Gene
Gene::79541	OR2A4	Gene
Gene::79544	OR4K1	Gene
Gene::7957	EPM2A	Gene
Gene::79577	CDC73	Gene
Gene::79586	CHPF	Gene
Gene::79587	CARS2	Gene
Gene::79589	RNF128	Gene
Gene::79590	MRPL24	Gene
Gene::79595	SAP130	Gene
Gene::796	CALCA	Gene
Gene::79602	ADIPOR2	Gene
Gene::79603	CERS4	Gene
Gene::79623	GALNT14	Gene
Gene::79642	ARSJ	Gene
Gene::79643	CHMP6	Gene
Gene::79644	SRD5A3	Gene
Gene::79646	PANK3	Gene
Gene::79648	MCPH1	Gene
Gene::7965	AIMP2	Gene
Gene::79654	HECTD3	Gene
Gene::79658	ARHGAP10	Gene
Gene::79659	DYNC2H1	Gene
Gene::79671	NLRX1	Gene
Gene::79682	CENPU	Gene
Gene::79685	SAP30L	Gene
Gene::79689	STEAP4	Gene
Gene::79690	GAL3ST4	Gene
Gene::79694	MANEA	Gene
Gene::79695	GALNT12	Gene
Gene::797	CALCB	Gene
Gene::79709	COLGALT1	Gene
Gene::79717	PPCS	Gene
Gene::79718	TBL1XR1	Gene
Gene::79720	VPS37B	Gene
Gene::79723	SUV39H2	Gene
Gene::79727	LIN28A	Gene
Gene::79728	PALB2	Gene
Gene::79731	NARS2	Gene
Gene::79744	ZNF419	Gene
Gene::79746	ECHDC3	Gene
Gene::7975	MAFK	Gene
Gene::79753	SNIP1	Gene
Gene::79754	ASB13	Gene
Gene::79755	ZNF750	Gene
Gene::79759	ZNF668	Gene
Gene::7976	FZD3	Gene
Gene::79760	GEMIN7	Gene
Gene::79776	ZFHX4	Gene
Gene::7978	MTERF1	Gene
Gene::79784	MYH14	Gene
Gene::79788	ZNF665	Gene
Gene::79796	ALG9	Gene
Gene::79799	UGT2A3	Gene
Gene::79807	GSTCD	Gene
Gene::79809	TTC21B	Gene
Gene::79813	EHMT1	Gene
Gene::79814	AGMAT	Gene
Gene::79818	ZNF552	Gene
Gene::79820	CATSPERB	Gene
Gene::79822	ARHGAP28	Gene
Gene::79829	NAA40	Gene
Gene::79833	GEMIN6	Gene
Gene::79837	PIP4K2C	Gene
Gene::7984	ARHGEF5	Gene
Gene::79840	NHEJ1	Gene
Gene::79861	TUBAL3	Gene
Gene::79862	ZNF669	Gene
Gene::79866	BORA	Gene
Gene::79868	ALG13	Gene
Gene::79869	CPSF7	Gene
Gene::79872	CBLL1	Gene
Gene::79873	NUDT18	Gene
Gene::79875	THSD4	Gene
Gene::79876	UBA5	Gene
Gene::79877	DCAKD	Gene
Gene::7988	ZNF212	Gene
Gene::79885	HDAC11	Gene
Gene::79887	PLBD1	Gene
Gene::79888	LPCAT1	Gene
Gene::79891	ZNF671	Gene
Gene::79895	ATP8B4	Gene
Gene::79898	ZNF613	Gene
Gene::79899	PRR5L	Gene
Gene::799	CALCR	Gene
Gene::79901	CYBRD1	Gene
Gene::79902	NUP85	Gene
Gene::7991	TUSC3	Gene
Gene::79918	SETD6	Gene
Gene::79923	NANOG	Gene
Gene::79924	ADM2	Gene
Gene::79931	TNIP3	Gene
Gene::7994	KAT6A	Gene
Gene::79943	ZNF696	Gene
Gene::79944	L2HGDH	Gene
Gene::79947	DHDDS	Gene
Gene::79959	CEP76	Gene
Gene::79960	JADE1	Gene
Gene::79971	WLS	Gene
Gene::79973	ZNF442	Gene
Gene::79980	DSN1	Gene
Gene::800	CALD1	Gene
Gene::80005	DOCK5	Gene
Gene::8001	GLRA3	Gene
Gene::80010	RMI1	Gene
Gene::80012	PHC3	Gene
Gene::80024	SLC8B1	Gene
Gene::80025	PANK2	Gene
Gene::80031	SEMA6D	Gene
Gene::80032	ZNF556	Gene
Gene::80036	TRPM3	Gene
Gene::80055	PGAP1	Gene
Gene::80070	ADAMTS20	Gene
Gene::80095	ZNF606	Gene
Gene::801	CALM1	Gene
Gene::80108	ZFP2	Gene
Gene::80110	ZNF614	Gene
Gene::80119	PIF1	Gene
Gene::8013	NR4A3	Gene
Gene::80139	ZNF703	Gene
Gene::80142	PTGES2	Gene
Gene::80143	SIKE1	Gene
Gene::80152	CENPT	Gene
Gene::80153	EDC3	Gene
Gene::80168	MOGAT2	Gene
Gene::80176	SPSB1	Gene
Gene::80177	MYCT1	Gene
Gene::80184	CEP290	Gene
Gene::80196	RNF34	Gene
Gene::80199	FUZ	Gene
Gene::80204	FBXO11	Gene
Gene::80205	CHD9	Gene
Gene::8021	NUP214	Gene
Gene::80218	NAA50	Gene
Gene::80221	ACSF2	Gene
Gene::80222	TARS2	Gene
Gene::80233	FAAP100	Gene
Gene::80243	PREX2	Gene
Gene::80254	CEP63	Gene
Gene::80264	ZNF430	Gene
Gene::80267	EDEM3	Gene
Gene::8027	STAM	Gene
Gene::80270	HSD3B7	Gene
Gene::80271	ITPKC	Gene
Gene::80273	GRPEL1	Gene
Gene::8029	CUBN	Gene
Gene::8030	CCDC6	Gene
Gene::80308	FLAD1	Gene
Gene::8031	NCOA4	Gene
Gene::80310	PDGFD	Gene
Gene::80312	TET1	Gene
Gene::80314	EPC1	Gene
Gene::80315	CPEB4	Gene
Gene::80317	ZKSCAN3	Gene
Gene::80319	CXXC4	Gene
Gene::80321	CEP70	Gene
Gene::80326	WNT10A	Gene
Gene::80329	ULBP1	Gene
Gene::80331	DNAJC5	Gene
Gene::80333	KCNIP4	Gene
Gene::80339	PNPLA3	Gene
Gene::8034	SLC25A16	Gene
Gene::80347	COASY	Gene
Gene::80351	TNKS2	Gene
Gene::8038	ADAM12	Gene
Gene::80380	PDCD1LG2	Gene
Gene::8045	RASSF7	Gene
Gene::805	CALM2	Gene
Gene::8050	PDHX	Gene
Gene::8061	FOSL1	Gene
Gene::8065	CUL5	Gene
Gene::80704	SLC19A3	Gene
Gene::80727	TTYH3	Gene
Gene::80728	ARHGAP39	Gene
Gene::8073	PTP4A2	Gene
Gene::80731	THSD7B	Gene
Gene::80736	SLC44A4	Gene
Gene::8074	FGF23	Gene
Gene::8076	MFAP5	Gene
Gene::80765	STARD5	Gene
Gene::80776	B9D2	Gene
Gene::80777	CYB5B	Gene
Gene::80778	ZNF34	Gene
Gene::80781	COL18A1	Gene
Gene::808	CALM3	Gene
Gene::80818	ZNF436	Gene
Gene::80824	DUSP16	Gene
Gene::80834	TAS1R2	Gene
Gene::80835	TAS1R1	Gene
Gene::8085	KMT2D	Gene
Gene::80852	GRIP2	Gene
Gene::80853	KDM7A	Gene
Gene::80854	SETD7	Gene
Gene::8086	AAAS	Gene
Gene::8089	YEATS4	Gene
Gene::80895	ILKAP	Gene
Gene::80896	NPL	Gene
Gene::8091	HMGA2	Gene
Gene::81	ACTN4	Gene
Gene::810	CALML3	Gene
Gene::8100	IFT88	Gene
Gene::81025	GJA9	Gene
Gene::81027	TUBB1	Gene
Gene::81029	WNT5B	Gene
Gene::81030	ZBP1	Gene
Gene::81031	SLC2A10	Gene
Gene::81033	KCNH6	Gene
Gene::81034	SLC25A32	Gene
Gene::81035	COLEC12	Gene
Gene::81050	OR5AC2	Gene
Gene::8106	PABPN1	Gene
Gene::81061	OR11H1	Gene
Gene::81099	OR4F17	Gene
Gene::811	CALR	Gene
Gene::8111	GPR68	Gene
Gene::81127	OR4K15	Gene
Gene::81168	OR8J3	Gene
Gene::8120	AP3B2	Gene
Gene::8125	ANP32A	Gene
Gene::8128	ST8SIA2	Gene
Gene::81282	OR51G2	Gene
Gene::81285	OR51E2	Gene
Gene::813	CALU	Gene
Gene::81300	OR4P4	Gene
Gene::81309	OR4C15	Gene
Gene::81318	OR4A5	Gene
Gene::81327	OR4A16	Gene
Gene::81328	OR4A15	Gene
Gene::81341	OR10W1	Gene
Gene::8139	GAN	Gene
Gene::81392	OR2AE1	Gene
Gene::81399	OR4F16	Gene
Gene::814	CAMK4	Gene
Gene::8140	SLC7A5	Gene
Gene::81442	OR6N2	Gene
Gene::81448	OR6K2	Gene
Gene::81466	OR2L5	Gene
Gene::81469	OR2G3	Gene
Gene::81470	OR2G2	Gene
Gene::81472	OR2C3	Gene
Gene::81490	PTDSS2	Gene
Gene::81491	GPR63	Gene
Gene::815	CAMK2A	Gene
Gene::8153	RND2	Gene
Gene::81537	SGPP1	Gene
Gene::81539	SLC38A1	Gene
Gene::81559	TRIM11	Gene
Gene::81565	NDEL1	Gene
Gene::81567	TXNDC5	Gene
Gene::81576	CCDC130	Gene
Gene::81578	COL21A1	Gene
Gene::81579	PLA2G12A	Gene
Gene::816	CAMK2B	Gene
Gene::81607	PVRL4	Gene
Gene::81617	CAB39L	Gene
Gene::81620	CDT1	Gene
Gene::81622	UNC93B1	Gene
Gene::81623	DEFB126	Gene
Gene::81624	DIAPH3	Gene
Gene::81631	MAP1LC3B	Gene
Gene::8165	AKAP1	Gene
Gene::81693	AMN	Gene
Gene::81696	OR5V1	Gene
Gene::81697	OR2B2	Gene
Gene::817	CAMK2D	Gene
Gene::8170	SLC14A2	Gene
Gene::81704	DOCK8	Gene
Gene::81706	PPP1R14C	Gene
Gene::8174	MADCAM1	Gene
Gene::8175	SF3A2	Gene
Gene::8178	ELL	Gene
Gene::81792	ADAMTS12	Gene
Gene::81793	TLR10	Gene
Gene::81794	ADAMTS10	Gene
Gene::81797	OR12D3	Gene
Gene::818	CAMK2G	Gene
Gene::81844	TRIM56	Gene
Gene::81847	RNF146	Gene
Gene::81849	ST6GALNAC5	Gene
Gene::81855	SFXN3	Gene
Gene::81856	ZNF611	Gene
Gene::81857	MED25	Gene
Gene::81873	ARPC5L	Gene
Gene::81876	RAB1B	Gene
Gene::81894	SLC25A28	Gene
Gene::8190	MIA	Gene
Gene::81928	CABLES2	Gene
Gene::81929	SEH1L	Gene
Gene::81930	KIF18A	Gene
Gene::820	CAMP	Gene
Gene::8200	GDF5	Gene
Gene::8202	NCOA3	Gene
Gene::8204	NRIP1	Gene
Gene::8209	C21orf33	Gene
Gene::821	CANX	Gene
Gene::8218	CLTCL1	Gene
Gene::8224	SYN3	Gene
Gene::823	CAPN1	Gene
Gene::8237	USP11	Gene
Gene::8239	USP9X	Gene
Gene::824	CAPN2	Gene
Gene::8242	KDM5C	Gene
Gene::8243	SMC1A	Gene
Gene::825	CAPN3	Gene
Gene::826	CAPNS1	Gene
Gene::8260	NAA10	Gene
Gene::8263	F8A1	Gene
Gene::827	CAPN6	Gene
Gene::8284	KDM5D	Gene
Gene::8289	ARID1A	Gene
Gene::829	CAPZA1	Gene
Gene::8290	HIST3H3	Gene
Gene::8294	HIST1H4I	Gene
Gene::8295	TRRAP	Gene
Gene::830	CAPZA2	Gene
Gene::8301	PICALM	Gene
Gene::8309	ACOX2	Gene
Gene::8310	ACOX3	Gene
Gene::8312	AXIN1	Gene
Gene::8313	AXIN2	Gene
Gene::8317	CDC7	Gene
Gene::8318	CDC45	Gene
Gene::832	CAPZB	Gene
Gene::8320	EOMES	Gene
Gene::8321	FZD1	Gene
Gene::8322	FZD4	Gene
Gene::8323	FZD6	Gene
Gene::8324	FZD7	Gene
Gene::8325	FZD8	Gene
Gene::8326	FZD9	Gene
Gene::8329	HIST1H2AI	Gene
Gene::833	CARS	Gene
Gene::8330	HIST1H2AK	Gene
Gene::8331	HIST1H2AJ	Gene
Gene::8332	HIST1H2AL	Gene
Gene::8334	HIST1H2AC	Gene
Gene::8335	HIST1H2AB	Gene
Gene::8336	HIST1H2AM	Gene
Gene::8337	HIST2H2AA3	Gene
Gene::8338	HIST2H2AC	Gene
Gene::8339	HIST1H2BG	Gene
Gene::834	CASP1	Gene
Gene::8340	HIST1H2BL	Gene
Gene::83401	ELOVL3	Gene
Gene::8341	HIST1H2BN	Gene
Gene::8342	HIST1H2BM	Gene
Gene::8343	HIST1H2BF	Gene
Gene::83439	TCF7L1	Gene
Gene::8344	HIST1H2BE	Gene
Gene::83443	SF3B5	Gene
Gene::8345	HIST1H2BH	Gene
Gene::8346	HIST1H2BI	Gene
Gene::83464	APH1B	Gene
Gene::8347	HIST1H2BC	Gene
Gene::83475	DOHH	Gene
Gene::83478	ARHGAP24	Gene
Gene::8348	HIST1H2BO	Gene
Gene::8349	HIST2H2BE	Gene
Gene::835	CASP2	Gene
Gene::8350	HIST1H3A	Gene
Gene::8351	HIST1H3D	Gene
Gene::8352	HIST1H3C	Gene
Gene::8353	HIST1H3E	Gene
Gene::83539	CHST9	Gene
Gene::8354	HIST1H3I	Gene
Gene::83540	NUF2	Gene
Gene::83547	RILP	Gene
Gene::83549	UCK1	Gene
Gene::8355	HIST1H3G	Gene
Gene::83551	TAAR8	Gene
Gene::8356	HIST1H3J	Gene
Gene::8357	HIST1H3H	Gene
Gene::8358	HIST1H3B	Gene
Gene::8359	HIST1H4A	Gene
Gene::83593	RASSF5	Gene
Gene::83595	SOX7	Gene
Gene::836	CASP3	Gene
Gene::8360	HIST1H4D	Gene
Gene::83605	CCM2	Gene
Gene::8361	HIST1H4F	Gene
Gene::8362	HIST1H4K	Gene
Gene::8363	HIST1H4J	Gene
Gene::83637	ZMIZ2	Gene
Gene::8364	HIST1H4C	Gene
Gene::83642	SELO	Gene
Gene::8365	HIST1H4H	Gene
Gene::83658	DYNLRB1	Gene
Gene::8366	HIST1H4B	Gene
Gene::8367	HIST1H4E	Gene
Gene::8368	HIST1H4L	Gene
Gene::8369	HIST1H4G	Gene
Gene::83697	SLC4A9	Gene
Gene::837	CASP4	Gene
Gene::8370	HIST2H4A	Gene
Gene::83700	JAM3	Gene
Gene::8372	HYAL3	Gene
Gene::83729	INHBE	Gene
Gene::83734	ATG10	Gene
Gene::83737	ITCH	Gene
Gene::83744	ZNF484	Gene
Gene::83752	LONP2	Gene
Gene::83756	TAS1R3	Gene
Gene::83759	RBM4B	Gene
Gene::8379	MAD1L1	Gene
Gene::83795	KCNK16	Gene
Gene::838	CASP5	Gene
Gene::8383	OR1A1	Gene
Gene::83852	SETDB2	Gene
Gene::8386	OR1D5	Gene
Gene::83860	TAF3	Gene
Gene::8387	OR1E1	Gene
Gene::83873	GPR61	Gene
Gene::83874	TBC1D10A	Gene
Gene::83875	BCO2	Gene
Gene::83879	CDCA7	Gene
Gene::8388	OR1E2	Gene
Gene::83881	MIXL1	Gene
Gene::83884	SLC25A2	Gene
Gene::839	CASP6	Gene
Gene::8390	OR1G1	Gene
Gene::8392	OR3A3	Gene
Gene::83933	HDAC10	Gene
Gene::83939	EIF2A	Gene
Gene::8394	PIP5K1A	Gene
Gene::8395	PIP5K1B	Gene
Gene::83953	FCAMR	Gene
Gene::8396	PIP4K2B	Gene
Gene::8398	PLA2G6	Gene
Gene::83988	NCALD	Gene
Gene::8399	PLA2G10	Gene
Gene::83990	BRIP1	Gene
Gene::83999	KREMEN1	Gene
Gene::840	CASP7	Gene
Gene::84002	B3GNT5	Gene
Gene::8402	SLC25A11	Gene
Gene::8403	SOX14	Gene
Gene::84033	OBSCN	Gene
Gene::8405	SPOP	Gene
Gene::84057	MND1	Gene
Gene::84059	ADGRV1	Gene
Gene::84061	MAGT1	Gene
Gene::84062	DTNBP1	Gene
Gene::84063	KIRREL2	Gene
Gene::8408	ULK1	Gene
Gene::8409	UXT	Gene
Gene::841	CASP8	Gene
Gene::84102	SLC41A2	Gene
Gene::84109	QRFPR	Gene
Gene::8411	EEA1	Gene
Gene::8412	BCAR3	Gene
Gene::84124	ZNF394	Gene
Gene::84126	ATRIP	Gene
Gene::84131	CEP78	Gene
Gene::84133	ZNRF3	Gene
Gene::84142	FAM175A	Gene
Gene::84144	SYDE2	Gene
Gene::84148	KAT8	Gene
Gene::84152	PPP1R1B	Gene
Gene::84159	ARID5B	Gene
Gene::84166	NLRC5	Gene
Gene::84168	ANTXR1	Gene
Gene::84171	LOXL4	Gene
Gene::84172	POLR1B	Gene
Gene::84174	SLA2	Gene
Gene::84188	FAR1	Gene
Gene::84193	SETD3	Gene
Gene::842	CASP9	Gene
Gene::84233	TMEM126A	Gene
Gene::8424	BBOX1	Gene
Gene::84245	MRI1	Gene
Gene::84246	MED10	Gene
Gene::8425	LTBP4	Gene
Gene::84254	CAMKK1	Gene
Gene::84261	FBXW9	Gene
Gene::84265	POLR3GL	Gene
Gene::8427	ZNF282	Gene
Gene::84271	POLDIP3	Gene
Gene::84274	COQ5	Gene
Gene::8428	STK24	Gene
Gene::84282	RNF135	Gene
Gene::84289	ING5	Gene
Gene::84296	GINS4	Gene
Gene::843	CASP10	Gene
Gene::84309	NUDT16L1	Gene
Gene::8431	NR0B2	Gene
Gene::84311	MRPL45	Gene
Gene::84313	VPS25	Gene
Gene::84329	HVCN1	Gene
Gene::84335	AKT1S1	Gene
Gene::84340	GFM2	Gene
Gene::8437	RASAL1	Gene
Gene::8438	RAD54L	Gene
Gene::8439	NSMAF	Gene
Gene::844	CASQ1	Gene
Gene::8440	NCK2	Gene
Gene::8443	GNPAT	Gene
Gene::84432	PROK1	Gene
Gene::84433	CARD11	Gene
Gene::84436	ZNF528	Gene
Gene::84441	MAML2	Gene
Gene::84444	DOT1L	Gene
Gene::84446	BRSK1	Gene
Gene::84447	SYVN1	Gene
Gene::84448	ABLIM2	Gene
Gene::84449	ZNF333	Gene
Gene::8445	DYRK2	Gene
Gene::84458	LCOR	Gene
Gene::84467	FBN3	Gene
Gene::8449	DHX16	Gene
Gene::84498	FAM120B	Gene
Gene::845	CASQ2	Gene
Gene::84513	PPAPDC1B	Gene
Gene::84515	MCM8	Gene
Gene::84516	DCTN5	Gene
Gene::8452	CUL3	Gene
Gene::84527	ZNF559	Gene
Gene::8453	CUL2	Gene
Gene::84532	ACSS1	Gene
Gene::84539	MCHR2	Gene
Gene::8454	CUL1	Gene
Gene::84545	MRPL43	Gene
Gene::84552	PARD6G	Gene
Gene::84557	MAP1LC3A	Gene
Gene::84560	MT4	Gene
Gene::84570	COL25A1	Gene
Gene::8458	TTF2	Gene
Gene::846	CASR	Gene
Gene::84612	PARD6B	Gene
Gene::84617	TUBB6	Gene
Gene::84618	NT5C1A	Gene
Gene::8462	KLF11	Gene
Gene::84620	ST6GAL2	Gene
Gene::84623	KIRREL3	Gene
Gene::8463	TEAD2	Gene
Gene::84634	KISS1R	Gene
Gene::84636	GPR174	Gene
Gene::8464	SUPT3H	Gene
Gene::84640	USP38	Gene
Gene::84643	KIF2B	Gene
Gene::84649	DGAT2	Gene
Gene::84658	ADGRE3	Gene
Gene::84665	MYPN	Gene
Gene::84666	RETNLB	Gene
Gene::84667	HES7	Gene
Gene::8467	SMARCA5	Gene
Gene::84671	ZNF347	Gene
Gene::84674	CARD6	Gene
Gene::84676	TRIM63	Gene
Gene::84678	KDM2B	Gene
Gene::84679	SLC9A7	Gene
Gene::8468	FKBP6	Gene
Gene::84693	MCEE	Gene
Gene::84694	GJA10	Gene
Gene::84695	LOXL3	Gene
Gene::84699	CREB3L3	Gene
Gene::847	CAT	Gene
Gene::84706	GPT2	Gene
Gene::84708	LNX1	Gene
Gene::8471	IRS4	Gene
Gene::84720	PIGO	Gene
Gene::84722	PSRC1	Gene
Gene::84727	SPSB2	Gene
Gene::8473	OGT	Gene
Gene::84733	CBX2	Gene
Gene::84752	B3GNT9	Gene
Gene::8476	CDC42BPA	Gene
Gene::84765	ZNF577	Gene
Gene::8477	GPR65	Gene
Gene::84775	ZNF607	Gene
Gene::84787	SUV420H2	Gene
Gene::84790	TUBA1C	Gene
Gene::8480	RAE1	Gene
Gene::84803	AGPAT9	Gene
Gene::8481	OFD1	Gene
Gene::84818	IL17RC	Gene
Gene::8482	SEMA7A	Gene
Gene::84823	LMNB2	Gene
Gene::84838	ZNF496	Gene
Gene::8484	GALR3	Gene
Gene::84844	PHF5A	Gene
Gene::84864	MINA	Gene
Gene::84867	PTPN5	Gene
Gene::8487	GEMIN2	Gene
Gene::84870	RSPO3	Gene
Gene::84874	ZNF514	Gene
Gene::84876	ORAI1	Gene
Gene::84883	AIFM2	Gene
Gene::84889	SLC7A3	Gene
Gene::84891	ZSCAN10	Gene
Gene::84894	LINGO1	Gene
Gene::8490	RGS5	Gene
Gene::8491	MAP4K3	Gene
Gene::84911	ZNF382	Gene
Gene::84912	SLC35B4	Gene
Gene::84914	ZNF587	Gene
Gene::84920	ALG10	Gene
Gene::84924	ZNF566	Gene
Gene::8493	PPM1D	Gene
Gene::84930	MASTL	Gene
Gene::8495	PPFIBP2	Gene
Gene::84950	PRPF38A	Gene
Gene::84958	SYTL1	Gene
Gene::84962	AJUBA	Gene
Gene::84967	LSM10	Gene
Gene::8497	PPFIA4	Gene
Gene::84976	DISP1	Gene
Gene::8498	RANBP3	Gene
Gene::84986	ARHGAP19	Gene
Gene::84987	COX14	Gene
Gene::8499	PPFIA2	Gene
Gene::84991	RBM17	Gene
Gene::8500	PPFIA1	Gene
Gene::8501	SLC43A1	Gene
Gene::8503	PIK3R3	Gene
Gene::8504	PEX3	Gene
Gene::8506	CNTNAP1	Gene
Gene::8509	NDST2	Gene
Gene::8510	MMP23B	Gene
Gene::8513	LIPF	Gene
Gene::8514	KCNAB2	Gene
Gene::8515	ITGA10	Gene
Gene::8516	ITGA8	Gene
Gene::8517	IKBKG	Gene
Gene::8518	IKBKAP	Gene
Gene::8519	IFITM1	Gene
Gene::8520	HAT1	Gene
Gene::85235	HIST1H2AH	Gene
Gene::85236	HIST1H2BK	Gene
Gene::8525	DGKZ	Gene
Gene::8526	DGKE	Gene
Gene::8527	DGKD	Gene
Gene::8529	CYP4F2	Gene
Gene::85301	COL27A1	Gene
Gene::8531	YBX3	Gene
Gene::85320	ABCC11	Gene
Gene::8534	CHST1	Gene
Gene::8535	CBX4	Gene
Gene::85358	SHANK3	Gene
Gene::8536	CAMK1	Gene
Gene::85360	SYDE1	Gene
Gene::85365	ALG2	Gene
Gene::85366	MYLK2	Gene
Gene::85378	TUBGCP6	Gene
Gene::8538	BARX2	Gene
Gene::85397	RGS8	Gene
Gene::8540	AGPS	Gene
Gene::85407	NKD1	Gene
Gene::85409	NKD2	Gene
Gene::8541	PPFIA3	Gene
Gene::85413	SLC22A16	Gene
Gene::85415	RHPN2	Gene
Gene::85416	ZIC5	Gene
Gene::85417	CCNB3	Gene
Gene::8542	APOL1	Gene
Gene::8543	LMO4	Gene
Gene::85440	DOCK7	Gene
Gene::85441	HELZ2	Gene
Gene::85456	TNKS1BP1	Gene
Gene::85457	CIPC	Gene
Gene::8546	AP3B1	Gene
Gene::85464	SSH2	Gene
Gene::85465	EPT1	Gene
Gene::8547	FCN3	Gene
Gene::85476	GFM1	Gene
Gene::85477	SCIN	Gene
Gene::8548	BLZF1	Gene
Gene::85480	TSLP	Gene
Gene::8549	LGR5	Gene
Gene::8550	MAPKAPK5	Gene
Gene::8553	BHLHE40	Gene
Gene::8554	PIAS1	Gene
Gene::8555	CDC14B	Gene
Gene::8556	CDC14A	Gene
Gene::8557	TCAP	Gene
Gene::8559	PRPF18	Gene
Gene::8560	DEGS1	Gene
Gene::8564	KMO	Gene
Gene::8565	YARS	Gene
Gene::8566	PDXK	Gene
Gene::8567	MADD	Gene
Gene::8569	MKNK1	Gene
Gene::857	CAV1	Gene
Gene::8570	KHSRP	Gene
Gene::8573	CASK	Gene
Gene::8574	AKR7A2	Gene
Gene::8575	PRKRA	Gene
Gene::8578	SCARF1	Gene
Gene::858	CAV2	Gene
Gene::859	CAV3	Gene
Gene::8590	OR6A2	Gene
Gene::86	ACTL6A	Gene
Gene::860	RUNX2	Gene
Gene::8600	TNFSF11	Gene
Gene::8601	RGS20	Gene
Gene::8604	SLC25A12	Gene
Gene::8605	PLA2G4C	Gene
Gene::8607	RUVBL1	Gene
Gene::8608	RDH16	Gene
Gene::8609	KLF7	Gene
Gene::861	RUNX1	Gene
Gene::8611	PPAP2A	Gene
Gene::8612	PPAP2C	Gene
Gene::8613	PPAP2B	Gene
Gene::8615	USO1	Gene
Gene::8620	NPFF	Gene
Gene::8622	PDE8B	Gene
Gene::8625	RFXANK	Gene
Gene::8626	TP63	Gene
Gene::863	CBFA2T3	Gene
Gene::8630	HSD17B6	Gene
Gene::8631	SKAP1	Gene
Gene::8633	UNC5C	Gene
Gene::8636	SSNA1	Gene
Gene::8637	EIF4EBP3	Gene
Gene::8638	OASL	Gene
Gene::864	RUNX3	Gene
Gene::8643	PTCH2	Gene
Gene::8644	AKR1C3	Gene
Gene::8646	CHRD	Gene
Gene::8647	ABCB11	Gene
Gene::8648	NCOA1	Gene
Gene::8649	LAMTOR3	Gene
Gene::865	CBFB	Gene
Gene::8650	NUMB	Gene
Gene::8651	SOCS1	Gene
Gene::8654	PDE5A	Gene
Gene::8655	DYNLL1	Gene
Gene::8658	TNKS	Gene
Gene::8659	ALDH4A1	Gene
Gene::8660	IRS2	Gene
Gene::8661	EIF3A	Gene
Gene::8662	EIF3B	Gene
Gene::8663	EIF3C	Gene
Gene::8664	EIF3D	Gene
Gene::8665	EIF3F	Gene
Gene::8666	EIF3G	Gene
Gene::8667	EIF3H	Gene
Gene::8668	EIF3I	Gene
Gene::8669	EIF3J	Gene
Gene::867	CBL	Gene
Gene::8671	SLC4A4	Gene
Gene::8672	EIF4G3	Gene
Gene::8673	VAMP8	Gene
Gene::8675	STX16	Gene
Gene::8678	BECN1	Gene
Gene::868	CBLB	Gene
Gene::8682	PEA15	Gene
Gene::8683	SRSF9	Gene
Gene::8685	MARCO	Gene
Gene::8692	HYAL2	Gene
Gene::8693	GALNT4	Gene
Gene::8694	DGAT1	Gene
Gene::8697	CDC23	Gene
Gene::8698	S1PR4	Gene
Gene::87	ACTN1	Gene
Gene::8702	B4GALT4	Gene
Gene::8703	B4GALT3	Gene
Gene::8704	B4GALT2	Gene
Gene::8705	B3GALT4	Gene
Gene::8706	B3GALNT1	Gene
Gene::8708	B3GALT1	Gene
Gene::871	SERPINH1	Gene
Gene::8711	TNK1	Gene
Gene::8714	ABCC3	Gene
Gene::8717	TRADD	Gene
Gene::8718	TNFRSF25	Gene
Gene::8720	MBTPS1	Gene
Gene::8722	CTSF	Gene
Gene::8724	SNX3	Gene
Gene::8726	EED	Gene
Gene::8727	CTNNAL1	Gene
Gene::8729	GBF1	Gene
Gene::873	CBR1	Gene
Gene::8731	RNMT	Gene
Gene::8732	RNGTT	Gene
Gene::8733	GPAA1	Gene
Gene::8735	MYH13	Gene
Gene::8736	MYOM1	Gene
Gene::8737	RIPK1	Gene
Gene::8738	CRADD	Gene
Gene::8739	HRK	Gene
Gene::874	CBR3	Gene
Gene::8741	TNFSF13	Gene
Gene::8742	TNFSF12	Gene
Gene::8743	TNFSF10	Gene
Gene::8747	ADAM21	Gene
Gene::8748	ADAM20	Gene
Gene::875	CBS	Gene
Gene::8751	ADAM15	Gene
Gene::8754	ADAM9	Gene
Gene::8760	CDS2	Gene
Gene::8764	TNFRSF14	Gene
Gene::8766	RAB11A	Gene
Gene::8767	RIPK2	Gene
Gene::8771	TNFRSF6B	Gene
Gene::8772	FADD	Gene
Gene::8773	SNAP23	Gene
Gene::8775	NAPA	Gene
Gene::8776	MTMR1	Gene
Gene::8780	RIOK3	Gene
Gene::8784	TNFRSF18	Gene
Gene::8785	MATN4	Gene
Gene::8786	RGS11	Gene
Gene::8787	RGS9	Gene
Gene::8788	DLK1	Gene
Gene::8789	FBP2	Gene
Gene::8792	TNFRSF11A	Gene
Gene::8793	TNFRSF10D	Gene
Gene::8794	TNFRSF10C	Gene
Gene::8795	TNFRSF10B	Gene
Gene::8797	TNFRSF10A	Gene
Gene::88	ACTN2	Gene
Gene::8800	PEX11A	Gene
Gene::8801	SUCLG2	Gene
Gene::8802	SUCLG1	Gene
Gene::8803	SUCLA2	Gene
Gene::8804	CREG1	Gene
Gene::8805	TRIM24	Gene
Gene::8807	IL18RAP	Gene
Gene::8809	IL18R1	Gene
Gene::8811	GALR2	Gene
Gene::8812	CCNK	Gene
Gene::8813	DPM1	Gene
Gene::8815	BANF1	Gene
Gene::8817	FGF18	Gene
Gene::8818	DPM2	Gene
Gene::8819	SAP30	Gene
Gene::8820	HESX1	Gene
Gene::8821	INPP4B	Gene
Gene::8822	FGF17	Gene
Gene::8823	FGF16	Gene
Gene::8824	CES2	Gene
Gene::8826	IQGAP1	Gene
Gene::8828	NRP2	Gene
Gene::8829	NRP1	Gene
Gene::883	CCBL1	Gene
Gene::8831	SYNGAP1	Gene
Gene::8832	CD84	Gene
Gene::8833	GMPS	Gene
Gene::8835	SOCS2	Gene
Gene::8836	GGH	Gene
Gene::8837	CFLAR	Gene
Gene::8841	HDAC3	Gene
Gene::8842	PROM1	Gene
Gene::8843	HCAR3	Gene
Gene::8844	KSR1	Gene
Gene::8846	ALKBH1	Gene
Gene::8848	TSC22D1	Gene
Gene::885	CCK	Gene
Gene::8850	KAT2B	Gene
Gene::8851	CDK5R1	Gene
Gene::8852	AKAP4	Gene
Gene::8853	ASAP2	Gene
Gene::8854	ALDH1A2	Gene
Gene::8856	NR1I2	Gene
Gene::8858	PROZ	Gene
Gene::886	CCKAR	Gene
Gene::8862	APLN	Gene
Gene::8863	PER3	Gene
Gene::8864	PER2	Gene
Gene::8867	SYNJ1	Gene
Gene::8869	ST3GAL5	Gene
Gene::887	CCKBR	Gene
Gene::8870	IER3	Gene
Gene::8871	SYNJ2	Gene
Gene::8874	ARHGEF7	Gene
Gene::8877	SPHK1	Gene
Gene::8878	SQSTM1	Gene
Gene::8879	SGPL1	Gene
Gene::8881	CDC16	Gene
Gene::8883	NAE1	Gene
Gene::8884	SLC5A6	Gene
Gene::8886	DDX18	Gene
Gene::8887	TAX1BP1	Gene
Gene::889	KRIT1	Gene
Gene::8890	EIF2B4	Gene
Gene::8891	EIF2B3	Gene
Gene::8892	EIF2B2	Gene
Gene::8893	EIF2B5	Gene
Gene::8894	EIF2S2	Gene
Gene::8897	MTMR3	Gene
Gene::8898	MTMR2	Gene
Gene::8899	PRPF4B	Gene
Gene::89	ACTN3	Gene
Gene::890	CCNA2	Gene
Gene::8900	CCNA1	Gene
Gene::8905	AP1S2	Gene
Gene::8907	AP1M1	Gene
Gene::8908	GYG2	Gene
Gene::891	CCNB1	Gene
Gene::8911	CACNA1I	Gene
Gene::8912	CACNA1H	Gene
Gene::8913	CACNA1G	Gene
Gene::8914	TIMELESS	Gene
Gene::8915	BCL10	Gene
Gene::892	CCNC	Gene
Gene::8924	HERC2	Gene
Gene::8926	SNURF	Gene
Gene::8928	FOXH1	Gene
Gene::8929	PHOX2B	Gene
Gene::8930	MBD4	Gene
Gene::8932	MBD2	Gene
Gene::8935	SKAP2	Gene
Gene::8936	WASF1	Gene
Gene::894	CCND2	Gene
Gene::8941	CDK5R2	Gene
Gene::8942	KYNU	Gene
Gene::8945	BTRC	Gene
Gene::896	CCND3	Gene
Gene::8968	HIST1H3F	Gene
Gene::8969	HIST1H2AG	Gene
Gene::8970	HIST1H2BJ	Gene
Gene::8972	MGAM	Gene
Gene::8973	CHRNA6	Gene
Gene::8976	WASL	Gene
Gene::89780	WNT3A	Gene
Gene::89792	GAL3ST3	Gene
Gene::898	CCNE1	Gene
Gene::89822	KCNK17	Gene
Gene::89839	ARHGAP11B	Gene
Gene::89845	ABCC10	Gene
Gene::89846	FGD3	Gene
Gene::8985	PLOD3	Gene
Gene::8986	RPS6KA4	Gene
Gene::89869	PLCZ1	Gene
Gene::8987	STBD1	Gene
Gene::89872	AQP10	Gene
Gene::89874	SLC25A21	Gene
Gene::8989	TRPA1	Gene
Gene::8991	SELENBP1	Gene
Gene::89910	UBE3B	Gene
Gene::8992	ATP6V0E1	Gene
Gene::89941	RHOT2	Gene
Gene::89953	KLC4	Gene
Gene::8997	KALRN	Gene
Gene::9	NAT1	Gene
Gene::90	ACVR1	Gene
Gene::900	CCNG1	Gene
Gene::9002	F2RL3	Gene
Gene::90075	ZNF30	Gene
Gene::901	CCNG2	Gene
Gene::9013	TAF1C	Gene
Gene::90134	KCNH7	Gene
Gene::9014	TAF1B	Gene
Gene::9015	TAF1A	Gene
Gene::9016	SLC25A14	Gene
Gene::90161	HS6ST2	Gene
Gene::902	CCNH	Gene
Gene::9020	MAP3K14	Gene
Gene::9021	SOCS3	Gene
Gene::9023	CH25H	Gene
Gene::90233	ZNF551	Gene
Gene::9024	BRSK2	Gene
Gene::90249	UNC5A	Gene
Gene::9025	RNF8	Gene
Gene::9026	HIP1R	Gene
Gene::9027	NAT8	Gene
Gene::90293	KLHL13	Gene
Gene::90317	ZNF616	Gene
Gene::90333	ZNF468	Gene
Gene::90338	ZNF160	Gene
Gene::9034	CCRL2	Gene
Gene::9037	SEMA5A	Gene
Gene::9038	TAAR5	Gene
Gene::9039	UBA3	Gene
Gene::90390	MED30	Gene
Gene::904	CCNT1	Gene
Gene::9040	UBE2M	Gene
Gene::90411	MCFD2	Gene
Gene::90423	ATP6V1E2	Gene
Gene::90427	BMF	Gene
Gene::9043	SPAG9	Gene
Gene::9045	RPL14	Gene
Gene::90459	ERI1	Gene
Gene::9046	DOK2	Gene
Gene::9047	SH2D2A	Gene
Gene::9048	ARTN	Gene
Gene::90480	GADD45GIP1	Gene
Gene::9049	AIP	Gene
Gene::905	CCNT2	Gene
Gene::9051	PSTPIP1	Gene
Gene::9052	GPRC5A	Gene
Gene::90525	SHF	Gene
Gene::9054	NFS1	Gene
Gene::9055	PRC1	Gene
Gene::9056	SLC7A7	Gene
Gene::9057	SLC7A6	Gene
Gene::90576	ZNF799	Gene
Gene::9058	SLC13A2	Gene
Gene::90589	ZNF625	Gene
Gene::90592	ZNF700	Gene
Gene::90594	ZNF439	Gene
Gene::9060	PAPSS2	Gene
Gene::9061	PAPSS1	Gene
Gene::90627	STARD13	Gene
Gene::9063	PIAS2	Gene
Gene::9064	MAP3K6	Gene
Gene::90649	ZNF486	Gene
Gene::90678	LRSAM1	Gene
Gene::9068	ANGPTL1	Gene
Gene::9069	CLDN12	Gene
Gene::9070	ASH2L	Gene
Gene::90701	SEC11C	Gene
Gene::9071	CLDN10	Gene
Gene::9073	CLDN8	Gene
Gene::9074	CLDN6	Gene
Gene::9075	CLDN2	Gene
Gene::9076	CLDN1	Gene
Gene::90780	PYGO2	Gene
Gene::9079	LDB2	Gene
Gene::908	CCT6A	Gene
Gene::9080	CLDN9	Gene
Gene::90827	ZNF479	Gene
Gene::9086	EIF1AY	Gene
Gene::90874	ZNF697	Gene
Gene::9088	PKMYT1	Gene
Gene::9091	PIGQ	Gene
Gene::9093	DNAJA3	Gene
Gene::9095	TBX19	Gene
Gene::90952	ESAM	Gene
Gene::9098	USP6	Gene
Gene::9099	USP2	Gene
Gene::90993	CREB3L1	Gene
Gene::91	ACVR1B	Gene
Gene::9101	USP8	Gene
Gene::91012	CERS5	Gene
Gene::9103	FCGR2C	Gene
Gene::9107	MTMR6	Gene
Gene::9108	MTMR7	Gene
Gene::9110	MTMR4	Gene
Gene::9111	NMI	Gene
Gene::9112	MTA1	Gene
Gene::91120	ZNF682	Gene
Gene::9113	LATS1	Gene
Gene::9114	ATP6V0D1	Gene
Gene::91227	GGTLC2	Gene
Gene::9123	SLC16A3	Gene
Gene::9125	RQCD1	Gene
Gene::91252	SLC39A13	Gene
Gene::9126	SMC3	Gene
Gene::9128	PRPF4	Gene
Gene::9129	PRPF3	Gene
Gene::9131	AIFM1	Gene
Gene::9132	KCNQ4	Gene
Gene::9133	CCNB2	Gene
Gene::9134	CCNE2	Gene
Gene::9138	ARHGEF1	Gene
Gene::914	CD2	Gene
Gene::9140	ATG12	Gene
Gene::91442	FAAP24	Gene
Gene::9146	HGS	Gene
Gene::9148	NEURL1	Gene
Gene::915	CD3D	Gene
Gene::9150	CTDP1	Gene
Gene::9152	SLC6A5	Gene
Gene::91522	COL23A1	Gene
Gene::9153	SLC28A2	Gene
Gene::9154	SLC28A1	Gene
Gene::9156	EXO1	Gene
Gene::91582	RPS19BP1	Gene
Gene::91584	PLXNA4	Gene
Gene::916	CD3E	Gene
Gene::91614	DEPDC7	Gene
Gene::9162	DGKI	Gene
Gene::91653	BOC	Gene
Gene::9166	EBAG9	Gene
Gene::91662	NLRP12	Gene
Gene::9167	COX7A2L	Gene
Gene::91687	CENPL	Gene
Gene::9169	SCAF11	Gene
Gene::917	CD3G	Gene
Gene::9170	LPAR2	Gene
Gene::91703	ACY3	Gene
Gene::91734	IDI2	Gene
Gene::91749	KIAA1919	Gene
Gene::9175	MAP3K13	Gene
Gene::91750	LIN52	Gene
Gene::91754	NEK9	Gene
Gene::91768	CABLES1	Gene
Gene::9177	HTR3B	Gene
Gene::91782	CHMP7	Gene
Gene::9180	OSMR	Gene
Gene::91807	MYLK3	Gene
Gene::9181	ARHGEF2	Gene
Gene::9183	ZW10	Gene
Gene::9184	BUB3	Gene
Gene::9185	REPS2	Gene
Gene::91851	CHRDL1	Gene
Gene::91869	RFT1	Gene
Gene::9187	SLC24A1	Gene
Gene::91875	TTC5	Gene
Gene::919	CD247	Gene
Gene::9191	DEDD	Gene
Gene::9194	SLC16A7	Gene
Gene::91942	NDUFAF2	Gene
Gene::9196	KCNAB3	Gene
Gene::9197	SLC33A1	Gene
Gene::91975	ZNF300	Gene
Gene::92	ACVR2A	Gene
Gene::920	CD4	Gene
Gene::9208	LRRFIP1	Gene
Gene::92086	GGTLC1	Gene
Gene::9212	AURKB	Gene
Gene::92126	DSEL	Gene
Gene::92140	MTDH	Gene
Gene::9217	VAPB	Gene
Gene::9218	VAPA	Gene
Gene::9219	MTA2	Gene
Gene::92259	MRPS36	Gene
Gene::9227	LRAT	Gene
Gene::92283	ZNF461	Gene
Gene::92285	ZNF585B	Gene
Gene::92292	GLYATL1	Gene
Gene::9232	PTTG1	Gene
Gene::92335	STRADA	Gene
Gene::92359	CRB3	Gene
Gene::92369	SPSB4	Gene
Gene::92399	MRRF	Gene
Gene::9241	NOG	Gene
Gene::92421	CHMP4C	Gene
Gene::9245	GCNT3	Gene
Gene::9246	UBE2L6	Gene
Gene::9248	GPR50	Gene
Gene::92483	LDHAL6B	Gene
Gene::9249	DHRS3	Gene
Gene::925	CD8A	Gene
Gene::9252	RPS6KA5	Gene
Gene::9253	NUMBL	Gene
Gene::9254	CACNA2D2	Gene
Gene::9255	AIMP1	Gene
Gene::9256	BZRAP1	Gene
Gene::92579	G6PC3	Gene
Gene::92591	ASB16	Gene
Gene::92595	ZNF764	Gene
Gene::92597	MOB1B	Gene
Gene::926	CD8B	Gene
Gene::9260	PDLIM7	Gene
Gene::92609	TIMM50	Gene
Gene::9261	MAPKAPK2	Gene
Gene::92610	TIFA	Gene
Gene::9265	CYTH3	Gene
Gene::9266	CYTH2	Gene
Gene::9267	CYTH1	Gene
Gene::92737	DNER	Gene
Gene::92745	SLC38A5	Gene
Gene::9276	COPB2	Gene
Gene::928	CD9	Gene
Gene::92815	HIST3H2A	Gene
Gene::9282	MED14	Gene
Gene::9283	GPR37L1	Gene
Gene::9287	TAAR2	Gene
Gene::9289	ADGRG1	Gene
Gene::929	CD14	Gene
Gene::9290	GPR55	Gene
Gene::92912	UBE2Q2	Gene
Gene::9293	GPR52	Gene
Gene::92935	MARS2	Gene
Gene::9294	S1PR2	Gene
Gene::92949	ADAMTSL1	Gene
Gene::9295	SRSF11	Gene
Gene::9296	ATP6V1F	Gene
Gene::93	ACVR2B	Gene
Gene::930	CD19	Gene
Gene::93010	B3GNT7	Gene
Gene::93034	NT5C1B	Gene
Gene::9306	SOCS6	Gene
Gene::9308	CD83	Gene
Gene::9310	ZNF235	Gene
Gene::93100	NAPRT	Gene
Gene::93107	KCNG4	Gene
Gene::9311	ASIC3	Gene
Gene::9312	KCNB2	Gene
Gene::9313	MMP20	Gene
Gene::93134	ZNF561	Gene
Gene::9314	KLF4	Gene
Gene::9315	NREP	Gene
Gene::93183	PIGM	Gene
Gene::93185	IGSF8	Gene
Gene::9320	TRIP12	Gene
Gene::9322	TRIP10	Gene
Gene::9328	GTF3C5	Gene
Gene::9329	GTF3C4	Gene
Gene::933	CD22	Gene
Gene::9330	GTF3C3	Gene
Gene::9331	B4GALT6	Gene
Gene::9332	CD163	Gene
Gene::9334	B4GALT5	Gene
Gene::9337	CNOT8	Gene
Gene::9340	GLP2R	Gene
Gene::9341	VAMP3	Gene
Gene::93426	SYCE1	Gene
Gene::9343	EFTUD2	Gene
Gene::9344	TAOK2	Gene
Gene::93474	ZNF670	Gene
Gene::9348	NDST3	Gene
Gene::9349	RPL23	Gene
Gene::93492	TPTE2	Gene
Gene::9350	CER1	Gene
Gene::9351	SLC9A3R2	Gene
Gene::9353	SLIT2	Gene
Gene::9354	UBE4A	Gene
Gene::9355	LHX2	Gene
Gene::9356	SLC22A6	Gene
Gene::93589	CACNA2D4	Gene
Gene::93611	FBXO44	Gene
Gene::93624	TADA2B	Gene
Gene::93649	MYOCD	Gene
Gene::9365	KL	Gene
Gene::93659	CGB5	Gene
Gene::93663	ARHGAP18	Gene
Gene::9368	SLC9A3R1	Gene
Gene::9370	ADIPOQ	Gene
Gene::9371	KIF3B	Gene
Gene::9372	ZFYVE9	Gene
Gene::9376	SLC22A8	Gene
Gene::9377	COX5A	Gene
Gene::9378	NRXN1	Gene
Gene::9380	GRHPR	Gene
Gene::9391	CIAO1	Gene
Gene::9392	TGFBRAP1	Gene
Gene::9394	HS6ST1	Gene
Gene::9397	NMT2	Gene
Gene::93974	ATPIF1	Gene
Gene::94	ACVRL1	Gene
Gene::940	CD28	Gene
Gene::94005	PIGS	Gene
Gene::94015	TTYH2	Gene
Gene::9402	GRAP2	Gene
Gene::94025	MUC16	Gene
Gene::94027	CGB7	Gene
Gene::9403	SEP15	Gene
Gene::94039	ZNF101	Gene
Gene::941	CD80	Gene
Gene::9410	SNRNP40	Gene
Gene::9411	ARHGAP29	Gene
Gene::94115	CGB8	Gene
Gene::9412	MED21	Gene
Gene::94120	SYTL3	Gene
Gene::94121	SYTL4	Gene
Gene::94122	SYTL5	Gene
Gene::94134	ARHGAP12	Gene
Gene::9414	TJP2	Gene
Gene::9415	FADS2	Gene
Gene::9416	DDX23	Gene
Gene::942	CD86	Gene
Gene::9420	CYP7B1	Gene
Gene::9421	HAND1	Gene
Gene::9422	ZNF264	Gene
Gene::9423	NTN1	Gene
Gene::94233	OPN4	Gene
Gene::94234	FOXQ1	Gene
Gene::94235	GNG8	Gene
Gene::9424	KCNK6	Gene
Gene::94241	TP53INP1	Gene
Gene::94274	PPP1R14A	Gene
Gene::9429	ABCG2	Gene
Gene::9435	CHST2	Gene
Gene::9436	NCR2	Gene
Gene::9439	MED23	Gene
Gene::9440	MED17	Gene
Gene::9441	MED26	Gene
Gene::9442	MED27	Gene
Gene::9443	MED7	Gene
Gene::9444	QKI	Gene
Gene::9445	ITM2B	Gene
Gene::9446	GSTO1	Gene
Gene::9447	AIM2	Gene
Gene::9448	MAP4K4	Gene
Gene::9450	LY86	Gene
Gene::9451	EIF2AK3	Gene
Gene::9453	GGPS1	Gene
Gene::9456	HOMER1	Gene
Gene::9459	ARHGEF6	Gene
Gene::9463	PICK1	Gene
Gene::9464	HAND2	Gene
Gene::9465	AKAP7	Gene
Gene::9466	IL27RA	Gene
Gene::9467	SH3BP5	Gene
Gene::9468	PCYT1B	Gene
Gene::9469	CHST3	Gene
Gene::947	CD34	Gene
Gene::9470	EIF4E2	Gene
Gene::9472	AKAP6	Gene
Gene::9474	ATG5	Gene
Gene::9475	ROCK2	Gene
Gene::9477	MED20	Gene
Gene::948	CD36	Gene
Gene::9481	SLC25A27	Gene
Gene::9486	CHST10	Gene
Gene::9487	PIGL	Gene
Gene::9488	PIGB	Gene
Gene::9489	PGS1	Gene
Gene::949	SCARB1	Gene
Gene::9491	PSMF1	Gene
Gene::9493	KIF23	Gene
Gene::9495	AKAP5	Gene
Gene::9497	SLC4A7	Gene
Gene::9498	SLC4A8	Gene
Gene::95	ACY1	Gene
Gene::950	SCARB2	Gene
Gene::9500	MAGED1	Gene
Gene::9501	RPH3AL	Gene
Gene::9507	ADAMTS4	Gene
Gene::9508	ADAMTS3	Gene
Gene::9509	ADAMTS2	Gene
Gene::9510	ADAMTS1	Gene
Gene::9512	PMPCB	Gene
Gene::9514	GAL3ST1	Gene
Gene::9517	SPTLC2	Gene
Gene::9518	GDF15	Gene
Gene::952	CD38	Gene
Gene::9520	NPEPPS	Gene
Gene::9521	EEF1E1	Gene
Gene::9524	TECR	Gene
Gene::9525	VPS4B	Gene
Gene::9526	MPDU1	Gene
Gene::9530	BAG4	Gene
Gene::9531	BAG3	Gene
Gene::9533	POLR1C	Gene
Gene::9534	ZNF254	Gene
Gene::9536	PTGES	Gene
Gene::9540	TP53I3	Gene
Gene::9541	CIR1	Gene
Gene::9542	NRG2	Gene
Gene::9547	CXCL14	Gene
Gene::9550	ATP6V1G1	Gene
Gene::9551	ATP5J2	Gene
Gene::9553	MRPL33	Gene
Gene::9555	H2AFY	Gene
Gene::9559	VPS26A	Gene
Gene::9562	MINPP1	Gene
Gene::9564	BCAR1	Gene
Gene::9568	GABBR2	Gene
Gene::95681	CEP41	Gene
Gene::9570	GOSR2	Gene
Gene::9572	NR1D1	Gene
Gene::9573	GDF3	Gene
Gene::9575	CLOCK	Gene
Gene::958	CD40	Gene
Gene::9584	RBM39	Gene
Gene::9585	KIF20B	Gene
Gene::9586	CREB5	Gene
Gene::9588	PRDX6	Gene
Gene::959	CD40LG	Gene
Gene::9590	AKAP12	Gene
Gene::960	CD44	Gene
Gene::9604	RNF14	Gene
Gene::9607	CARTPT	Gene
Gene::9609	RAB36	Gene
Gene::961	CD47	Gene
Gene::9610	RIN1	Gene
Gene::9611	NCOR1	Gene
Gene::9612	NCOR2	Gene
Gene::9615	GDA	Gene
Gene::9616	RNF7	Gene
Gene::9617	MTRF1	Gene
Gene::9618	TRAF4	Gene
Gene::9619	ABCG1	Gene
Gene::962	CD48	Gene
Gene::9620	CELSR1	Gene
Gene::9622	KLK4	Gene
Gene::9626	GUCA1C	Gene
Gene::9627	SNCAIP	Gene
Gene::9628	RGS6	Gene
Gene::9630	GNA14	Gene
Gene::9631	NUP155	Gene
Gene::9632	SEC24C	Gene
Gene::9635	CLCA2	Gene
Gene::9636	ISG15	Gene
Gene::9639	ARHGEF10	Gene
Gene::9641	IKBKE	Gene
Gene::9643	MORF4L2	Gene
Gene::9646	CTR9	Gene
Gene::9648	GCC2	Gene
Gene::965	CD58	Gene
Gene::9651	PLCH2	Gene
Gene::9653	HS2ST1	Gene
Gene::9655	SOCS5	Gene
Gene::9656	MDC1	Gene
Gene::966	CD59	Gene
Gene::9662	CEP135	Gene
Gene::9663	LPIN2	Gene
Gene::9666	DZIP3	Gene
Gene::9668	ZNF432	Gene
Gene::9669	EIF5B	Gene
Gene::967	CD63	Gene
Gene::9672	SDC3	Gene
Gene::96764	TGS1	Gene
Gene::9677	PPIP5K1	Gene
Gene::9682	KDM4A	Gene
Gene::9685	CLINT1	Gene
Gene::9687	GREB1	Gene
Gene::9688	NUP93	Gene
Gene::969	CD69	Gene
Gene::9690	UBE3C	Gene
Gene::9695	EDEM1	Gene
Gene::9698	PUM1	Gene
Gene::9700	ESPL1	Gene
Gene::9702	CEP57	Gene
Gene::9706	ULK2	Gene
Gene::9709	HERPUD1	Gene
Gene::971	CD72	Gene
Gene::9712	USP6NL	Gene
Gene::9719	ADAMTSL2	Gene
Gene::972	CD74	Gene
Gene::9722	NOS1AP	Gene
Gene::9723	SEMA3E	Gene
Gene::9727	RAB11FIP3	Gene
Gene::973	CD79A	Gene
Gene::9730	VPRBP	Gene
Gene::9732	DOCK4	Gene
Gene::9734	HDAC9	Gene
Gene::9735	KNTC1	Gene
Gene::9736	USP34	Gene
Gene::9738	CCP110	Gene
Gene::9739	SETD1A	Gene
Gene::974	CD79B	Gene
Gene::9742	IFT140	Gene
Gene::9743	ARHGAP32	Gene
Gene::9744	ACAP1	Gene
Gene::9748	SLK	Gene
Gene::975	CD81	Gene
Gene::9754	STARD8	Gene
Gene::9757	KMT2B	Gene
Gene::9759	HDAC4	Gene
Gene::976	ADGRE5	Gene
Gene::9761	MLEC	Gene
Gene::9765	ZFYVE16	Gene
Gene::9767	JADE3	Gene
Gene::977	CD151	Gene
Gene::9774	BCLAF1	Gene
Gene::9775	EIF4A3	Gene
Gene::9776	ATG13	Gene
Gene::978	CDA	Gene
Gene::9785	DHX38	Gene
Gene::9787	DLGAP5	Gene
Gene::9788	MTSS1	Gene
Gene::9789	SPCS2	Gene
Gene::9791	PTDSS1	Gene
Gene::9793	CKAP5	Gene
Gene::9794	MAML1	Gene
Gene::9797	TATDN2	Gene
Gene::9801	MRPL19	Gene
Gene::9802	DAZAP2	Gene
Gene::9804	TOMM20	Gene
Gene::9807	IP6K1	Gene
Gene::9815	GIT2	Gene
Gene::9817	KEAP1	Gene
Gene::9818	NUPL1	Gene
Gene::9820	CUL7	Gene
Gene::9821	RB1CC1	Gene
Gene::9824	ARHGAP11A	Gene
Gene::9826	ARHGEF11	Gene
Gene::9828	ARHGEF17	Gene
Gene::9829	DNAJC6	Gene
Gene::983	CDK1	Gene
Gene::9837	GINS1	Gene
Gene::9839	ZEB2	Gene
Gene::984	CDK11B	Gene
Gene::9843	HEPH	Gene
Gene::9844	ELMO1	Gene
Gene::9846	GAB2	Gene
Gene::9847	C2CD5	Gene
Gene::9855	FARP2	Gene
Gene::9861	PSMD6	Gene
Gene::9862	MED24	Gene
Gene::9863	MAGI2	Gene
Gene::9867	PJA2	Gene
Gene::9868	TOMM70A	Gene
Gene::9869	SETDB1	Gene
Gene::9871	SEC24D	Gene
Gene::9874	TLK1	Gene
Gene::988	CDC5L	Gene
Gene::9882	TBC1D4	Gene
Gene::9883	POM121	Gene
Gene::9886	RHOBTB1	Gene
Gene::9887	SMG7	Gene
Gene::9896	FIG4	Gene
Gene::9899	SV2B	Gene
Gene::990	CDC6	Gene
Gene::9900	SV2A	Gene
Gene::9901	SRGAP3	Gene
Gene::9902	MRC2	Gene
Gene::9903	KLHL21	Gene
Gene::991	CDC20	Gene
Gene::9912	ARHGAP44	Gene
Gene::9913	SUPT7L	Gene
Gene::9914	ATP2C2	Gene
Gene::9915	ARNT2	Gene
Gene::9918	NCAPD2	Gene
Gene::9922	IQSEC1	Gene
Gene::9924	PAN2	Gene
Gene::9926	LPGAT1	Gene
Gene::9927	MFN2	Gene
Gene::993	CDC25A	Gene
Gene::9934	P2RY14	Gene
Gene::9935	MAFB	Gene
Gene::9938	ARHGAP25	Gene
Gene::9939	RBM8A	Gene
Gene::994	CDC25B	Gene
Gene::9945	GFPT2	Gene
Gene::9948	WDR1	Gene
Gene::995	CDC25C	Gene
Gene::9951	HS3ST4	Gene
Gene::9953	HS3ST3B1	Gene
Gene::9955	HS3ST3A1	Gene
Gene::9956	HS3ST2	Gene
Gene::9957	HS3ST1	Gene
Gene::9958	USP15	Gene
Gene::996	CDC27	Gene
Gene::9962	SLC23A2	Gene
Gene::9963	SLC23A1	Gene
Gene::9965	FGF19	Gene
Gene::9966	TNFSF15	Gene
Gene::9967	THRAP3	Gene
Gene::9968	MED12	Gene
Gene::9969	MED13	Gene
Gene::997	CDC34	Gene
Gene::9970	NR1I3	Gene
Gene::9971	NR1H4	Gene
Gene::9972	NUP153	Gene
Gene::9973	CCS	Gene
Gene::9975	NR1D2	Gene
Gene::9978	RBX1	Gene
Gene::998	CDC42	Gene
Gene::9985	REC8	Gene
Gene::9988	DMTF1	Gene
Gene::999	CDH1	Gene
Gene::9990	SLC12A6	Gene
Gene::9997	SCO2	Gene
Pathway::PC7_10399	a4b7 Integrin signaling	Pathway
Pathway::PC7_10400	a6b1 and a6b4 Integrin signaling	Pathway
Pathway::PC7_10442	activated TAK1 mediates p38 MAPK activation	Pathway
Pathway::PC7_10508	alpha-linolenic (omega3) and linoleic (omega6) acid metabolism	Pathway
Pathway::PC7_10557	amb2 Integrin signaling	Pathway
Pathway::PC7_1063	AKT phosphorylates targets in the cytosol	Pathway
Pathway::PC7_1064	AKT phosphorylates targets in the nucleus	Pathway
Pathway::PC7_1065	AKT-mediated inactivation of FOXO1A	Pathway
Pathway::PC7_11018	beta-catenin independent WNT signaling	Pathway
Pathway::PC7_11020	betaKlotho-mediated ligand binding	Pathway
Pathway::PC7_1103	ALK1 pathway	Pathway
Pathway::PC7_11039	binding of TCF/LEF:CTNNB1 to target gene promoters	Pathway
Pathway::PC7_1104	ALK1 signaling events	Pathway
Pathway::PC7_1105	ALK2 signaling events	Pathway
Pathway::PC7_11143	cGMP effects	Pathway
Pathway::PC7_1118	AMER1 mutants destabilize the destruction complex	Pathway
Pathway::PC7_1119	AMPK inhibits chREBP transcriptional activation activity	Pathway
Pathway::PC7_1123	AP-1 transcription factor network	Pathway
Pathway::PC7_11234	cell division	Pathway
Pathway::PC7_1127	APC-Cdc20 mediated degradation of Nek2A	Pathway
Pathway::PC7_1128	APC/C-mediated degradation of cell cycle proteins	Pathway
Pathway::PC7_1129	APC/C:Cdc20 mediated degradation of Cyclin B	Pathway
Pathway::PC7_1130	APC/C:Cdc20 mediated degradation of Securin	Pathway
Pathway::PC7_1131	APC/C:Cdc20 mediated degradation of mitotic proteins	Pathway
Pathway::PC7_1132	APC/C:Cdh1 mediated degradation of Cdc20 and other APC/C:Cdh1 targeted proteins in late mitosis/early G1	Pathway
Pathway::PC7_1135	APOBEC3G mediated resistance to HIV-1 infection	Pathway
Pathway::PC7_11357	deactivation of the beta-catenin transactivating complex	Pathway
Pathway::PC7_11384	degradation of AXIN	Pathway
Pathway::PC7_11385	degradation of DVL	Pathway
Pathway::PC7_11463	disassembly of the destruction complex and recruitment of AXIN to the membrane	Pathway
Pathway::PC7_11470	eNOS activation	Pathway
Pathway::PC7_11610	formation of the beta-catenin:TCF transactivating complex	Pathway
Pathway::PC7_1163	ARMS-mediated activation	Pathway
Pathway::PC7_1178	ATF-2 transcription factor network	Pathway
Pathway::PC7_1181	ATF4 activates genes	Pathway
Pathway::PC7_1189	ATF6-alpha activates chaperone genes	Pathway
Pathway::PC7_1190	ATF6-alpha activates chaperones	Pathway
Pathway::PC7_1200	ATM mediated phosphorylation of repair proteins	Pathway
Pathway::PC7_1203	ATM pathway	Pathway
Pathway::PC7_12069	mRNA Capping	Pathway
Pathway::PC7_12070	mRNA Editing	Pathway
Pathway::PC7_12073	mRNA Splicing	Pathway
Pathway::PC7_12075	mRNA decay by 3' to 5' exoribonuclease	Pathway
Pathway::PC7_12076	mRNA decay by 5' to 3' exoribonuclease	Pathway
Pathway::PC7_12078	mTOR signaling pathway	Pathway
Pathway::PC7_12079	mTOR signalling	Pathway
Pathway::PC7_12080	mTORC1-mediated signalling	Pathway
Pathway::PC7_1210	ATP sensitive Potassium channels	Pathway
Pathway::PC7_1213	ATR signaling pathway	Pathway
Pathway::PC7_1214	AUF1 (hnRNP D0) destabilizes mRNA	Pathway
Pathway::PC7_12149	mitochondrial fatty acid beta-oxidation of saturated fatty acids	Pathway
Pathway::PC7_12150	mitochondrial fatty acid beta-oxidation of unsaturated fatty acids	Pathway
Pathway::PC7_12187	negative regulation of TCF-dependent signaling by DVL-interacting proteins	Pathway
Pathway::PC7_12188	negative regulation of TCF-dependent signaling by WNT ligand antagonists	Pathway
Pathway::PC7_1219	Abacavir metabolism	Pathway
Pathway::PC7_1220	Abacavir transmembrane transport	Pathway
Pathway::PC7_1221	Abacavir transport and metabolism	Pathway
Pathway::PC7_1223	Abnormal metabolism in phenylketonuria	Pathway
Pathway::PC7_1224	Abortive elongation of HIV-1 transcript in the absence of Tat	Pathway
Pathway::PC7_12264	p130Cas linkage to MAPK signaling for integrins	Pathway
Pathway::PC7_12266	p38 MAPK signaling pathway	Pathway
Pathway::PC7_12267	p38 signaling mediated by MAPKAP kinases	Pathway
Pathway::PC7_12268	p38MAPK events	Pathway
Pathway::PC7_12271	p53 pathway	Pathway
Pathway::PC7_12274	p53-Dependent G1 DNA Damage Response	Pathway
Pathway::PC7_12279	p73 transcription factor network	Pathway
Pathway::PC7_12280	p75 NTR receptor-mediated signalling	Pathway
Pathway::PC7_12281	p75(NTR)-mediated signaling	Pathway
Pathway::PC7_12282	p75NTR negatively regulates cell cycle via SC1	Pathway
Pathway::PC7_12283	p75NTR recruits signalling complexes	Pathway
Pathway::PC7_12284	p75NTR regulates axonogenesis	Pathway
Pathway::PC7_12285	p75NTR signals via NF-kB	Pathway
Pathway::PC7_1230	Acetylation	Pathway
Pathway::PC7_1231	Acetylcholine Binding And Downstream Events	Pathway
Pathway::PC7_1232	Acetylcholine Neurotransmitter Release Cycle	Pathway
Pathway::PC7_12320	phospho-PLA2 pathway	Pathway
Pathway::PC7_1233	Acetylcholine regulates insulin secretion	Pathway
Pathway::PC7_12487	regulation of FZD by ubiquitination	Pathway
Pathway::PC7_12488	repression of WNT target genes	Pathway
Pathway::PC7_12899	tRNA Aminoacylation	Pathway
Pathway::PC7_13144	vRNP Assembly	Pathway
Pathway::PC7_1516	Activated NOTCH1 Transmits Signal to the Nucleus	Pathway
Pathway::PC7_1517	Activated TLR4 signalling	Pathway
Pathway::PC7_1518	Activated point mutants of FGFR2	Pathway
Pathway::PC7_1519	Activation and oligomerization of BAK protein	Pathway
Pathway::PC7_1520	Activation of AMPA receptors	Pathway
Pathway::PC7_1521	Activation of APC/C and APC/C:Cdc20 mediated degradation of mitotic proteins	Pathway
Pathway::PC7_1522	Activation of ATR in response to replication stress	Pathway
Pathway::PC7_1523	Activation of BAD and translocation to mitochondria	Pathway
Pathway::PC7_1524	Activation of BH3-only proteins	Pathway
Pathway::PC7_1525	Activation of BID and translocation to mitochondria	Pathway
Pathway::PC7_1526	Activation of BIM and translocation to mitochondria	Pathway
Pathway::PC7_1527	Activation of BMF and translocation to mitochondria	Pathway
Pathway::PC7_1528	Activation of C3 and C5	Pathway
Pathway::PC7_1529	Activation of Ca-permeable Kainate Receptor	Pathway
Pathway::PC7_1530	Activation of CaMK IV	Pathway
Pathway::PC7_1531	Activation of DNA fragmentation factor	Pathway
Pathway::PC7_1532	Activation of G protein gated Potassium channels	Pathway
Pathway::PC7_1533	Activation of GABAB receptors	Pathway
Pathway::PC7_1534	Activation of IRF3/IRF7 mediated by TBK1/IKK epsilon	Pathway
Pathway::PC7_1535	Activation of Kainate Receptors upon glutamate binding	Pathway
Pathway::PC7_1536	Activation of Matrix Metalloproteinases	Pathway
Pathway::PC7_1537	Activation of NF-kappaB in B cells	Pathway
Pathway::PC7_1538	Activation of NIMA Kinases NEK9, NEK6, NEK7	Pathway
Pathway::PC7_1539	Activation of NMDA receptor upon glutamate binding and postsynaptic events	Pathway
Pathway::PC7_1540	Activation of NOXA and translocation to mitochondria	Pathway
Pathway::PC7_1541	Activation of Na-permeable Kainate Receptors	Pathway
Pathway::PC7_1543	Activation of PKB	Pathway
Pathway::PC7_1544	Activation of PPARGC1A (PGC-1alpha) by phosphorylation	Pathway
Pathway::PC7_1545	Activation of PUMA and translocation to mitochondria	Pathway
Pathway::PC7_1546	Activation of RAS in B cells	Pathway
Pathway::PC7_1547	Activation of Rac	Pathway
Pathway::PC7_1548	Activation of TRKA receptors	Pathway
Pathway::PC7_1549	Activation of caspases through apoptosome-mediated cleavage	Pathway
Pathway::PC7_1550	Activation of gene expression by SREBF (SREBP)	Pathway
Pathway::PC7_1551	Activation of the AP-1 family of transcription factors	Pathway
Pathway::PC7_1552	Activation of the mRNA upon binding of the cap-binding complex and eIFs, and subsequent binding to 43S	Pathway
Pathway::PC7_1553	Activation of the phototransduction cascade	Pathway
Pathway::PC7_1554	Activation of the pre-replicative complex	Pathway
Pathway::PC7_1555	Activation, translocation and oligomerization of BAX	Pathway
Pathway::PC7_1556	Acyl chain remodeling of CL	Pathway
Pathway::PC7_1557	Acyl chain remodeling of DAG and TAG	Pathway
Pathway::PC7_1558	Acyl chain remodelling of PC	Pathway
Pathway::PC7_1559	Acyl chain remodelling of PE	Pathway
Pathway::PC7_1560	Acyl chain remodelling of PG	Pathway
Pathway::PC7_1561	Acyl chain remodelling of PI	Pathway
Pathway::PC7_1562	Acyl chain remodelling of PS	Pathway
Pathway::PC7_1563	Adaptive Immune System	Pathway
Pathway::PC7_1565	Adenosine P1 receptors	Pathway
Pathway::PC7_1571	Adenylate cyclase activating pathway	Pathway
Pathway::PC7_1572	Adenylate cyclase inhibitory pathway	Pathway
Pathway::PC7_1573	Adherens junctions interactions	Pathway
Pathway::PC7_1576	Adrenaline signalling through Alpha-2 adrenergic receptor	Pathway
Pathway::PC7_1577	Adrenaline,noradrenaline inhibits insulin secretion	Pathway
Pathway::PC7_1578	Adrenoceptors	Pathway
Pathway::PC7_1580	Advanced glycosylation endproduct receptor signaling	Pathway
Pathway::PC7_1581	Aflatoxin activation and detoxification	Pathway
Pathway::PC7_1582	Agmatine biosynthesis	Pathway
Pathway::PC7_1596	Alpha-defensins	Pathway
Pathway::PC7_1597	Alpha-oxidation of phytanate	Pathway
Pathway::PC7_1598	Alpha-synuclein signaling	Pathway
Pathway::PC7_1599	Alpha4 beta1 integrin signaling events	Pathway
Pathway::PC7_1600	Alpha6 beta4 integrin-ligand interactions	Pathway
Pathway::PC7_1601	Alpha9 beta1 integrin signaling events	Pathway
Pathway::PC7_1602	AlphaE beta7 integrin cell surface interactions	Pathway
Pathway::PC7_1606	Alternative NF-kappaB pathway	Pathway
Pathway::PC7_1607	Alternative complement activation	Pathway
Pathway::PC7_1622	Amine Oxidase reactions	Pathway
Pathway::PC7_1623	Amine compound SLC transporters	Pathway
Pathway::PC7_1624	Amine ligand-binding receptors	Pathway
Pathway::PC7_1625	Amine-derived hormones	Pathway
Pathway::PC7_1626	Amino Acid conjugation	Pathway
Pathway::PC7_1629	Amino acid and derivative metabolism	Pathway
Pathway::PC7_1630	Amino acid and oligopeptide SLC transporters	Pathway
Pathway::PC7_1631	Amino acid synthesis and interconversion (transamination)	Pathway
Pathway::PC7_1632	Amino acid transport across the plasma membrane	Pathway
Pathway::PC7_1653	Amplification of signal from the kinetochores	Pathway
Pathway::PC7_1655	Amyloids	Pathway
Pathway::PC7_1657	Anchoring fibril formation	Pathway
Pathway::PC7_1658	Androgen biosynthesis	Pathway
Pathway::PC7_1664	Angiopoietin receptor Tie2-mediated signaling	Pathway
Pathway::PC7_1667	Antagonism of Activin by Follistatin	Pathway
Pathway::PC7_1669	Antigen Presentation: Folding, assembly and peptide loading of class I MHC	Pathway
Pathway::PC7_1670	Antigen activates B Cell Receptor (BCR) leading to generation of second messengers	Pathway
Pathway::PC7_1671	Antigen processing-Cross presentation	Pathway
Pathway::PC7_1672	Antigen processing: Ubiquitination & Proteasome degradation	Pathway
Pathway::PC7_1674	Antiviral mechanism by IFN-stimulated genes	Pathway
Pathway::PC7_1684	Apoptosis	Pathway
Pathway::PC7_1687	Apoptotic cleavage of cell adhesion proteins	Pathway
Pathway::PC7_1688	Apoptotic cleavage of cellular proteins	Pathway
Pathway::PC7_1689	Apoptotic execution phase	Pathway
Pathway::PC7_1690	Apoptotic factor-mediated response	Pathway
Pathway::PC7_1691	Aquaporin-mediated transport	Pathway
Pathway::PC7_1692	Arachidonate production from DAG	Pathway
Pathway::PC7_1693	Arachidonic acid metabolism	Pathway
Pathway::PC7_1695	Arf1 pathway	Pathway
Pathway::PC7_1696	Arf6 downstream pathway	Pathway
Pathway::PC7_1697	Arf6 signaling events	Pathway
Pathway::PC7_1698	Arf6 trafficking events	Pathway
Pathway::PC7_1750	Asparagine N-linked glycosylation	Pathway
Pathway::PC7_1810	Assembly Of The HIV Virion	Pathway
Pathway::PC7_1811	Assembly of Viral Components at the Budding Site	Pathway
Pathway::PC7_1812	Assembly of collagen fibrils and other multimeric structures	Pathway
Pathway::PC7_1813	Assembly of the ORC complex at the origin of replication	Pathway
Pathway::PC7_1814	Assembly of the RAD50-MRE11-NBS1 complex at DNA double-strand breaks	Pathway
Pathway::PC7_1815	Assembly of the RAD51-ssDNA nucleoprotein complex	Pathway
Pathway::PC7_1816	Assembly of the pre-replicative complex	Pathway
Pathway::PC7_1817	Association of TriC/CCT with target proteins during biosynthesis	Pathway
Pathway::PC7_1818	Association of licensing factors with the pre-replicative complex	Pathway
Pathway::PC7_1820	Astrocytic Glutamate-Glutamine Uptake And Metabolism	Pathway
Pathway::PC7_1821	Asymmetric localization of PCP proteins	Pathway
Pathway::PC7_1849	Attachment of GPI anchor to uPAR	Pathway
Pathway::PC7_1850	Attenuation phase	Pathway
Pathway::PC7_1851	Atypical NF-kappaB pathway	Pathway
Pathway::PC7_1855	Aurora A signaling	Pathway
Pathway::PC7_1856	Aurora B signaling	Pathway
Pathway::PC7_1857	Aurora C signaling	Pathway
Pathway::PC7_1858	Autodegradation of Cdh1 by Cdh1:APC/C	Pathway
Pathway::PC7_1859	Autodegradation of the E3 ubiquitin ligase COP1	Pathway
Pathway::PC7_1860	Autointegration results in viral DNA circles	Pathway
Pathway::PC7_1863	Axon guidance	Pathway
Pathway::PC7_1867	Axonal growth inhibition (RHOA activation)	Pathway
Pathway::PC7_1868	Axonal growth stimulation	Pathway
Pathway::PC7_1877	B Cell Activation	Pathway
Pathway::PC7_1883	BARD1 signaling events	Pathway
Pathway::PC7_1987	BCR signaling pathway	Pathway
Pathway::PC7_1994	BH3-only proteins associate with and inactivate anti-apoptotic BCL-2 members	Pathway
Pathway::PC7_2008	BMAL1:CLOCK,NPAS2 activates circadian gene expression	Pathway
Pathway::PC7_2012	BMP receptor signaling	Pathway
Pathway::PC7_2032	Base Excision Repair	Pathway
Pathway::PC7_2033	Base-Excision Repair, AP Site Formation	Pathway
Pathway::PC7_2034	Base-free sugar-phosphate removal via the single-nucleotide replacement pathway	Pathway
Pathway::PC7_2035	Basigin interactions	Pathway
Pathway::PC7_2064	Beta defensins	Pathway
Pathway::PC7_2065	Beta oxidation of butanoyl-CoA to acetyl-CoA	Pathway
Pathway::PC7_2066	Beta oxidation of decanoyl-CoA to octanoyl-CoA-CoA	Pathway
Pathway::PC7_2067	Beta oxidation of hexanoyl-CoA to butanoyl-CoA	Pathway
Pathway::PC7_2068	Beta oxidation of lauroyl-CoA to decanoyl-CoA-CoA	Pathway
Pathway::PC7_2069	Beta oxidation of myristoyl-CoA to lauroyl-CoA	Pathway
Pathway::PC7_2071	Beta oxidation of palmitoyl-CoA to myristoyl-CoA	Pathway
Pathway::PC7_2072	Beta-catenin phosphorylation cascade	Pathway
Pathway::PC7_2073	Beta-oxidation of pristanoyl-CoA	Pathway
Pathway::PC7_2074	Beta-oxidation of very long chain fatty acids	Pathway
Pathway::PC7_2076	Beta1 integrin cell surface interactions	Pathway
Pathway::PC7_2078	Beta2 integrin cell surface interactions	Pathway
Pathway::PC7_2080	Beta3 integrin cell surface interactions	Pathway
Pathway::PC7_2081	Beta5 beta6 beta7 and beta8 integrin cell surface interactions	Pathway
Pathway::PC7_2089	Bicarbonate transporters	Pathway
Pathway::PC7_2090	Bile acid and bile salt metabolism	Pathway
Pathway::PC7_2091	Bile salt and organic anion SLC transporters	Pathway
Pathway::PC7_2095	Binding and Uptake of Ligands by Scavenger Receptors	Pathway
Pathway::PC7_2096	Binding and entry of HIV virion	Pathway
Pathway::PC7_2097	Biogenic amines are oxidatively deaminated to aldehydes by MAOA and MAOB	Pathway
Pathway::PC7_2098	Biological oxidations	Pathway
Pathway::PC7_2100	Biosynthesis of the N-glycan precursor (dolichol lipid-linked oligosaccharide, LLO) and transfer to a nascent protein	Pathway
Pathway::PC7_2103	Biotin transport and metabolism	Pathway
Pathway::PC7_2117	Branched-chain amino acid catabolism	Pathway
Pathway::PC7_2118	Breakdown of the nuclear lamina	Pathway
Pathway::PC7_2124	Budding and maturation of HIV virion	Pathway
Pathway::PC7_2164	Butyrate Response Factor 1 (BRF1) destabilizes mRNA	Pathway
Pathway::PC7_2170	C-MYB transcription factor network	Pathway
Pathway::PC7_2171	C-MYC pathway	Pathway
Pathway::PC7_2173	C6 deamination of adenosine	Pathway
Pathway::PC7_2251	CD28 co-stimulation	Pathway
Pathway::PC7_2252	CD28 dependent PI3K/Akt signaling	Pathway
Pathway::PC7_2253	CD28 dependent Vav1 pathway	Pathway
Pathway::PC7_2255	CD40/CD40L signaling	Pathway
Pathway::PC7_2263	CDC42 signaling events	Pathway
Pathway::PC7_2264	CDC6 association with the ORC:origin complex	Pathway
Pathway::PC7_2265	CDK-mediated phosphorylation and removal of Cdc6	Pathway
Pathway::PC7_2276	CDO in myogenesis	Pathway
Pathway::PC7_2278	CDT1 association with the CDC6:ORC:origin complex	Pathway
Pathway::PC7_2301	CHL1 interactions	Pathway
Pathway::PC7_2324	COPI Mediated Transport	Pathway
Pathway::PC7_2325	COPII (Coat Protein 2) Mediated Vesicle Transport	Pathway
Pathway::PC7_2331	CREB phosphorylation	Pathway
Pathway::PC7_2332	CREB phosphorylation through the activation of Adenylate Cyclase	Pathway
Pathway::PC7_2333	CREB phosphorylation through the activation of CaMKII	Pathway
Pathway::PC7_2334	CREB phosphorylation through the activation of CaMKK	Pathway
Pathway::PC7_2335	CREB phosphorylation through the activation of Ras	Pathway
Pathway::PC7_2347	CRMPs in Sema3A signaling	Pathway
Pathway::PC7_2348	CS/DS degradation	Pathway
Pathway::PC7_2360	CTLA4 inhibitory signaling	Pathway
Pathway::PC7_2372	CXCR3-mediated signaling events	Pathway
Pathway::PC7_2373	CXCR4-mediated signaling events	Pathway
Pathway::PC7_2379	CYP2E1 reactions	Pathway
Pathway::PC7_2391	Ca activated K+ channels	Pathway
Pathway::PC7_2392	Ca-dependent events	Pathway
Pathway::PC7_2393	Ca2+ pathway	Pathway
Pathway::PC7_2394	CaM pathway	Pathway
Pathway::PC7_2395	CaMK IV-mediated phosphorylation of CREB	Pathway
Pathway::PC7_2440	Calcineurin-regulated NFAT-dependent transcription in lymphocytes	Pathway
Pathway::PC7_2441	Calcitonin-like ligand receptors	Pathway
Pathway::PC7_2458	Calcium signaling in the CD4+ TCR pathway	Pathway
Pathway::PC7_2460	Calnexin/calreticulin cycle	Pathway
Pathway::PC7_2461	Cam-PDE 1 activation	Pathway
Pathway::PC7_2467	Canonical NF-kappaB pathway	Pathway
Pathway::PC7_2468	Canonical Wnt signaling pathway	Pathway
Pathway::PC7_2469	Cap-dependent Translation Initiation	Pathway
Pathway::PC7_2500	Carbohydrate metabolism	Pathway
Pathway::PC7_2505	Carnitine synthesis	Pathway
Pathway::PC7_2506	Caspase Cascade in Apoptosis	Pathway
Pathway::PC7_2507	Caspase-8 activation by cleavage	Pathway
Pathway::PC7_2508	Caspase-mediated cleavage of cytoskeletal proteins	Pathway
Pathway::PC7_2516	Catecholamine biosynthesis	Pathway
Pathway::PC7_2517	Cation-coupled Chloride cotransporters	Pathway
Pathway::PC7_2518	Cdc20:Phospho-APC/C mediated degradation of Cyclin A	Pathway
Pathway::PC7_2519	Cell Cycle	Pathway
Pathway::PC7_2520	Cell Cycle Checkpoints	Pathway
Pathway::PC7_2521	Cell Cycle, Mitotic	Pathway
Pathway::PC7_2523	Cell death signalling via NRAGE, NRIF and NADE	Pathway
Pathway::PC7_2524	Cell junction organization	Pathway
Pathway::PC7_2525	Cell surface interactions at the vascular wall	Pathway
Pathway::PC7_2526	Cell-Cell communication	Pathway
Pathway::PC7_2527	Cell-cell junction organization	Pathway
Pathway::PC7_2528	Cell-extracellular matrix interactions	Pathway
Pathway::PC7_2529	Cellular Senescence	Pathway
Pathway::PC7_2530	Cellular response to heat stress	Pathway
Pathway::PC7_2531	Cellular response to hypoxia	Pathway
Pathway::PC7_2532	Cellular responses to stress	Pathway
Pathway::PC7_2533	Cellular roles of Anthrax toxin	Pathway
Pathway::PC7_2534	Centrosome maturation	Pathway
Pathway::PC7_2535	Ceramide signaling pathway	Pathway
Pathway::PC7_2536	Ceramide signalling	Pathway
Pathway::PC7_2539	ChREBP activates metabolic gene expression	Pathway
Pathway::PC7_2541	Chaperonin-mediated protein folding	Pathway
Pathway::PC7_2543	Chemokine receptors bind chemokines	Pathway
Pathway::PC7_2544	Chk1/Chk2(Cds1) mediated inactivation of Cyclin B:Cdk1 complex	Pathway
Pathway::PC7_2565	Cholesterol biosynthesis	Pathway
Pathway::PC7_2568	Chondroitin sulfate biosynthesis	Pathway
Pathway::PC7_2569	Chondroitin sulfate/dermatan sulfate metabolism	Pathway
Pathway::PC7_2570	Chromatin modifying enzymes	Pathway
Pathway::PC7_2575	Chromosome Maintenance	Pathway
Pathway::PC7_2576	Chylomicron-mediated lipid transport	Pathway
Pathway::PC7_2582	Circadian Clock	Pathway
Pathway::PC7_2584	Circadian rhythm pathway	Pathway
Pathway::PC7_2610	Citric acid cycle (TCA cycle)	Pathway
Pathway::PC7_2620	Class A/1 (Rhodopsin-like receptors)	Pathway
Pathway::PC7_2621	Class B/2 (Secretin family receptors)	Pathway
Pathway::PC7_2622	Class C/3 (Metabotropic glutamate/pheromone receptors)	Pathway
Pathway::PC7_2623	Class I MHC mediated antigen processing & presentation	Pathway
Pathway::PC7_2624	Class I PI3K signaling events	Pathway
Pathway::PC7_2625	Class I PI3K signaling events mediated by Akt	Pathway
Pathway::PC7_2626	Class IB PI3K non-lipid kinase events	Pathway
Pathway::PC7_2627	Class II GLUTs	Pathway
Pathway::PC7_2628	Classical Kir channels	Pathway
Pathway::PC7_2629	Classical antibody-mediated complement activation	Pathway
Pathway::PC7_2630	Clathrin derived vesicle budding	Pathway
Pathway::PC7_2631	Clearance of Nuclear Envelope Membranes from Chromatin	Pathway
Pathway::PC7_2632	Clearance of dopamine	Pathway
Pathway::PC7_2633	Clearance of seratonin	Pathway
Pathway::PC7_2634	Cleavage of Growing Transcript in the Termination Region	Pathway
Pathway::PC7_2635	Cleavage of the damaged purine	Pathway
Pathway::PC7_2636	Cleavage of the damaged pyrimidine	Pathway
Pathway::PC7_2647	Clostridium neurotoxicity	Pathway
Pathway::PC7_2651	Cobalamin (Cbl, vitamin B12) transport and metabolism	Pathway
Pathway::PC7_2659	Coenzyme A biosynthesis	Pathway
Pathway::PC7_2661	Cohesin Loading onto Chromatin	Pathway
Pathway::PC7_2668	Collagen biosynthesis and modifying enzymes	Pathway
Pathway::PC7_2669	Collagen degradation	Pathway
Pathway::PC7_2670	Collagen formation	Pathway
Pathway::PC7_2671	Common Pathway	Pathway
Pathway::PC7_2672	Complement cascade	Pathway
Pathway::PC7_2673	Condensation of Prometaphase Chromosomes	Pathway
Pathway::PC7_2674	Condensation of Prophase Chromosomes	Pathway
Pathway::PC7_2675	Conjugation of benzoate with glycine	Pathway
Pathway::PC7_2677	Conjugation of phenylacetate with glutamine	Pathway
Pathway::PC7_2678	Conjugation of salicylate with glycine	Pathway
Pathway::PC7_2679	Constitutive PI3K/AKT Signaling in Cancer	Pathway
Pathway::PC7_2680	Constitutive Signaling by NOTCH1 HD Domain Mutants	Pathway
Pathway::PC7_2681	Constitutive Signaling by NOTCH1 HD+PEST Domain Mutants	Pathway
Pathway::PC7_2683	Constitutive Signaling by NOTCH1 t(7;9)(NOTCH1:M1580_K2555) Translocation Mutant	Pathway
Pathway::PC7_2684	Conversion from APC/C:Cdc20 to APC/C:Cdh1 in late anaphase	Pathway
Pathway::PC7_2685	Cooperation of Prefoldin and TriC/CCT in actin and tubulin folding	Pathway
Pathway::PC7_2698	Coregulation of Androgen receptor activity	Pathway
Pathway::PC7_2701	Costimulation by the CD28 family	Pathway
Pathway::PC7_2703	Creatine metabolism	Pathway
Pathway::PC7_2704	Creation of C4 and C2 activators	Pathway
Pathway::PC7_2705	Cross-presentation of particulate exogenous antigens (phagosomes)	Pathway
Pathway::PC7_2706	Cross-presentation of soluble exogenous antigens (endosomes)	Pathway
Pathway::PC7_2707	Crosslinking of collagen fibrils	Pathway
Pathway::PC7_2829	Cyclin A/B1 associated events during G2/M transition	Pathway
Pathway::PC7_2830	Cyclin A:Cdk2-associated events at S phase entry	Pathway
Pathway::PC7_2831	Cyclin B2 mediated events	Pathway
Pathway::PC7_2832	Cyclin D associated events in G1	Pathway
Pathway::PC7_2833	Cyclin E associated events during G1/S transition	Pathway
Pathway::PC7_2890	Cysteine formation from homocysteine	Pathway
Pathway::PC7_2905	Cytochrome P450 - arranged by substrate type	Pathway
Pathway::PC7_2907	Cytokine Signaling in Immune system	Pathway
Pathway::PC7_2909	Cytosolic iron-sulfur cluster assembly	Pathway
Pathway::PC7_2910	Cytosolic sensors of pathogen-associated DNA	Pathway
Pathway::PC7_2911	Cytosolic sulfonation of small molecules	Pathway
Pathway::PC7_2912	Cytosolic tRNA aminoacylation	Pathway
Pathway::PC7_2924	DAG and IP3 signaling	Pathway
Pathway::PC7_2925	DAP12 interactions	Pathway
Pathway::PC7_2926	DAP12 signaling	Pathway
Pathway::PC7_2927	DARPP-32 events	Pathway
Pathway::PC7_2928	DCC mediated attractive signaling	Pathway
Pathway::PC7_2942	DEx/H-box helicases activate type I IFN and inflammatory cytokines production	Pathway
Pathway::PC7_2946	DNA Damage Bypass	Pathway
Pathway::PC7_2947	DNA Damage Recognition in GG-NER	Pathway
Pathway::PC7_2948	DNA Damage Reversal	Pathway
Pathway::PC7_2949	DNA Damage/Telomere Stress Induced Senescence	Pathway
Pathway::PC7_2950	DNA Repair	Pathway
Pathway::PC7_2951	DNA Replication	Pathway
Pathway::PC7_2952	DNA Replication Pre-Initiation	Pathway
Pathway::PC7_2953	DNA methylation	Pathway
Pathway::PC7_2955	DNA replication initiation	Pathway
Pathway::PC7_2956	DNA strand elongation	Pathway
Pathway::PC7_2957	DNA-PK pathway in nonhomologous end joining	Pathway
Pathway::PC7_2968	DSCAM interactions	Pathway
Pathway::PC7_3014	Deadenylation of mRNA	Pathway
Pathway::PC7_3015	Deadenylation-dependent mRNA decay	Pathway
Pathway::PC7_3016	Death Receptor Signalling	Pathway
Pathway::PC7_3017	Defective AMN causes hereditary megaloblastic anemia 1	Pathway
Pathway::PC7_3018	Defective B3GAT3 causes JDSSDHD	Pathway
Pathway::PC7_3046	Defensins	Pathway
Pathway::PC7_3059	Degradation of GABA	Pathway
Pathway::PC7_3060	Degradation of GLI1 by the proteasome	Pathway
Pathway::PC7_3061	Degradation of GLI2 by the proteasome	Pathway
Pathway::PC7_3062	Degradation of beta catenin	Pathway
Pathway::PC7_3064	Degradation of cysteine and homocysteine	Pathway
Pathway::PC7_3065	Degradation of the extracellular matrix	Pathway
Pathway::PC7_3071	Depolarization of the Presynaptic Terminal Triggers the Opening of Calcium Channels	Pathway
Pathway::PC7_3072	Depolymerisation of the Nuclear Lamina	Pathway
Pathway::PC7_3073	Deposition of new CENPA-containing nucleosomes at the centromere	Pathway
Pathway::PC7_3077	Dermatan sulfate biosynthesis	Pathway
Pathway::PC7_3083	Detoxification of Reactive Oxygen Species	Pathway
Pathway::PC7_3084	Developmental Biology	Pathway
Pathway::PC7_3166	Digestion of dietary carbohydrate	Pathway
Pathway::PC7_3167	Digestion of dietary lipid	Pathway
Pathway::PC7_3277	Direct p53 effectors	Pathway
Pathway::PC7_3278	Disease	Pathway
Pathway::PC7_3280	Diseases associated with visual transduction	Pathway
Pathway::PC7_3282	Disinhibition of SNARE formation	Pathway
Pathway::PC7_3283	Displacement of DNA glycosylase by APE1	Pathway
Pathway::PC7_3284	Dissolution of Fibrin Clot	Pathway
Pathway::PC7_3315	Dopamine Neurotransmitter Release Cycle	Pathway
Pathway::PC7_3318	Dopamine receptors	Pathway
Pathway::PC7_3319	Double-Strand Break Repair	Pathway
Pathway::PC7_3320	Downregulation of ERBB2:ERBB3 signaling	Pathway
Pathway::PC7_3321	Downregulation of ERBB4 signaling	Pathway
Pathway::PC7_3322	Downregulation of SMAD2/3:SMAD4 transcriptional activity	Pathway
Pathway::PC7_3323	Downregulation of TGF-beta receptor signaling	Pathway
Pathway::PC7_3324	Downstream TCR signaling	Pathway
Pathway::PC7_3325	Downstream signal transduction	Pathway
Pathway::PC7_3326	Downstream signaling events of B Cell Receptor (BCR)	Pathway
Pathway::PC7_3327	Downstream signaling in naïve CD8+ T cells	Pathway
Pathway::PC7_3328	Downstream signaling of activated FGFR	Pathway
Pathway::PC7_3348	Dual incision reaction in GG-NER	Pathway
Pathway::PC7_3349	Dual incision reaction in TC-NER	Pathway
Pathway::PC7_3358	E-cadherin signaling events	Pathway
Pathway::PC7_3359	E-cadherin signaling in keratinocytes	Pathway
Pathway::PC7_3360	E-cadherin signaling in the nascent adherens junction	Pathway
Pathway::PC7_3361	E2F mediated regulation of DNA replication	Pathway
Pathway::PC7_3362	E2F transcription factor network	Pathway
Pathway::PC7_3363	E2F-enabled inhibition of pre-replication complex formation	Pathway
Pathway::PC7_3366	ECM proteoglycans	Pathway
Pathway::PC7_3384	EGFR Transactivation by Gastrin	Pathway
Pathway::PC7_3385	EGFR downregulation	Pathway
Pathway::PC7_3386	EGFR interacts with phospholipase C-gamma	Pathway
Pathway::PC7_3392	EGFR-dependent Endothelin signaling events	Pathway
Pathway::PC7_3415	EPH-Ephrin signaling	Pathway
Pathway::PC7_3416	EPH-ephrin mediated repulsion of cells	Pathway
Pathway::PC7_3417	EPHA forward signaling	Pathway
Pathway::PC7_3418	EPHA-mediated growth cone collapse	Pathway
Pathway::PC7_3419	EPHA2 forward signaling	Pathway
Pathway::PC7_3420	EPHB forward signaling	Pathway
Pathway::PC7_3421	EPHB-mediated forward signaling	Pathway
Pathway::PC7_3424	EPO signaling pathway	Pathway
Pathway::PC7_3425	ER Quality Control Compartment (ERQC)	Pathway
Pathway::PC7_3427	ER-Phagosome pathway	Pathway
Pathway::PC7_3433	ERK activation	Pathway
Pathway::PC7_3434	ERK/MAPK targets	Pathway
Pathway::PC7_3435	ERK1 activation	Pathway
Pathway::PC7_3436	ERK2 activation	Pathway
Pathway::PC7_3437	ERKs are inactivated	Pathway
Pathway::PC7_3629	Early Phase of HIV Life Cycle	Pathway
Pathway::PC7_3632	Effects of Botulinum toxin	Pathway
Pathway::PC7_3633	Effects of PIP2 hydrolysis	Pathway
Pathway::PC7_3646	Eicosanoid ligand-binding receptors	Pathway
Pathway::PC7_3647	Eicosanoids	Pathway
Pathway::PC7_3649	Elastic fibre formation	Pathway
Pathway::PC7_3650	Electric Transmission Across Gap Junctions	Pathway
Pathway::PC7_3651	Electron transport from NADPH to Ferredoxin	Pathway
Pathway::PC7_3652	Elevation of cytosolic Ca2+ levels	Pathway
Pathway::PC7_3653	Elongation arrest and recovery	Pathway
Pathway::PC7_3663	Endogenous TLR signaling	Pathway
Pathway::PC7_3664	Endogenous sterols	Pathway
Pathway::PC7_3666	Endosomal Sorting Complex Required For Transport (ESCRT)	Pathway
Pathway::PC7_3667	Endosomal/Vacuolar pathway	Pathway
Pathway::PC7_3670	Endothelins	Pathway
Pathway::PC7_3671	Energy dependent regulation of mTOR by LKB1-AMPK	Pathway
Pathway::PC7_3674	Enzymatic degradation of Dopamine by monoamine oxidase	Pathway
Pathway::PC7_3677	Ephrin A reverse signaling	Pathway
Pathway::PC7_3678	Ephrin B reverse signaling	Pathway
Pathway::PC7_3679	Ephrin signaling	Pathway
Pathway::PC7_3680	EphrinA-EPHA pathway	Pathway
Pathway::PC7_3681	EphrinB-EPHB pathway	Pathway
Pathway::PC7_3682	Epigenetic regulation of gene expression	Pathway
Pathway::PC7_3697	ErbB receptor signaling network	Pathway
Pathway::PC7_3698	ErbB1 downstream signaling	Pathway
Pathway::PC7_3699	ErbB2/ErbB3 signaling events	Pathway
Pathway::PC7_3700	ErbB4 signaling events	Pathway
Pathway::PC7_3701	Erythrocytes take up carbon dioxide and release oxygen	Pathway
Pathway::PC7_3703	Establishment of Sister Chromatid Cohesion	Pathway
Pathway::PC7_3752	Estrogen biosynthesis	Pathway
Pathway::PC7_3756	Ethanol oxidation	Pathway
Pathway::PC7_3772	Eukaryotic Translation Elongation	Pathway
Pathway::PC7_3774	Eukaryotic Translation Termination	Pathway
Pathway::PC7_3775	Export of Viral Ribonucleoproteins from Nucleus	Pathway
Pathway::PC7_3776	Extension of Telomeres	Pathway
Pathway::PC7_3777	Extracellular matrix organization	Pathway
Pathway::PC7_3778	Extrinsic Pathway	Pathway
Pathway::PC7_3798	FAS (CD95) signaling pathway	Pathway
Pathway::PC7_3803	FBXW7 Mutants and NOTCH1 in Cancer	Pathway
Pathway::PC7_3805	FCERI mediated Ca+2 mobilization	Pathway
Pathway::PC7_3806	FCERI mediated MAPK activation	Pathway
Pathway::PC7_3807	FCERI mediated NF-kB activation	Pathway
Pathway::PC7_3808	FCGR activation	Pathway
Pathway::PC7_3811	FGF signaling pathway	Pathway
Pathway::PC7_3818	FGFR ligand binding and activation	Pathway
Pathway::PC7_3819	FGFR1 ligand binding and activation	Pathway
Pathway::PC7_3820	FGFR1b ligand binding and activation	Pathway
Pathway::PC7_3821	FGFR1c and Klotho ligand binding and activation	Pathway
Pathway::PC7_3822	FGFR1c ligand binding and activation	Pathway
Pathway::PC7_3824	FGFR2b ligand binding and activation	Pathway
Pathway::PC7_3825	FGFR2c ligand binding and activation	Pathway
Pathway::PC7_3826	FGFR3 ligand binding and activation	Pathway
Pathway::PC7_3827	FGFR3b ligand binding and activation	Pathway
Pathway::PC7_3829	FGFR4 ligand binding and activation	Pathway
Pathway::PC7_3845	FMO oxidises nucleophiles	Pathway
Pathway::PC7_3849	FOXA transcription factor networks	Pathway
Pathway::PC7_3852	FOXA1 transcription factor network	Pathway
Pathway::PC7_3853	FOXA2 and FOXA3 transcription factor networks	Pathway
Pathway::PC7_3855	FOXM1 transcription factor network	Pathway
Pathway::PC7_3864	FRS2-mediated cascade	Pathway
Pathway::PC7_3868	Facilitative Na+-independent glucose transporters	Pathway
Pathway::PC7_3869	Factors involved in megakaryocyte development and platelet production	Pathway
Pathway::PC7_3874	Fanconi Anemia pathway	Pathway
Pathway::PC7_3875	Fanconi anemia pathway	Pathway
Pathway::PC7_3876	FasL/ CD95L signaling	Pathway
Pathway::PC7_3877	Fatty Acids bound to GPR40 (FFAR1) regulate insulin secretion	Pathway
Pathway::PC7_3878	Fatty Acyl-CoA Biosynthesis	Pathway
Pathway::PC7_3882	Fatty acid, triacylglycerol, and ketone body metabolism	Pathway
Pathway::PC7_3883	Fatty acids	Pathway
Pathway::PC7_3884	Fc epsilon receptor (FCERI) signaling	Pathway
Pathway::PC7_3885	Fc-epsilon receptor I signaling in mast cells	Pathway
Pathway::PC7_3886	Fcgamma receptor (FCGR) dependent phagocytosis	Pathway
Pathway::PC7_3901	Fertilization	Pathway
Pathway::PC7_3902	Fibronectin matrix formation	Pathway
Pathway::PC7_3903	Ficolins bind to repetitive carbohydrate structures on the target cell surface	Pathway
Pathway::PC7_3953	Folding of actin by CCT/TriC	Pathway
Pathway::PC7_3957	Formation of ATP by chemiosmotic coupling	Pathway
Pathway::PC7_3958	Formation of Fibrin Clot (Clotting Cascade)	Pathway
Pathway::PC7_3959	Formation of HIV elongation complex in the absence of HIV Tat	Pathway
Pathway::PC7_3960	Formation of HIV-1 elongation complex containing HIV-1 Tat	Pathway
Pathway::PC7_3962	Formation of Senescence-Associated Heterochromatin Foci (SAHF)	Pathway
Pathway::PC7_3963	Formation of a pool of free 40S subunits	Pathway
Pathway::PC7_3964	Formation of annular gap junctions	Pathway
Pathway::PC7_3965	Formation of apoptosome	Pathway
Pathway::PC7_3968	Formation of the Early Elongation Complex	Pathway
Pathway::PC7_3969	Formation of the Editosome	Pathway
Pathway::PC7_3971	Formation of the active cofactor, UDP-glucuronate	Pathway
Pathway::PC7_3972	Formation of the ternary complex, and subsequently, the 43S complex	Pathway
Pathway::PC7_3974	Formation of tubulin folding intermediates by CCT/TriC	Pathway
Pathway::PC7_3975	Formyl peptide receptors bind formyl peptides and many other ligands	Pathway
Pathway::PC7_3980	FoxO family signaling	Pathway
Pathway::PC7_3981	Free fatty acid receptors	Pathway
Pathway::PC7_3983	Frs2-mediated activation	Pathway
Pathway::PC7_3985	Fructose catabolism	Pathway
Pathway::PC7_3991	G alpha (12/13) signalling events	Pathway
Pathway::PC7_3992	G alpha (i) signalling events	Pathway
Pathway::PC7_3993	G alpha (q) signalling events	Pathway
Pathway::PC7_3994	G alpha (s) signalling events	Pathway
Pathway::PC7_3995	G alpha (z) signalling events	Pathway
Pathway::PC7_3996	G beta:gamma signalling through PI3Kgamma	Pathway
Pathway::PC7_3997	G beta:gamma signalling through PLC beta	Pathway
Pathway::PC7_3999	G-protein activation	Pathway
Pathway::PC7_4000	G-protein beta:gamma signalling	Pathway
Pathway::PC7_4001	G-protein mediated events	Pathway
Pathway::PC7_4002	G0 and Early G1	Pathway
Pathway::PC7_4004	G1/S DNA Damage Checkpoints	Pathway
Pathway::PC7_4005	G1/S Transition	Pathway
Pathway::PC7_4006	G1/S-Specific Transcription	Pathway
Pathway::PC7_4007	G2 Phase	Pathway
Pathway::PC7_4008	G2/M Checkpoints	Pathway
Pathway::PC7_4009	G2/M DNA damage checkpoint	Pathway
Pathway::PC7_4010	G2/M DNA replication checkpoint	Pathway
Pathway::PC7_4011	G2/M Transition	Pathway
Pathway::PC7_4012	GAB1 signalosome	Pathway
Pathway::PC7_4013	GABA A (rho) receptor activation	Pathway
Pathway::PC7_4014	GABA A receptor activation	Pathway
Pathway::PC7_4016	GABA receptor activation	Pathway
Pathway::PC7_4018	GABA synthesis	Pathway
Pathway::PC7_4019	GABA synthesis, release, reuptake and degradation	Pathway
Pathway::PC7_4037	GLI3 is processed to GLI3R by the proteasome	Pathway
Pathway::PC7_4038	GMCSF-mediated signaling events	Pathway
Pathway::PC7_4042	GP1b-IX-V activation signalling	Pathway
Pathway::PC7_4043	GPCR downstream signaling	Pathway
Pathway::PC7_4044	GPCR ligand binding	Pathway
Pathway::PC7_4053	GPVI-mediated activation cascade	Pathway
Pathway::PC7_4061	GRB2 events in EGFR signaling	Pathway
Pathway::PC7_4062	GRB2 events in ERBB2 signaling	Pathway
Pathway::PC7_4063	GRB2:SOS provides linkage to MAPK signaling for Integrins	Pathway
Pathway::PC7_4064	GRB7 events in ERBB2 signaling	Pathway
Pathway::PC7_4085	GTP hydrolysis and joining of the 60S ribosomal subunit	Pathway
Pathway::PC7_4093	Galactose catabolism	Pathway
Pathway::PC7_4099	Gamma-carboxylation of protein precursors	Pathway
Pathway::PC7_4100	Gamma-carboxylation, transport, and amino-terminal cleavage of proteins	Pathway
Pathway::PC7_4101	Gap junction assembly	Pathway
Pathway::PC7_4102	Gap junction degradation	Pathway
Pathway::PC7_4103	Gap junction trafficking	Pathway
Pathway::PC7_4104	Gap junction trafficking and regulation	Pathway
Pathway::PC7_4105	Gap-filling DNA repair synthesis and ligation in GG-NER	Pathway
Pathway::PC7_4107	Gastrin-CREB signalling pathway via PKC and MAPK	Pathway
Pathway::PC7_4112	Gene Expression	Pathway
Pathway::PC7_4115	Generation of second messenger molecules	Pathway
Pathway::PC7_4116	Generic Transcription Pathway	Pathway
Pathway::PC7_4156	Global Genomic NER (GG-NER)	Pathway
Pathway::PC7_4157	Glucagon signaling in metabolic regulation	Pathway
Pathway::PC7_4158	Glucagon-like Peptide-1 (GLP1) regulates insulin secretion	Pathway
Pathway::PC7_4159	Glucagon-type ligand receptors	Pathway
Pathway::PC7_4160	Glucocorticoid biosynthesis	Pathway
Pathway::PC7_4161	Glucocorticoid receptor regulatory network	Pathway
Pathway::PC7_4162	Gluconeogenesis	Pathway
Pathway::PC7_4207	Glucose metabolism	Pathway
Pathway::PC7_4211	Glucose transport	Pathway
Pathway::PC7_4214	Glucuronidation	Pathway
Pathway::PC7_4215	Glutamate Binding, Activation of AMPA Receptors and Synaptic Plasticity	Pathway
Pathway::PC7_4216	Glutamate Neurotransmitter Release Cycle	Pathway
Pathway::PC7_4219	Glutathione conjugation	Pathway
Pathway::PC7_4258	Glutathione synthesis and recycling	Pathway
Pathway::PC7_4262	Glycerophospholipid biosynthesis	Pathway
Pathway::PC7_4265	Glycogen breakdown (glycogenolysis)	Pathway
Pathway::PC7_4267	Glycogen synthesis	Pathway
Pathway::PC7_4269	Glycolysis	Pathway
Pathway::PC7_4271	Glycoprotein hormones	Pathway
Pathway::PC7_4276	Glycosphingolipid metabolism	Pathway
Pathway::PC7_4283	Glyoxylate metabolism	Pathway
Pathway::PC7_4284	Glypican 1 network	Pathway
Pathway::PC7_4285	Glypican 2 network	Pathway
Pathway::PC7_4286	Glypican 3 network	Pathway
Pathway::PC7_4287	Glypican pathway	Pathway
Pathway::PC7_4300	Golgi Associated Vesicle Biogenesis	Pathway
Pathway::PC7_4301	Golgi Cisternae Pericentriolar Stack Reorganization	Pathway
Pathway::PC7_4306	Growth hormone receptor signaling	Pathway
Pathway::PC7_4308	HATs acetylate histones	Pathway
Pathway::PC7_4318	HCN channels	Pathway
Pathway::PC7_4334	HDACs deacetylate histones	Pathway
Pathway::PC7_4335	HDL-mediated lipid transport	Pathway
Pathway::PC7_4336	HDMs demethylate histones	Pathway
Pathway::PC7_4340	HIF-1-alpha transcription factor network	Pathway
Pathway::PC7_4341	HIF-2-alpha transcription factor network	Pathway
Pathway::PC7_4365	HIV Infection	Pathway
Pathway::PC7_4366	HIV Life Cycle	Pathway
Pathway::PC7_4368	HIV Transcription Initiation	Pathway
Pathway::PC7_4370	HIV-1 Nef: Negative effector of Fas and TNF-alpha	Pathway
Pathway::PC7_4414	HS-GAG biosynthesis	Pathway
Pathway::PC7_4415	HS-GAG degradation	Pathway
Pathway::PC7_4416	HSF1 activation	Pathway
Pathway::PC7_4417	HSF1-dependent transactivation	Pathway
Pathway::PC7_4438	Hedgehog 'off' state	Pathway
Pathway::PC7_4439	Hedgehog ligand biogenesis	Pathway
Pathway::PC7_4440	Hedgehog signaling events mediated by Gli proteins	Pathway
Pathway::PC7_4443	Heme biosynthesis	Pathway
Pathway::PC7_4444	Heme degradation	Pathway
Pathway::PC7_4449	Hemostasis	Pathway
Pathway::PC7_4451	Heparan sulfate/heparin (HS-GAG) metabolism	Pathway
Pathway::PC7_4466	Hexose uptake	Pathway
Pathway::PC7_4467	Hh ligand biogenesis disease	Pathway
Pathway::PC7_4468	Highly calcium permeable nicotinic acetylcholine receptors	Pathway
Pathway::PC7_4469	Highly calcium permeable postsynaptic nicotinic acetylcholine receptors	Pathway
Pathway::PC7_4470	Highly sodium permeable acetylcholine nicotinic receptors	Pathway
Pathway::PC7_4480	Histamine receptors	Pathway
Pathway::PC7_4482	Histidine catabolism	Pathway
Pathway::PC7_4487	Homologous DNA pairing and strand exchange	Pathway
Pathway::PC7_4488	Homologous Recombination Repair	Pathway
Pathway::PC7_4490	Hormone ligand-binding receptors	Pathway
Pathway::PC7_4491	Hormone-sensitive lipase (HSL)-mediated triacylglycerol hydrolysis	Pathway
Pathway::PC7_4492	Host Interactions of HIV factors	Pathway
Pathway::PC7_4493	Host Interactions with Influenza Factors	Pathway
Pathway::PC7_4494	HuR stabilizes mRNA	Pathway
Pathway::PC7_4496	Hyaluronan biosynthesis and export	Pathway
Pathway::PC7_4497	Hyaluronan metabolism	Pathway
Pathway::PC7_4498	Hyaluronan uptake and degradation	Pathway
Pathway::PC7_4530	Hydrolysis of LPC	Pathway
Pathway::PC7_4531	Hydrolysis of LPE	Pathway
Pathway::PC7_4532	Hydroxycarboxylic acid-binding receptors	Pathway
Pathway::PC7_4540	Hypoxic and oxygen homeostasis regulation of HIF-1-alpha	Pathway
Pathway::PC7_4541	Hypusinylation	Pathway
Pathway::PC7_4556	IFN-gamma pathway	Pathway
Pathway::PC7_4574	IGF1 pathway	Pathway
Pathway::PC7_4583	IGF1R signaling cascade	Pathway
Pathway::PC7_4587	IKK complex recruitment mediated by RIP1	Pathway
Pathway::PC7_4588	IL1-mediated signaling events	Pathway
Pathway::PC7_4593	IL12 signaling mediated by STAT4	Pathway
Pathway::PC7_4594	IL12-mediated signaling events	Pathway
Pathway::PC7_4611	IL2 signaling events mediated by PI3K	Pathway
Pathway::PC7_4612	IL2 signaling events mediated by STAT5	Pathway
Pathway::PC7_4613	IL2-mediated signaling events	Pathway
Pathway::PC7_4614	IL23-mediated signaling events	Pathway
Pathway::PC7_4618	IL27-mediated signaling events	Pathway
Pathway::PC7_4619	IL3-mediated signaling events	Pathway
Pathway::PC7_4627	IL4-mediated signaling events	Pathway
Pathway::PC7_4628	IL5-mediated signaling events	Pathway
Pathway::PC7_4637	IL6-mediated signaling events	Pathway
Pathway::PC7_4638	IL8- and CXCR1-mediated signaling events	Pathway
Pathway::PC7_4639	IL8- and CXCR2-mediated signaling events	Pathway
Pathway::PC7_4653	IRAK1 recruits IKK complex	Pathway
Pathway::PC7_4655	IRAK2 mediated activation of TAK1 complex	Pathway
Pathway::PC7_4657	IRE1alpha activates chaperones	Pathway
Pathway::PC7_4658	IRF3 mediated activation of type 1 IFN	Pathway
Pathway::PC7_4660	IRF3-mediated induction of type I IFN	Pathway
Pathway::PC7_4661	IRS activation	Pathway
Pathway::PC7_4662	IRS-mediated signalling	Pathway
Pathway::PC7_4663	IRS-related events	Pathway
Pathway::PC7_4664	IRS-related events triggered by IGF1R	Pathway
Pathway::PC7_4688	Immune System	Pathway
Pathway::PC7_4689	Immunoregulatory interactions between a Lymphoid and a non-Lymphoid cell	Pathway
Pathway::PC7_4690	Import of palmitoyl-CoA into the mitochondrial matrix	Pathway
Pathway::PC7_4691	Inactivation of APC/C via direct inhibition of the APC/C complex	Pathway
Pathway::PC7_4692	Inactivation of Cdc42 and Rac	Pathway
Pathway::PC7_4693	Inactivation, recovery and regulation of the phototransduction cascade	Pathway
Pathway::PC7_4694	Incretin synthesis, secretion, and inactivation	Pathway
Pathway::PC7_4725	Inflammasomes	Pathway
Pathway::PC7_4727	Influenza Infection	Pathway
Pathway::PC7_4728	Influenza Life Cycle	Pathway
Pathway::PC7_4729	Influenza Viral RNA Transcription and Replication	Pathway
Pathway::PC7_4730	Influenza Virus Induced Apoptosis	Pathway
Pathway::PC7_4731	Inhibition of HSL	Pathway
Pathway::PC7_4732	Inhibition of Host mRNA Processing and RNA Silencing	Pathway
Pathway::PC7_4734	Inhibition of TSC complex formation by PKB	Pathway
Pathway::PC7_4736	Inhibition of replication initiation of damaged DNA by RB1/E2F1	Pathway
Pathway::PC7_4739	Initial triggering of complement	Pathway
Pathway::PC7_4740	Initiation of Nuclear Envelope Reformation	Pathway
Pathway::PC7_4741	Innate Immune System	Pathway
Pathway::PC7_4742	Inositol phosphate metabolism	Pathway
Pathway::PC7_4744	Inositol transporters	Pathway
Pathway::PC7_4745	Insulin Pathway	Pathway
Pathway::PC7_4746	Insulin effects increased synthesis of Xylulose-5-Phosphate	Pathway
Pathway::PC7_4747	Insulin processing	Pathway
Pathway::PC7_4748	Insulin receptor recycling	Pathway
Pathway::PC7_4749	Insulin receptor signalling cascade	Pathway
Pathway::PC7_4750	Insulin-like Growth Factor-2 mRNA Binding Proteins (IGF2BPs/IMPs/VICKZs) bind RNA	Pathway
Pathway::PC7_4751	Insulin-mediated glucose transport	Pathway
Pathway::PC7_4754	Integration of energy metabolism	Pathway
Pathway::PC7_4755	Integration of provirus	Pathway
Pathway::PC7_4757	Integrin alphaIIb beta3 signaling	Pathway
Pathway::PC7_4758	Integrin cell surface interactions	Pathway
Pathway::PC7_4759	Integrin family cell surface interactions	Pathway
Pathway::PC7_4761	Integrin-linked kinase signaling	Pathway
Pathway::PC7_4762	Integrins in angiogenesis	Pathway
Pathway::PC7_4764	Interaction With The Zona Pellucida	Pathway
Pathway::PC7_4765	Interaction between L1 and Ankyrins	Pathway
Pathway::PC7_4766	Interactions of Rev with host cellular proteins	Pathway
Pathway::PC7_4767	Interactions of Tat with host cellular proteins	Pathway
Pathway::PC7_4768	Interactions of Vpr with host cellular proteins	Pathway
Pathway::PC7_4769	Interconversion of 2-oxoglutarate and 2-hydroxyglutarate	Pathway
Pathway::PC7_4770	Interconversion of polyamines	Pathway
Pathway::PC7_4771	Interferon Signaling	Pathway
Pathway::PC7_4772	Interferon alpha/beta signaling	Pathway
Pathway::PC7_4773	Interferon gamma signaling	Pathway
Pathway::PC7_4775	Interleukin receptor SHC signaling	Pathway
Pathway::PC7_4777	Interleukin-1 processing	Pathway
Pathway::PC7_4778	Interleukin-1 signaling	Pathway
Pathway::PC7_4779	Interleukin-2 signaling	Pathway
Pathway::PC7_4780	Interleukin-3, 5 and GM-CSF signaling	Pathway
Pathway::PC7_4781	Interleukin-6 signaling	Pathway
Pathway::PC7_4782	Interleukin-7 signaling	Pathway
Pathway::PC7_4783	Internalization of ErbB1	Pathway
Pathway::PC7_4784	Intrinsic Pathway	Pathway
Pathway::PC7_4785	Intrinsic Pathway for Apoptosis	Pathway
Pathway::PC7_4786	Inwardly rectifying K+ channels	Pathway
Pathway::PC7_4791	Ion channel transport	Pathway
Pathway::PC7_4792	Ion transport by P-type ATPases	Pathway
Pathway::PC7_4806	Iron uptake and transport	Pathway
Pathway::PC7_4819	JNK (c-Jun kinases) phosphorylation and activation mediated by activated human TAK1	Pathway
Pathway::PC7_4820	JNK signaling in the CD4+ TCR pathway	Pathway
Pathway::PC7_4862	KSRP destabilizes mRNA	Pathway
Pathway::PC7_4874	Keratan sulfate biosynthesis	Pathway
Pathway::PC7_4875	Keratan sulfate degradation	Pathway
Pathway::PC7_4876	Keratan sulfate/keratin metabolism	Pathway
Pathway::PC7_4884	Ketone body catabolism	Pathway
Pathway::PC7_4887	Kinesins	Pathway
Pathway::PC7_4888	Klotho-mediated ligand binding	Pathway
Pathway::PC7_4917	L1CAM interactions	Pathway
Pathway::PC7_4921	LDL endocytosis	Pathway
Pathway::PC7_4938	LKB1 signaling events	Pathway
Pathway::PC7_4940	LPA receptor mediated events	Pathway
Pathway::PC7_4941	LPA4-mediated signaling events	Pathway
Pathway::PC7_4945	LRR FLII-interacting protein 1 (LRRFIP1) activates type I IFN production	Pathway
Pathway::PC7_4946	Lagging Strand Synthesis	Pathway
Pathway::PC7_4947	Laminin interactions	Pathway
Pathway::PC7_4948	Late Phase of HIV Life Cycle	Pathway
Pathway::PC7_4949	Latent infection of Homo sapiens with Mycobacterium tuberculosis	Pathway
Pathway::PC7_4951	Leading Strand Synthesis	Pathway
Pathway::PC7_4952	Lectin pathway of complement activation	Pathway
Pathway::PC7_4961	Leukotriene receptors	Pathway
Pathway::PC7_4965	Ligand-gated ion channel transport	Pathway
Pathway::PC7_4968	Linoleic acid (LA) metabolism	Pathway
Pathway::PC7_4970	Lipid and lipoprotein metabolism	Pathway
Pathway::PC7_4992	Lipoprotein metabolism	Pathway
Pathway::PC7_4994	Lissencephaly gene (LIS1) in neuronal migration and development	Pathway
Pathway::PC7_5016	Localization of the PINCH-ILK-PARVIN complex to focal adhesions	Pathway
Pathway::PC7_5024	Loss of Function of FBXW7 in Cancer and NOTCH1 Signaling	Pathway
Pathway::PC7_5025	Loss of Function of SMAD2/3 in Cancer	Pathway
Pathway::PC7_5029	Loss of Nlp from mitotic centrosomes	Pathway
Pathway::PC7_5045	Lysine catabolism	Pathway
Pathway::PC7_5047	Lysosome Vesicle Biogenesis	Pathway
Pathway::PC7_5048	Lysosphingolipid and LPA receptors	Pathway
Pathway::PC7_5049	M Phase	Pathway
Pathway::PC7_5051	MAP kinase activation in TLR cascade	Pathway
Pathway::PC7_5078	MAPK targets/ Nuclear events mediated by MAP kinases	Pathway
Pathway::PC7_5124	MASTL Facilitates Mitotic Progression	Pathway
Pathway::PC7_5139	MEK activation	Pathway
Pathway::PC7_5157	MHC class II antigen presentation	Pathway
Pathway::PC7_5188	MMR	Pathway
Pathway::PC7_5271	Meiosis	Pathway
Pathway::PC7_5272	Meiotic recombination	Pathway
Pathway::PC7_5273	Meiotic synapsis	Pathway
Pathway::PC7_5307	Membrane Trafficking	Pathway
Pathway::PC7_5308	Membrane binding and targetting of GAG proteins	Pathway
Pathway::PC7_5322	Metabolism	Pathway
Pathway::PC7_5323	Metabolism of Angiotensinogen to Angiotensins	Pathway
Pathway::PC7_5324	Metabolism of RNA	Pathway
Pathway::PC7_5325	Metabolism of folate and pterines	Pathway
Pathway::PC7_5326	Metabolism of lipids and lipoproteins	Pathway
Pathway::PC7_5327	Metabolism of mRNA	Pathway
Pathway::PC7_5328	Metabolism of nitric oxide	Pathway
Pathway::PC7_5329	Metabolism of polyamines	Pathway
Pathway::PC7_5330	Metabolism of proteins	Pathway
Pathway::PC7_5332	Metabolism of steroid hormones and vitamin D	Pathway
Pathway::PC7_5339	Metal ion SLC transporters	Pathway
Pathway::PC7_5360	Methionine salvage pathway	Pathway
Pathway::PC7_5373	Methylation	Pathway
Pathway::PC7_5444	MicroRNA (miRNA) biogenesis	Pathway
Pathway::PC7_5504	Mineralocorticoid biosynthesis	Pathway
Pathway::PC7_5508	Miscellaneous substrates	Pathway
Pathway::PC7_5509	Mismatch repair (MMR) directed by MSH2:MSH3 (MutSbeta)	Pathway
Pathway::PC7_5510	Mismatch repair (MMR) directed by MSH2:MSH6 (MutSalpha)	Pathway
Pathway::PC7_5512	Mitochondrial ABC transporters	Pathway
Pathway::PC7_5513	Mitochondrial Fatty Acid Beta-Oxidation	Pathway
Pathway::PC7_5514	Mitochondrial Uncoupling Proteins	Pathway
Pathway::PC7_5515	Mitochondrial biogenesis	Pathway
Pathway::PC7_5516	Mitochondrial iron-sulfur cluster biogenesis	Pathway
Pathway::PC7_5517	Mitochondrial protein import	Pathway
Pathway::PC7_5518	Mitochondrial tRNA aminoacylation	Pathway
Pathway::PC7_5519	Mitochondrial transcription initiation	Pathway
Pathway::PC7_5521	Mitochondrial translation	Pathway
Pathway::PC7_5522	Mitochondrial translation elongation	Pathway
Pathway::PC7_5523	Mitochondrial translation initiation	Pathway
Pathway::PC7_5524	Mitochondrial translation termination	Pathway
Pathway::PC7_5527	Mitotic Anaphase	Pathway
Pathway::PC7_5528	Mitotic G1-G1/S phases	Pathway
Pathway::PC7_5529	Mitotic G2-G2/M phases	Pathway
Pathway::PC7_5530	Mitotic M-M/G1 phases	Pathway
Pathway::PC7_5531	Mitotic Metaphase and Anaphase	Pathway
Pathway::PC7_5532	Mitotic Metaphase/Anaphase Transition	Pathway
Pathway::PC7_5533	Mitotic Prometaphase	Pathway
Pathway::PC7_5534	Mitotic Prophase	Pathway
Pathway::PC7_5535	Mitotic Spindle Checkpoint	Pathway
Pathway::PC7_5537	Molecules associated with elastic fibres	Pathway
Pathway::PC7_5538	Molybdenum cofactor biosynthesis	Pathway
Pathway::PC7_5546	Multifunctional anion exchangers	Pathway
Pathway::PC7_5550	Muscarinic acetylcholine receptors	Pathway
Pathway::PC7_5551	Muscle contraction	Pathway
Pathway::PC7_5558	MyD88 cascade initiated on plasma membrane	Pathway
Pathway::PC7_5559	MyD88 dependent cascade initiated on endosome	Pathway
Pathway::PC7_5560	MyD88-independent cascade	Pathway
Pathway::PC7_5561	MyD88:Mal cascade initiated on plasma membrane	Pathway
Pathway::PC7_5665	N-Glycan antennae elongation	Pathway
Pathway::PC7_5673	N-cadherin signaling events	Pathway
Pathway::PC7_5678	N-glycan antennae elongation in the medial/trans-Golgi	Pathway
Pathway::PC7_5679	N-glycan trimming and elongation in the cis-Golgi	Pathway
Pathway::PC7_5680	N-glycan trimming in the ER and Calnexin/Calreticulin cycle	Pathway
Pathway::PC7_5689	NADE modulates death signalling	Pathway
Pathway::PC7_5697	NCAM signaling for neurite out-growth	Pathway
Pathway::PC7_5698	NCAM1 interactions	Pathway
Pathway::PC7_5707	NEP/NS2 Interacts with the Cellular Export Machinery	Pathway
Pathway::PC7_5708	NF-kB activation through FADD/RIP-1 pathway mediated by caspase-8 and -10	Pathway
Pathway::PC7_5709	NF-kB is activated and signals survival	Pathway
Pathway::PC7_5749	NFG and proNGF binds to p75NTR	Pathway
Pathway::PC7_5769	NGF processing	Pathway
Pathway::PC7_5772	NGF signalling via TRKA from the plasma membrane	Pathway
Pathway::PC7_5773	NGF-independant TRKA activation	Pathway
Pathway::PC7_5776	NICD traffics to nucleus	Pathway
Pathway::PC7_5779	NOD1/2 Signaling Pathway	Pathway
Pathway::PC7_5781	NOSIP mediated eNOS trafficking	Pathway
Pathway::PC7_5782	NOSTRIN mediated eNOS trafficking	Pathway
Pathway::PC7_5783	NOTCH1 Intracellular Domain Regulates Transcription	Pathway
Pathway::PC7_5788	NOTCH2 Activation and Transmission of Signal to the Nucleus	Pathway
Pathway::PC7_5789	NOTCH2 intracellular domain regulates transcription	Pathway
Pathway::PC7_5825	NRAGE signals death through JNK	Pathway
Pathway::PC7_5835	NRIF signals cell death from the nucleus	Pathway
Pathway::PC7_5837	NS1 Mediated Effects on Host Pathways	Pathway
Pathway::PC7_5847	Na+-dependent glucose transporters	Pathway
Pathway::PC7_5848	Na+/Cl- dependent neurotransmitter transporters	Pathway
Pathway::PC7_5867	Nectin adhesion pathway	Pathway
Pathway::PC7_5868	Nectin/Necl trans heterodimerization	Pathway
Pathway::PC7_5869	Nef Mediated CD4 Down-regulation	Pathway
Pathway::PC7_5870	Nef Mediated CD8 Down-regulation	Pathway
Pathway::PC7_5871	Nef and signal transduction	Pathway
Pathway::PC7_5872	Nef mediated downregulation of CD28 cell surface expression	Pathway
Pathway::PC7_5873	Nef mediated downregulation of MHC class I complex cell surface expression	Pathway
Pathway::PC7_5874	Nef-mediates down modulation of cell surface receptors by recruiting them to clathrin adapters	Pathway
Pathway::PC7_5875	Negative epigenetic regulation of rRNA expression	Pathway
Pathway::PC7_5876	Negative regulation of FGFR signaling	Pathway
Pathway::PC7_5877	Negative regulation of the PI3K/AKT network	Pathway
Pathway::PC7_5878	Negative regulators of RIG-I/MDA5 signaling	Pathway
Pathway::PC7_5881	Nephrin interactions	Pathway
Pathway::PC7_5882	Nephrin/Neph1 signaling in the kidney podocyte	Pathway
Pathway::PC7_5883	Netrin mediated repulsion signals	Pathway
Pathway::PC7_5884	Netrin-1 signaling	Pathway
Pathway::PC7_5885	Netrin-mediated signaling events	Pathway
Pathway::PC7_5886	Neurofascin interactions	Pathway
Pathway::PC7_5887	Neuronal System	Pathway
Pathway::PC7_5888	Neurophilin interactions with VEGF and VEGFR	Pathway
Pathway::PC7_5889	Neurotransmitter Clearance In The Synaptic Cleft	Pathway
Pathway::PC7_5890	Neurotransmitter Receptor Binding And Downstream Transmission In The Postsynaptic Cell	Pathway
Pathway::PC7_5891	Neurotransmitter Release Cycle	Pathway
Pathway::PC7_5893	Neurotrophic factor-mediated Trk receptor signaling	Pathway
Pathway::PC7_5907	Nicotinamide salvaging	Pathway
Pathway::PC7_5909	Nicotinate metabolism	Pathway
Pathway::PC7_5948	Nitric oxide stimulates guanylate cyclase	Pathway
Pathway::PC7_5966	NoRC negatively regulates rRNA expression	Pathway
Pathway::PC7_5967	Non-coding RNA Metabolism	Pathway
Pathway::PC7_5968	Non-integrin membrane-ECM interactions	Pathway
Pathway::PC7_5969	Noncanonical Wnt signaling pathway	Pathway
Pathway::PC7_5970	Nongenotropic Androgen signaling	Pathway
Pathway::PC7_5971	Nonhomologous End-joining (NHEJ)	Pathway
Pathway::PC7_5972	Nonsense Mediated Decay (NMD) enhanced by the Exon Junction Complex (EJC)	Pathway
Pathway::PC7_5973	Nonsense Mediated Decay (NMD) independent of the Exon Junction Complex (EJC)	Pathway
Pathway::PC7_5975	Norepinephrine Neurotransmitter Release Cycle	Pathway
Pathway::PC7_5981	Notch signaling pathway	Pathway
Pathway::PC7_5983	Notch-mediated HES/HEY network	Pathway
Pathway::PC7_5984	NrCAM interactions	Pathway
Pathway::PC7_5985	Nuclear Envelope Breakdown	Pathway
Pathway::PC7_5987	Nuclear Events (kinase and transcription factor activation)	Pathway
Pathway::PC7_5988	Nuclear Pore Complex (NPC) Disassembly	Pathway
Pathway::PC7_5989	Nuclear Receptor transcription pathway	Pathway
Pathway::PC7_5990	Nuclear import of Rev protein	Pathway
Pathway::PC7_5991	Nuclear signaling by ERBB4	Pathway
Pathway::PC7_5993	Nucleotide Excision Repair	Pathway
Pathway::PC7_5994	Nucleotide metabolism	Pathway
Pathway::PC7_5995	Nucleotide-binding domain, leucine rich repeat containing receptor (NLR) signaling pathways	Pathway
Pathway::PC7_5996	Nucleotide-like (purinergic) receptors	Pathway
Pathway::PC7_5999	O-glycosylation of TSR domain-containing proteins	Pathway
Pathway::PC7_6000	O-linked glycosylation	Pathway
Pathway::PC7_6001	O-linked glycosylation of mucins	Pathway
Pathway::PC7_6044	Olfactory Signaling Pathway	Pathway
Pathway::PC7_6045	Oligomerization of connexins into connexons	Pathway
Pathway::PC7_6047	Oncogene Induced Senescence	Pathway
Pathway::PC7_6050	Opioid Signalling	Pathway
Pathway::PC7_6053	Opsins	Pathway
Pathway::PC7_6054	Orc1 removal from chromatin	Pathway
Pathway::PC7_6055	Orexin and neuropeptides FF and QRFP bind to their respective receptors	Pathway
Pathway::PC7_6057	Organelle biogenesis and maintenance	Pathway
Pathway::PC7_6058	Organic anion transport	Pathway
Pathway::PC7_6059	Organic anion transporters	Pathway
Pathway::PC7_6060	Organic cation transport	Pathway
Pathway::PC7_6061	Organic cation/anion/zwitterion transport	Pathway
Pathway::PC7_6065	Orphan transporters	Pathway
Pathway::PC7_6066	Osteopontin-mediated events	Pathway
Pathway::PC7_6067	Other semaphorin interactions	Pathway
Pathway::PC7_6072	Oxidative Stress Induced Senescence	Pathway
Pathway::PC7_6073	Oxidative demethylation of DNA	Pathway
Pathway::PC7_6085	Oxygen-dependent asparagine hydroxylation of Hypoxia-inducible Factor Alpha	Pathway
Pathway::PC7_6086	Oxygen-dependent proline hydroxylation of Hypoxia-inducible Factor Alpha	Pathway
Pathway::PC7_6094	P2Y receptors	Pathway
Pathway::PC7_6097	PAOs oxidise polyamines to amines	Pathway
Pathway::PC7_6098	PAR1-mediated thrombin signaling events	Pathway
Pathway::PC7_6099	PAR4-mediated thrombin signaling events	Pathway
Pathway::PC7_610	2-LTR circle formation	Pathway
Pathway::PC7_6108	PCP/CE pathway	Pathway
Pathway::PC7_6128	PD-1 signaling	Pathway
Pathway::PC7_6135	PDGF receptor signaling network	Pathway
Pathway::PC7_6140	PDGFR-alpha signaling pathway	Pathway
Pathway::PC7_6141	PDGFR-beta signaling pathway	Pathway
Pathway::PC7_6142	PECAM1 interactions	Pathway
Pathway::PC7_6143	PERK regulates gene expression	Pathway
Pathway::PC7_6147	PI Metabolism	Pathway
Pathway::PC7_6149	PI-3K cascade	Pathway
Pathway::PC7_6153	PI3K Cascade	Pathway
Pathway::PC7_6157	PI3K/AKT activation	Pathway
Pathway::PC7_6171	PKA activation	Pathway
Pathway::PC7_6172	PKA activation in glucagon signalling	Pathway
Pathway::PC7_6173	PKA-mediated phosphorylation of CREB	Pathway
Pathway::PC7_6174	PKA-mediated phosphorylation of key metabolic factors	Pathway
Pathway::PC7_6175	PKB-mediated events	Pathway
Pathway::PC7_6177	PLC beta mediated events	Pathway
Pathway::PC7_6178	PLC-gamma1 signalling	Pathway
Pathway::PC7_6180	PLCG1 events in ERBB2 signaling	Pathway
Pathway::PC7_6189	PLK1 signaling events	Pathway
Pathway::PC7_6190	PLK2 and PLK4 events	Pathway
Pathway::PC7_6191	PLK3 signaling events	Pathway
Pathway::PC7_6200	POU5F1 (OCT4), SOX2, NANOG activate genes related to proliferation	Pathway
Pathway::PC7_6201	POU5F1 (OCT4), SOX2, NANOG repress genes related to differentiation	Pathway
Pathway::PC7_6202	PP2A-mediated dephosphorylation of key metabolic factors	Pathway
Pathway::PC7_6203	PPARA activates gene expression	Pathway
Pathway::PC7_6233	PRC2 methylates histones and DNA	Pathway
Pathway::PC7_6269	PRPP biosynthesis	Pathway
Pathway::PC7_6310	PTM: gamma carboxylation, hypusine formation and arylsulfatase activation	Pathway
Pathway::PC7_6315	Packaging Of Telomere Ends	Pathway
Pathway::PC7_6373	Passive transport by Aquaporins	Pathway
Pathway::PC7_6375	Pausing and recovery of Tat-mediated HIV elongation	Pathway
Pathway::PC7_6393	Peptide chain elongation	Pathway
Pathway::PC7_6394	Peptide hormone biosynthesis	Pathway
Pathway::PC7_6395	Peptide hormone metabolism	Pathway
Pathway::PC7_6396	Peptide ligand-binding receptors	Pathway
Pathway::PC7_6403	Peroxisomal lipid metabolism	Pathway
Pathway::PC7_6432	Phase 1 - Functionalization of compounds	Pathway
Pathway::PC7_6433	Phase II conjugation	Pathway
Pathway::PC7_6443	Phenylalanine and tyrosine catabolism	Pathway
Pathway::PC7_6455	Phosphate bond hydrolysis by NUDT proteins	Pathway
Pathway::PC7_6461	Phospholipase C-mediated cascade	Pathway
Pathway::PC7_6462	Phospholipid metabolism	Pathway
Pathway::PC7_6463	Phosphorylation of CD3 and TCR zeta chains	Pathway
Pathway::PC7_6464	Phosphorylation of Emi1	Pathway
Pathway::PC7_6465	Phosphorylation of proteins involved in G1/S transition by active Cyclin E:Cdk2 complexes	Pathway
Pathway::PC7_6466	Phosphorylation of proteins involved in the G2/M transition by Cyclin A:Cdc2 complexes	Pathway
Pathway::PC7_6467	Phosphorylation of the APC/C	Pathway
Pathway::PC7_6507	Plasma membrane estrogen receptor signaling	Pathway
Pathway::PC7_6508	Plasmalogen biosynthesis	Pathway
Pathway::PC7_6510	Platelet Adhesion to exposed collagen	Pathway
Pathway::PC7_6511	Platelet Aggregation (Plug Formation)	Pathway
Pathway::PC7_6512	Platelet activation, signaling and aggregation	Pathway
Pathway::PC7_6513	Platelet calcium homeostasis	Pathway
Pathway::PC7_6514	Platelet degranulation	Pathway
Pathway::PC7_6515	Platelet homeostasis	Pathway
Pathway::PC7_6516	Platelet sensitization by LDL	Pathway
Pathway::PC7_6517	Plexin-D1 Signaling	Pathway
Pathway::PC7_6519	Polo-like kinase mediated events	Pathway
Pathway::PC7_6520	Polo-like kinase signaling events in the cell cycle	Pathway
Pathway::PC7_6532	Porphyrin metabolism	Pathway
Pathway::PC7_6533	Post NMDA receptor activation events	Pathway
Pathway::PC7_6534	Post-Elongation Processing of Intron-Containing pre-mRNA	Pathway
Pathway::PC7_6535	Post-Elongation Processing of Intronless pre-mRNA	Pathway
Pathway::PC7_6537	Post-chaperonin tubulin folding pathway	Pathway
Pathway::PC7_6538	Post-transcriptional silencing by small RNAs	Pathway
Pathway::PC7_6539	Post-translational modification: synthesis of GPI-anchored proteins	Pathway
Pathway::PC7_6540	Post-translational protein modification	Pathway
Pathway::PC7_6542	Posttranslational regulation of adherens junction stability and dissassembly	Pathway
Pathway::PC7_6543	Potassium Channels	Pathway
Pathway::PC7_6555	Potassium transport channels	Pathway
Pathway::PC7_6561	Pre-NOTCH Expression and Processing	Pathway
Pathway::PC7_6562	Pre-NOTCH Processing in Golgi	Pathway
Pathway::PC7_6563	Pre-NOTCH Processing in the Endoplasmic Reticulum	Pathway
Pathway::PC7_6564	Pre-NOTCH Transcription and Translation	Pathway
Pathway::PC7_6566	Prefoldin mediated transfer of substrate to CCT/TriC	Pathway
Pathway::PC7_6567	Pregnenolone biosynthesis	Pathway
Pathway::PC7_6569	Presenilin action in Notch and Wnt signaling	Pathway
Pathway::PC7_6570	Presynaptic function of Kainate receptors	Pathway
Pathway::PC7_6571	Presynaptic nicotinic acetylcholine receptors	Pathway
Pathway::PC7_6572	Presynaptic phase of homologous DNA pairing and strand exchange	Pathway
Pathway::PC7_6588	Processing and activation of SUMO	Pathway
Pathway::PC7_6589	Processing of Capped Intron-Containing Pre-mRNA	Pathway
Pathway::PC7_6591	Processing of DNA double-strand break ends	Pathway
Pathway::PC7_6592	Processing of DNA ends prior to end rejoining	Pathway
Pathway::PC7_6593	Processing of Intronless Pre-mRNAs	Pathway
Pathway::PC7_6595	Processive synthesis on the C-strand of the telomere	Pathway
Pathway::PC7_6596	Processive synthesis on the lagging strand	Pathway
Pathway::PC7_6615	Progressive trimming of alpha-1,2-linked mannose residues from Man9/8/7GlcNAc2 to produce Man5GlcNAc2	Pathway
Pathway::PC7_6616	Prolactin receptor signaling	Pathway
Pathway::PC7_6617	Proline catabolism	Pathway
Pathway::PC7_6618	Prolonged ERK activation events	Pathway
Pathway::PC7_6620	Propionyl-CoA catabolism	Pathway
Pathway::PC7_6638	Prostacyclin signalling through prostacyclin receptor	Pathway
Pathway::PC7_6640	Prostanoid ligand receptors	Pathway
Pathway::PC7_6642	Protein folding	Pathway
Pathway::PC7_6643	Proteoglycan syndecan-mediated signaling events	Pathway
Pathway::PC7_6644	Proton-coupled monocarboxylate transport	Pathway
Pathway::PC7_6645	Proton-coupled neutral amino acid transporters	Pathway
Pathway::PC7_6646	Proton/oligonucleotide cotransporters	Pathway
Pathway::PC7_6649	Purine catabolism	Pathway
Pathway::PC7_6652	Purine metabolism	Pathway
Pathway::PC7_6653	Purine ribonucleoside monophosphate biosynthesis	Pathway
Pathway::PC7_6654	Purine salvage	Pathway
Pathway::PC7_6660	Pyrimidine biosynthesis	Pathway
Pathway::PC7_6661	Pyrimidine catabolism	Pathway
Pathway::PC7_6663	Pyrimidine metabolism	Pathway
Pathway::PC7_6664	Pyrimidine salvage reactions	Pathway
Pathway::PC7_6666	Pyrophosphate hydrolysis	Pathway
Pathway::PC7_6669	Pyruvate metabolism	Pathway
Pathway::PC7_6670	Pyruvate metabolism and Citric Acid (TCA) cycle	Pathway
Pathway::PC7_6740	RAC1 signaling pathway	Pathway
Pathway::PC7_6745	RAF activation	Pathway
Pathway::PC7_6747	RAF/MAP kinase cascade	Pathway
Pathway::PC7_6777	REV-ERBA represses gene expression	Pathway
Pathway::PC7_6786	RIG-I/MDA5 mediated induction of IFN-alpha/beta pathways	Pathway
Pathway::PC7_6787	RIP-mediated NFkB activation via ZBP1	Pathway
Pathway::PC7_6788	RMTs methylate histone arginines	Pathway
Pathway::PC7_6789	RNA Pol II CTD phosphorylation and interaction with CE	Pathway
Pathway::PC7_6790	RNA Polymerase I Chain Elongation	Pathway
Pathway::PC7_6791	RNA Polymerase I Promoter Clearance	Pathway
Pathway::PC7_6792	RNA Polymerase I Promoter Escape	Pathway
Pathway::PC7_6793	RNA Polymerase I Promoter Opening	Pathway
Pathway::PC7_6794	RNA Polymerase I Transcription	Pathway
Pathway::PC7_6795	RNA Polymerase I Transcription Initiation	Pathway
Pathway::PC7_6796	RNA Polymerase I Transcription Termination	Pathway
Pathway::PC7_6797	RNA Polymerase I, RNA Polymerase III, and Mitochondrial Transcription	Pathway
Pathway::PC7_6799	RNA Polymerase II Pre-transcription Events	Pathway
Pathway::PC7_6801	RNA Polymerase II Transcription	Pathway
Pathway::PC7_6807	RNA Polymerase III Abortive And Retractive Initiation	Pathway
Pathway::PC7_6808	RNA Polymerase III Chain Elongation	Pathway
Pathway::PC7_6810	RNA Polymerase III Transcription Initiation	Pathway
Pathway::PC7_6811	RNA Polymerase III Transcription Initiation From Type 1 Promoter	Pathway
Pathway::PC7_6812	RNA Polymerase III Transcription Initiation From Type 2 Promoter	Pathway
Pathway::PC7_6813	RNA Polymerase III Transcription Initiation From Type 3 Promoter	Pathway
Pathway::PC7_6814	RNA Polymerase III Transcription Termination	Pathway
Pathway::PC7_6815	RNF mutants show enhanced WNT signaling and proliferation	Pathway
Pathway::PC7_6818	RORA activates circadian gene expression	Pathway
Pathway::PC7_6826	RSK activation	Pathway
Pathway::PC7_6828	RXR and RAR heterodimerization with other nuclear receptor	Pathway
Pathway::PC7_6848	Rap1 signalling	Pathway
Pathway::PC7_6849	Rapid glucocorticoid signaling	Pathway
Pathway::PC7_685	3' -UTR-mediated translational regulation	Pathway
Pathway::PC7_6852	Ras activation uopn Ca2+ infux through NMDA receptor	Pathway
Pathway::PC7_6853	Ras signaling in the CD4+ TCR pathway	Pathway
Pathway::PC7_6855	Reactions specific to the complex N-glycan synthesis pathway	Pathway
Pathway::PC7_6860	Receptor-ligand binding initiates the second proteolytic cleavage of Notch receptor	Pathway
Pathway::PC7_6863	Recruitment of NuMA to mitotic centrosomes	Pathway
Pathway::PC7_6865	Recruitment of repair and signaling proteins to double-strand breaks	Pathway
Pathway::PC7_6866	Recycling of bile acids and salts	Pathway
Pathway::PC7_6867	Recycling of eIF2:GDP	Pathway
Pathway::PC7_6868	Recycling pathway of L1	Pathway
Pathway::PC7_6869	Reduction of cytosolic Ca++ levels	Pathway
Pathway::PC7_6870	Reelin signaling pathway	Pathway
Pathway::PC7_6871	Regulated proteolysis of p75NTR	Pathway
Pathway::PC7_6874	Regulation of AMPK activity via LKB1	Pathway
Pathway::PC7_6875	Regulation of APC/C activators between G1/S and early anaphase	Pathway
Pathway::PC7_6876	Regulation of Androgen receptor activity	Pathway
Pathway::PC7_6877	Regulation of Apoptosis	Pathway
Pathway::PC7_6878	Regulation of CDC42 activity	Pathway
Pathway::PC7_6879	Regulation of Commissural axon pathfinding by Slit and Robo	Pathway
Pathway::PC7_6880	Regulation of Complement cascade	Pathway
Pathway::PC7_6881	Regulation of DNA replication	Pathway
Pathway::PC7_6882	Regulation of Glucokinase by Glucokinase Regulatory Protein	Pathway
Pathway::PC7_6883	Regulation of HSF1-mediated heat shock response	Pathway
Pathway::PC7_6885	Regulation of IFNA signaling	Pathway
Pathway::PC7_6886	Regulation of IFNG signaling	Pathway
Pathway::PC7_6887	Regulation of IGF Activity by IGFBP	Pathway
Pathway::PC7_6888	Regulation of KIT signaling	Pathway
Pathway::PC7_6890	Regulation of PLK1 Activity at G2/M Transition	Pathway
Pathway::PC7_6891	Regulation of RAC1 activity	Pathway
Pathway::PC7_6892	Regulation of Ras family activation	Pathway
Pathway::PC7_6893	Regulation of Rheb GTPase activity by AMPK	Pathway
Pathway::PC7_6894	Regulation of RhoA activity	Pathway
Pathway::PC7_6895	Regulation of Telomerase	Pathway
Pathway::PC7_6896	Regulation of actin dynamics for phagocytic cup formation	Pathway
Pathway::PC7_6897	Regulation of activated PAK-2p34 by proteasome mediated degradation	Pathway
Pathway::PC7_6898	Regulation of beta-cell development	Pathway
Pathway::PC7_6899	Regulation of cholesterol biosynthesis by SREBP (SREBF)	Pathway
Pathway::PC7_6900	Regulation of cytoplasmic and nuclear SMAD2/3 signaling	Pathway
Pathway::PC7_6901	Regulation of cytoskeletal remodeling and cell spreading by IPP complex components	Pathway
Pathway::PC7_6902	Regulation of gap junction activity	Pathway
Pathway::PC7_6903	Regulation of gene expression by Hypoxia-inducible Factor	Pathway
Pathway::PC7_6904	Regulation of gene expression in beta cells	Pathway
Pathway::PC7_6905	Regulation of gene expression in early pancreatic precursor cells	Pathway
Pathway::PC7_6906	Regulation of gene expression in endocrine-committed (NEUROG3+) progenitor cells	Pathway
Pathway::PC7_6907	Regulation of gene expression in late stage (branching morphogenesis) pancreatic bud precursor cells	Pathway
Pathway::PC7_6908	Regulation of innate immune responses to cytosolic DNA	Pathway
Pathway::PC7_6909	Regulation of insulin secretion	Pathway
Pathway::PC7_6910	Regulation of lipid metabolism by Peroxisome proliferator-activated receptor alpha (PPARalpha)	Pathway
Pathway::PC7_6911	Regulation of mRNA stability by proteins that bind AU-rich elements	Pathway
Pathway::PC7_6913	Regulation of nuclear SMAD2/3 signaling	Pathway
Pathway::PC7_6914	Regulation of nuclear beta catenin signaling and target gene transcription	Pathway
Pathway::PC7_6915	Regulation of ornithine decarboxylase (ODC)	Pathway
Pathway::PC7_6916	Regulation of p38-alpha and p38-beta	Pathway
Pathway::PC7_6917	Regulation of pyruvate dehydrogenase (PDH) complex	Pathway
Pathway::PC7_6918	Regulation of retinoblastoma protein	Pathway
Pathway::PC7_6919	Regulation of signaling by CBL	Pathway
Pathway::PC7_6920	Regulation of signaling by NODAL	Pathway
Pathway::PC7_6921	Regulation of the Fanconi anemia pathway	Pathway
Pathway::PC7_6922	Regulation of thyroid hormone activity	Pathway
Pathway::PC7_6923	Regulatory RNA pathways	Pathway
Pathway::PC7_6924	Relaxin receptors	Pathway
Pathway::PC7_6925	Release of Hh-Np from the secreting cell	Pathway
Pathway::PC7_6926	Release of apoptotic factors from the mitochondria	Pathway
Pathway::PC7_6927	Release of eIF4E	Pathway
Pathway::PC7_6928	Removal of DNA patch containing abasic residue	Pathway
Pathway::PC7_6929	Removal of aminoterminal propeptides from gamma-carboxylated proteins	Pathway
Pathway::PC7_6930	Removal of licensing factors from origins	Pathway
Pathway::PC7_6931	Removal of the Flap Intermediate	Pathway
Pathway::PC7_6932	Removal of the Flap Intermediate from the C-strand	Pathway
Pathway::PC7_6933	Repair synthesis for gap-filling by DNA polymerase in TC-NER	Pathway
Pathway::PC7_6937	Resolution of AP sites via the single-nucleotide replacement pathway	Pathway
Pathway::PC7_6939	Resolution of D-loop structures	Pathway
Pathway::PC7_6941	Resolution of Sister Chromatid Cohesion	Pathway
Pathway::PC7_6942	Respiratory electron transport	Pathway
Pathway::PC7_6943	Respiratory electron transport, ATP synthesis by chemiosmotic coupling, and heat production by uncoupling proteins.	Pathway
Pathway::PC7_6945	Response to elevated platelet cytosolic Ca2+	Pathway
Pathway::PC7_6946	Retinoic acid receptors-mediated signaling	Pathway
Pathway::PC7_6947	Retinoid cycle disease events	Pathway
Pathway::PC7_6948	Retinoid metabolism and transport	Pathway
Pathway::PC7_6950	Retrograde neurotrophin signalling	Pathway
Pathway::PC7_6951	Reuptake of GABA	Pathway
Pathway::PC7_6952	Rev-mediated nuclear export of HIV RNA	Pathway
Pathway::PC7_6953	Reversal of Alkylation Damage By DNA Dioxygenases	Pathway
Pathway::PC7_6955	Reversible hydration of carbon dioxide	Pathway
Pathway::PC7_6956	Rhesus glycoproteins mediate ammonium transport.	Pathway
Pathway::PC7_6957	Rho GTPase cycle	Pathway
Pathway::PC7_6958	RhoA signaling pathway	Pathway
Pathway::PC7_6966	Ribosomal scanning and start codon recognition	Pathway
Pathway::PC7_6991	Role of Abl in Robo-Slit signaling	Pathway
Pathway::PC7_6992	Role of Calcineurin-dependent NFAT signaling in lymphocytes	Pathway
Pathway::PC7_6993	Role of DCC in regulating apoptosis	Pathway
Pathway::PC7_6994	Role of LAT2/NTAL/LAB on calcium mobilization	Pathway
Pathway::PC7_6995	Role of phospholipids in phagocytosis	Pathway
Pathway::PC7_6996	Role of second messengers in netrin-1 signaling	Pathway
Pathway::PC7_7024	S Phase	Pathway
Pathway::PC7_7040	S1P1 pathway	Pathway
Pathway::PC7_7041	S1P2 pathway	Pathway
Pathway::PC7_7042	S1P3 pathway	Pathway
Pathway::PC7_7043	S1P4 pathway	Pathway
Pathway::PC7_7044	S1P5 pathway	Pathway
Pathway::PC7_7048	S6K1 signalling	Pathway
Pathway::PC7_7049	S6K1-mediated signalling	Pathway
Pathway::PC7_7230	SCF(Skp2)-mediated degradation of p27/p21	Pathway
Pathway::PC7_7231	SCF-beta-TrCP mediated degradation of Emi1	Pathway
Pathway::PC7_7249	SEMA3A-Plexin repulsion signaling by inhibiting Integrin adhesion	Pathway
Pathway::PC7_7261	SHC activation	Pathway
Pathway::PC7_7262	SHC-mediated cascade	Pathway
Pathway::PC7_7263	SHC-mediated signalling	Pathway
Pathway::PC7_7264	SHC-related events	Pathway
Pathway::PC7_7265	SHC-related events triggered by IGF1R	Pathway
Pathway::PC7_7266	SHC1 events in EGFR signaling	Pathway
Pathway::PC7_7267	SHC1 events in ERBB2 signaling	Pathway
Pathway::PC7_7268	SHC1 events in ERBB4 signaling	Pathway
Pathway::PC7_7269	SHP2 signaling	Pathway
Pathway::PC7_7272	SIRT1 negatively regulates rRNA Expression	Pathway
Pathway::PC7_7288	SLBP Dependent Processing of Replication-Dependent Histone Pre-mRNAs	Pathway
Pathway::PC7_7289	SLBP independent Processing of Histone Pre-mRNAs	Pathway
Pathway::PC7_7290	SLC-mediated transmembrane transport	Pathway
Pathway::PC7_7307	SMAC binds to IAPs	Pathway
Pathway::PC7_7313	SMAD2/SMAD3:SMAD4 heterotrimer regulates transcription	Pathway
Pathway::PC7_7341	SOS-mediated signalling	Pathway
Pathway::PC7_7357	SRP-dependent cotranslational protein targeting to membrane	Pathway
Pathway::PC7_7371	STAT6-mediated induction of chemokines	Pathway
Pathway::PC7_7372	STING mediated induction of host immune responses	Pathway
Pathway::PC7_7384	SUMO is conjugated to E1 (UBA2:SAE1)	Pathway
Pathway::PC7_7385	SUMO is proteolytically processed	Pathway
Pathway::PC7_7386	SUMO is transferred from E1 to E2 (UBE2I, UBC9)	Pathway
Pathway::PC7_7392	Scavenging by Class A Receptors	Pathway
Pathway::PC7_7393	Scavenging by Class B Receptors	Pathway
Pathway::PC7_7394	Scavenging by Class F Receptors	Pathway
Pathway::PC7_7395	Scavenging by Class H Receptors	Pathway
Pathway::PC7_7396	Scavenging of heme from plasma	Pathway
Pathway::PC7_7421	Sema3A PAK dependent Axon repulsion	Pathway
Pathway::PC7_7422	Sema4D in semaphorin signaling	Pathway
Pathway::PC7_7423	Sema4D induced cell migration and growth-cone collapse	Pathway
Pathway::PC7_7424	Sema4D mediated inhibition of cell attachment and migration	Pathway
Pathway::PC7_7425	Semaphorin interactions	Pathway
Pathway::PC7_7426	Senescence-Associated Secretory Phenotype (SASP)	Pathway
Pathway::PC7_7427	Separation of Sister Chromatids	Pathway
Pathway::PC7_7428	Serine biosynthesis	Pathway
Pathway::PC7_7431	Serotonin and melatonin biosynthesis	Pathway
Pathway::PC7_7432	Serotonin receptors	Pathway
Pathway::PC7_7434	Sialic acid metabolism	Pathway
Pathway::PC7_7435	Signal amplification	Pathway
Pathway::PC7_7436	Signal attenuation	Pathway
Pathway::PC7_7437	Signal regulatory protein (SIRP) family interactions	Pathway
Pathway::PC7_7438	Signal transduction by L1	Pathway
Pathway::PC7_7439	Signaling Pathways	Pathway
Pathway::PC7_7440	Signaling by Activin	Pathway
Pathway::PC7_7441	Signaling by Aurora kinases	Pathway
Pathway::PC7_7442	Signaling by BMP	Pathway
Pathway::PC7_7443	Signaling by EGFR	Pathway
Pathway::PC7_7444	Signaling by EGFR in Cancer	Pathway
Pathway::PC7_7445	Signaling by ERBB2	Pathway
Pathway::PC7_7446	Signaling by ERBB4	Pathway
Pathway::PC7_7447	Signaling by FGFR	Pathway
Pathway::PC7_7448	Signaling by FGFR in disease	Pathway
Pathway::PC7_7449	Signaling by FGFR mutants	Pathway
Pathway::PC7_7451	Signaling by FGFR1 fusion mutants	Pathway
Pathway::PC7_7452	Signaling by FGFR1 mutants	Pathway
Pathway::PC7_7457	Signaling by GPCR	Pathway
Pathway::PC7_7458	Signaling by Hedgehog	Pathway
Pathway::PC7_7459	Signaling by Hippo	Pathway
Pathway::PC7_7460	Signaling by Insulin receptor	Pathway
Pathway::PC7_7461	Signaling by Interleukins	Pathway
Pathway::PC7_7462	Signaling by Leptin	Pathway
Pathway::PC7_7463	Signaling by NGF	Pathway
Pathway::PC7_7464	Signaling by NODAL	Pathway
Pathway::PC7_7465	Signaling by NOTCH	Pathway
Pathway::PC7_7472	Signaling by NOTCH2	Pathway
Pathway::PC7_7473	Signaling by NOTCH3	Pathway
Pathway::PC7_7474	Signaling by NOTCH4	Pathway
Pathway::PC7_7475	Signaling by PDGF	Pathway
Pathway::PC7_7477	Signaling by Robo receptor	Pathway
Pathway::PC7_7478	Signaling by SCF-KIT	Pathway
Pathway::PC7_7482	Signaling by VEGF	Pathway
Pathway::PC7_7483	Signaling by WNT in cancer	Pathway
Pathway::PC7_7484	Signaling by Wnt	Pathway
Pathway::PC7_7487	Signaling by constitutively active EGFR	Pathway
Pathway::PC7_7488	Signaling events mediated by HDAC Class I	Pathway
Pathway::PC7_7489	Signaling events mediated by HDAC Class II	Pathway
Pathway::PC7_7490	Signaling events mediated by HDAC Class III	Pathway
Pathway::PC7_7491	Signaling events mediated by Hepatocyte Growth Factor Receptor (c-Met)	Pathway
Pathway::PC7_7492	Signaling events mediated by PRL	Pathway
Pathway::PC7_7493	Signaling events mediated by PTP1B	Pathway
Pathway::PC7_7494	Signaling events mediated by Stem cell factor receptor (c-Kit)	Pathway
Pathway::PC7_7495	Signaling events mediated by TCPTP	Pathway
Pathway::PC7_7496	Signaling events mediated by VEGFR1 and VEGFR2	Pathway
Pathway::PC7_7497	Signaling events mediated by focal adhesion kinase	Pathway
Pathway::PC7_7498	Signaling events mediated by the Hedgehog family	Pathway
Pathway::PC7_7499	Signaling events regulated by Ret tyrosine kinase	Pathway
Pathway::PC7_7500	Signaling mediated by p38-alpha and p38-beta	Pathway
Pathway::PC7_7501	Signaling mediated by p38-gamma and p38-delta	Pathway
Pathway::PC7_7502	Signalling to ERK5	Pathway
Pathway::PC7_7503	Signalling to ERKs	Pathway
Pathway::PC7_7504	Signalling to RAS	Pathway
Pathway::PC7_7505	Signalling to STAT3	Pathway
Pathway::PC7_7506	Signalling to p38 via RIT and RIN	Pathway
Pathway::PC7_7623	Small interfering RNA (siRNA) biogenesis	Pathway
Pathway::PC7_7625	Smooth Muscle Contraction	Pathway
Pathway::PC7_7642	Sodium-coupled phosphate cotransporters	Pathway
Pathway::PC7_7643	Sodium-coupled sulphate, di- and tri-carboxylate transporters	Pathway
Pathway::PC7_7644	Sodium/Calcium exchangers	Pathway
Pathway::PC7_7645	Sodium/Proton exchangers	Pathway
Pathway::PC7_7646	Sperm Motility And Taxes	Pathway
Pathway::PC7_7647	Sperm:Oocyte Membrane Binding	Pathway
Pathway::PC7_7649	Sphingolipid de novo biosynthesis	Pathway
Pathway::PC7_7651	Sphingolipid metabolism	Pathway
Pathway::PC7_7652	Sphingosine 1-phosphate (S1P) pathway	Pathway
Pathway::PC7_7659	Spry regulation of FGF signaling	Pathway
Pathway::PC7_7660	Stabilization and expansion of the E-cadherin adherens junction	Pathway
Pathway::PC7_7661	Stabilization of p53	Pathway
Pathway::PC7_7679	Sterols are 12-hydroxylated by CYP8B1	Pathway
Pathway::PC7_7680	Stimulation of the cell death response by PAK-2p34	Pathway
Pathway::PC7_7681	Stimuli-sensing channels	Pathway
Pathway::PC7_7682	Striated Muscle Contraction	Pathway
Pathway::PC7_7701	Sulfide oxidation to sulfate	Pathway
Pathway::PC7_7703	Sulfur amino acid metabolism	Pathway
Pathway::PC7_7707	Sumoylation by RanBP2 regulates transcriptional repression	Pathway
Pathway::PC7_7717	Syndecan interactions	Pathway
Pathway::PC7_7718	Syndecan-1-mediated signaling events	Pathway
Pathway::PC7_7719	Syndecan-2-mediated signaling events	Pathway
Pathway::PC7_7720	Syndecan-3-mediated signaling events	Pathway
Pathway::PC7_7721	Syndecan-4-mediated signaling events	Pathway
Pathway::PC7_7723	Synthesis and interconversion of nucleotide di- and triphosphates	Pathway
Pathway::PC7_7726	Synthesis of (16-20)-hydroxyeicosatetraenoic acids (HETE)	Pathway
Pathway::PC7_7727	Synthesis of 12-eicosatetraenoic acid derivatives	Pathway
Pathway::PC7_7728	Synthesis of 15-eicosatetraenoic acid derivatives	Pathway
Pathway::PC7_7729	Synthesis of 5-eicosatetraenoic acids	Pathway
Pathway::PC7_7731	Synthesis of DNA	Pathway
Pathway::PC7_7732	Synthesis of Dolichyl-phosphate	Pathway
Pathway::PC7_7733	Synthesis of GDP-mannose	Pathway
Pathway::PC7_7735	Synthesis of IP2, IP, and Ins in the cytosol	Pathway
Pathway::PC7_7736	Synthesis of IP3 and IP4 in the cytosol	Pathway
Pathway::PC7_7738	Synthesis of IPs in the nucleus	Pathway
Pathway::PC7_7739	Synthesis of Ketone Bodies	Pathway
Pathway::PC7_7740	Synthesis of Leukotrienes (LT) and Eoxins (EX)	Pathway
Pathway::PC7_7741	Synthesis of Lipoxins (LX)	Pathway
Pathway::PC7_7742	Synthesis of PA	Pathway
Pathway::PC7_7743	Synthesis of PC	Pathway
Pathway::PC7_7744	Synthesis of PE	Pathway
Pathway::PC7_7745	Synthesis of PG	Pathway
Pathway::PC7_7746	Synthesis of PI	Pathway
Pathway::PC7_7747	Synthesis of PIPs at the ER membrane	Pathway
Pathway::PC7_7748	Synthesis of PIPs at the Golgi membrane	Pathway
Pathway::PC7_7749	Synthesis of PIPs at the early endosome membrane	Pathway
Pathway::PC7_7750	Synthesis of PIPs at the late endosome membrane	Pathway
Pathway::PC7_7751	Synthesis of PIPs at the plasma membrane	Pathway
Pathway::PC7_7752	Synthesis of PS	Pathway
Pathway::PC7_7753	Synthesis of Prostaglandins (PG) and Thromboxanes (TX)	Pathway
Pathway::PC7_7754	Synthesis of UDP-N-acetyl-glucosamine	Pathway
Pathway::PC7_7755	Synthesis of bile acids and bile salts	Pathway
Pathway::PC7_7756	Synthesis of bile acids and bile salts via 24-hydroxycholesterol	Pathway
Pathway::PC7_7757	Synthesis of bile acids and bile salts via 27-hydroxycholesterol	Pathway
Pathway::PC7_7758	Synthesis of bile acids and bile salts via 7alpha-hydroxycholesterol	Pathway
Pathway::PC7_7759	Synthesis of dolichyl-phosphate mannose	Pathway
Pathway::PC7_7761	Synthesis of epoxy (EET) and dihydroxyeicosatrienoic acids (DHET)	Pathway
Pathway::PC7_7762	Synthesis of glycosylphosphatidylinositol (GPI)	Pathway
Pathway::PC7_7763	Synthesis of pyrophosphates in the cytosol	Pathway
Pathway::PC7_7764	Synthesis of substrates in N-glycan biosythesis	Pathway
Pathway::PC7_7765	Synthesis of very long-chain fatty acyl-CoAs	Pathway
Pathway::PC7_7766	Synthesis, secretion, and deacylation of Ghrelin	Pathway
Pathway::PC7_7767	Synthesis, secretion, and inactivation of Glucagon-like Peptide-1 (GLP-1)	Pathway
Pathway::PC7_7768	Synthesis, secretion, and inactivation of Glucose-dependent Insulinotropic Polypeptide (GIP)	Pathway
Pathway::PC7_7778	TAK1 activates NFkB by phosphorylation and activation of IKKs complex	Pathway
Pathway::PC7_7784	TCF dependent signaling in response to WNT	Pathway
Pathway::PC7_7786	TCR signaling	Pathway
Pathway::PC7_7787	TCR signaling in naïve CD4+ T cells	Pathway
Pathway::PC7_7788	TCR signaling in naïve CD8+ T cells	Pathway
Pathway::PC7_7795	TGF-beta receptor signaling	Pathway
Pathway::PC7_7796	TGF-beta receptor signaling activates SMADs	Pathway
Pathway::PC7_7797	TGF-beta receptor signaling in EMT (epithelial to mesenchymal transition)	Pathway
Pathway::PC7_7851	TNF receptor signaling pathway 	Pathway
Pathway::PC7_7852	TNF signaling	Pathway
Pathway::PC7_8053	TRAF3-dependent IRF activation pathway	Pathway
Pathway::PC7_8054	TRAF6 Mediated Induction of proinflammatory cytokines	Pathway
Pathway::PC7_8055	TRAF6 mediated IRF7 activation	Pathway
Pathway::PC7_8056	TRAF6 mediated IRF7 activation in TLR7/8 or 9 signaling	Pathway
Pathway::PC7_8057	TRAF6 mediated NF-kB activation	Pathway
Pathway::PC7_8058	TRAF6 mediated induction of NFkB and MAP kinases upon TLR7/8 or 9 activation	Pathway
Pathway::PC7_8059	TRAF6 mediated induction of TAK1 complex	Pathway
Pathway::PC7_8060	TRAIL signaling	Pathway
Pathway::PC7_8061	TRAIL signaling pathway	Pathway
Pathway::PC7_8064	TRIF-mediated programmed cell death	Pathway
Pathway::PC7_8065	TRKA activation by NGF	Pathway
Pathway::PC7_8066	TRP channels	Pathway
Pathway::PC7_8074	TWIK related potassium channel (TREK)	Pathway
Pathway::PC7_8075	TWIK-related alkaline pH activated K+ channel (TALK)	Pathway
Pathway::PC7_8077	TWIK-releated acid-sensitive K+ channel (TASK)	Pathway
Pathway::PC7_8093	Tachykinin receptors bind tachykinins	Pathway
Pathway::PC7_8130	Tandem of pore domain in a weak inwardly rectifying K+ channels (TWIK)	Pathway
Pathway::PC7_8132	Tandem pore domain potassium channels	Pathway
Pathway::PC7_8138	Telomere C-strand (Lagging Strand) Synthesis	Pathway
Pathway::PC7_8140	Telomere Extension By Telomerase	Pathway
Pathway::PC7_8141	Telomere Maintenance	Pathway
Pathway::PC7_8154	Terminal pathway of complement	Pathway
Pathway::PC7_8155	Termination of O-glycan biosynthesis	Pathway
Pathway::PC7_8208	Tetrahydrobiopterin (BH4) synthesis, recycling, salvage and regulation	Pathway
Pathway::PC7_8223	The AIM2 inflammasome	Pathway
Pathway::PC7_8224	The IPAF inflammasome	Pathway
Pathway::PC7_8225	The NLRP1 inflammasome	Pathway
Pathway::PC7_8226	The NLRP3 inflammasome	Pathway
Pathway::PC7_8227	The activation of arylsulfatases	Pathway
Pathway::PC7_8228	The canonical retinoid cycle in rods (twilight vision)	Pathway
Pathway::PC7_8229	The citric acid (TCA) cycle and respiratory electron transport	Pathway
Pathway::PC7_8231	The phototransduction cascade	Pathway
Pathway::PC7_8233	The retinoid cycle in cones (daylight vision)	Pathway
Pathway::PC7_8234	The role of Nef in HIV-1 replication and disease pathogenesis	Pathway
Pathway::PC7_8264	Thrombin signalling through proteinase activated receptors (PARs)	Pathway
Pathway::PC7_8266	Thromboxane A2 receptor signaling	Pathway
Pathway::PC7_8267	Thromboxane signalling through TP receptor	Pathway
Pathway::PC7_8274	Thyroxine biosynthesis	Pathway
Pathway::PC7_8275	Tie2 Signaling	Pathway
Pathway::PC7_8276	Tight junction interactions	Pathway
Pathway::PC7_8288	Toll Like Receptor 4 (TLR4) Cascade	Pathway
Pathway::PC7_8291	Toll Like Receptor 9 (TLR9) Cascade	Pathway
Pathway::PC7_8295	Toll-Like Receptors Cascades	Pathway
Pathway::PC7_8303	Toxicity of botulinum toxin type A (BoNT/A)	Pathway
Pathway::PC7_8304	Toxicity of botulinum toxin type B (BoNT/B)	Pathway
Pathway::PC7_8305	Toxicity of botulinum toxin type C (BoNT/C)	Pathway
Pathway::PC7_8306	Toxicity of botulinum toxin type D (BoNT/D)	Pathway
Pathway::PC7_8307	Toxicity of botulinum toxin type E (BoNT/E)	Pathway
Pathway::PC7_8309	Toxicity of botulinum toxin type G (BoNT/G)	Pathway
Pathway::PC7_8310	Trafficking and processing of endosomal TLR	Pathway
Pathway::PC7_8312	Trafficking of GluR2-containing AMPA receptors	Pathway
Pathway::PC7_8313	Trafficking of dietary sterols	Pathway
Pathway::PC7_8317	Transcription	Pathway
Pathway::PC7_8318	Transcription from mitochondrial promoters	Pathway
Pathway::PC7_8319	Transcription of the HIV genome	Pathway
Pathway::PC7_8321	Transcription-coupled NER (TC-NER)	Pathway
Pathway::PC7_8322	Transcriptional activation of cell cycle inhibitor p21	Pathway
Pathway::PC7_8323	Transcriptional activation of mitochondrial biogenesis	Pathway
Pathway::PC7_8325	Transcriptional activity of SMAD2/SMAD3:SMAD4 heterotrimer	Pathway
Pathway::PC7_8326	Transcriptional regulation by small RNAs	Pathway
Pathway::PC7_8327	Transcriptional regulation of pluripotent stem cells	Pathway
Pathway::PC7_8328	Transcriptional regulation of white adipocyte differentiation	Pathway
Pathway::PC7_8329	Transfer of LPS from LBP carrier to CD14	Pathway
Pathway::PC7_8330	Transferrin endocytosis and recycling	Pathway
Pathway::PC7_8331	Translation	Pathway
Pathway::PC7_8332	Translation initiation complex formation	Pathway
Pathway::PC7_8337	Translocation of GLUT4 to the plasma membrane	Pathway
Pathway::PC7_8338	Translocation of ZAP-70 to Immunological synapse	Pathway
Pathway::PC7_8339	Transmembrane transport of small molecules	Pathway
Pathway::PC7_8340	Transmission across Chemical Synapses	Pathway
Pathway::PC7_8342	Transport and synthesis of PAPS	Pathway
Pathway::PC7_8343	Transport of Mature Transcript to Cytoplasm	Pathway
Pathway::PC7_8344	Transport of Mature mRNA Derived from an Intronless Transcript	Pathway
Pathway::PC7_8345	Transport of Mature mRNA derived from an Intron-Containing Transcript	Pathway
Pathway::PC7_8346	Transport of Mature mRNAs Derived from Intronless Transcripts	Pathway
Pathway::PC7_8347	Transport of Ribonucleoproteins into the Host Nucleus	Pathway
Pathway::PC7_8349	Transport of connexons to the plasma membrane	Pathway
Pathway::PC7_8350	Transport of fatty acids	Pathway
Pathway::PC7_8351	Transport of gamma-carboxylated protein precursors from the endoplasmic reticulum to the Golgi apparatus	Pathway
Pathway::PC7_8352	Transport of glucose and other sugars, bile salts and organic acids, metal ions and amine compounds	Pathway
Pathway::PC7_8353	Transport of glycerol from adipocytes to the liver by Aquaporins	Pathway
Pathway::PC7_8354	Transport of inorganic cations/anions and amino acids/oligopeptides	Pathway
Pathway::PC7_8355	Transport of nucleosides and free purine and pyrimidine bases across the plasma membrane	Pathway
Pathway::PC7_8356	Transport of nucleotide sugars	Pathway
Pathway::PC7_8357	Transport of organic anions	Pathway
Pathway::PC7_8358	Transport of the SLBP Dependant Mature mRNA	Pathway
Pathway::PC7_8359	Transport of the SLBP independent Mature mRNA	Pathway
Pathway::PC7_8360	Transport of vitamins, nucleosides, and related molecules	Pathway
Pathway::PC7_8361	Transport to the Golgi and subsequent modification	Pathway
Pathway::PC7_8424	Triglyceride Biosynthesis	Pathway
Pathway::PC7_8429	Tristetraprolin (TTP) destabilizes mRNA	Pathway
Pathway::PC7_8430	Trk receptor signaling mediated by PI3K and PLC-gamma	Pathway
Pathway::PC7_8431	Trk receptor signaling mediated by the MAPK pathway	Pathway
Pathway::PC7_8432	Tryptophan catabolism	Pathway
Pathway::PC7_8444	Type I hemidesmosome assembly	Pathway
Pathway::PC7_8445	Type II Na+/Pi cotransporters	Pathway
Pathway::PC7_8609	U12 Dependent Splicing	Pathway
Pathway::PC7_8621	Ubiquinol biosynthesis	Pathway
Pathway::PC7_8625	Ubiquitin Mediated Degradation of Phosphorylated Cdc25A	Pathway
Pathway::PC7_8627	Ubiquitin-dependent degradation of Cyclin D	Pathway
Pathway::PC7_8629	Unblocking of NMDA receptor, glutamate binding and activation	Pathway
Pathway::PC7_8631	Unfolded Protein Response (UPR)	Pathway
Pathway::PC7_8632	Unwinding of DNA	Pathway
Pathway::PC7_8633	Uptake and actions of bacterial toxins	Pathway
Pathway::PC7_8634	Uptake and function of anthrax toxins	Pathway
Pathway::PC7_8635	Urea cycle	Pathway
Pathway::PC7_8639	Urokinase-type plasminogen activator (uPA) and uPAR-mediated signaling	Pathway
Pathway::PC7_8659	VEGF and VEGFR signaling network	Pathway
Pathway::PC7_8660	VEGF binds to VEGFR leading to receptor dimerization	Pathway
Pathway::PC7_8664	VEGFA-VEGFR2 Pathway	Pathway
Pathway::PC7_8665	VEGFR1 specific signals	Pathway
Pathway::PC7_8666	VEGFR2 mediated cell proliferation	Pathway
Pathway::PC7_8667	VEGFR2 mediated vascular permeability	Pathway
Pathway::PC7_8668	VEGFR3 signaling in lymphatic endothelium	Pathway
Pathway::PC7_8675	Validated nuclear estrogen receptor alpha network	Pathway
Pathway::PC7_8676	Validated nuclear estrogen receptor beta network	Pathway
Pathway::PC7_8677	Validated targets of C-MYC transcriptional activation	Pathway
Pathway::PC7_8678	Validated targets of C-MYC transcriptional repression	Pathway
Pathway::PC7_8679	Validated transcriptional targets of AP1 family members Fra1 and Fra2	Pathway
Pathway::PC7_8680	Validated transcriptional targets of TAp63 isoforms	Pathway
Pathway::PC7_8681	Validated transcriptional targets of deltaNp63 isoforms	Pathway
Pathway::PC7_8701	Vasopressin regulates renal water homeostasis via Aquaporins	Pathway
Pathway::PC7_8703	Vasopressin-like receptors	Pathway
Pathway::PC7_8709	Vif-mediated degradation of APOBEC3G	Pathway
Pathway::PC7_8710	Viral Messenger RNA Synthesis	Pathway
Pathway::PC7_8711	Viral RNP Complexes in the Host Cell Nucleus	Pathway
Pathway::PC7_8712	Viral mRNA Translation	Pathway
Pathway::PC7_8715	Visual signal transduction: Cones	Pathway
Pathway::PC7_8716	Visual signal transduction: Rods	Pathway
Pathway::PC7_8720	Vitamin B1 (thiamin) metabolism	Pathway
Pathway::PC7_8721	Vitamin B2 (riboflavin) metabolism	Pathway
Pathway::PC7_8722	Vitamin B5 (pantothenate) metabolism	Pathway
Pathway::PC7_8725	Vitamin C (ascorbate) metabolism	Pathway
Pathway::PC7_8726	Vitamin D (calciferol) metabolism	Pathway
Pathway::PC7_8761	Vitamins	Pathway
Pathway::PC7_8762	Vitamins B6 activation to pyridoxal phosphate	Pathway
Pathway::PC7_8763	Voltage gated Potassium channels	Pathway
Pathway::PC7_8764	Vpr-mediated induction of apoptosis by mitochondrial outer membrane permeabilization	Pathway
Pathway::PC7_8765	Vpr-mediated nuclear import of PICs	Pathway
Pathway::PC7_8766	Vpu mediated degradation of CD4	Pathway
Pathway::PC7_8771	WNT ligand biogenesis and trafficking	Pathway
Pathway::PC7_8773	WNT mediated activation of DVL	Pathway
Pathway::PC7_8775	WNT5A-dependent internalization of FZD2, FZD5 and ROR2	Pathway
Pathway::PC7_8776	WNT5A-dependent internalization of FZD4	Pathway
Pathway::PC7_8783	Wnt signaling network	Pathway
Pathway::PC7_8786	XBP1(S) activates chaperone genes	Pathway
Pathway::PC7_8790	Xenobiotics	Pathway
Pathway::PC7_8798	YAP1- and WWTR1 (TAZ)-stimulated gene expression	Pathway
Pathway::PC7_8803	ZBP1(DAI) mediated induction of type I IFNs	Pathway
Pathway::PC7_8833	Zinc efflux and compartmentalization by the SLC30 family	Pathway
Pathway::PC7_8834	Zinc influx into cells by the SLC39 gene family	Pathway
Pathway::PC7_8856	Zinc transporters	Pathway
Pathway::PC7_965	A tetrasaccharide linker sequence is required for GAG synthesis	Pathway
Pathway::PC7_966	A third proteolytic cleavage releases NICD	Pathway
Pathway::PC7_967	ABC-family proteins mediated transport	Pathway
Pathway::PC7_968	ABCA transporters in lipid homeostasis	Pathway
Pathway::PC7_983	ADP signalling through P2Y purinoceptor 1	Pathway
Pathway::PC7_984	ADP signalling through P2Y purinoceptor 12	Pathway
Pathway::WP100_r74146	Glutathione metabolism	Pathway
Pathway::WP106_r74147	Alanine and aspartate metabolism	Pathway
Pathway::WP107_r78489	Translation Factors	Pathway
Pathway::WP111_r82216	Electron Transport Chain	Pathway
Pathway::WP117_r82985	GPCRs, Other	Pathway
Pathway::WP127_r78498	IL-5 Signaling Pathway	Pathway
Pathway::WP129_r72054	Matrix Metalloproteinases	Pathway
Pathway::WP12_r81176	Osteoclast Signaling	Pathway
Pathway::WP134_r82700	Pentose Phosphate Pathway	Pathway
Pathway::WP136_r80005	Phase I biotransformations, non P450	Pathway
Pathway::WP138_r79958	Androgen receptor signaling pathway	Pathway
Pathway::WP1403_r79471	AMPK Signaling	Pathway
Pathway::WP1422_r79871	Sphingolipid Metabolism	Pathway
Pathway::WP1423_r79812	Ganglio Sphingolipid Metabolism	Pathway
Pathway::WP1424_r83526	Globo Sphingolipid Metabolism	Pathway
Pathway::WP1425_r74390	BMP Signalling and Regulation	Pathway
Pathway::WP1433_r83527	NOD pathway	Pathway
Pathway::WP1434_r78545	Osteopontin Signaling	Pathway
Pathway::WP143_r79783	Fatty Acid Beta Oxidation	Pathway
Pathway::WP1449_r81172	Regulation of toll-like receptor signaling pathway	Pathway
Pathway::WP1455_r68965	Serotonin Transporter Activity	Pathway
Pathway::WP1471_r82750	TOR Signaling	Pathway
Pathway::WP1528_r78581	Physiological and Pathological Hypertrophy  of the Heart	Pathway
Pathway::WP1530_r84694	miRNA Regulation of DNA Damage Response	Pathway
Pathway::WP1531_r82221	Vitamin D Metabolism	Pathway
Pathway::WP1533_r82707	Vitamin B12 Metabolism	Pathway
Pathway::WP1539_r79949	Angiogenesis	Pathway
Pathway::WP1544_r84696	MicroRNAs in cardiomyocyte hypertrophy	Pathway
Pathway::WP1545_r84697	miRNAs involved in DNA damage response	Pathway
Pathway::WP1559_r84698	TFs Regulate miRNAs related to cardiac hypertrophy	Pathway
Pathway::WP1584_r81779	Type II diabetes mellitus	Pathway
Pathway::WP1589_r82223	Folate-Alcohol and Cancer Pathway	Pathway
Pathway::WP1591_r84699	Heart Development	Pathway
Pathway::WP15_r82705	Selenium Micronutrient Network	Pathway
Pathway::WP1600_r70113	Nicotine Metabolism	Pathway
Pathway::WP1601_r84700	Fluoropyrimidine Activity	Pathway
Pathway::WP1602_r78486	Nicotine Activity on Dopaminergic Neurons	Pathway
Pathway::WP1603_r78574	Nicotine Activity on Chromaffin Cells	Pathway
Pathway::WP1604_r74317	Codeine and Morphine Metabolism	Pathway
Pathway::WP167_r82702	Eicosanoid Synthesis	Pathway
Pathway::WP170_r71083	Nuclear Receptors	Pathway
Pathway::WP1742_r71700	TP53 Network	Pathway
Pathway::WP176_r82704	Folate Metabolism	Pathway
Pathway::WP1772_r84701	Apoptosis Modulation and Signaling	Pathway
Pathway::WP179_r70629	Cell Cycle	Pathway
Pathway::WP183_r81161	Proteasome Degradation	Pathway
Pathway::WP185_r80036	Integrin-mediated Cell Adhesion	Pathway
Pathway::WP186_r68935	Homologous recombination	Pathway
Pathway::WP1941_r73548	Peroxisomal beta-oxidation of tetracosanoyl-CoA	Pathway
Pathway::WP1946_r79691	Cori Cycle	Pathway
Pathway::WP195_r79965	IL-1 signaling pathway	Pathway
Pathway::WP1971_r82939	Integrated Cancer Pathway	Pathway
Pathway::WP197_r81059	Cholesterol Biosynthesis	Pathway
Pathway::WP1981_r70955	Thyroxine (Thyroid Hormone) Production	Pathway
Pathway::WP1982_r79943	SREBP signalling	Pathway
Pathway::WP1984_r82941	Integrated Breast Cancer Pathway	Pathway
Pathway::WP1991_r82940	SRF and miRs in Smooth Muscle Differentiation and Proliferation	Pathway
Pathway::WP1992_r78296	TarBasePathway	Pathway
Pathway::WP1995_r69910	Effects of Nitric Oxide	Pathway
Pathway::WP2007_r69751	Iron metabolism in placenta	Pathway
Pathway::WP2011_r75253	SREBF and miR33 in cholesterol and lipid homeostasis	Pathway
Pathway::WP2012_r82900	miRs in Muscle Cell Differentiation	Pathway
Pathway::WP2018_r79959	RANKL/RANK Signaling Pathway	Pathway
Pathway::WP2029_r82903	Cell Differentiation - Index	Pathway
Pathway::WP2032_r79960	TSH signaling pathway	Pathway
Pathway::WP2034_r80016	Leptin signaling pathway	Pathway
Pathway::WP2035_r78536	FSH signaling pathway	Pathway
Pathway::WP2036_r84527	TWEAK Signaling Pathway	Pathway
Pathway::WP2059_r82906	Alzheimers Disease	Pathway
Pathway::WP205_r80223	IL-7 Signaling Pathway	Pathway
Pathway::WP2064_r79263	Neural Crest Differentiation	Pathway
Pathway::WP206_r68882	Fatty Acid Omega Oxidation	Pathway
Pathway::WP2112_r63216	IL17 signaling pathway	Pathway
Pathway::WP2113_r70107	Type III interferon signaling	Pathway
Pathway::WP2118_r71265	Arrhythmogenic Right Ventricular Cardiomyopathy	Pathway
Pathway::WP2197_r74852	Endothelin Pathways	Pathway
Pathway::WP2203_r78549	TSLP Signaling Pathway	Pathway
Pathway::WP2249_r84646	Metastatic brain tumor	Pathway
Pathway::WP2253_r74520	Pilocytic astrocytoma	Pathway
Pathway::WP2261_r81197	Signaling Pathways in Glioblastoma	Pathway
Pathway::WP2267_r78595	Synaptic Vesicle Pathway	Pathway
Pathway::WP2272_r78594	Pathogenic Escherichia coli infection	Pathway
Pathway::WP2276_r63194	Glial Cell Differentiation	Pathway
Pathway::WP2289_r78511	Drug Induction of Bile Acid Pathway	Pathway
Pathway::WP2290_r79988	RalA downstream regulated genes	Pathway
Pathway::WP2291_r68922	Deregulation of Rab and Rab Effector Genes in Bladder Cancer	Pathway
Pathway::WP229_r68389	Irinotecan Pathway	Pathway
Pathway::WP22_r79264	IL-9 Signaling Pathway	Pathway
Pathway::WP231_r81070	TNF alpha Signaling Pathway	Pathway
Pathway::WP2324_r78487	AGE/RAGE pathway	Pathway
Pathway::WP2328_r84648	Allograft Rejection	Pathway
Pathway::WP2332_r79525	Interleukin-11 Signaling Pathway	Pathway
Pathway::WP2333_r72015	Trans-sulfuration pathway	Pathway
Pathway::WP2338_r78504	miRNA Biogenesis	Pathway
Pathway::WP2355_r79973	Corticotropin-releasing hormone	Pathway
Pathway::WP2359_r72121	Parkin-Ubiquitin Proteasomal System pathway	Pathway
Pathway::WP2361_r84551	Gastric Cancer Network 1	Pathway
Pathway::WP2363_r84552	Gastric Cancer Network 2	Pathway
Pathway::WP2366_r73980	Butyrate-induced histone acetylation	Pathway
Pathway::WP2369_r83012	Histone Modifications	Pathway
Pathway::WP236_r80209	Adipogenesis	Pathway
Pathway::WP2371_r84649	Parkinsons Disease Pathway	Pathway
Pathway::WP2374_r73668	Oncostatin M Signaling Pathway	Pathway
Pathway::WP2377_r80437	Integrated Pancreatic Cancer Pathway	Pathway
Pathway::WP237_r78497	Glucocorticoid & Mineralcorticoid Metabolism	Pathway
Pathway::WP2380_r79953	BDNF signaling pathway	Pathway
Pathway::WP23_r79985	B Cell Receptor Signaling Pathway	Pathway
Pathway::WP2406_r73324	Cardiac Progenitor Differentiation	Pathway
Pathway::WP241_r83818	One Carbon Metabolism	Pathway
Pathway::WP2431_r84650	Spinal Cord Injury	Pathway
Pathway::WP2435_r80008	Quercetin and Nf-kB/ AP-1 Induced Cell Apoptosis	Pathway
Pathway::WP2436_r71387	Dopamine metabolism	Pathway
Pathway::WP2446_r84651	Retinoblastoma (RB) in Cancer	Pathway
Pathway::WP2447_r84415	Amyotrophic lateral sclerosis (ALS)	Pathway
Pathway::WP244_r78506	Alpha 6 Beta 4 signaling pathway	Pathway
Pathway::WP2453_r80143	TCA Cycle and PDHc	Pathway
Pathway::WP247_r74422	Small Ligand GPCRs	Pathway
Pathway::WP2485_r70025	NAD Biosynthesis II (from tryptophan)	Pathway
Pathway::WP2491_r73891	Diclofenac Metabolic Pathway	Pathway
Pathway::WP24_r79999	Peptide GPCRs	Pathway
Pathway::WP2516_r84490	ATM Signaling Pathway	Pathway
Pathway::WP2525_r80205	Trans-sulfuration and one carbon metabolism	Pathway
Pathway::WP2526_r82681	PDGF Pathway	Pathway
Pathway::WP2533_r84117	Glycerophospholipid Biosynthetic Pathway	Pathway
Pathway::WP2542_r70621	Sulindac Metabolic Pathway	Pathway
Pathway::WP254_r84652	Apoptosis	Pathway
Pathway::WP2572_r79947	Primary Focal Segmental Glomerulosclerosis FSGS	Pathway
Pathway::WP2583_r84488	T-Cell Receptor and Co-stimulatory Signaling	Pathway
Pathway::WP2586_r79995	Aryl Hydrocarbon Receptor	Pathway
Pathway::WP2596_r72724	Gastric acid production	Pathway
Pathway::WP2597_r78485	Secretion of Hydrochloric Acid in Parietal Cells	Pathway
Pathway::WP262_r84487	EBV LMP1 signaling	Pathway
Pathway::WP2637_r80029	Structural Pathway of Interleukin 1 (IL-1)	Pathway
Pathway::WP2643_r74251	Nanoparticle-mediated activation of receptor signaling	Pathway
Pathway::WP2646_r74430	Lidocaine metabolism	Pathway
Pathway::WP268_r70096	Notch Signaling Pathway	Pathway
Pathway::WP26_r79950	Signal Transduction of S1P Receptor	Pathway
Pathway::WP272_r84876	Blood Clotting Cascade	Pathway
Pathway::WP2795_r78544	Cardiac Hypertrophic Response	Pathway
Pathway::WP2804_r79882	Hair Follicle Development: Induction (Part 1 of 3)	Pathway
Pathway::WP2805_r81654	RNA interference	Pathway
Pathway::WP2816_r76465	Felbamate Metabolism	Pathway
Pathway::WP2828_r79529	Bladder Cancer	Pathway
Pathway::WP2848_r80009	Differentiation Pathway	Pathway
Pathway::WP2849_r84764	Hematopoietic Stem Cell Differentiation	Pathway
Pathway::WP2853_r83014	Endoderm Differentiation	Pathway
Pathway::WP2854_r79970	Gene regulatory network modelling somitogenesis 	Pathway
Pathway::WP2855_r79211	Dopaminergic Neurogenesis	Pathway
Pathway::WP2857_r80151	Mesodermal Commitment Pathway	Pathway
Pathway::WP2858_r83015	Ectoderm Differentiation	Pathway
Pathway::WP2864_r79278	Apoptosis-related network due to altered Notch3 in ovarian cancer	Pathway
Pathway::WP2865_r81650	IL1 and megakaryotyces in obesity	Pathway
Pathway::WP2868_r78079	TCA Cycle Nutrient Utilization and Invasiveness of Ovarian Cancer	Pathway
Pathway::WP286_r78583	IL-3 Signaling Pathway	Pathway
Pathway::WP2870_r79555	Extracellular vesicle-mediated signaling in recipient cells	Pathway
Pathway::WP2873_r79696	Aryl Hydrocarbon Receptor Pathway	Pathway
Pathway::WP2874_r82709	Liver X Receptor Pathway	Pathway
Pathway::WP2875_r79890	Constitutive Androstane Receptor Pathway	Pathway
Pathway::WP2878_r79689	PPAR Alpha Pathway	Pathway
Pathway::WP2879_r79602	Farnesoid X Receptor  Pathway	Pathway
Pathway::WP2881_r79603	Estrogen Receptor Pathway	Pathway
Pathway::WP2884_r83041	NRF2 pathway	Pathway
Pathway::WP2889_r79753	Oxytocin signaling	Pathway
Pathway::WP288_r80026	NLR Proteins	Pathway
Pathway::WP2895_r79216	Differentiation of white and brown adipocyte   	Pathway
Pathway::WP289_r81078	Myometrial Relaxation and Contraction Pathways	Pathway
Pathway::WP28_r71888	Selenium Metabolism and Selenoproteins	Pathway
Pathway::WP2911_r83020	miRNA targets in ECM and membrane receptors	Pathway
Pathway::WP2916_r79908	Interactome of polycomb repressive complex 2 (PRC2) 	Pathway
Pathway::WP2942_r84388	DDX1 as a regulatory component of the Drosha microprocessor	Pathway
Pathway::WP2943_r83778	Hypoxia-mediated EMT and Stemness	Pathway
Pathway::WP2946_r83779	Imatinib Resistance in Chronic Myeloid Leukemia	Pathway
Pathway::WP299_r78587	Nuclear Receptors in Lipid Metabolism and Toxicity	Pathway
Pathway::WP304_r78799	Kit receptor signaling pathway	Pathway
Pathway::WP306_r80308	Focal Adhesion	Pathway
Pathway::WP311_r68921	Synthesis and Degradation of Ketone Bodies	Pathway
Pathway::WP313_r79946	Signaling of Hepatocyte Growth Factor Receptor	Pathway
Pathway::WP314_r80438	FAS pathway and Stress induction of HSP regulation	Pathway
Pathway::WP322_r79496	Osteoblast Signaling	Pathway
Pathway::WP325_r71223	Triacylglyceride Synthesis	Pathway
Pathway::WP3286_r84312	Copper homeostasis	Pathway
Pathway::WP3287_r84570	Overview of nanoparticle effects	Pathway
Pathway::WP3297_r83780	EV release from cardiac cells and their functional effects	Pathway
Pathway::WP3298_r84382	Melatonin metabolism and effects	Pathway
Pathway::WP3300_r81234	Dual hijack model of Vif in HIV infection	Pathway
Pathway::WP3301_r81279	MFAP5-mediated ovarian cancer cell motility and invasiveness	Pathway
Pathway::WP3302_r81679	eIF5A regulation in response to inhibition of the nuclear export system	Pathway
Pathway::WP3303_r83781	Rac1/Pak1/p38/MMP-2 pathway	Pathway
Pathway::WP334_r79716	GPCRs, Class B Secretin-like	Pathway
Pathway::WP3407_r81707	FTO Obesity Variant Mechanism	Pathway
Pathway::WP3408_r81714	Evolocumab Mechanism	Pathway
Pathway::WP3413_r82217	NOTCH1 regulation of human endothelial cell calcification	Pathway
Pathway::WP3414_r82252	Initiation of transcription and translation elongation at the HIV-1 LTR	Pathway
Pathway::WP34_r72115	Ovarian Infertility Genes	Pathway
Pathway::WP3527_r84571	Preimplantation Embryo	Pathway
Pathway::WP3529_r84285	Zinc homeostasis	Pathway
Pathway::WP357_r70641	Fatty Acid Biosynthesis	Pathway
Pathway::WP3584_r84776	Mecp2 and Associated Rett Syndrome	Pathway
Pathway::WP3585_r84793	Cytosine methylation	Pathway
Pathway::WP3593_r84853	miR-148a/miR-31/FIH1/HIF1α-Notch signaling in glioblastoma 	Pathway
Pathway::WP3594_r84573	Circadian rythm related genes	Pathway
Pathway::WP3595_r84854	mir-124 predicted interactions with cell cycle and differentiation 	Pathway
Pathway::WP3596_r84855	miR-517 relationship with ARCN1 and USP1	Pathway
Pathway::WP3599_r84770	Transcription factor regulation in adipogenesis	Pathway
Pathway::WP35_r79952	G Protein Signaling Pathways	Pathway
Pathway::WP3601_r84331	Composition of Lipid Particles	Pathway
Pathway::WP363_r78571	Wnt Signaling Pathway Netpath	Pathway
Pathway::WP364_r83783	IL-6 signaling pathway	Pathway
Pathway::WP366_r84196	TGF-beta Signaling Pathway	Pathway
Pathway::WP368_r79271	Mitochondrial LC-Fatty Acid Beta-Oxidation	Pathway
Pathway::WP382_r79951	MAPK Signaling Pathway	Pathway
Pathway::WP383_r80200	Striated Muscle Contraction	Pathway
Pathway::WP384_r67054	Apoptosis Modulation by HSP70	Pathway
Pathway::WP391_r71373	Mitochondrial Gene Expression	Pathway
Pathway::WP395_r79978	IL-4 Signaling Pathway	Pathway
Pathway::WP399_r79474	Wnt Signaling Pathway and Pluripotency	Pathway
Pathway::WP3_r79527	Transcriptional activation by NRF2	Pathway
Pathway::WP400_r72084	p38 MAPK Signaling Pathway	Pathway
Pathway::WP404_r68960	Nucleotide Metabolism	Pathway
Pathway::WP405_r73594	Eukaryotic Transcription Initiation	Pathway
Pathway::WP408_r78546	Oxidative Stress	Pathway
Pathway::WP410_r84683	Diurnally Regulated Genes with Circadian Orthologs	Pathway
Pathway::WP411_r79980	mRNA Processing	Pathway
Pathway::WP422_r72129	MAPK Cascade	Pathway
Pathway::WP428_r79854	Wnt Signaling Pathway	Pathway
Pathway::WP430_r82344	Statin Pathway	Pathway
Pathway::WP437_r79266	EGF/EGFR Signaling Pathway	Pathway
Pathway::WP438_r80022	Non-homologous end joining	Pathway
Pathway::WP43_r84102	Oxidation by Cytochrome P450	Pathway
Pathway::WP453_r80206	Inflammatory Response Pathway	Pathway
Pathway::WP455_r81793	GPCRs, Class A Rhodopsin-like	Pathway
Pathway::WP45_r80001	G1 to S cell cycle control	Pathway
Pathway::WP465_r79226	Tryptophan metabolism	Pathway
Pathway::WP466_r79981	DNA Replication	Pathway
Pathway::WP474_r80208	Endochondral Ossification	Pathway
Pathway::WP477_r67139	Cytoplasmic Ribosomal Proteins	Pathway
Pathway::WP47_r78542	Hedgehog Signaling Pathway	Pathway
Pathway::WP481_r82731	Insulin Signaling	Pathway
Pathway::WP496_r69016	Steroid Biosynthesis	Pathway
Pathway::WP497_r72142	Urea cycle and metabolism of amino groups	Pathway
Pathway::WP49_r78543	IL-2 Signaling Pathway	Pathway
Pathway::WP500_r63201	Glycogen Metabolism	Pathway
Pathway::WP501_r79715	GPCRs, Class C Metabotropic glutamate, pheromone	Pathway
Pathway::WP516_r71358	Hypertrophy Model	Pathway
Pathway::WP51_r79977	Regulation of Actin Cytoskeleton	Pathway
Pathway::WP521_r63156	Amino acid conjugation of benzoic acid	Pathway
Pathway::WP524_r72112	G13 Signaling Pathway	Pathway
Pathway::WP528_r79855	Acetylcholine Synthesis	Pathway
Pathway::WP530_r79331	Cytokines and Inflammatory Response	Pathway
Pathway::WP531_r69021	Mismatch repair	Pathway
Pathway::WP534_r78585	Glycolysis and Gluconeogenesis	Pathway
Pathway::WP536_r80211	Calcium Regulation in the Cardiac Cell	Pathway
Pathway::WP53_r67360	ID signaling pathway	Pathway
Pathway::WP545_r82142	Complement Activation	Pathway
Pathway::WP550_r81207	Biogenic Amine Synthesis	Pathway
Pathway::WP554_r84372	ACE Inhibitor Pathway	Pathway
Pathway::WP558_r79680	Complement and Coagulation Cascades	Pathway
Pathway::WP560_r83868	TGF-beta Receptor Signaling	Pathway
Pathway::WP561_r72035	Heme Biosynthesis	Pathway
Pathway::WP581_r67199	EPO Receptor Signaling	Pathway
Pathway::WP585_r80201	Interferon type I signaling pathways	Pathway
Pathway::WP58_r80015	Monoamine GPCRs	Pathway
Pathway::WP615_r81193	Senescence and Autophagy in Cancer	Pathway
Pathway::WP619_r71168	Type II interferon signaling (IFNG)	Pathway
Pathway::WP61_r78592	Notch Signaling Pathway	Pathway
Pathway::WP623_r79961	Oxidative phosphorylation	Pathway
Pathway::WP666_r68893	Hypothetical Network for Drug Addiction	Pathway
Pathway::WP673_r80202	ErbB Signaling Pathway	Pathway
Pathway::WP678_r71506	Arachidonate Epoxygenase / Epoxide Hydrolase	Pathway
Pathway::WP688_r84769	Catalytic cycle of mammalian Flavin-containing MonoOxygenases (FMOs)	Pathway
Pathway::WP690_r72132	Polyol Pathway	Pathway
Pathway::WP691_r79986	Tamoxifen metabolism	Pathway
Pathway::WP692_r69031	Sulfation Biotransformation Reaction	Pathway
Pathway::WP694_r67062	Arylamine metabolism	Pathway
Pathway::WP696_r72081	Benzo(a)pyrene metabolism	Pathway
Pathway::WP697_r80025	Estrogen metabolism	Pathway
Pathway::WP698_r79224	Glucuronidation	Pathway
Pathway::WP699_r70509	Aflatoxin B1 metabolism	Pathway
Pathway::WP69_r79955	TCR Signaling Pathway	Pathway
Pathway::WP702_r73516	Metapathway biotransformation	Pathway
Pathway::WP704_r79563	Methylation Pathways	Pathway
Pathway::WP706_r80056	SIDS Susceptibility Pathways	Pathway
Pathway::WP707_r82937	DNA Damage Response	Pathway
Pathway::WP710_r79974	DNA Damage Response (only ATM dependent)	Pathway
Pathway::WP712_r78491	Estrogen signaling pathway	Pathway
Pathway::WP716_r83589	Vitamin A and Carotenoid Metabolism	Pathway
Pathway::WP727_r79969	Monoamine Transport	Pathway
Pathway::WP732_r80010	Serotonin Receptor 2 and ELK-SRF/GATA4 signaling	Pathway
Pathway::WP733_r74441	Serotonin Receptor 2 and STAT3 Signaling	Pathway
Pathway::WP734_r74438	Serotonin Receptor 4/6/7 and NR3C Signaling	Pathway
Pathway::WP75_r83867	Toll-like Receptor Signaling Pathway	Pathway
Pathway::WP78_r70014	TCA Cycle	Pathway
Pathway::WP80_r68938	Nucleotide GPCRs	Pathway
Pathway::WP98_r72088	Prostaglandin Synthesis and Regulation	Pathway
