rank_corrected	rank_raw	pathway_id	pathway_name	size	seed_overlap	expected	fold	p	q	matched_expected	matched_fold	matched_z
1	10	Pathway::WP2377_r80437	Integrated Pancreatic Cancer Pathway	191	36	9.84095	3.65818	7.13034e-12	1.29915e-08	11.9565	3.01091	7.58594
2	30	Pathway::PC7_1123	AP-1 transcription factor network	70	19	3.60663	5.26807	1.28616e-09	1.1717e-06	3.791	5.01187	8.19143
3	30	Pathway::WP2261_r81197	Signaling Pathways in Glioblastoma	82	19	4.22491	4.49714	2.24292e-08	1.33145e-05	5.016	3.78788	6.74545
4	53	Pathway::WP3303_r83781	Rac1/Pak1/p38/MMP-2 pathway	67	17	3.45206	4.92459	2.92305e-08	1.33145e-05	3.7715	4.50749	7.56311
5	62	Pathway::PC7_4762	Integrins in angiogenesis	63	16	3.24597	4.92919	7.39318e-08	2.69408e-05	3.7115	4.31093	6.74595
6	19	Pathway::WP1984_r82941	Integrated Breast Cancer Pathway	151	25	7.78002	3.21336	1.81783e-07	5.20134e-05	8.788	2.84479	5.78629
7	115	Pathway::WP2828_r79529	Bladder Cancer	31	11	1.59722	6.88696	1.99832e-07	5.20134e-05	1.537	7.1568	7.99875
8	62	Pathway::WP707_r82937	DNA Damage Response	68	16	3.50358	4.56675	2.33484e-07	5.31759e-05	4.205	3.80499	6.00975
9	62	Pathway::WP1530_r84694	miRNA Regulation of DNA Damage Response	71	16	3.65815	4.37379	4.40728e-07	8.08347e-05	4.3715	3.66007	5.81753
10	26	Pathway::WP2431_r84650	Spinal Cord Injury	117	21	6.02823	3.48361	4.43659e-07	8.08347e-05	6.639	3.16313	5.76813
11	33	Pathway::WP1772_r84701	Apoptosis Modulation and Signaling	90	18	4.6371	3.88174	5.66557e-07	9.38424e-05	5.01	3.59281	6.17111
12	33	Pathway::WP2355_r79973	Corticotropin-releasing hormone	92	18	4.74014	3.79735	7.97792e-07	0.000121131	5.608	3.2097	5.52239
13	53	Pathway::WP254_r84652	Apoptosis	84	17	4.32796	3.92795	9.81447e-07	0.000137554	5.0935	3.33759	5.58753
14	28	Pathway::PC7_7482	Signaling by VEGF	115	20	5.92518	3.37543	1.40453e-06	0.000171814	7.6245	2.62312	4.90856
15	141	Pathway::PC7_1573	Adherens junctions interactions	30	10	1.5457	6.46957	1.41449e-06	0.000171814	1.0405	9.61076	8.67421
16	30	Pathway::PC7_8664	VEGFA-VEGFR2 Pathway	107	19	5.51299	3.4464	1.86268e-06	0.000206922	7.139	2.66144	4.86267
17	74	Pathway::PC7_2263	CDC42 signaling events	70	15	3.60663	4.15901	2.00254e-06	0.000206922	4.2205	3.55408	5.5452
18	115	Pathway::PC7_7718	Syndecan-1-mediated signaling events	38	11	1.95789	5.61831	2.04423e-06	0.000206922	2.0955	5.24934	6.59795
19	81	Pathway::WP2374_r73668	Oncostatin M Signaling Pathway	65	14	3.34901	4.18033	4.12526e-06	0.00039559	4.056	3.45168	5.35378
20	17	Pathway::WP306_r80308	Focal Adhesion	190	26	9.78943	2.65593	4.43607e-06	0.000404126	12.5605	2.06998	4.201
21	81	Pathway::PC7_3327	Downstream signaling in naïve CD8+ T cells	66	14	3.40054	4.117	4.99327e-06	0.000413533	4.2445	3.29839	5.09948
22	81	Pathway::PC7_4340	HIF-1-alpha transcription factor network	66	14	3.40054	4.117	4.99327e-06	0.000413533	3.589	3.90081	5.74932
23	92	Pathway::PC7_2527	Cell-cell junction organization	59	13	3.03987	4.27649	6.98175e-06	0.000553076	2.321	5.60103	6.97965
24	62	Pathway::WP2446_r84651	Retinoblastoma (RB) in Cancer	87	16	4.48253	3.56942	7.59842e-06	0.000576847	5.787	2.76482	4.57168
25	74	Pathway::PC7_6432	Phase 1 - Functionalization of compounds	78	15	4.01882	3.73244	8.28522e-06	0.000580603	4.6475	3.22754	5.15168
26	74	Pathway::WP2328_r84648	Allograft Rejection	78	15	4.01882	3.73244	8.28522e-06	0.000580603	4.79	3.13152	4.7476
27	141	Pathway::PC7_967	ABC-family proteins mediated transport	36	10	1.85484	5.3913	9.04801e-06	0.000610573	1.3945	7.17103	7.40405
28	97	Pathway::PC7_1812	Assembly of collagen fibrils and other multimeric structures	52	12	2.67921	4.47893	9.49617e-06	0.000617909	2.7905	4.3003	5.76765
29	115	Pathway::WP1971_r82939	Integrated Cancer Pathway	44	11	2.26703	4.85217	9.835e-06	0.000617909	2.814	3.90903	5.22196
30	74	Pathway::PC7_7491	Signaling events mediated by Hepatocyte Growth Factor Receptor (c-Met)	80	15	4.12186	3.63913	1.14454e-05	0.000695119	5.236	2.86478	4.57126
31	141	Pathway::PC7_8679	Validated transcriptional targets of AP1 family members Fra1 and Fra2	37	10	1.90636	5.24559	1.18353e-05	0.000695611	2.0885	4.78813	5.81875
32	92	Pathway::PC7_2668	Collagen biosynthesis and modifying enzymes	62	13	3.19444	4.06957	1.24377e-05	0.00070817	2.961	4.39041	6.20629
33	97	Pathway::WP673_r80202	ErbB Signaling Pathway	54	12	2.78226	4.31304	1.43655e-05	0.000793152	3.2955	3.64133	5.16228
34	115	Pathway::WP2586_r79995	Aryl Hydrocarbon Receptor	46	11	2.37007	4.64121	1.5579e-05	0.000834852	2.4345	4.51838	5.88599
35	74	Pathway::PC7_2170	C-MYB transcription factor network	84	15	4.32796	3.46584	2.11235e-05	0.00106908	4.652	3.22442	5.04277
36	74	Pathway::PC7_2670	Collagen formation	84	15	4.32796	3.46584	2.11235e-05	0.00106908	4.424	3.3906	5.2364
37	141	Pathway::WP2516_r84490	ATM Signaling Pathway	40	10	2.06093	4.85217	2.50511e-05	0.0012152	2.4045	4.15887	5.1327
38	92	Pathway::WP2032_r79960	TSH signaling pathway	66	13	3.40054	3.82292	2.53445e-05	0.0012152	4.2515	3.05774	4.58027
39	115	Pathway::PC7_1693	Arachidonic acid metabolism	50	11	2.57616	4.26991	3.61793e-05	0.00169022	2.7535	3.99492	5.21478
40	53	Pathway::WP710_r79974	DNA Damage Response (only ATM dependent)	109	17	5.61604	3.02704	3.79823e-05	0.00171909	7.669	2.21672	3.67938
41	169	Pathway::PC7_4341	HIF-2-alpha transcription factor network	34	9	1.75179	5.1376	3.90997e-05	0.00171909	1.687	5.33491	5.69829
42	141	Pathway::PC7_3855	FOXM1 transcription factor network	42	10	2.16398	4.62112	3.96277e-05	0.00171909	2.4635	4.05927	5.06654
43	1	Pathway::PC7_5322	Metabolism	1561	113	80.4279	1.40499	5.13515e-05	0.00217587	88.2635	1.28026	3.09475
44	115	Pathway::WP363_r78571	Wnt Signaling Pathway Netpath	52	11	2.67921	4.10569	5.32862e-05	0.00220653	3.2615	3.37268	4.6122
45	20	Pathway::PC7_7475	Signaling by PDGF	182	23	9.37724	2.45275	5.73362e-05	0.00232148	13.016	1.76706	3.35462
46	62	Pathway::WP179_r70629	Cell Cycle	102	16	5.25538	3.0445	5.95694e-05	0.00235947	7.716	2.07361	3.23403
47	231	Pathway::WP545_r82142	Complement Activation	22	7	1.13351	6.17549	7.98551e-05	0.00309566	0.8705	8.04136	6.71293
48	81	Pathway::PC7_2524	Cell junction organization	84	14	4.32796	3.23478	8.72884e-05	0.00331332	4.0005	3.49956	5.04761
49	271	Pathway::WP206_r68882	Fatty Acid Omega Oxidation	16	6	0.824373	7.27826	9.31451e-05	0.00346348	0.7625	7.86885	6.25512
50	97	Pathway::PC7_12078	mTOR signaling pathway	66	12	3.40054	3.52885	0.000117372	0.00419317	4.1005	2.92647	4.16606
51	97	Pathway::PC7_2076	Beta1 integrin cell surface interactions	66	12	3.40054	3.52885	0.000117372	0.00419317	4.345	2.7618	3.86145
52	141	Pathway::PC7_2535	Ceramide signaling pathway	48	10	2.47312	4.04348	0.000133363	0.00458468	2.773	3.6062	4.67137
53	141	Pathway::PC7_6542	Posttranslational regulation of adherens junction stability and dissassembly	48	10	2.47312	4.04348	0.000133363	0.00458468	2.733	3.65898	4.55192
54	231	Pathway::WP1539_r79949	Angiogenesis	24	7	1.23656	5.66087	0.000148124	0.00499782	1.287	5.43901	5.39676
55	169	Pathway::WP127_r78498	IL-5 Signaling Pathway	40	9	2.06093	4.36696	0.000154662	0.00512353	2.47	3.64372	4.51571
56	97	Pathway::PC7_7496	Signaling events mediated by VEGFR1 and VEGFR2	68	12	3.50358	3.42506	0.000158091	0.00514359	4.436	2.70514	3.85352
57	169	Pathway::PC7_3699	ErbB2/ErbB3 signaling events	41	9	2.11246	4.26045	0.000189265	0.00604985	2.45	3.67347	4.56083
58	231	Pathway::PC7_2531	Cellular response to hypoxia	25	7	1.28808	5.43443	0.000196695	0.00607419	1.2495	5.60224	5.39947
59	231	Pathway::PC7_7265	SHC-related events triggered by IGF1R	25	7	1.28808	5.43443	0.000196695	0.00607419	1.4615	4.7896	4.7641
60	199	Pathway::PC7_4370	HIV-1 Nef: Negative effector of Fas and TNF-alpha	33	8	1.70027	4.70514	0.000207096	0.00611812	2.1475	3.72526	4.21957
61	332	Pathway::PC7_3647	Eicosanoids	12	5	0.61828	8.08696	0.000208082	0.00611812	0.5425	9.21659	6.36011
62	115	Pathway::PC7_2905	Cytochrome P450 - arranged by substrate type	60	11	3.0914	3.55826	0.000208191	0.00611812	3.843	2.86235	3.96429
63	115	Pathway::WP43_r84102	Oxidation by Cytochrome P450	61	11	3.14292	3.49993	0.00024244	0.00699927	3.505	3.13837	4.25415
64	23	Pathway::PC7_1629	Amino acid and derivative metabolism	188	22	9.68638	2.27123	0.000256752	0.00699927	9.9475	2.21161	4.12483
65	199	Pathway::PC7_8666	VEGFR2 mediated cell proliferation	34	8	1.75179	4.56675	0.000258788	0.00699927	2.0805	3.84523	4.51224
66	199	Pathway::WP299_r78587	Nuclear Receptors in Lipid Metabolism and Toxicity	34	8	1.75179	4.56675	0.000258788	0.00699927	1.995	4.01003	4.46228
67	199	Pathway::WP313_r79946	Signaling of Hepatocyte Growth Factor Receptor	34	8	1.75179	4.56675	0.000258788	0.00699927	2.203	3.63141	4.23038
68	26	Pathway::PC7_3884	Fc epsilon receptor (FCERI) signaling	176	21	9.0681	2.31581	0.00026984	0.00699927	12.691	1.65472	2.82981
69	271	Pathway::PC7_4540	Hypoxic and oxygen homeostasis regulation of HIF-1-alpha	19	6	0.978943	6.12906	0.00027644	0.00699927	0.7515	7.98403	6.31503
70	271	Pathway::WP1742_r71700	TP53 Network	19	6	0.978943	6.12906	0.00027644	0.00699927	1.078	5.56586	4.91975
71	271	Pathway::WP384_r67054	Apoptosis Modulation by HSP70	19	6	0.978943	6.12906	0.00027644	0.00699927	1.221	4.914	4.57502
72	97	Pathway::WP2572_r79947	Primary Focal Segmental Glomerulosclerosis FSGS	72	12	3.70968	3.23478	0.00027659	0.00699927	4.3675	2.74757	3.84011
73	62	Pathway::PC7_7460	Signaling by Insulin receptor	116	16	5.9767	2.67706	0.0002807	0.00700596	7.867	2.03381	3.16954
74	33	Pathway::PC7_3277	Direct p53 effectors	140	18	7.21326	2.4954	0.000291757	0.00718354	7.788	2.31125	3.93759
75	53	Pathway::PC7_2526	Cell-Cell communication	129	17	6.64651	2.55774	0.000318122	0.00772824	6.9065	2.46145	4.01125
76	231	Pathway::WP2035_r78536	FSH signaling pathway	27	7	1.39113	5.03188	0.000332192	0.00796387	1.475	4.74576	4.75803
77	141	Pathway::PC7_2543	Chemokine receptors bind chemokines	54	10	2.78226	3.5942	0.000369691	0.00874776	2.8805	3.47162	4.41599
78	33	Pathway::WP2380_r79953	BDNF signaling pathway	144	18	7.41935	2.42609	0.000413905	0.00965421	9.3685	1.92133	2.95924
79	53	Pathway::WP366_r84196	TGF-beta Signaling Pathway	132	17	6.80108	2.4996	0.000418597	0.00965421	8.885	1.91334	2.95496
80	28	Pathway::PC7_2098	Biological oxidations	170	20	8.75896	2.28338	0.000451963	0.0101073	9.7355	2.05434	3.52266
81	5	Pathway::PC7_4741	Innate Immune System	570	48	29.3683	1.63442	0.000456474	0.0101073	38.8995	1.23395	1.74876
82	169	Pathway::PC7_6189	PLK1 signaling events	46	9	2.37007	3.79735	0.000473233	0.0101073	2.7755	3.24266	3.8948
83	169	Pathway::PC7_6569	Presenilin action in Notch and Wnt signaling	46	9	2.37007	3.79735	0.000473233	0.0101073	3.181	2.8293	3.52619
84	199	Pathway::PC7_2672	Complement cascade	37	8	1.90636	4.19647	0.000480252	0.0101073	1.615	4.95356	5.1725
85	199	Pathway::PC7_4038	GMCSF-mediated signaling events	37	8	1.90636	4.19647	0.000480252	0.0101073	2.243	3.56665	4.08828
86	332	Pathway::PC7_4301	Golgi Cisternae Pericentriolar Stack Reorganization	14	5	0.721326	6.93168	0.000482621	0.0101073	0.5535	9.03342	6.2749
87	332	Pathway::PC7_6853	Ras signaling in the CD4+ TCR pathway	14	5	0.721326	6.93168	0.000482621	0.0101073	0.6965	7.17875	5.40738
88	271	Pathway::PC7_7740	Synthesis of Leukotrienes (LT) and Eoxins (EX)	21	6	1.08199	5.54534	0.000506267	0.010482	1.0195	5.88524	5.1559
89	231	Pathway::PC7_8665	VEGFR1 specific signals	29	7	1.49418	4.68486	0.000533837	0.0109287	1.691	4.13956	4.34418
90	169	Pathway::PC7_4779	Interleukin-2 signaling	47	9	2.42159	3.71656	0.000559123	0.0110456	3.177	2.83286	3.58064
91	169	Pathway::WP2203_r78549	TSLP Signaling Pathway	47	9	2.42159	3.71656	0.000559123	0.0110456	2.8515	3.15623	3.82904
92	115	Pathway::PC7_1987	BCR signaling pathway	67	11	3.45206	3.1865	0.000563799	0.0110456	4.348	2.5299	3.44849
93	115	Pathway::WP1403_r79471	AMPK Signaling	67	11	3.45206	3.1865	0.000563799	0.0110456	4.442	2.47636	3.25242
94	141	Pathway::PC7_2506	Caspase Cascade in Apoptosis	57	10	2.93683	3.40503	0.000580841	0.01115	3.5815	2.79213	3.56949
95	199	Pathway::PC7_2372	CXCR3-mediated signaling events	38	8	1.95789	4.08604	0.000581364	0.01115	2.4355	3.28475	3.71476
96	92	Pathway::PC7_4664	IRS-related events triggered by IGF1R	89	13	4.58557	2.83498	0.000590645	0.01121	6.284	2.06875	2.92572
97	115	Pathway::PC7_5697	NCAM signaling for neurite out-growth	68	11	3.50358	3.13964	0.000642094	0.0119377	4.055	2.7127	3.58019
98	115	Pathway::WP45_r80001	G1 to S cell cycle control	68	11	3.50358	3.13964	0.000642094	0.0119377	4.875	2.25641	2.94813
99	97	Pathway::PC7_12279	p73 transcription factor network	79	12	4.07034	2.94816	0.000664803	0.0120175	4.671	2.56904	3.56527
100	231	Pathway::WP2870_r79555	Extracellular vesicle-mediated signaling in recipient cells	30	7	1.5457	4.5287	0.000665853	0.0120175	1.833	3.81888	3.95929
101	271	Pathway::PC7_7506	Signalling to p38 via RIT and RIN	22	6	1.13351	5.29328	0.000666172	0.0120175	1.2545	4.78278	4.44509
102	332	Pathway::PC7_3883	Fatty acids	15	5	0.772849	6.46957	0.000693508	0.0122677	0.7675	6.51466	4.87609
103	332	Pathway::WP1545_r84697	miRNAs involved in DNA damage response	15	5	0.772849	6.46957	0.000693508	0.0122677	0.8795	5.68505	4.62721
104	433	Pathway::PC7_6903	Regulation of gene expression by Hypoxia-inducible Factor	9	4	0.46371	8.62609	0.000712329	0.0124795	0.3345	11.9581	6.63055
105	92	Pathway::PC7_4583	IGF1R signaling cascade	92	13	4.74014	2.74253	0.000814953	0.0141414	6.553	1.98382	2.74846
106	3	Pathway::PC7_4688	Immune System	1122	81	57.8091	1.40116	0.000834578	0.0143453	73.4455	1.10286	1.13548
107	271	Pathway::PC7_1163	ARMS-mediated activation	23	6	1.18504	5.06314	0.000862558	0.0146877	1.339	4.48096	4.23889
108	169	Pathway::PC7_1664	Angiopoietin receptor Tie2-mediated signaling	50	9	2.57616	3.49357	0.000896248	0.015048	3.119	2.88554	3.50156
109	53	Pathway::PC7_7478	Signaling by SCF-KIT	141	17	7.26478	2.34006	0.000900236	0.015048	9.986	1.70238	2.61928
110	81	Pathway::WP615_r81193	Senescence and Autophagy in Cancer	105	14	5.40995	2.58783	0.000937819	0.0155337	6.199	2.25843	3.25143
111	332	Pathway::PC7_5323	Metabolism of Angiotensinogen to Angiotensins	16	5	0.824373	6.06522	0.0009664	0.0157213	0.596	8.38926	5.91803
112	332	Pathway::WP2435_r80008	Quercetin and Nf-kB/ AP-1 Induced Cell Apoptosis	16	5	0.824373	6.06522	0.0009664	0.0157213	0.8085	6.18429	4.77409
113	231	Pathway::PC7_5885	Netrin-mediated signaling events	32	7	1.64875	4.24565	0.00100679	0.0161225	1.861	3.76142	3.96402
114	141	Pathway::PC7_7497	Signaling events mediated by focal adhesion kinase	61	10	3.14292	3.18175	0.00100876	0.0161225	4.105	2.43605	3.13052
115	17	Pathway::PC7_2532	Cellular responses to stress	264	26	13.6022	1.91146	0.00109748	0.0173879	17.9815	1.44593	2.16171
116	199	Pathway::WP2036_r84527	TWEAK Signaling Pathway	42	8	2.16398	3.69689	0.00117085	0.0183905	2.664	3.003	3.37404
117	529	Pathway::PC7_1549	Activation of caspases through apoptosome-mediated cleavage	5	3	0.257616	11.6452	0.00125704	0.0192465	0.198	15.1515	6.72122
118	529	Pathway::PC7_2544	Chk1/Chk2(Cds1) mediated inactivation of Cyclin B:Cdk1 complex	5	3	0.257616	11.6452	0.00125704	0.0192465	0.204	14.7059	6.58322
119	529	Pathway::PC7_4010	G2/M DNA replication checkpoint	5	3	0.257616	11.6452	0.00125704	0.0192465	0.219	13.6986	6.34609
120	97	Pathway::WP15_r82705	Selenium Micronutrient Network	85	12	4.37948	2.74005	0.00129136	0.0196072	4.7885	2.506	3.35882
121	332	Pathway::PC7_6747	RAF/MAP kinase cascade	17	5	0.875896	5.70844	0.00131168	0.0197511	0.9525	5.24934	4.39208
122	199	Pathway::PC7_2080	Beta3 integrin cell surface interactions	43	8	2.2155	3.61092	0.00137495	0.0205094	2.8665	2.79086	3.18263
123	271	Pathway::PC7_3983	Frs2-mediated activation	25	6	1.28808	4.65809	0.00138618	0.0205094	1.5455	3.88224	3.80722
124	5	Pathway::PC7_1563	Adaptive Immune System	600	48	30.914	1.5527	0.00139581	0.0205094	39.0095	1.23047	1.69846
125	33	Pathway::PC7_3325	Downstream signal transduction	161	18	8.29525	2.16992	0.0015529	0.022635	11.717	1.53623	2.24969
126	169	Pathway::PC7_4613	IL2-mediated signaling events	54	9	2.78226	3.23478	0.00158493	0.0229186	3.609	2.49377	3.07725
127	53	Pathway::PC7_3328	Downstream signaling of activated FGFR	149	17	7.67697	2.21441	0.00166552	0.0235313	10.7195	1.58589	2.33223
128	33	Pathway::PC7_7447	Signaling by FGFR	162	18	8.34677	2.15652	0.00166605	0.0235313	11.627	1.54812	2.32201
129	33	Pathway::WP437_r79266	EGF/EGFR Signaling Pathway	162	18	8.34677	2.15652	0.00166605	0.0235313	10.7695	1.67139	2.35515
130	433	Pathway::PC7_1687	Apoptotic cleavage of cell adhesion proteins	11	4	0.566756	7.05771	0.0017176	0.0238387	0.3315	12.0664	6.49921
131	271	Pathway::PC7_7041	S1P2 pathway	26	6	1.33961	4.47893	0.00172483	0.0238387	1.6785	3.57462	3.50619
132	332	Pathway::PC7_6086	Oxygen-dependent proline hydroxylation of Hypoxia-inducible Factor Alpha	18	5	0.927419	5.3913	0.00174014	0.0238387	0.9185	5.44366	4.46163
133	332	Pathway::PC7_8275	Tie2 Signaling	18	5	0.927419	5.3913	0.00174014	0.0238387	0.912	5.48246	4.49732
134	231	Pathway::PC7_7500	Signaling mediated by p38-alpha and p38-beta	35	7	1.80332	3.88174	0.00175966	0.0239261	2.1765	3.21617	3.45653
135	33	Pathway::PC7_7445	Signaling by ERBB2	163	18	8.3983	2.14329	0.00178609	0.0241056	11.627	1.54812	2.29297
136	141	Pathway::PC7_6918	Regulation of retinoblastoma protein	66	10	3.40054	2.94071	0.0018754	0.0251249	4.399	2.27324	2.84099
137	33	Pathway::PC7_2926	DAP12 signaling	164	18	8.44982	2.13022	0.00191335	0.0254462	11.823	1.52246	2.18764
138	62	Pathway::WP1449_r81172	Regulation of toll-like receptor signaling pathway	139	16	7.16174	2.23409	0.00205889	0.0271833	9.417	1.69905	2.35271
139	271	Pathway::PC7_6618	Prolonged ERK activation events	27	6	1.39113	4.31304	0.00212272	0.0278245	1.6765	3.57888	3.53857
140	332	Pathway::PC7_4739	Initial triggering of complement	19	5	0.978943	5.10755	0.0022629	0.0291831	0.7905	6.32511	4.81405
141	332	Pathway::PC7_7040	S1P1 pathway	19	5	0.978943	5.10755	0.0022629	0.0291831	1.1555	4.32713	3.71954
142	115	Pathway::WP2059_r82906	Alzheimers Disease	79	11	4.07034	2.70248	0.00227442	0.0291831	5.111	2.15222	2.76974
143	529	Pathway::PC7_2629	Classical antibody-mediated complement activation	6	3	0.30914	9.70435	0.00241803	0.0305949	0.1695	17.6991	7.19482
144	529	Pathway::PC7_6464	Phosphorylation of Emi1	6	3	0.30914	9.70435	0.00241803	0.0305949	0.284	10.5634	5.35393
145	33	Pathway::WP382_r79951	MAPK Signaling Pathway	168	18	8.65591	2.0795	0.0025015	0.0314326	11.544	1.55925	2.04627
146	271	Pathway::PC7_8667	VEGFR2 mediated vascular permeability	28	6	1.44265	4.15901	0.00258614	0.0322736	1.8445	3.25291	3.20764
147	169	Pathway::PC7_7269	SHP2 signaling	58	9	2.98835	3.01169	0.00264536	0.0323946	3.833	2.34803	2.78865
148	666	Pathway::PC7_3059	Degradation of GABA	2	2	0.103047	19.4087	0.00264918	0.0323946	0		
149	666	Pathway::PC7_8322	Transcriptional activation of cell cycle inhibitor p21	2	2	0.103047	19.4087	0.00264918	0.0323946	0		
150	81	Pathway::PC7_2520	Cell Cycle Checkpoints	117	14	6.02823	2.32241	0.00267689	0.0325152	8.6925	1.61058	1.97171
151	231	Pathway::WP2371_r84649	Parkinsons Disease Pathway	38	7	1.95789	3.57529	0.00289007	0.0348722	1.9915	3.51494	3.74099
152	169	Pathway::PC7_1178	ATF-2 transcription factor network	59	9	3.03987	2.96065	0.0029828	0.0357544	3.7515	2.39904	2.90521
153	271	Pathway::PC7_2458	Calcium signaling in the CD4+ TCR pathway	29	6	1.49418	4.01559	0.00312153	0.0369313	1.819	3.29852	3.26457
154	271	Pathway::WP422_r72129	MAPK Cascade	29	6	1.49418	4.01559	0.00312153	0.0369313	1.698	3.53357	3.44569
155	433	Pathway::PC7_1063	AKT phosphorylates targets in the cytosol	13	4	0.669803	5.97191	0.00342723	0.0402866	0.723	5.5325	4.10179
156	332	Pathway::PC7_1129	APC/C:Cdc20 mediated degradation of Cyclin B	21	5	1.08199	4.62112	0.00363653	0.0414999	1.4765	3.38639	3.12605
157	332	Pathway::PC7_3359	E-cadherin signaling in keratinocytes	21	5	1.08199	4.62112	0.00363653	0.0414999	1.2315	4.06009	3.54839
158	332	Pathway::PC7_4061	GRB2 events in EGFR signaling	21	5	1.08199	4.62112	0.00363653	0.0414999	1.2455	4.01445	3.60905
159	332	Pathway::PC7_7341	SOS-mediated signalling	21	5	1.08199	4.62112	0.00363653	0.0414999	1.257	3.97772	3.48741
160	33	Pathway::PC7_2925	DAP12 interactions	174	18	8.96505	2.0078	0.00366238	0.0414999	12.457	1.44497	1.89366
161	199	Pathway::PC7_2440	Calcineurin-regulated NFAT-dependent transcription in lymphocytes	50	8	2.57616	3.10539	0.00371408	0.0414999	3.133	2.55346	2.9795
162	271	Pathway::PC7_4062	GRB2 events in ERBB2 signaling	30	6	1.5457	3.88174	0.00373544	0.0414999	1.9955	3.00677	3.08818
163	271	Pathway::PC7_4593	IL12 signaling mediated by STAT4	30	6	1.5457	3.88174	0.00373544	0.0414999	1.9305	3.108	3.13347
164	271	Pathway::WP98_r72088	Prostaglandin Synthesis and Regulation	30	6	1.5457	3.88174	0.00373544	0.0414999	1.602	3.74532	3.59503
165	231	Pathway::PC7_2095	Binding and Uptake of Ligands by Scavenger Receptors	40	7	2.06093	3.39652	0.00390693	0.043142	2.0295	3.44913	3.64295
166	529	Pathway::PC7_1538	Activation of NIMA Kinases NEK9, NEK6, NEK7	7	3	0.360663	8.31801	0.00407032	0.0433817	0.242	12.3967	5.74538
167	529	Pathway::PC7_1690	Apoptotic factor-mediated response	7	3	0.360663	8.31801	0.00407032	0.0433817	0.354	8.47458	4.70194
168	529	Pathway::WP3300_r81234	Dual hijack model of Vif in HIV infection	7	3	0.360663	8.31801	0.00407032	0.0433817	0.223	13.4529	6.08501
169	529	Pathway::WP678_r71506	Arachidonate Epoxygenase / Epoxide Hydrolase	7	3	0.360663	8.31801	0.00407032	0.0433817	0.3035	9.88468	5.08332
170	115	Pathway::PC7_4662	IRS-mediated signalling	85	11	4.37948	2.51171	0.0040715	0.0433817	6.1535	1.7876	2.14545
171	115	Pathway::PC7_6395	Peptide hormone metabolism	85	11	4.37948	2.51171	0.0040715	0.0433817	4.6945	2.34317	3.01111
172	33	Pathway::PC7_7448	Signaling by FGFR in disease	177	18	9.11962	1.97377	0.0043923	0.0464267	12.5565	1.43352	1.89705
173	271	Pathway::PC7_1855	Aurora A signaling	31	6	1.59722	3.75652	0.00443456	0.0464267	1.7945	3.34355	3.29474
174	271	Pathway::PC7_6066	Osteopontin-mediated events	31	6	1.59722	3.75652	0.00443456	0.0464267	2.1035	2.85239	2.79624
175	332	Pathway::PC7_7263	SHC-mediated signalling	22	5	1.13351	4.41107	0.00451017	0.0464267	1.3705	3.6483	3.25254
176	332	Pathway::PC7_7266	SHC1 events in EGFR signaling	22	5	1.13351	4.41107	0.00451017	0.0464267	1.33	3.7594	3.38988
177	332	Pathway::WP2911_r83020	miRNA targets in ECM and membrane receptors	22	5	1.13351	4.41107	0.00451017	0.0464267	1.408	3.55114	3.23941
178	169	Pathway::PC7_8678	Validated targets of C-MYC transcriptional repression	63	9	3.24597	2.77267	0.00468548	0.0479604	3.827	2.35171	2.7525
179	199	Pathway::WP3286_r84312	Copper homeostasis	52	8	2.67921	2.98595	0.00475898	0.0484406	2.455	3.25866	3.75299
180	141	Pathway::WP2034_r80016	Leptin signaling pathway	75	10	3.86425	2.58783	0.00487885	0.0493776	5.1425	1.94458	2.28019
181	81	Pathway::PC7_6141	PDGFR-beta signaling pathway	125	14	6.44041	2.17377	0.00490523	0.0493776	8.573	1.63303	1.99992
182	33	Pathway::PC7_7443	Signaling by EGFR	179	18	9.22267	1.95171	0.00494252	0.0494795	13.1015	1.37389	1.64864
183	62	Pathway::PC7_7446	Signaling by ERBB4	152	16	7.83154	2.04302	0.00505257	0.0503048	11.092	1.44248	1.74458
184	231	Pathway::PC7_3806	FCERI mediated MAPK activation	42	7	2.16398	3.23478	0.00517439	0.0504157	2.869	2.43987	2.61485
185	231	Pathway::PC7_7660	Stabilization and expansion of the E-cadherin adherens junction	42	7	2.16398	3.23478	0.00517439	0.0504157	2.344	2.98635	3.17414
186	231	Pathway::WP314_r80438	FAS pathway and Stress induction of HSP regulation	42	7	2.16398	3.23478	0.00517439	0.0504157	2.8695	2.43945	2.5723
187	231	Pathway::WP49_r78543	IL-2 Signaling Pathway	42	7	2.16398	3.23478	0.00517439	0.0504157	2.8945	2.41838	2.58603
188	271	Pathway::PC7_7267	SHC1 events in ERBB2 signaling	32	6	1.64875	3.63913	0.00522558	0.0506437	2.1795	2.75292	2.81172
189	115	Pathway::PC7_4663	IRS-related events	88	11	4.53405	2.42609	0.00532016	0.0512875	6.4395	1.70821	1.96138
190	199	Pathway::WP2864_r79278	Apoptosis-related network due to altered Notch3 in ovarian cancer	53	8	2.73073	2.92961	0.00535926	0.0513925	3.337	2.39736	2.64822
191	332	Pathway::PC7_7492	Signaling events mediated by PRL	23	5	1.18504	4.21928	0.00552339	0.0523764	1.2575	3.97614	3.44935
192	332	Pathway::WP167_r82702	Eicosanoid Synthesis	23	5	1.18504	4.21928	0.00552339	0.0523764	1.0845	4.61042	3.95654
193	33	Pathway::PC7_7444	Signaling by EGFR in Cancer	181	18	9.32572	1.93015	0.00554811	0.0523764	13.2535	1.35813	1.58523
194	169	Pathway::WP176_r82704	Folate Metabolism	65	9	3.34901	2.68736	0.00578033	0.0541709	4.0595	2.21702	2.53979
195	115	Pathway::PC7_3065	Degradation of the extracellular matrix	89	11	4.58557	2.39883	0.00579765	0.0541709	5.1365	2.14154	2.66416
196	199	Pathway::PC7_3811	FGF signaling pathway	54	8	2.78226	2.87536	0.00601567	0.0551862	3.6605	2.18549	2.35507
197	199	Pathway::PC7_6740	RAC1 signaling pathway	54	8	2.78226	2.87536	0.00601567	0.0551862	3.528	2.26757	2.48782
198	97	Pathway::WP75_r83867	Toll-like Receptor Signaling Pathway	102	12	5.25538	2.28338	0.00602606	0.0551862	7.362	1.62999	1.89378
199	433	Pathway::PC7_4335	HDL-mediated lipid transport	15	4	0.772849	5.17565	0.00602747	0.0551862	0.81	4.93827	3.76233
200	529	Pathway::PC7_8660	VEGF binds to VEGFR leading to receptor dimerization	8	3	0.412186	7.27826	0.00626502	0.0570744	0.336	8.92857	4.83881
201	115	Pathway::WP69_r79955	TCR Signaling Pathway	90	11	4.6371	2.37217	0.00630825	0.0571823	6.1545	1.78731	2.11927
202	271	Pathway::PC7_4949	Latent infection of Homo sapiens with Mycobacterium tuberculosis	34	6	1.75179	3.42506	0.00711026	0.0638172	1.759	3.41103	3.40215
203	271	Pathway::PC7_8431	Trk receptor signaling mediated by the MAPK pathway	34	6	1.75179	3.42506	0.00711026	0.0638172	2.099	2.8585	2.76243
204	115	Pathway::PC7_4749	Insulin receptor signalling cascade	92	11	4.74014	2.3206	0.00743493	0.0662799	6.7855	1.6211	1.76751
205	97	Pathway::PC7_3698	ErbB1 downstream signaling	105	12	5.40995	2.21814	0.00757869	0.0662799	7.1515	1.67797	1.9373
206	97	Pathway::PC7_7426	Senescence-Associated Secretory Phenotype (SASP)	105	12	5.40995	2.21814	0.00757869	0.0662799	7.6275	1.57325	1.79259
207	666	Pathway::PC7_3358	E-cadherin signaling events	3	2	0.15457	12.9391	0.00767567	0.0662799	0.098	20.4082	6.39726
208	666	Pathway::PC7_3965	Formation of apoptosome	3	2	0.15457	12.9391	0.00767567	0.0662799	0.0955	20.9424	6.48
209	666	Pathway::PC7_4734	Inhibition of TSC complex formation by PKB	3	2	0.15457	12.9391	0.00767567	0.0662799	0.077	25.974	7.21328
210	666	Pathway::PC7_6085	Oxygen-dependent asparagine hydroxylation of Hypoxia-inducible Factor Alpha	3	2	0.15457	12.9391	0.00767567	0.0662799	0.0555	36.036	8.49299
211	666	Pathway::PC7_6466	Phosphorylation of proteins involved in the G2/M transition by Cyclin A:Cdc2 complexes	3	2	0.15457	12.9391	0.00767567	0.0662799	0.104	19.2308	6.21109
212	169	Pathway::PC7_6895	Regulation of Telomerase	68	9	3.50358	2.5688	0.00778052	0.0668684	4.2045	2.14056	2.44348
213	332	Pathway::PC7_7042	S1P3 pathway	25	5	1.28808	3.88174	0.00801252	0.0679015	1.681	2.97442	2.71973
214	332	Pathway::PC7_7264	SHC-related events	25	5	1.28808	3.88174	0.00801252	0.0679015	1.6565	3.01841	2.72949
215	332	Pathway::WP205_r80223	IL-7 Signaling Pathway	25	5	1.28808	3.88174	0.00801252	0.0679015	1.628	3.07125	2.7901
216	199	Pathway::PC7_7786	TCR signaling	57	8	2.93683	2.72403	0.00835401	0.0704676	4.201	1.90431	1.98074
217	231	Pathway::WP465_r79226	Tryptophan metabolism	46	7	2.37007	2.9535	0.00860375	0.0722398	2.259	3.09872	3.31456
218	529	Pathway::PC7_4009	G2/M DNA damage checkpoint	9	3	0.46371	6.46957	0.00904137	0.0755659	0.556	5.39568	3.33556
219	141	Pathway::PC7_4161	Glucocorticoid receptor regulatory network	82	10	4.22491	2.36691	0.00915014	0.0761258	5.374	1.86081	2.083
220	271	Pathway::PC7_2255	CD40/CD40L signaling	36	6	1.85484	3.23478	0.00944287	0.0773504	2.3155	2.59123	2.52698
221	271	Pathway::PC7_3360	E-cadherin signaling in the nascent adherens junction	36	6	1.85484	3.23478	0.00944287	0.0773504	2.3945	2.50574	2.44652
222	332	Pathway::PC7_4748	Insulin receptor recycling	26	5	1.33961	3.73244	0.00950959	0.0773504	1.281	3.9032	3.5125
223	332	Pathway::PC7_7462	Signaling by Leptin	26	5	1.33961	3.73244	0.00950959	0.0773504	1.6475	3.0349	2.76111
224	332	Pathway::WP2878_r79689	PPAR Alpha Pathway	26	5	1.33961	3.73244	0.00950959	0.0773504	1.538	3.25098	2.91702
225	433	Pathway::PC7_2072	Beta-catenin phosphorylation cascade	17	4	0.875896	4.56675	0.00968459	0.0777327	1.141	3.5057	2.81416
226	433	Pathway::PC7_6467	Phosphorylation of the APC/C	17	4	0.875896	4.56675	0.00968459	0.0777327	1.281	3.12256	2.56573
227	433	Pathway::PC7_968	ABCA transporters in lipid homeostasis	17	4	0.875896	4.56675	0.00968459	0.0777327	0.781	5.12164	3.71441
228	199	Pathway::WP304_r78799	Kit receptor signaling pathway	59	8	3.03987	2.63169	0.0102532	0.081578	3.886	2.05867	2.30123
229	199	Pathway::WP558_r79680	Complement and Coagulation Cascades	59	8	3.03987	2.63169	0.0102532	0.081578	3.499	2.28637	2.50831
230	231	Pathway::WP534_r78585	Glycolysis and Gluconeogenesis	48	7	2.47312	2.83043	0.0108377	0.0858536	2.5325	2.76407	2.96849
231	7	Pathway::PC7_5326	Metabolism of lipids and lipoproteins	569	42	29.3168	1.43263	0.0110967	0.0873615	34.3945	1.22113	1.40427
232	33	Pathway::PC7_1877	B Cell Activation	194	18	9.99552	1.80081	0.011124	0.0873615	13.882	1.29664	1.40365
233	332	Pathway::PC7_12079	mTOR signalling	27	5	1.39113	3.5942	0.0111884	0.0874906	2.0565	2.43132	2.14831
234	433	Pathway::PC7_3062	Degradation of beta catenin	18	4	0.927419	4.31304	0.0119544	0.092685	1.309	3.05577	2.55244
235	433	Pathway::PC7_4691	Inactivation of APC/C via direct inhibition of the APC/C complex	18	4	0.927419	4.31304	0.0119544	0.092685	1.3905	2.87666	2.38114
236	231	Pathway::PC7_3980	FoxO family signaling	49	7	2.52464	2.77267	0.0121001	0.0930056	3.3755	2.07377	2.14153
237	231	Pathway::WP2946_r83779	Imatinib Resistance in Chronic Myeloid Leukemia	49	7	2.52464	2.77267	0.0121001	0.0930056	2.491	2.81012	3.0195
238	169	Pathway::PC7_3362	E2F transcription factor network	73	9	3.7612	2.39285	0.0122335	0.0930056	4.85	1.85567	2.00236
239	271	Pathway::WP2447_r84415	Amyotrophic lateral sclerosis (ALS)	38	6	1.95789	3.06453	0.0122754	0.0930056	2.2825	2.6287	2.51166
240	529	Pathway::PC7_1551	Activation of the AP-1 family of transcription factors	10	3	0.515233	5.82261	0.0124281	0.0930056	0.563	5.3286	3.3697
241	529	Pathway::PC7_3756	Ethanol oxidation	10	3	0.515233	5.82261	0.0124281	0.0930056	0.3835	7.82269	4.33426
242	529	Pathway::PC7_6993	Role of DCC in regulating apoptosis	10	3	0.515233	5.82261	0.0124281	0.0930056	0.3665	8.18554	4.54202
243	529	Pathway::PC7_8659	VEGF and VEGFR signaling network	10	3	0.515233	5.82261	0.0124281	0.0930056	0.4855	6.1792	3.83998
244	199	Pathway::PC7_3885	Fc-epsilon receptor I signaling in mast cells	61	8	3.14292	2.5454	0.0124552	0.0930056	4.0315	1.98437	2.1392
245	141	Pathway::PC7_2679	Constitutive PI3K/AKT Signaling in Cancer	86	10	4.431	2.25683	0.0126273	0.0939061	6.188	1.61603	1.77395
246	332	Pathway::PC7_6175	PKB-mediated events	28	5	1.44265	3.46584	0.0130585	0.0963262	2.155	2.32019	2.03998
247	332	Pathway::PC7_7268	SHC1 events in ERBB4 signaling	28	5	1.44265	3.46584	0.0130585	0.0963262	1.936	2.58264	2.35421
248	231	Pathway::PC7_5995	Nucleotide-binding domain, leucine rich repeat containing receptor (NLR) signaling pathways	50	7	2.57616	2.71722	0.0134653	0.0989266	3.378	2.07223	2.10307
249	271	Pathway::PC7_3324	Downstream TCR signaling	39	6	2.00941	2.98595	0.0138946	0.101264	2.931	2.04708	1.92142
250	271	Pathway::PC7_3420	EPHB forward signaling	39	6	2.00941	2.98595	0.0138946	0.101264	2.6795	2.23922	2.12888
251	433	Pathway::PC7_5535	Mitotic Spindle Checkpoint	19	4	0.978943	4.08604	0.0145388	0.104703	1.479	2.70453	2.22258
252	433	Pathway::WP3287_r84570	Overview of nanoparticle effects	19	4	0.978943	4.08604	0.0145388	0.104703	1.1815	3.38553	2.71644
253	433	Pathway::WP734_r74438	Serotonin Receptor 4/6/7 and NR3C Signaling	19	4	0.978943	4.08604	0.0145388	0.104703	1.22	3.27869	2.63321
254	666	Pathway::PC7_1223	Abnormal metabolism in phenylketonuria	4	2	0.206093	9.70435	0.0148285	0.104719	0.0985	20.3046	6.24206
255	666	Pathway::PC7_1565	Adenosine P1 receptors	4	2	0.206093	9.70435	0.0148285	0.104719	0.141	14.1844	5.21404
256	666	Pathway::PC7_1607	Alternative complement activation	4	2	0.206093	9.70435	0.0148285	0.104719	0.0975	20.5128	6.30694
257	666	Pathway::PC7_2096	Binding and entry of HIV virion	4	2	0.206093	9.70435	0.0148285	0.104719	0.192	10.4167	4.39623
258	666	Pathway::PC7_5888	Neurophilin interactions with VEGF and VEGFR	4	2	0.206093	9.70435	0.0148285	0.104719	0.1495	13.3779	4.92549
259	332	Pathway::PC7_8330	Transferrin endocytosis and recycling	29	5	1.49418	3.34633	0.0151287	0.106427	1.366	3.66032	3.29001
260	115	Pathway::PC7_4012	GAB1 signalosome	102	11	5.25538	2.09309	0.015591	0.109257	7.5355	1.45976	1.47784
261	529	Pathway::PC7_2673	Condensation of Prometaphase Chromosomes	11	3	0.566756	5.29328	0.0164445	0.114358	0.597	5.02513	3.27739
262	529	Pathway::PC7_2703	Creatine metabolism	11	3	0.566756	5.29328	0.0164445	0.114358	0.483	6.21118	3.77013
263	23	Pathway::PC7_3777	Extracellular matrix organization	263	22	13.5506	1.62354	0.0168491	0.116726	15.6625	1.40463	1.66993
264	332	Pathway::PC7_6047	Oncogene Induced Senescence	30	5	1.5457	3.23478	0.0174073	0.119083	2.0205	2.47463	2.14799
265	433	Pathway::PC7_2568	Chondroitin sulfate biosynthesis	20	4	1.03047	3.88174	0.0174507	0.119083	1.0335	3.87034	2.95269
266	433	Pathway::WP497_r72142	Urea cycle and metabolism of amino groups	20	4	1.03047	3.88174	0.0174507	0.119083	0.6955	5.75126	4.06824
267	433	Pathway::WP732_r80010	Serotonin Receptor 2 and ELK-SRF/GATA4 signaling	20	4	1.03047	3.88174	0.0174507	0.119083	1.325	3.01887	2.45695
268	231	Pathway::WP2406_r73324	Cardiac Progenitor Differentiation	53	7	2.73073	2.56341	0.0182193	0.123758	2.9075	2.40757	2.42294
269	141	Pathway::WP231_r81070	TNF alpha Signaling Pathway	91	10	4.68862	2.13282	0.0182716	0.123758	6.101	1.63908	1.77048
270	199	Pathway::PC7_2701	Costimulation by the CD28 family	66	8	3.40054	2.35257	0.0194528	0.130786	4.82	1.65975	1.54973
271	199	Pathway::WP2324_r78487	AGE/RAGE pathway	66	8	3.40054	2.35257	0.0194528	0.130786	4.5965	1.74045	1.73218
272	33	Pathway::PC7_5772	NGF signalling via TRKA from the plasma membrane	206	18	10.6138	1.69591	0.0195697	0.130908	15.663	1.14921	0.718909
273	169	Pathway::PC7_8677	Validated targets of C-MYC transcriptional activation	79	9	4.07034	2.21112	0.0198078	0.130908	4.841	1.85912	1.97875
274	332	Pathway::PC7_11463	disassembly of the destruction complex and recruitment of AXIN to the membrane	31	5	1.59722	3.13043	0.0199021	0.130908	2.3575	2.12089	1.83991
275	332	Pathway::PC7_5779	NOD1/2 Signaling Pathway	31	5	1.59722	3.13043	0.0199021	0.130908	2.268	2.20459	1.9762
276	332	Pathway::WP2363_r84552	Gastric Cancer Network 2	31	5	1.59722	3.13043	0.0199021	0.130908	1.441	3.46981	3.11365
277	332	Pathway::WP2525_r80205	Trans-sulfuration and one carbon metabolism	31	5	1.59722	3.13043	0.0199021	0.130908	1.566	3.19285	2.82881
278	433	Pathway::PC7_6128	PD-1 signaling	21	4	1.08199	3.69689	0.0207011	0.134904	1.503	2.66134	2.14274
279	433	Pathway::PC7_7438	Signal transduction by L1	21	4	1.08199	3.69689	0.0207011	0.134904	1.4695	2.72201	2.19582
280	529	Pathway::PC7_2704	Creation of C4 and C2 activators	12	3	0.61828	4.85217	0.0211019	0.134904	0.493	6.08519	3.66092
281	529	Pathway::PC7_3433	ERK activation	12	3	0.61828	4.85217	0.0211019	0.134904	0.71	4.22535	2.90153
282	529	Pathway::PC7_5508	Miscellaneous substrates	12	3	0.61828	4.85217	0.0211019	0.134904	0.6435	4.662	3.12288
283	529	Pathway::PC7_6373	Passive transport by Aquaporins	12	3	0.61828	4.85217	0.0211019	0.134904	0.4025	7.45342	4.20544
284	529	Pathway::PC7_6955	Reversible hydration of carbon dioxide	12	3	0.61828	4.85217	0.0211019	0.134904	0.2935	10.2215	5.1484
285	529	Pathway::PC7_7396	Scavenging of heme from plasma	12	3	0.61828	4.85217	0.0211019	0.134904	0.4675	6.41711	3.89411
286	81	Pathway::WP51_r79977	Regulation of Actin Cytoskeleton	149	14	7.67697	1.82364	0.0213044	0.135722	9.9865	1.40189	1.35624
287	271	Pathway::PC7_4556	IFN-gamma pathway	43	6	2.2155	2.70819	0.0218594	0.137812	3.0615	1.95982	1.82353
288	271	Pathway::PC7_4806	Iron uptake and transport	43	6	2.2155	2.70819	0.0218594	0.137812	2.0675	2.90206	2.90862
289	271	Pathway::PC7_4938	LKB1 signaling events	43	6	2.2155	2.70819	0.0218594	0.137812	2.753	2.17944	2.05523
290	20	Pathway::PC7_7463	Signaling by NGF	286	23	14.7357	1.56084	0.0224248	0.14089	21.609	1.06437	0.365671
291	169	Pathway::PC7_1128	APC/C-mediated degradation of cell cycle proteins	81	9	4.17339	2.15652	0.0229574	0.14374	5.8885	1.5284	1.42945
292	62	Pathway::PC7_3882	Fatty acid, triacylglycerol, and ketone body metabolism	180	16	9.27419	1.72522	0.023227	0.14493	11.894	1.34522	1.27042
293	666	Pathway::PC7_2831	Cyclin B2 mediated events	5	2	0.257616	7.76348	0.0238761	0.145008	0.2755	7.25953	3.43121
294	666	Pathway::PC7_4064	GRB7 events in ERBB2 signaling	5	2	0.257616	7.76348	0.0238761	0.145008	0.2645	7.56144	3.5534
295	666	Pathway::PC7_4283	Glyoxylate metabolism	5	2	0.257616	7.76348	0.0238761	0.145008	0.1695	11.7994	4.4959
296	666	Pathway::PC7_5907	Nicotinamide salvaging	5	2	0.257616	7.76348	0.0238761	0.145008	0.21	9.52381	4.07556
297	666	Pathway::PC7_6745	RAF activation	5	2	0.257616	7.76348	0.0238761	0.145008	0.2425	8.24742	3.72427
298	666	Pathway::PC7_7307	SMAC binds to IAPs	5	2	0.257616	7.76348	0.0238761	0.145008	0.2585	7.73694	3.61811
299	666	Pathway::PC7_7393	Scavenging by Class B Receptors	5	2	0.257616	7.76348	0.0238761	0.145008	0.3	6.66667	3.24177
300	666	Pathway::WP2868_r78079	TCA Cycle Nutrient Utilization and Invasiveness of Ovarian Cancer	5	2	0.257616	7.76348	0.0238761	0.145008	0.237	8.43882	3.8672
301	271	Pathway::PC7_7503	Signalling to ERKs	44	6	2.26703	2.64664	0.0242485	0.146116	3.086	1.94426	1.76895
302	433	Pathway::PC7_2829	Cyclin A/B1 associated events during G2/M transition	22	4	1.13351	3.52885	0.0242991	0.146116	1.542	2.59403	2.10676
303	433	Pathway::WP357_r70641	Fatty Acid Biosynthesis	22	4	1.13351	3.52885	0.0242991	0.146116	1.0655	3.75411	2.95795
304	332	Pathway::PC7_6652	Purine metabolism	33	5	1.70027	2.94071	0.0255673	0.152733	1.3315	3.75516	3.28963
305	332	Pathway::WP1601_r84700	Fluoropyrimidine Activity	33	5	1.70027	2.94071	0.0255673	0.152733	1.679	2.97796	2.73081
306	529	Pathway::PC7_6654	Purine salvage	13	3	0.669803	4.47893	0.0264042	0.156197	0.4495	6.67408	3.97137
307	529	Pathway::WP1434_r78545	Osteopontin Signaling	13	3	0.669803	4.47893	0.0264042	0.156197	0.8815	3.40329	2.35468
308	529	Pathway::WP2881_r79603	Estrogen Receptor Pathway	13	3	0.669803	4.47893	0.0264042	0.156197	0.8625	3.47826	2.43024
309	433	Pathway::PC7_1127	APC-Cdc20 mediated degradation of Nek2A	23	4	1.18504	3.37543	0.0282519	0.165439	1.732	2.30947	1.8548
310	433	Pathway::PC7_6880	Regulation of Complement cascade	23	4	1.18504	3.37543	0.0282519	0.165439	1.088	3.67647	2.91017
311	433	Pathway::WP712_r78491	Estrogen signaling pathway	23	4	1.18504	3.37543	0.0282519	0.165439	1.4945	2.67648	2.17831
312	169	Pathway::PC7_2373	CXCR4-mediated signaling events	84	9	4.32796	2.0795	0.0283298	0.165439	6.2455	1.44104	1.14629
313	332	Pathway::PC7_7504	Signalling to RAS	34	5	1.75179	2.85422	0.0287495	0.167353	2.433	2.05508	1.76323
314	141	Pathway::PC7_6149	PI-3K cascade	98	10	5.04928	1.98048	0.0290288	0.168441	7.251	1.37912	1.1924
315	271	Pathway::WP2873_r79696	Aryl Hydrocarbon Receptor Pathway	46	6	2.37007	2.53157	0.0295366	0.170844	2.662	2.25394	2.18832
316	62	Pathway::PC7_6396	Peptide ligand-binding receptors	186	16	9.58333	1.66957	0.0303703	0.17511	11.22	1.42602	1.50514
317	141	Pathway::PC7_2525	Cell surface interactions at the vascular wall	99	10	5.10081	1.96047	0.0308689	0.177423	5.779	1.7304	1.86577
318	332	Pathway::PC7_2625	Class I PI3K signaling events mediated by Akt	35	5	1.80332	2.77267	0.0321715	0.182444	2.5775	1.93986	1.62882
319	332	Pathway::PC7_3798	FAS (CD95) signaling pathway	35	5	1.80332	2.77267	0.0321715	0.182444	2.448	2.04248	1.76725
320	332	Pathway::PC7_5698	NCAM1 interactions	35	5	1.80332	2.77267	0.0321715	0.182444	2.029	2.46427	2.17426
321	529	Pathway::PC7_1851	Atypical NF-kappaB pathway	14	3	0.721326	4.15901	0.0323495	0.182444	0.851	3.52526	2.4367
322	529	Pathway::PC7_4628	IL5-mediated signaling events	14	3	0.721326	4.15901	0.0323495	0.182444	0.812	3.69458	2.54066
323	529	Pathway::PC7_7753	Synthesis of Prostaglandins (PG) and Thromboxanes (TX)	14	3	0.721326	4.15901	0.0323495	0.182444	0.6725	4.46097	2.88194
324	271	Pathway::PC7_8681	Validated transcriptional targets of deltaNp63 isoforms	47	6	2.42159	2.47771	0.0324434	0.182444	2.917	2.05691	1.84803
325	433	Pathway::PC7_5047	Lysosome Vesicle Biogenesis	24	4	1.23656	3.23478	0.0325649	0.182564	1.6885	2.36897	1.86845
326	141	Pathway::PC7_6941	Resolution of Sister Chromatid Cohesion	100	10	5.15233	1.94087	0.0327899	0.183261	7.1875	1.3913	1.07923
327	11	Pathway::PC7_3084	Developmental Biology	494	35	25.4525	1.37511	0.0333589	0.185871	32.403	1.08015	0.503777
328	231	Pathway::PC7_4594	IL12-mediated signaling events	60	7	3.0914	2.26435	0.0336407	0.18687	4.137	1.69205	1.55058
329	666	Pathway::PC7_1528	Activation of C3 and C5	6	2	0.30914	6.46957	0.0346052	0.188211	0.2635	7.59013	3.51495
330	666	Pathway::PC7_5689	NADE modulates death signalling	6	2	0.30914	6.46957	0.0346052	0.188211	0.3155	6.33914	3.14456
331	666	Pathway::PC7_6927	Release of eIF4E	6	2	0.30914	6.46957	0.0346052	0.188211	0.3565	5.6101	2.88998
332	666	Pathway::PC7_7729	Synthesis of 5-eicosatetraenoic acids	6	2	0.30914	6.46957	0.0346052	0.188211	0.318	6.28931	3.14036
333	666	Pathway::PC7_7741	Synthesis of Lipoxins (LX)	6	2	0.30914	6.46957	0.0346052	0.188211	0.242	8.26446	3.71914
334	666	Pathway::PC7_8761	Vitamins	6	2	0.30914	6.46957	0.0346052	0.188211	0.2345	8.52878	3.72606
335	666	Pathway::WP2249_r84646	Metastatic brain tumor	6	2	0.30914	6.46957	0.0346052	0.188211	0.3645	5.48697	2.81882
336	141	Pathway::PC7_6157	PI3K/AKT activation	101	10	5.20385	1.92165	0.0347932	0.188551	7.5035	1.33271	1.05818
337	33	Pathway::PC7_6512	Platelet activation, signaling and aggregation	220	18	11.3351	1.58798	0.0348747	0.188551	15.9485	1.12863	0.554159
338	332	Pathway::PC7_2090	Bile acid and bile salt metabolism	36	5	1.85484	2.69565	0.0358374	0.191483	2.144	2.33209	2.03882
339	332	Pathway::PC7_5673	N-cadherin signaling events	36	5	1.85484	2.69565	0.0358374	0.191483	2.4955	2.00361	1.69433
340	332	Pathway::PC7_8430	Trk receptor signaling mediated by PI3K and PLC-gamma	36	5	1.85484	2.69565	0.0358374	0.191483	2.4755	2.01979	1.71004
341	332	Pathway::WP1471_r82750	TOR Signaling	36	5	1.85484	2.69565	0.0358374	0.191483	2.251	2.22124	1.92658
342	81	Pathway::WP481_r82731	Insulin Signaling	160	14	8.24373	1.69826	0.0363406	0.193604	10.6385	1.31597	1.08083
343	141	Pathway::WP399_r79474	Wnt Signaling Pathway and Pluripotency	102	10	5.25538	1.90281	0.0368804	0.195907	7.2915	1.37146	1.06942
344	433	Pathway::PC7_8061	TRAIL signaling pathway	25	4	1.28808	3.10539	0.0372415	0.196678	1.554	2.574	2.0776
345	433	Pathway::PC7_8668	VEGFR3 signaling in lymphatic endothelium	25	4	1.28808	3.10539	0.0372415	0.196678	1.708	2.34192	1.89575
346	271	Pathway::WP286_r78583	IL-3 Signaling Pathway	49	6	2.52464	2.37657	0.0387992	0.204312	3.4445	1.74191	1.4747
347	332	Pathway::PC7_4611	IL2 signaling events mediated by PI3K	37	5	1.90636	2.6228	0.0397506	0.207523	2.543	1.96618	1.66979
348	332	Pathway::PC7_4614	IL23-mediated signaling events	37	5	1.90636	2.6228	0.0397506	0.207523	2.2425	2.22965	1.91443
349	332	Pathway::PC7_6533	Post NMDA receptor activation events	37	5	1.90636	2.6228	0.0397506	0.207523	2.677	1.86776	1.52721
350	199	Pathway::PC7_6875	Regulation of APC/C activators between G1/S and early anaphase	76	8	3.91577	2.04302	0.041073	0.213814	5.574	1.43524	1.15061
351	141	Pathway::PC7_6994	Role of LAT2/NTAL/LAB on calcium mobilization	104	10	5.35842	1.86622	0.041312	0.214446	7.7	1.2987	0.969248
352	271	Pathway::PC7_4970	Lipid and lipoprotein metabolism	50	6	2.57616	2.32904	0.0422538	0.216407	3.1755	1.88947	1.64681
353	271	Pathway::WP1533_r82707	Vitamin B12 Metabolism	50	6	2.57616	2.32904	0.0422538	0.216407	3.4265	1.75106	1.44506
354	433	Pathway::PC7_1104	ALK1 signaling events	26	4	1.33961	2.98595	0.0422837	0.216407	1.576	2.53807	1.99304
355	433	Pathway::PC7_4269	Glycolysis	26	4	1.33961	2.98595	0.0422837	0.216407	1.344	2.97619	2.37687
356	433	Pathway::WP581_r67199	EPO Receptor Signaling	26	4	1.33961	2.98595	0.0422837	0.216407	1.745	2.29226	1.82666
357	332	Pathway::PC7_1688	Apoptotic cleavage of cellular proteins	38	5	1.95789	2.55378	0.0439135	0.221635	2.18	2.29358	1.98828
358	332	Pathway::PC7_2669	Collagen degradation	38	5	1.95789	2.55378	0.0439135	0.221635	2.1565	2.31857	2.07826
359	332	Pathway::PC7_2832	Cyclin D associated events in G1	38	5	1.95789	2.55378	0.0439135	0.221635	2.8025	1.78412	1.39163
360	332	Pathway::PC7_4783	Internalization of ErbB1	38	5	1.95789	2.55378	0.0439135	0.221635	2.5155	1.98768	1.63618
361	332	Pathway::PC7_4785	Intrinsic Pathway for Apoptosis	38	5	1.95789	2.55378	0.0439135	0.221635	2.7955	1.78859	1.39713
362	97	Pathway::PC7_5528	Mitotic G1-G1/S phases	135	12	6.95565	1.72522	0.0454246	0.227478	10.345	1.15998	0.576828
363	271	Pathway::PC7_7494	Signaling events mediated by Stem cell factor receptor (c-Kit)	51	6	2.62769	2.28338	0.045896	0.227478	3.304	1.81598	1.60159
364	529	Pathway::PC7_1625	Amine-derived hormones	16	3	0.824373	3.63913	0.0461335	0.227478	0.839	3.57569	2.41898
365	529	Pathway::PC7_1631	Amino acid synthesis and interconversion (transamination)	16	3	0.824373	3.63913	0.0461335	0.227478	0.6935	4.32588	2.89775
366	529	Pathway::PC7_4497	Hyaluronan metabolism	16	3	0.824373	3.63913	0.0461335	0.227478	0.834	3.59712	2.48712
367	529	Pathway::PC7_7659	Spry regulation of FGF signaling	16	3	0.824373	3.63913	0.0461335	0.227478	1.0035	2.98954	2.10276
368	529	Pathway::WP2453_r80143	TCA Cycle and PDHc	16	3	0.824373	3.63913	0.0461335	0.227478	0.829	3.61882	2.46966
369	199	Pathway::PC7_5994	Nucleotide metabolism	78	8	4.01882	1.99064	0.0467814	0.227478	3.628	2.20507	2.36632
370	666	Pathway::PC7_11039	binding of TCF/LEF:CTNNB1 to target gene promoters	7	2	0.360663	5.54534	0.0468191	0.227478	0.4885	4.09417	2.33266
371	666	Pathway::PC7_4487	Homologous DNA pairing and strand exchange	7	2	0.360663	5.54534	0.0468191	0.227478	0.383	5.22193	2.72812
372	666	Pathway::PC7_5139	MEK activation	7	2	0.360663	5.54534	0.0468191	0.227478	0.3975	5.03145	2.58773
373	666	Pathway::PC7_8154	Terminal pathway of complement	7	2	0.360663	5.54534	0.0468191	0.227478	0.271	7.38007	3.37428
374	666	Pathway::PC7_8726	Vitamin D (calciferol) metabolism	7	2	0.360663	5.54534	0.0468191	0.227478	0.2815	7.1048	3.28148
375	666	Pathway::WP3593_r84853	miR-148a/miR-31/FIH1/HIF1α-Notch signaling in glioblastoma 	7	2	0.360663	5.54534	0.0468191	0.227478	0.393	5.08906	2.60501
376	332	Pathway::PC7_7499	Signaling events regulated by Ret tyrosine kinase	39	5	2.00941	2.48829	0.048328	0.233564	2.4355	2.05297	1.69288
377	332	Pathway::WP2526_r82681	PDGF Pathway	39	5	2.00941	2.48829	0.048328	0.233564	2.7055	1.84809	1.49493
378	231	Pathway::PC7_4758	Integrin cell surface interactions	65	7	3.34901	2.09017	0.0488327	0.235379	4.615	1.51679	1.17833
379	81	Pathway::PC7_3326	Downstream signaling events of B Cell Receptor (BCR)	167	14	8.60439	1.62708	0.0491992	0.23652	12.231	1.14463	0.632042
380	141	Pathway::PC7_5533	Mitotic Prometaphase	108	10	5.56452	1.7971	0.051239	0.245033	7.7845	1.2846	0.808821
381	141	Pathway::PC7_7461	Signaling by Interleukins	108	10	5.56452	1.7971	0.051239	0.245033	8.227	1.21551	0.667918
382	33	Pathway::PC7_3992	G alpha (i) signalling events	231	18	11.9019	1.51237	0.0520278	0.248154	14.126	1.27425	1.10613
383	231	Pathway::PC7_7787	TCR signaling in naïve CD4+ T cells	66	7	3.40054	2.0585	0.0523184	0.248888	4.6365	1.50976	1.16141
384	199	Pathway::PC7_3886	Fcgamma receptor (FCGR) dependent phagocytosis	80	8	4.12186	1.94087	0.0529851	0.25075	5.497	1.45534	1.09627
385	199	Pathway::PC7_6914	Regulation of nuclear beta catenin signaling and target gene transcription	80	8	4.12186	1.94087	0.0529851	0.25075	5.341	1.49785	1.22877
386	433	Pathway::PC7_4775	Interleukin receptor SHC signaling	28	4	1.44265	2.77267	0.0534637	0.251371	2.06	1.94175	1.46216
387	433	Pathway::PC7_5882	Nephrin/Neph1 signaling in the kidney podocyte	28	4	1.44265	2.77267	0.0534637	0.251371	1.8685	2.14075	1.62327
388	271	Pathway::PC7_7788	TCR signaling in naïve CD8+ T cells	53	6	2.73073	2.19721	0.0537498	0.251371	3.901	1.53807	1.12483
389	529	Pathway::PC7_2117	Branched-chain amino acid catabolism	17	3	0.875896	3.42506	0.053944	0.251371	0.774	3.87597	2.51735
390	529	Pathway::PC7_2684	Conversion from APC/C:Cdc20 to APC/C:Cdh1 in late anaphase	17	3	0.875896	3.42506	0.053944	0.251371	1.3255	2.2633	1.57346
391	529	Pathway::PC7_3671	Energy dependent regulation of mTOR by LKB1-AMPK	17	3	0.875896	3.42506	0.053944	0.251371	1.376	2.18023	1.49335
392	231	Pathway::WP428_r79854	Wnt Signaling Pathway	67	7	3.45206	2.02777	0.0559568	0.260085	4.996	1.40112	0.950844
393	199	Pathway::PC7_6913	Regulation of nuclear SMAD2/3 signaling	81	8	4.17339	1.91691	0.0562758	0.260902	5.7255	1.39726	0.989273
394	332	Pathway::PC7_1539	Activation of NMDA receptor upon glutamate binding and postsynaptic events	41	5	2.11246	2.36691	0.0579156	0.266693	2.919	1.71292	1.31262
395	271	Pathway::WP395_r79978	IL-4 Signaling Pathway	54	6	2.78226	2.15652	0.057964	0.266693	3.8375	1.56352	1.18896
396	271	Pathway::WP560_r83868	TGF-beta Receptor Signaling	54	6	2.78226	2.15652	0.057964	0.266693	3.705	1.61943	1.22568
397	169	Pathway::PC7_4917	L1CAM interactions	96	9	4.94624	1.81957	0.0585482	0.268132	6.299	1.4288	1.12958
398	433	Pathway::PC7_2335	CREB phosphorylation through the activation of Ras	29	4	1.49418	2.67706	0.0595973	0.268132	2.155	1.85615	1.35685
399	433	Pathway::PC7_4765	Interaction between L1 and Ankyrins	29	4	1.49418	2.67706	0.0595973	0.268132	1.1795	3.39127	2.69873
400	433	Pathway::WP2583_r84488	T-Cell Receptor and Co-stimulatory Signaling	29	4	1.49418	2.67706	0.0595973	0.268132	1.8765	2.13163	1.59241
401	433	Pathway::WP3298_r84382	Melatonin metabolism and effects	29	4	1.49418	2.67706	0.0595973	0.268132	1.924	2.079	1.55856
402	231	Pathway::PC7_1131	APC/C:Cdc20 mediated degradation of mitotic proteins	68	7	3.50358	1.99795	0.0597487	0.268132	4.9525	1.41343	1.00517
403	231	Pathway::PC7_2518	Cdc20:Phospho-APC/C mediated degradation of Cyclin A	68	7	3.50358	1.99795	0.0597487	0.268132	4.9635	1.4103	1.00968
404	666	Pathway::PC7_2539	ChREBP activates metabolic gene expression	8	2	0.412186	4.85217	0.0603371	0.268132	0.4305	4.64576	2.51266
405	666	Pathway::PC7_2705	Cross-presentation of particulate exogenous antigens (phagosomes)	8	2	0.412186	4.85217	0.0603371	0.268132	0.488	4.09836	2.25182
406	666	Pathway::PC7_3064	Degradation of cysteine and homocysteine	8	2	0.412186	4.85217	0.0603371	0.268132	0.2795	7.15564	3.39792
407	666	Pathway::PC7_5889	Neurotransmitter Clearance In The Synaptic Cleft	8	2	0.412186	4.85217	0.0603371	0.268132	0.521	3.83877	2.16994
408	666	Pathway::PC7_7761	Synthesis of epoxy (EET) and dihydroxyeicosatrienoic acids (DHET)	8	2	0.412186	4.85217	0.0603371	0.268132	0.551	3.62976	2.08409
409	666	Pathway::PC7_8274	Thyroxine biosynthesis	8	2	0.412186	4.85217	0.0603371	0.268132	0.412	4.85437	2.57521
410	666	Pathway::WP1604_r74317	Codeine and Morphine Metabolism	8	2	0.412186	4.85217	0.0603371	0.268132	0.483	4.14079	2.25963
411	169	Pathway::WP23_r79985	B Cell Receptor Signaling Pathway	97	9	4.99776	1.80081	0.0617473	0.273731	6.665	1.35034	1.00004
412	529	Pathway::PC7_6463	Phosphorylation of CD3 and TCR zeta chains	18	3	0.927419	3.23478	0.0623419	0.27449	1.4595	2.0555	1.33761
413	529	Pathway::WP697_r80025	Estrogen metabolism	18	3	0.927419	3.23478	0.0623419	0.27449	1.117	2.68577	1.88743
414	271	Pathway::WP2018_r79959	RANKL/RANK Signaling Pathway	55	6	2.83378	2.11731	0.0623705	0.27449	3.7015	1.62096	1.31046
415	231	Pathway::PC7_12281	p75(NTR)-mediated signaling	69	7	3.55511	1.969	0.0636949	0.278971	4.7535	1.4726	1.09245
416	231	Pathway::PC7_1521	Activation of APC/C and APC/C:Cdc20 mediated degradation of mitotic proteins	69	7	3.55511	1.969	0.0636949	0.278971	5.04	1.38889	0.956109
417	12	Pathway::PC7_4449	Hemostasis	505	34	26.0193	1.30672	0.0645755	0.28215	33.675	1.00965	0.0622583
418	433	Pathway::PC7_4162	Gluconeogenesis	30	4	1.5457	2.58783	0.0660881	0.283992	1.693	2.36267	1.89013
419	433	Pathway::PC7_4612	IL2 signaling events mediated by STAT5	30	4	1.5457	2.58783	0.0660881	0.283992	2.1335	1.87485	1.39443
420	433	Pathway::PC7_4992	Lipoprotein metabolism	30	4	1.5457	2.58783	0.0660881	0.283992	2.0055	1.99452	1.46978
421	433	Pathway::PC7_5867	Nectin adhesion pathway	30	4	1.5457	2.58783	0.0660881	0.283992	1.9775	2.02276	1.51806
422	433	Pathway::PC7_6878	Regulation of CDC42 activity	30	4	1.5457	2.58783	0.0660881	0.283992	1.7275	2.31548	1.79643
423	433	Pathway::WP408_r78546	Oxidative Stress	30	4	1.5457	2.58783	0.0660881	0.283992	1.797	2.22593	1.6833
424	433	Pathway::WP453_r80206	Inflammatory Response Pathway	30	4	1.5457	2.58783	0.0660881	0.283992	2.2355	1.78931	1.23478
425	199	Pathway::WP1544_r84696	MicroRNAs in cardiomyocyte hypertrophy	84	8	4.32796	1.84845	0.0669146	0.286429	6.062	1.3197	0.845639
426	271	Pathway::PC7_6896	Regulation of actin dynamics for phagocytic cup formation	56	6	2.8853	2.0795	0.0669697	0.286429	3.7975	1.57999	1.1534
427	332	Pathway::PC7_4792	Ion transport by P-type ATPases	43	5	2.2155	2.25683	0.0685137	0.291663	2.097	2.38436	2.17492
428	332	Pathway::WP716_r83589	Vitamin A and Carotenoid Metabolism	43	5	2.2155	2.25683	0.0685137	0.291663	2.045	2.44499	2.15231
429	529	Pathway::PC7_3878	Fatty Acyl-CoA Biosynthesis	19	3	0.978943	3.06453	0.071305	0.302839	1.028	2.91829	1.99282
430	433	Pathway::PC7_5970	Nongenotropic Androgen signaling	31	4	1.59722	2.50435	0.0729305	0.309022	2.1925	1.8244	1.30464
431	20	Pathway::PC7_1863	Axon guidance	324	23	16.6935	1.37778	0.0733428	0.310048	21.4375	1.07289	0.370098
432	332	Pathway::PC7_3853	FOXA2 and FOXA3 transcription factor networks	44	5	2.26703	2.20553	0.0741887	0.31074	2.736	1.82749	1.42328
433	332	Pathway::PC7_3864	FRS2-mediated cascade	44	5	2.26703	2.20553	0.0741887	0.31074	2.975	1.68067	1.29152
434	332	Pathway::PC7_4008	G2/M Checkpoints	44	5	2.26703	2.20553	0.0741887	0.31074	3.5105	1.4243	0.842738
435	332	Pathway::WP2332_r79525	Interleukin-11 Signaling Pathway	44	5	2.26703	2.20553	0.0741887	0.31074	3.04	1.64474	1.20621
436	666	Pathway::PC7_3701	Erythrocytes take up carbon dioxide and release oxygen	9	2	0.46371	4.31304	0.074993	0.311957	0.3785	5.28402	2.69414
437	666	Pathway::PC7_7726	Synthesis of (16-20)-hydroxyeicosatetraenoic acids (HETE)	9	2	0.46371	4.31304	0.074993	0.311957	0.6455	3.09837	1.79121
438	666	Pathway::WP561_r72035	Heme Biosynthesis	9	2	0.46371	4.31304	0.074993	0.311957	0.297	6.73401	3.1968
439	332	Pathway::PC7_4761	Integrin-linked kinase signaling	45	5	2.31855	2.15652	0.0801115	0.329513	2.5825	1.93611	1.60131
440	332	Pathway::PC7_6670	Pyruvate metabolism and Citric Acid (TCA) cycle	45	5	2.31855	2.15652	0.0801115	0.329513	2.1635	2.31107	1.9496
441	433	Pathway::PC7_2251	CD28 co-stimulation	32	4	1.64875	2.42609	0.0801177	0.329513	2.3465	1.70467	1.16012
442	433	Pathway::PC7_5969	Noncanonical Wnt signaling pathway	32	4	1.64875	2.42609	0.0801177	0.329513	2.314	1.72861	1.13351
443	433	Pathway::WP2875_r79890	Constitutive Androstane Receptor Pathway	32	4	1.64875	2.42609	0.0801177	0.329513	2.126	1.88147	1.33921
444	529	Pathway::PC7_2468	Canonical Wnt signaling pathway	20	3	1.03047	2.9113	0.0808087	0.330862	1.36	2.20588	1.5025
445	529	Pathway::WP516_r71358	Hypertrophy Model	20	3	1.03047	2.9113	0.0808087	0.330862	1.0935	2.74348	1.95217
446	271	Pathway::PC7_12271	p53 pathway	59	6	3.03987	1.97377	0.0819195	0.333909	3.5225	1.70334	1.33413
447	271	Pathway::PC7_4004	G1/S DNA Damage Checkpoints	59	6	3.03987	1.97377	0.0819195	0.333909	4.072	1.47348	1.0553
448	141	Pathway::PC7_6957	Rho GTPase cycle	118	10	6.07975	1.6448	0.0826105	0.335974	6.322	1.58178	1.537
449	8	Pathway::PC7_8339	Transmembrane transport of small molecules	606	39	31.2231	1.24907	0.0860297	0.349101	32.9735	1.18277	1.14678
450	332	Pathway::PC7_6894	Regulation of RhoA activity	46	5	2.37007	2.10964	0.0862792	0.349335	2.6015	1.92197	1.55974
451	199	Pathway::WP138_r79958	Androgen receptor signaling pathway	89	8	4.58557	1.7446	0.0872297	0.3524	5.8265	1.37304	0.955775
452	433	Pathway::PC7_1670	Antigen activates B Cell Receptor (BCR) leading to generation of second messengers	33	4	1.70027	2.35257	0.0876419	0.352502	2.13	1.87793	1.3534
453	433	Pathway::WP244_r78506	Alpha 6 Beta 4 signaling pathway	33	4	1.70027	2.35257	0.0876419	0.352502	2.403	1.66459	1.07266
454	666	Pathway::PC7_1221	Abacavir transport and metabolism	10	2	0.515233	3.88174	0.0906343	0.356651	0.55	3.63636	2.05782
455	666	Pathway::PC7_2441	Calcitonin-like ligand receptors	10	2	0.515233	3.88174	0.0906343	0.356651	0.485	4.12371	2.22464
456	666	Pathway::PC7_3363	E2F-enabled inhibition of pre-replication complex formation	10	2	0.515233	3.88174	0.0906343	0.356651	0.814	2.457	1.4131
457	666	Pathway::PC7_3435	ERK1 activation	10	2	0.515233	3.88174	0.0906343	0.356651	0.636	3.14465	1.8219
458	666	Pathway::PC7_5124	MASTL Facilitates Mitotic Progression	10	2	0.515233	3.88174	0.0906343	0.356651	0.532	3.7594	2.12336
459	666	Pathway::PC7_6893	Regulation of Rheb GTPase activity by AMPK	10	2	0.515233	3.88174	0.0906343	0.356651	0.7985	2.5047	1.45714
460	666	Pathway::WP1531_r82221	Vitamin D Metabolism	10	2	0.515233	3.88174	0.0906343	0.356651	0.5285	3.7843	2.08062
461	529	Pathway::PC7_12267	p38 signaling mediated by MAPKAP kinases	21	3	1.08199	2.77267	0.0908266	0.356651	1.481	2.02566	1.31239
462	529	Pathway::PC7_2252	CD28 dependent PI3K/Akt signaling	21	3	1.08199	2.77267	0.0908266	0.356651	1.517	1.97759	1.26622
463	529	Pathway::PC7_2533	Cellular roles of Anthrax toxin	21	3	1.08199	2.77267	0.0908266	0.356651	1.373	2.185	1.46829
464	529	Pathway::PC7_6140	PDGFR-alpha signaling pathway	21	3	1.08199	2.77267	0.0908266	0.356651	1.4165	2.1179	1.38988
465	332	Pathway::PC7_1698	Arf6 trafficking events	47	5	2.42159	2.06475	0.0926882	0.3622	3.201	1.56201	1.04643
466	332	Pathway::PC7_4637	IL6-mediated signaling events	47	5	2.42159	2.06475	0.0926882	0.3622	3.174	1.5753	1.09958
467	271	Pathway::PC7_5893	Neurotrophic factor-mediated Trk receptor signaling	61	6	3.14292	1.90905	0.0928362	0.3622	4.1205	1.45613	0.97109
468	81	Pathway::PC7_2529	Cellular Senescence	186	14	9.58333	1.46087	0.0990439	0.3803	13.3065	1.05212	0.21627
469	898	Pathway::PC7_12320	phospho-PLA2 pathway	2	1	0.103047	9.70435	0.100397	0.3803	0.098	10.2041	3.03382
470	898	Pathway::PC7_1519	Activation and oligomerization of BAK protein	2	1	0.103047	9.70435	0.100397	0.3803	0.0665	15.0376	3.74668
471	898	Pathway::PC7_1555	Activation, translocation and oligomerization of BAX	2	1	0.103047	9.70435	0.100397	0.3803	0.101	9.90099	2.98345
472	898	Pathway::PC7_1582	Agmatine biosynthesis	2	1	0.103047	9.70435	0.100397	0.3803	0.045	22.2222	4.60676
473	898	Pathway::PC7_1811	Assembly of Viral Components at the Budding Site	2	1	0.103047	9.70435	0.100397	0.3803	0.1015	9.85222	2.97527
474	898	Pathway::PC7_2677	Conjugation of phenylacetate with glutamine	2	1	0.103047	9.70435	0.100397	0.3803	0.0565	17.6991	4.08646
475	898	Pathway::PC7_2890	Cysteine formation from homocysteine	2	1	0.103047	9.70435	0.100397	0.3803	0.0565	17.6991	4.08646
476	898	Pathway::PC7_3985	Fructose catabolism	2	1	0.103047	9.70435	0.100397	0.3803	0.043	23.2558	4.71761
477	898	Pathway::PC7_6617	Proline catabolism	2	1	0.103047	9.70435	0.100397	0.3803	0.051	19.6078	4.31368
478	898	Pathway::PC7_7679	Sterols are 12-hydroxylated by CYP8B1	2	1	0.103047	9.70435	0.100397	0.3803	0.104	9.61538	2.9352
479	898	Pathway::PC7_7680	Stimulation of the cell death response by PAK-2p34	2	1	0.103047	9.70435	0.100397	0.3803	0.086	11.6279	3.26005
480	898	Pathway::PC7_8329	Transfer of LPS from LBP carrier to CD14	2	1	0.103047	9.70435	0.100397	0.3803	0.0565	17.6991	4.08646
481	898	Pathway::WP2366_r73980	Butyrate-induced histone acetylation	2	1	0.103047	9.70435	0.100397	0.3803	0.0755	13.245	3.49929
482	97	Pathway::PC7_1684	Apoptosis	155	12	7.98611	1.50261	0.103279	0.390404	10.6965	1.12186	0.426487
483	433	Pathway::PC7_3700	ErbB4 signaling events	35	4	1.80332	2.21814	0.103665	0.39105	2.539	1.57542	0.968532
484	271	Pathway::PC7_3670	Endothelins	63	6	3.24597	1.84845	0.104497	0.393374	4.716	1.27226	0.636976
485	332	Pathway::PC7_2569	Chondroitin sulfate/dermatan sulfate metabolism	49	5	2.52464	1.98048	0.106214	0.395891	3.0795	1.62364	1.14381
486	97	Pathway::WP706_r80056	SIDS Susceptibility Pathways	156	12	8.03763	1.49298	0.10698	0.395891	9.5505	1.25648	0.844884
487	666	Pathway::PC7_12080	mTORC1-mediated signalling	11	2	0.566756	3.52885	0.107121	0.395891	0.7965	2.51099	1.40658
488	666	Pathway::PC7_2103	Biotin transport and metabolism	11	2	0.566756	3.52885	0.107121	0.395891	0.5215	3.83509	2.12183
489	666	Pathway::PC7_3077	Dermatan sulfate biosynthesis	11	2	0.566756	3.52885	0.107121	0.395891	0.6445	3.10318	1.75123
490	666	Pathway::PC7_4443	Heme biosynthesis	11	2	0.566756	3.52885	0.107121	0.395891	0.4045	4.94438	2.57849
491	666	Pathway::PC7_5909	Nicotinate metabolism	11	2	0.566756	3.52885	0.107121	0.395891	0.455	4.3956	2.34259
492	666	Pathway::PC7_6863	Recruitment of NuMA to mitotic centrosomes	11	2	0.566756	3.52885	0.107121	0.395891	0.489	4.08998	2.20901
493	666	Pathway::WP80_r68938	Nucleotide GPCRs	11	2	0.566756	3.52885	0.107121	0.395891	0.656	3.04878	1.69373
494	169	Pathway::PC7_4005	G1/S Transition	109	9	5.61604	1.60255	0.108761	0.401139	8.432	1.06736	0.218423
495	271	Pathway::PC7_8675	Validated nuclear estrogen receptor alpha network	64	6	3.29749	1.81957	0.1106	0.405746	3.5995	1.6669	1.34002
496	271	Pathway::WP474_r80208	Endochondral Ossification	64	6	3.29749	1.81957	0.1106	0.405746	3.8545	1.55662	1.12326
497	199	Pathway::PC7_5561	MyD88:Mal cascade initiated on plasma membrane	94	8	4.84319	1.6518	0.110764	0.405746	7.3495	1.08851	0.255652
498	115	Pathway::PC7_8295	Toll-Like Receptors Cascades	141	11	7.26478	1.51415	0.110901	0.405746	10.8305	1.01565	0.0547579
499	433	Pathway::PC7_7719	Syndecan-2-mediated signaling events	36	4	1.85484	2.15652	0.112143	0.408378	2.516	1.58983	1.00331
500	529	Pathway::PC7_3664	Endogenous sterols	23	3	1.18504	2.53157	0.112293	0.408378	1.685	1.78042	1.07846
501	529	Pathway::WP334_r79716	GPCRs, Class B Secretin-like	23	3	1.18504	2.53157	0.112293	0.408378	1.132	2.65018	1.82161
502	169	Pathway::PC7_6203	PPARA activates gene expression	110	9	5.66756	1.58798	0.113395	0.411567	7.7195	1.16588	0.500531
503	2	Pathway::PC7_7439	Signaling Pathways	1944	111	100.161	1.10821	0.115967	0.420065	121.438	0.914047	-1.3112
504	271	Pathway::PC7_2833	Cyclin E associated events during G1/S transition	65	6	3.34901	1.79157	0.116882	0.421699	4.632	1.29534	0.710846
505	271	Pathway::PC7_4689	Immunoregulatory interactions between a Lymphoid and a non-Lymphoid cell	65	6	3.34901	1.79157	0.116882	0.421699	3.9715	1.51076	1.06931
506	231	Pathway::PC7_6514	Platelet degranulation	80	7	4.12186	1.69826	0.117259	0.422226	5.505	1.27157	0.664676
507	433	Pathway::WP619_r71168	Type II interferon signaling (IFNG)	37	4	1.90636	2.09824	0.120918	0.434542	2.456	1.62866	1.01149
508	271	Pathway::PC7_2830	Cyclin A:Cdk2-associated events at S phase entry	66	6	3.40054	1.76443	0.123338	0.438992	4.7145	1.27267	0.656604
509	529	Pathway::PC7_4306	Growth hormone receptor signaling	24	3	1.23656	2.42609	0.123683	0.438992	1.6225	1.849	1.16337
510	529	Pathway::PC7_6669	Pyruvate metabolism	24	3	1.23656	2.42609	0.123683	0.438992	1.21	2.47934	1.66133
511	666	Pathway::PC7_2253	CD28 dependent Vav1 pathway	12	2	0.61828	3.23478	0.124325	0.438992	0.834	2.39808	1.36428
512	666	Pathway::PC7_3437	ERKs are inactivated	12	2	0.61828	3.23478	0.124325	0.438992	0.9175	2.17984	1.2166
513	666	Pathway::PC7_4498	Hyaluronan uptake and degradation	12	2	0.61828	3.23478	0.124325	0.438992	0.679	2.94551	1.68453
514	666	Pathway::PC7_6661	Pyrimidine catabolism	12	2	0.61828	3.23478	0.124325	0.438992	0.4935	4.05268	2.19289
515	666	Pathway::WP106_r74147	Alanine and aspartate metabolism	12	2	0.61828	3.23478	0.124325	0.438992	0.53	3.77358	2.10624
516	666	Pathway::WP3301_r81279	MFAP5-mediated ovarian cancer cell motility and invasiveness	12	2	0.61828	3.23478	0.124325	0.438992	0.6645	3.00978	1.7552
517	169	Pathway::PC7_1517	Activated TLR4 signalling	113	9	5.82213	1.54583	0.127942	0.449171	8.9325	1.00756	0.0241752
518	169	Pathway::PC7_6910	Regulation of lipid metabolism by Peroxisome proliferator-activated receptor alpha (PPARalpha)	113	9	5.82213	1.54583	0.127942	0.449171	7.9835	1.12733	0.390349
519	332	Pathway::PC7_1689	Apoptotic execution phase	52	5	2.67921	1.86622	0.128194	0.449171	3.132	1.59642	1.08528
520	332	Pathway::PC7_7795	TGF-beta receptor signaling	52	5	2.67921	1.86622	0.128194	0.449171	3.6725	1.36147	0.724292
521	433	Pathway::PC7_2530	Cellular response to heat stress	38	4	1.95789	2.04302	0.129978	0.453676	2.659	1.50432	0.872045
522	433	Pathway::PC7_6891	Regulation of RAC1 activity	38	4	1.95789	2.04302	0.129978	0.453676	2.4535	1.63032	1.02853
523	4	Pathway::PC7_3278	Disease	1251	73	64.4556	1.13256	0.134229	0.467621	87.0705	0.838401	-2.06062
524	529	Pathway::PC7_1601	Alpha9 beta1 integrin signaling events	25	3	1.28808	2.32904	0.13547	0.468361	1.7015	1.76315	1.06256
525	529	Pathway::PC7_2035	Basigin interactions	25	3	1.28808	2.32904	0.13547	0.468361	1.468	2.0436	1.28745
526	529	Pathway::PC7_4002	G0 and Early G1	25	3	1.28808	2.32904	0.13547	0.468361	1.796	1.67038	0.948477
527	529	Pathway::PC7_965	A tetrasaccharide linker sequence is required for GAG synthesis	25	3	1.28808	2.32904	0.13547	0.468361	1.737	1.72712	1.0208
528	271	Pathway::PC7_6153	PI3K Cascade	68	6	3.50358	1.71253	0.136761	0.471928	5.2025	1.15329	0.376973
529	666	Pathway::PC7_1580	Advanced glycosylation endproduct receptor signaling	13	2	0.669803	2.98595	0.142128	0.486763	0.842	2.3753	1.35716
530	666	Pathway::PC7_4690	Import of palmitoyl-CoA into the mitochondrial matrix	13	2	0.669803	2.98595	0.142128	0.486763	0.9085	2.20143	1.2038
531	666	Pathway::PC7_8227	The activation of arylsulfatases	13	2	0.669803	2.98595	0.142128	0.486763	0.666	3.003	1.67479
532	666	Pathway::PC7_8310	Trafficking and processing of endosomal TLR	13	2	0.669803	2.98595	0.142128	0.486763	0.8145	2.45549	1.3846
533	271	Pathway::WP1982_r79943	SREBP signalling	69	6	3.55511	1.68771	0.143719	0.491288	4.8245	1.24365	0.565059
534	898	Pathway::PC7_1602	AlphaE beta7 integrin cell surface interactions	3	1	0.15457	6.46957	0.146758	0.492438	0.1615	6.19195	2.19132
535	898	Pathway::PC7_1692	Arachidonate production from DAG	3	1	0.15457	6.46957	0.146758	0.492438	0.175	5.71429	2.06009
536	898	Pathway::PC7_2635	Cleavage of the damaged purine	3	1	0.15457	6.46957	0.146758	0.492438	0.125	8	2.53251
537	898	Pathway::PC7_4287	Glypican pathway	3	1	0.15457	6.46957	0.146758	0.492438	0.181	5.52486	1.99674
538	898	Pathway::PC7_4769	Interconversion of 2-oxoglutarate and 2-hydroxyglutarate	3	1	0.15457	6.46957	0.146758	0.492438	0.072	13.8889	3.48724
539	898	Pathway::PC7_4884	Ketone body catabolism	3	1	0.15457	6.46957	0.146758	0.492438	0.102	9.80392	2.91971
540	898	Pathway::PC7_6045	Oligomerization of connexins into connexons	3	1	0.15457	6.46957	0.146758	0.492438	0.1415	7.06714	2.37669
541	898	Pathway::PC7_6922	Regulation of thyroid hormone activity	3	1	0.15457	6.46957	0.146758	0.492438	0.1125	8.88889	2.80872
542	898	Pathway::PC7_7441	Signaling by Aurora kinases	3	1	0.15457	6.46957	0.146758	0.492438	0.1475	6.77966	2.27237
543	898	Pathway::PC7_8762	Vitamins B6 activation to pyridoxal phosphate	3	1	0.15457	6.46957	0.146758	0.492438	0.088	11.3636	3.17988
544	231	Pathway::PC7_6945	Response to elevated platelet cytosolic Ca2+	85	7	4.37948	1.59836	0.147503	0.493527	5.8225	1.20223	0.50965
545	529	Pathway::WP530_r79331	Cytokines and Inflammatory Response	26	3	1.33961	2.23946	0.147625	0.493527	1.7435	1.72068	1.01559
546	433	Pathway::PC7_7495	Signaling events mediated by TCPTP	40	4	2.06093	1.94087	0.148899	0.495074	2.867	1.39519	0.725134
547	433	Pathway::PC7_8424	Triglyceride Biosynthesis	40	4	2.06093	1.94087	0.148899	0.495074	2.3095	1.73198	1.17421
548	199	Pathway::WP2064_r79263	Neural Crest Differentiation	101	8	5.20385	1.53732	0.148903	0.495074	6.1705	1.29649	0.774806
549	433	Pathway::WP1433_r83527	NOD pathway	41	4	2.11246	1.89353	0.158735	0.521024	2.318	1.72563	1.12462
550	169	Pathway::PC7_3018	Defective B3GAT3 causes JDSSDHD	119	9	6.13127	1.46788	0.159823	0.521024	7.29	1.23457	0.662915
551	529	Pathway::PC7_3083	Detoxification of Reactive Oxygen Species	27	3	1.39113	2.15652	0.160116	0.521024	1.5295	1.96143	1.22071
552	529	Pathway::PC7_4619	IL3-mediated signaling events	27	3	1.39113	2.15652	0.160116	0.521024	1.8415	1.62911	0.883508
553	529	Pathway::PC7_7755	Synthesis of bile acids and bile salts	27	3	1.39113	2.15652	0.160116	0.521024	1.753	1.71135	0.987697
554	332	Pathway::PC7_12274	p53-Dependent G1 DNA Damage Response	56	5	2.8853	1.73292	0.160402	0.521024	3.8765	1.28982	0.631394
555	332	Pathway::PC7_7230	SCF(Skp2)-mediated degradation of p27/p21	56	5	2.8853	1.73292	0.160402	0.521024	3.922	1.27486	0.61626
556	666	Pathway::PC7_2348	CS/DS degradation	14	2	0.721326	2.77267	0.160425	0.521024	0.9515	2.10194	1.13383
557	666	Pathway::PC7_3629	Early Phase of HIV Life Cycle	14	2	0.721326	2.77267	0.160425	0.521024	1.092	1.8315	0.93776
558	666	Pathway::PC7_7043	S1P4 pathway	14	2	0.721326	2.77267	0.160425	0.521024	0.978	2.04499	1.05664
559	666	Pathway::PC7_7436	Signal attenuation	14	2	0.721326	2.77267	0.160425	0.521024	1.0385	1.92585	0.971253
560	666	Pathway::PC7_7756	Synthesis of bile acids and bile salts via 24-hydroxycholesterol	14	2	0.721326	2.77267	0.160425	0.521024	0.8915	2.24341	1.22809
561	666	Pathway::WP229_r68389	Irinotecan Pathway	14	2	0.721326	2.77267	0.160425	0.521024	0.754	2.65252	1.52854
562	433	Pathway::PC7_2012	BMP receptor signaling	42	4	2.16398	1.84845	0.168803	0.54726	2.4155	1.65597	1.04756
563	529	Pathway::WP2361_r84551	Gastric Cancer Network 1	28	3	1.44265	2.0795	0.172915	0.5586	1.584	1.89394	1.18208
564	529	Pathway::WP2643_r74251	Nanoparticle-mediated activation of receptor signaling	28	3	1.44265	2.0795	0.172915	0.5586	2.1	1.42857	0.673256
565	169	Pathway::PC7_8288	Toll Like Receptor 4 (TLR4) Cascade	122	9	6.28584	1.43179	0.177076	0.569547	9.673	0.930425	-0.229865
566	332	Pathway::PC7_5981	Notch signaling pathway	58	5	2.98835	1.67316	0.177621	0.569547	4.158	1.2025	0.43239
567	332	Pathway::WP3527_r84571	Preimplantation Embryo	58	5	2.98835	1.67316	0.177621	0.569547	2.7005	1.85151	1.46349
568	666	Pathway::PC7_1696	Arf6 downstream pathway	15	2	0.772849	2.58783	0.179116	0.569547	1.0605	1.8859	0.979582
569	666	Pathway::PC7_3072	Depolymerisation of the Nuclear Lamina	15	2	0.772849	2.58783	0.179116	0.569547	1.0025	1.99501	1.03187
570	666	Pathway::PC7_7765	Synthesis of very long-chain fatty acyl-CoAs	15	2	0.772849	2.58783	0.179116	0.569547	0.7755	2.57898	1.42819
571	666	Pathway::PC7_8676	Validated nuclear estrogen receptor beta network	15	2	0.772849	2.58783	0.179116	0.569547	0.799	2.50313	1.41776
572	666	Pathway::WP3_r79527	Transcriptional activation by NRF2	15	2	0.772849	2.58783	0.179116	0.569547	0.9125	2.19178	1.204
573	666	Pathway::WP550_r81207	Biogenic Amine Synthesis	15	2	0.772849	2.58783	0.179116	0.569547	0.836	2.39234	1.28456
574	97	Pathway::WP702_r73516	Metapathway biotransformation	173	12	8.91353	1.34627	0.181355	0.575659	9.3835	1.27884	0.888588
575	529	Pathway::PC7_1516	Activated NOTCH1 Transmits Signal to the Nucleus	29	3	1.49418	2.0078	0.18599	0.584264	2.275	1.31868	0.50423
576	529	Pathway::PC7_2276	CDO in myogenesis	29	3	1.49418	2.0078	0.18599	0.584264	1.5995	1.87559	1.14308
577	529	Pathway::PC7_6564	Pre-NOTCH Transcription and Translation	29	3	1.49418	2.0078	0.18599	0.584264	2.398	1.25104	0.401369
578	529	Pathway::PC7_7313	SMAD2/SMAD3:SMAD4 heterotrimer regulates transcription	29	3	1.49418	2.0078	0.18599	0.584264	2.336	1.28425	0.445637
579	529	Pathway::PC7_8276	Tight junction interactions	29	3	1.49418	2.0078	0.18599	0.584264	1.2805	2.34283	1.54739
580	529	Pathway::WP430_r82344	Statin Pathway	29	3	1.49418	2.0078	0.18599	0.584264	1.8995	1.57936	0.820629
581	433	Pathway::PC7_4780	Interleukin-3, 5 and GM-CSF signaling	44	4	2.26703	1.76443	0.18958	0.587025	3.3345	1.19958	0.386905
582	898	Pathway::PC7_1525	Activation of BID and translocation to mitochondria	4	1	0.206093	4.85217	0.190735	0.587025	0.214	4.6729	1.76106
583	898	Pathway::PC7_1540	Activation of NOXA and translocation to mitochondria	4	1	0.206093	4.85217	0.190735	0.587025	0.2585	3.86847	1.49295
584	898	Pathway::PC7_1545	Activation of PUMA and translocation to mitochondria	4	1	0.206093	4.85217	0.190735	0.587025	0.274	3.64964	1.46697
585	898	Pathway::PC7_2516	Catecholamine biosynthesis	4	1	0.206093	4.85217	0.190735	0.587025	0.218	4.58716	1.74653
586	898	Pathway::PC7_4496	Hyaluronan biosynthesis and export	4	1	0.206093	4.85217	0.190735	0.587025	0.155	6.45161	2.19666
587	898	Pathway::PC7_5512	Mitochondrial ABC transporters	4	1	0.206093	4.85217	0.190735	0.587025	0.136	7.35294	2.38256
588	898	Pathway::PC7_6073	Oxidative demethylation of DNA	4	1	0.206093	4.85217	0.190735	0.587025	0.166	6.0241	2.12908
589	898	Pathway::PC7_6465	Phosphorylation of proteins involved in G1/S transition by active Cyclin E:Cdk2 complexes	4	1	0.206093	4.85217	0.190735	0.587025	0.2585	3.86847	1.56087
590	898	Pathway::PC7_7739	Synthesis of Ketone Bodies	4	1	0.206093	4.85217	0.190735	0.587025	0.1575	6.34921	2.17031
591	898	Pathway::WP1941_r73548	Peroxisomal beta-oxidation of tetracosanoyl-CoA	4	1	0.206093	4.85217	0.190735	0.587025	0.1825	5.47945	1.97006
592	898	Pathway::WP690_r72132	Polyol Pathway	4	1	0.206093	4.85217	0.190735	0.587025	0.134	7.46269	2.41073
593	666	Pathway::PC7_2584	Circadian rhythm pathway	16	2	0.824373	2.42609	0.198114	0.598265	0.9295	2.15169	1.14801
594	666	Pathway::PC7_5996	Nucleotide-like (purinergic) receptors	16	2	0.824373	2.42609	0.198114	0.598265	1.004	1.99203	1.01867
595	666	Pathway::PC7_6519	Polo-like kinase mediated events	16	2	0.824373	2.42609	0.198114	0.598265	1.097	1.82315	0.902283
596	666	Pathway::PC7_6866	Recycling of bile acids and salts	16	2	0.824373	2.42609	0.198114	0.598265	0.8835	2.26372	1.19569
597	666	Pathway::PC7_6917	Regulation of pyruvate dehydrogenase (PDH) complex	16	2	0.824373	2.42609	0.198114	0.598265	0.8105	2.46761	1.34806
598	666	Pathway::PC7_8338	Translocation of ZAP-70 to Immunological synapse	16	2	0.824373	2.42609	0.198114	0.598265	1.341	1.49142	0.598172
599	666	Pathway::WP1946_r79691	Cori Cycle	16	2	0.824373	2.42609	0.198114	0.598265	0.885	2.25989	1.23601
600	666	Pathway::WP2011_r75253	SREBF and miR33 in cholesterol and lipid homeostasis	16	2	0.824373	2.42609	0.198114	0.598265	1.1475	1.74292	0.833646
601	666	Pathway::WP53_r67360	ID signaling pathway	16	2	0.824373	2.42609	0.198114	0.598265	0.9445	2.11752	1.13592
602	199	Pathway::PC7_7465	Signaling by NOTCH	109	8	5.61604	1.42449	0.199184	0.598265	8.5835	0.932021	-0.212399
603	529	Pathway::PC7_4115	Generation of second messenger molecules	30	3	1.5457	1.94087	0.199312	0.598265	2.3575	1.27253	0.442138
604	529	Pathway::PC7_4574	IGF1 pathway	30	3	1.5457	1.94087	0.199312	0.598265	2.2495	1.33363	0.526715
605	529	Pathway::PC7_5078	MAPK targets/ Nuclear events mediated by MAP kinases	30	3	1.5457	1.94087	0.199312	0.598265	2.365	1.2685	0.43319
606	529	Pathway::PC7_6946	Retinoic acid receptors-mediated signaling	30	3	1.5457	1.94087	0.199312	0.598265	2.0495	1.46377	0.714833
607	529	Pathway::WP2855_r79211	Dopaminergic Neurogenesis	30	3	1.5457	1.94087	0.199312	0.598265	1.621	1.85071	1.14269
608	433	Pathway::PC7_10400	a6b1 and a6b4 Integrin signaling	45	4	2.31855	1.72522	0.200259	0.599134	3.26	1.22699	0.434663
609	433	Pathway::PC7_2624	Class I PI3K signaling events	45	4	2.31855	1.72522	0.200259	0.599134	2.9935	1.33623	0.59699
610	141	Pathway::WP2884_r83041	NRF2 pathway	144	10	7.41935	1.34783	0.208139	0.621686	8.2225	1.21618	0.63608
611	433	Pathway::PC7_7851	TNF receptor signaling pathway 	46	4	2.37007	1.68771	0.211115	0.628515	3.083	1.29744	0.55407
612	433	Pathway::WP28_r71888	Selenium Metabolism and Selenoproteins	46	4	2.37007	1.68771	0.211115	0.628515	2.124	1.88324	1.31877
613	529	Pathway::WP2112_r63216	IL17 signaling pathway	31	3	1.59722	1.87826	0.212853	0.632656	1.7465	1.71772	0.98813
614	115	Pathway::PC7_4791	Ion channel transport	162	11	8.34677	1.31787	0.21349	0.633516	8.3205	1.32204	0.991335
615	666	Pathway::PC7_3957	Formation of ATP by chemiosmotic coupling	17	2	0.875896	2.28338	0.217337	0.636636	0.7805	2.56246	1.44391
616	666	Pathway::PC7_4488	Homologous Recombination Repair	17	2	0.875896	2.28338	0.217337	0.636636	1.266	1.57978	0.711167
617	666	Pathway::PC7_6532	Porphyrin metabolism	17	2	0.875896	2.28338	0.217337	0.636636	0.7815	2.55918	1.40442
618	666	Pathway::PC7_7766	Synthesis, secretion, and deacylation of Ghrelin	17	2	0.875896	2.28338	0.217337	0.636636	1.0415	1.92031	0.996182
619	666	Pathway::WP2289_r78511	Drug Induction of Bile Acid Pathway	17	2	0.875896	2.28338	0.217337	0.636636	1.027	1.94742	1.01815
620	666	Pathway::WP22_r79264	IL-9 Signaling Pathway	17	2	0.875896	2.28338	0.217337	0.636636	1.1455	1.74596	0.832193
621	666	Pathway::WP3413_r82217	NOTCH1 regulation of human endothelial cell calcification	17	2	0.875896	2.28338	0.217337	0.636636	1.175	1.70213	0.806511
622	666	Pathway::WP368_r79271	Mitochondrial LC-Fatty Acid Beta-Oxidation	17	2	0.875896	2.28338	0.217337	0.636636	1.1045	1.81077	0.889042
623	433	Pathway::PC7_5983	Notch-mediated HES/HEY network	47	4	2.42159	1.6518	0.222131	0.649636	3.0855	1.29639	0.545527
624	529	Pathway::PC7_6898	Regulation of beta-cell development	32	3	1.64875	1.81957	0.226584	0.658432	1.9565	1.53335	0.769779
625	529	Pathway::PC7_8264	Thrombin signalling through proteinase activated receptors (PARs)	32	3	1.64875	1.81957	0.226584	0.658432	2.4725	1.21335	0.355621
626	529	Pathway::WP34_r72115	Ovarian Infertility Genes	32	3	1.64875	1.81957	0.226584	0.658432	1.9105	1.57027	0.831585
627	529	Pathway::WP727_r79969	Monoamine Transport	32	3	1.64875	1.81957	0.226584	0.658432	2.104	1.42586	0.65872
628	62	Pathway::PC7_2623	Class I MHC mediated antigen processing & presentation	252	16	12.9839	1.2323	0.227524	0.658667	15.1385	1.05691	0.240166
629	898	Pathway::PC7_1219	Abacavir metabolism	5	1	0.257616	3.88174	0.23245	0.658667	0.25	4	1.56216
630	898	Pathway::PC7_1220	Abacavir transmembrane transport	5	1	0.257616	3.88174	0.23245	0.658667	0.3	3.33333	1.32524
631	898	Pathway::PC7_1546	Activation of RAS in B cells	5	1	0.257616	3.88174	0.23245	0.658667	0.318	3.14465	1.24128
632	898	Pathway::PC7_2626	Class IB PI3K non-lipid kinase events	5	1	0.257616	3.88174	0.23245	0.658667	0.377	2.65252	1.06864
633	898	Pathway::PC7_2675	Conjugation of benzoate with glycine	5	1	0.257616	3.88174	0.23245	0.658667	0.2175	4.5977	1.75326
634	898	Pathway::PC7_3167	Digestion of dietary lipid	5	1	0.257616	3.88174	0.23245	0.658667	0.187	5.34759	1.91609
635	898	Pathway::PC7_4007	G2 Phase	5	1	0.257616	3.88174	0.23245	0.658667	0.373	2.68097	1.0835
636	898	Pathway::PC7_4482	Histidine catabolism	5	1	0.257616	3.88174	0.23245	0.658667	0.188	5.31915	1.92649
637	898	Pathway::PC7_4945	LRR FLII-interacting protein 1 (LRRFIP1) activates type I IFN production	5	1	0.257616	3.88174	0.23245	0.658667	0.316	3.16456	1.24437
638	898	Pathway::PC7_5782	NOSTRIN mediated eNOS trafficking	5	1	0.257616	3.88174	0.23245	0.658667	0.361	2.77008	1.10621
639	898	Pathway::PC7_6191	PLK3 signaling events	5	1	0.257616	3.88174	0.23245	0.658667	0.331	3.02115	1.19878
640	898	Pathway::PC7_7431	Serotonin and melatonin biosynthesis	5	1	0.257616	3.88174	0.23245	0.658667	0.209	4.78469	1.74143
641	898	Pathway::PC7_7732	Synthesis of Dolichyl-phosphate	5	1	0.257616	3.88174	0.23245	0.658667	0.2455	4.07332	1.59692
642	898	Pathway::WP311_r68921	Synthesis and Degradation of Ketone Bodies	5	1	0.257616	3.88174	0.23245	0.658667	0.199	5.02513	1.84541
643	898	Pathway::WP3596_r84855	miR-517 relationship with ARCN1 and USP1	5	1	0.257616	3.88174	0.23245	0.658667	0.21	4.7619	1.75816
644	433	Pathway::PC7_3996	G beta:gamma signalling through PI3Kgamma	48	4	2.47312	1.61739	0.233294	0.660035	3.606	1.10926	0.225872
645	529	Pathway::PC7_5332	Metabolism of steroid hormones and vitamin D	33	3	1.70027	1.76443	0.240479	0.67616	1.9205	1.56209	0.803902
646	529	Pathway::PC7_5988	Nuclear Pore Complex (NPC) Disassembly	33	3	1.70027	1.76443	0.240479	0.67616	2.2465	1.33541	0.544539
647	529	Pathway::PC7_8055	TRAF6 mediated IRF7 activation	33	3	1.70027	1.76443	0.240479	0.67616	2.5305	1.18554	0.309373
648	529	Pathway::WP2197_r74852	Endothelin Pathways	33	3	1.70027	1.76443	0.240479	0.67616	2.2135	1.35532	0.556987
649	433	Pathway::PC7_4053	GPVI-mediated activation cascade	49	4	2.52464	1.58438	0.244591	0.686662	3.7635	1.06284	0.131034
650	231	Pathway::PC7_5560	MyD88-independent cascade	99	7	5.10081	1.37233	0.248266	0.695907	7.975	0.877743	-0.369589
651	529	Pathway::PC7_4588	IL1-mediated signaling events	34	3	1.75179	1.71253	0.254509	0.706146	2.547	1.17786	0.295204
652	666	Pathway::PC7_1581	Aflatoxin activation and detoxification	19	2	0.978943	2.04302	0.256171	0.706146	1.082	1.84843	0.945199
653	666	Pathway::PC7_3419	EPHA2 forward signaling	19	2	0.978943	2.04302	0.256171	0.706146	1.3615	1.46897	0.582912
654	666	Pathway::PC7_4019	GABA synthesis, release, reuptake and degradation	19	2	0.978943	2.04302	0.256171	0.706146	1.3395	1.49309	0.622659
655	666	Pathway::PC7_6513	Platelet calcium homeostasis	19	2	0.978943	2.04302	0.256171	0.706146	1.2035	1.66182	0.766756
656	666	Pathway::PC7_7392	Scavenging by Class A Receptors	19	2	0.978943	2.04302	0.256171	0.706146	1.218	1.64204	0.739093
657	666	Pathway::PC7_7487	Signaling by constitutively active EGFR	19	2	0.978943	2.04302	0.256171	0.706146	1.306	1.53139	0.641503
658	666	Pathway::PC7_7743	Synthesis of PC	19	2	0.978943	2.04302	0.256171	0.706146	1.1435	1.74902	0.811163
659	666	Pathway::PC7_7767	Synthesis, secretion, and inactivation of Glucagon-like Peptide-1 (GLP-1)	19	2	0.978943	2.04302	0.256171	0.706146	1.2365	1.61747	0.727781
660	231	Pathway::PC7_5157	MHC class II antigen presentation	100	7	5.15233	1.35861	0.256181	0.706146	7.257	0.964586	-0.0998636
661	231	Pathway::WP185_r80036	Integrin-mediated Cell Adhesion	100	7	5.15233	1.35861	0.256181	0.706146	7.01	0.998573	-0.00398793
662	53	Pathway::PC7_2907	Cytokine Signaling in Immune system	278	17	14.3235	1.18686	0.266091	0.732354	20.112	0.845267	-0.770159
663	115	Pathway::PC7_5527	Mitotic Anaphase	171	11	8.81048	1.24851	0.266646	0.732775	12.759	0.862137	-0.533253
664	433	Pathway::PC7_1691	Aquaporin-mediated transport	51	4	2.62769	1.52225	0.267525	0.732978	3.324	1.20337	0.400496
665	433	Pathway::PC7_4000	G-protein beta:gamma signalling	51	4	2.62769	1.52225	0.267525	0.732978	3.89	1.02828	0.0605631
666	529	Pathway::PC7_1697	Arf6 signaling events	35	3	1.80332	1.6636	0.268651	0.733822	2.2235	1.34922	0.545191
667	898	Pathway::PC7_2074	Beta-oxidation of very long chain fatty acids	6	1	0.30914	3.23478	0.272018	0.733822	0.2915	3.43053	1.37236
668	898	Pathway::PC7_5847	Na+-dependent glucose transporters	6	1	0.30914	3.23478	0.272018	0.733822	0.306	3.26797	1.29462
669	898	Pathway::PC7_6572	Presynaptic phase of homologous DNA pairing and strand exchange	6	1	0.30914	3.23478	0.272018	0.733822	0.383	2.61097	1.04097
670	898	Pathway::PC7_6826	RSK activation	6	1	0.30914	3.23478	0.272018	0.733822	0.428	2.33645	0.895703
671	898	Pathway::PC7_7728	Synthesis of 15-eicosatetraenoic acid derivatives	6	1	0.30914	3.23478	0.272018	0.733822	0.3635	2.75103	1.09747
672	898	Pathway::PC7_8060	TRAIL signaling	6	1	0.30914	3.23478	0.272018	0.733822	0.395	2.53165	1.03006
673	898	Pathway::WP1600_r70113	Nicotine Metabolism	6	1	0.30914	3.23478	0.272018	0.733822	0.4275	2.33918	0.937714
674	898	Pathway::WP1981_r70955	Thyroxine (Thyroid Hormone) Production	6	1	0.30914	3.23478	0.272018	0.733822	0.302	3.31126	1.30794
675	332	Pathway::PC7_1132	APC/C:Cdh1 mediated degradation of Cdc20 and other APC/C:Cdh1 targeted proteins in late mitosis/early G1	68	5	3.50358	1.42711	0.272263	0.733822	5.1265	0.975324	-0.0613435
676	332	Pathway::WP2853_r83014	Endoderm Differentiation	68	5	3.50358	1.42711	0.272263	0.733822	3.918	1.27616	0.567256
677	115	Pathway::PC7_5531	Mitotic Metaphase and Anaphase	172	11	8.86201	1.24125	0.272812	0.734214	12.8585	0.855465	-0.563428
678	666	Pathway::PC7_1695	Arf1 pathway	20	2	1.03047	1.94087	0.275655	0.734275	1.1985	1.66875	0.767663
679	666	Pathway::PC7_4725	Inflammasomes	20	2	1.03047	1.94087	0.275655	0.734275	1.221	1.638	0.720137
680	666	Pathway::PC7_6883	Regulation of HSF1-mediated heat shock response	20	2	1.03047	1.94087	0.275655	0.734275	1.3745	1.45507	0.552815
681	666	Pathway::PC7_6900	Regulation of cytoplasmic and nuclear SMAD2/3 signaling	20	2	1.03047	1.94087	0.275655	0.734275	1.338	1.49477	0.602876
682	666	Pathway::PC7_6904	Regulation of gene expression in beta cells	20	2	1.03047	1.94087	0.275655	0.734275	1.2005	1.66597	0.743826
683	666	Pathway::PC7_7459	Signaling by Hippo	20	2	1.03047	1.94087	0.275655	0.734275	0.9615	2.08008	1.09772
684	666	Pathway::PC7_8790	Xenobiotics	20	2	1.03047	1.94087	0.275655	0.734275	1.4275	1.40105	0.508865
685	141	Pathway::WP289_r81078	Myometrial Relaxation and Contraction Pathways	155	10	7.98611	1.25217	0.277073	0.736975	9.9855	1.00145	0.00485815
686	433	Pathway::PC7_7493	Signaling events mediated by PTP1B	52	4	2.67921	1.49298	0.279136	0.741379	3.771	1.06073	0.122448
687	529	Pathway::PC7_6180	PLCG1 events in ERBB2 signaling	36	3	1.85484	1.61739	0.282879	0.750226	2.5865	1.15987	0.278496
688	231	Pathway::PC7_6065	Orphan transporters	104	7	5.35842	1.30635	0.288531	0.764103	6.2305	1.12351	0.328015
689	271	Pathway::PC7_3017	Defective AMN causes hereditary megaloblastic anemia 1	87	6	4.48253	1.33853	0.291191	0.77003	4.1745	1.4373	0.931202
690	332	Pathway::PC7_5025	Loss of Function of SMAD2/3 in Cancer	70	5	3.60663	1.38634	0.292419	0.772155	5.4135	0.923617	-0.187596
691	666	Pathway::PC7_3434	ERK/MAPK targets	21	2	1.08199	1.84845	0.295111	0.774772	1.689	1.18413	0.253149
692	666	Pathway::PC7_5874	Nef-mediates down modulation of cell surface receptors by recruiting them to clathrin adapters	21	2	1.08199	1.84845	0.295111	0.774772	1.7945	1.11452	0.165744
693	666	Pathway::PC7_6403	Peroxisomal lipid metabolism	21	2	1.08199	1.84845	0.295111	0.774772	0.9845	2.03149	1.05973
694	666	Pathway::WP1584_r81779	Type II diabetes mellitus	21	2	1.08199	1.84845	0.295111	0.774772	1.334	1.49925	0.586052
695	433	Pathway::PC7_6992	Role of Calcineurin-dependent NFAT signaling in lymphocytes	54	4	2.78226	1.43768	0.302578	0.792135	4.033	0.991818	-0.0178734
696	332	Pathway::PC7_3803	FBXW7 Mutants and NOTCH1 in Cancer	71	5	3.65815	1.36681	0.302594	0.792135	5.883	0.849907	-0.388707
697	13	Pathway::PC7_2519	Cell Cycle	544	31	28.0287	1.10601	0.303509	0.793391	38.7935	0.799103	-1.44493
698	898	Pathway::PC7_1657	Anchoring fibril formation	7	1	0.360663	2.77267	0.309552	0.795491	0.461	2.1692	0.81678
699	898	Pathway::PC7_2332	CREB phosphorylation through the activation of Adenylate Cyclase	7	1	0.360663	2.77267	0.309552	0.795491	0.4645	2.15285	0.821671
700	898	Pathway::PC7_2678	Conjugation of salicylate with glycine	7	1	0.360663	2.77267	0.309552	0.795491	0.278	3.59712	1.42499
701	898	Pathway::PC7_4744	Inositol transporters	7	1	0.360663	2.77267	0.309552	0.795491	0.336	2.97619	1.17544
702	898	Pathway::PC7_4777	Interleukin-1 processing	7	1	0.360663	2.77267	0.309552	0.795491	0.581	1.72117	0.578584
703	898	Pathway::PC7_5868	Nectin/Necl trans heterodimerization	7	1	0.360663	2.77267	0.309552	0.795491	0.317	3.15457	1.22767
704	898	Pathway::PC7_5886	Neurofascin interactions	7	1	0.360663	2.77267	0.309552	0.795491	0.302	3.31126	1.30794
705	898	Pathway::PC7_6907	Regulation of gene expression in late stage (branching morphogenesis) pancreatic bud precursor cells	7	1	0.360663	2.77267	0.309552	0.795491	0.4725	2.1164	0.807967
706	898	Pathway::WP2276_r63194	Glial Cell Differentiation	7	1	0.360663	2.77267	0.309552	0.795491	0.3115	3.21027	1.28862
707	898	Pathway::WP3297_r83780	EV release from cardiac cells and their functional effects	7	1	0.360663	2.77267	0.309552	0.795491	0.4435	2.25479	0.863016
708	898	Pathway::WP528_r79855	Acetylcholine Synthesis	7	1	0.360663	2.77267	0.309552	0.795491	0.3235	3.09119	1.22325
709	898	Pathway::WP699_r70509	Aflatoxin B1 metabolism	7	1	0.360663	2.77267	0.309552	0.795491	0.415	2.40964	0.964639
710	141	Pathway::PC7_7427	Separation of Sister Chromatids	160	10	8.24373	1.21304	0.310468	0.796721	11.9925	0.833854	-0.623557
711	433	Pathway::WP195_r79965	IL-1 signaling pathway	55	4	2.83378	1.41154	0.314384	0.799161	4.189	0.954882	-0.0991681
712	433	Pathway::WP2795_r78544	Cardiac Hypertrophic Response	55	4	2.83378	1.41154	0.314384	0.799161	4.2615	0.938637	-0.135271
713	666	Pathway::PC7_3807	FCERI mediated NF-kB activation	22	2	1.13351	1.76443	0.314489	0.799161	1.654	1.20919	0.284864
714	666	Pathway::PC7_4417	HSF1-dependent transactivation	22	2	1.13351	1.76443	0.314489	0.799161	1.5905	1.25747	0.338463
715	666	Pathway::PC7_4694	Incretin synthesis, secretion, and inactivation	22	2	1.13351	1.76443	0.314489	0.799161	1.451	1.37836	0.483443
716	666	Pathway::PC7_5881	Nephrin interactions	22	2	1.13351	1.76443	0.314489	0.799161	1.436	1.39276	0.496978
717	666	Pathway::WP100_r74146	Glutathione metabolism	22	2	1.13351	1.76443	0.314489	0.799161	1.297	1.54202	0.643146
718	16	Pathway::PC7_2521	Cell Cycle, Mitotic	473	27	24.3705	1.1079	0.316452	0.803031	34.527	0.781997	-1.48957
719	33	Pathway::PC7_2620	Class A/1 (Rhodopsin-like receptors)	307	18	15.8177	1.13797	0.318728	0.80768	19.521	0.922084	-0.381353
720	332	Pathway::WP24_r79999	Peptide GPCRs	73	5	3.7612	1.32936	0.323096	0.817612	4.5875	1.08992	0.206629
721	529	Pathway::PC7_1213	ATR signaling pathway	39	3	2.00941	1.49298	0.32585	0.823252	2.7075	1.10803	0.187834
722	433	Pathway::PC7_5051	MAP kinase activation in TLR cascade	56	4	2.8853	1.38634	0.326228	0.823252	4.45	0.898876	-0.224733
723	332	Pathway::WP2118_r71265	Arrhythmogenic Right Ventricular Cardiomyopathy	74	5	3.81272	1.3114	0.333407	0.835281	4.6375	1.07817	0.177345
724	666	Pathway::PC7_2467	Canonical NF-kappaB pathway	23	2	1.18504	1.68771	0.333746	0.835281	1.742	1.14811	0.204579
725	666	Pathway::PC7_3319	Double-Strand Break Repair	23	2	1.18504	1.68771	0.333746	0.835281	1.733	1.15407	0.223221
726	666	Pathway::PC7_7498	Signaling events mediated by the Hedgehog family	23	2	1.18504	1.68771	0.333746	0.835281	1.271	1.57356	0.638502
727	666	Pathway::PC7_7703	Sulfur amino acid metabolism	23	2	1.18504	1.68771	0.333746	0.835281	1.186	1.68634	0.786775
728	666	Pathway::WP262_r84487	EBV LMP1 signaling	23	2	1.18504	1.68771	0.333746	0.835281	1.7445	1.14646	0.206074
729	529	Pathway::PC7_5876	Negative regulation of FGFR signaling	40	3	2.06093	1.45565	0.340197	0.839613	2.8115	1.06705	0.123122
730	97	Pathway::WP3594_r84573	Circadian rythm related genes	201	12	10.3562	1.15873	0.341363	0.839613	12.127	0.989528	-0.0389145
731	332	Pathway::PC7_8054	TRAF6 Mediated Induction of proinflammatory cytokines	75	5	3.86425	1.29391	0.343747	0.839613	6.0185	0.830772	-0.442987
732	898	Pathway::PC7_1626	Amino Acid conjugation	8	1	0.412186	2.42609	0.345154	0.839613	0.3345	2.98954	1.19991
733	898	Pathway::PC7_1994	BH3-only proteins associate with and inactivate anti-apoptotic BCL-2 members	8	1	0.412186	2.42609	0.345154	0.839613	0.582	1.71821	0.569736
734	898	Pathway::PC7_2033	Base-Excision Repair, AP Site Formation	8	1	0.412186	2.42609	0.345154	0.839613	0.4265	2.34467	0.904978
735	898	Pathway::PC7_2073	Beta-oxidation of pristanoyl-CoA	8	1	0.412186	2.42609	0.345154	0.839613	0.378	2.6455	1.0497
736	898	Pathway::PC7_3975	Formyl peptide receptors bind formyl peptides and many other ligands	8	1	0.412186	2.42609	0.345154	0.839613	0.5365	1.86393	0.664406
737	898	Pathway::PC7_4160	Glucocorticoid biosynthesis	8	1	0.412186	2.42609	0.345154	0.839613	0.477	2.09644	0.798989
738	898	Pathway::PC7_4286	Glypican 3 network	8	1	0.412186	2.42609	0.345154	0.839613	0.5765	1.73461	0.580002
739	898	Pathway::PC7_5045	Lysine catabolism	8	1	0.412186	2.42609	0.345154	0.839613	0.4105	2.43605	0.929772
740	898	Pathway::PC7_5877	Negative regulation of the PI3K/AKT network	8	1	0.412186	2.42609	0.345154	0.839613	0.5775	1.7316	0.56662
741	898	Pathway::PC7_6059	Organic anion transporters	8	1	0.412186	2.42609	0.345154	0.839613	0.401	2.49377	0.963876
742	898	Pathway::PC7_6901	Regulation of cytoskeletal remodeling and cell spreading by IPP complex components	8	1	0.412186	2.42609	0.345154	0.839613	0.4275	2.33918	0.922975
743	898	Pathway::PC7_6905	Regulation of gene expression in early pancreatic precursor cells	8	1	0.412186	2.42609	0.345154	0.839613	0.381	2.62467	1.03768
744	898	Pathway::PC7_7424	Sema4D mediated inhibition of cell attachment and migration	8	1	0.412186	2.42609	0.345154	0.839613	0.5355	1.86741	0.668543
745	898	Pathway::PC7_8350	Transport of fatty acids	8	1	0.412186	2.42609	0.345154	0.839613	0.307	3.25733	1.26156
746	898	Pathway::PC7_8725	Vitamin C (ascorbate) metabolism	8	1	0.412186	2.42609	0.345154	0.839613	0.3785	2.64201	1.03693
747	898	Pathway::PC7_8773	WNT mediated activation of DVL	8	1	0.412186	2.42609	0.345154	0.839613	0.7045	1.41945	0.372242
748	898	Pathway::WP1589_r82223	Folate-Alcohol and Cancer Pathway	8	1	0.412186	2.42609	0.345154	0.839613	0.477	2.09644	0.790728
749	898	Pathway::WP1995_r69910	Effects of Nitric Oxide	8	1	0.412186	2.42609	0.345154	0.839613	0.5025	1.99005	0.745789
750	169	Pathway::PC7_8229	The citric acid (TCA) cycle and respiratory electron transport	147	9	7.57392	1.18829	0.346034	0.840631	7.3535	1.22391	0.637167
751	433	Pathway::PC7_6877	Regulation of Apoptosis	58	4	2.98835	1.33853	0.349988	0.845472	3.9215	1.02002	0.0435887
752	74	Pathway::PC7_2500	Carbohydrate metabolism	258	15	13.293	1.12841	0.351888	0.845472	15.6515	0.958375	-0.178409
753	666	Pathway::PC7_3663	Endogenous TLR signaling	24	2	1.23656	1.61739	0.352842	0.845472	1.685	1.18694	0.251656
754	666	Pathway::PC7_4587	IKK complex recruitment mediated by RIP1	24	2	1.23656	1.61739	0.352842	0.845472	1.841	1.08637	0.123642
755	666	Pathway::PC7_5987	Nuclear Events (kinase and transcription factor activation)	24	2	1.23656	1.61739	0.352842	0.845472	1.956	1.02249	0.0330718
756	666	Pathway::PC7_6663	Pyrimidine metabolism	24	2	1.23656	1.61739	0.352842	0.845472	1.1235	1.78015	0.822272
757	666	Pathway::PC7_6995	Role of phospholipids in phagocytosis	24	2	1.23656	1.61739	0.352842	0.845472	1.6705	1.19725	0.267266
758	666	Pathway::PC7_7625	Smooth Muscle Contraction	24	2	1.23656	1.61739	0.352842	0.845472	1.4105	1.41794	0.50383
759	666	Pathway::PC7_7758	Synthesis of bile acids and bile salts via 7alpha-hydroxycholesterol	24	2	1.23656	1.61739	0.352842	0.845472	1.6285	1.22812	0.306149
760	666	Pathway::PC7_8057	TRAF6 mediated NF-kB activation	24	2	1.23656	1.61739	0.352842	0.845472	1.8355	1.08962	0.125305
761	332	Pathway::PC7_2949	DNA Damage/Telomere Stress Induced Senescence	76	5	3.91577	1.27689	0.354108	0.845472	5.346	0.935279	-0.166406
762	529	Pathway::PC7_1856	Aurora B signaling	41	3	2.11246	1.42015	0.354523	0.845472	2.511	1.19474	0.317715
763	529	Pathway::PC7_6507	Plasma membrane estrogen receptor signaling	41	3	2.11246	1.42015	0.354523	0.845472	3.2525	0.922367	-0.147292
764	529	Pathway::PC7_8325	Transcriptional activity of SMAD2/SMAD3:SMAD4 heterotrimer	41	3	2.11246	1.42015	0.354523	0.845472	3.322	0.90307	-0.185959
765	271	Pathway::PC7_7681	Stimuli-sensing channels	95	6	4.89471	1.22581	0.364883	0.869041	4.762	1.25997	0.602196
766	529	Pathway::WP2804_r79882	Hair Follicle Development: Induction (Part 1 of 3)	42	3	2.16398	1.38634	0.368809	0.872818	2.7385	1.09549	0.166858
767	666	Pathway::PC7_1181	ATF4 activates genes	25	2	1.28808	1.5527	0.371744	0.872818	1.904	1.05042	0.0734177
768	666	Pathway::PC7_1524	Activation of BH3-only proteins	25	2	1.28808	1.5527	0.371744	0.872818	1.963	1.01885	0.0278374
769	666	Pathway::PC7_2171	C-MYC pathway	25	2	1.28808	1.5527	0.371744	0.872818	1.8985	1.05346	0.0752948
770	666	Pathway::PC7_3633	Effects of PIP2 hydrolysis	25	2	1.28808	1.5527	0.371744	0.872818	1.7245	1.15976	0.219691
771	666	Pathway::PC7_8155	Termination of O-glycan biosynthesis	25	2	1.28808	1.5527	0.371744	0.872818	1.26	1.5873	0.68343
772	666	Pathway::WP1528_r78581	Physiological and Pathological Hypertrophy  of the Heart	25	2	1.28808	1.5527	0.371744	0.872818	1.778	1.12486	0.177248
773	666	Pathway::WP26_r79950	Signal Transduction of S1P Receptor	25	2	1.28808	1.5527	0.371744	0.872818	1.8325	1.09141	0.130066
774	898	Pathway::PC7_11470	eNOS activation	9	1	0.46371	2.15652	0.378924	0.872818	0.599	1.66945	0.550712
775	898	Pathway::PC7_1596	Alpha-defensins	9	1	0.46371	2.15652	0.378924	0.872818	0.3645	2.74348	1.0953
776	898	Pathway::PC7_2301	CHL1 interactions	9	1	0.46371	2.15652	0.378924	0.872818	0.667	1.49925	0.444154
777	898	Pathway::PC7_2391	Ca activated K+ channels	9	1	0.46371	2.15652	0.378924	0.872818	0.4335	2.30681	0.887349
778	898	Pathway::PC7_2707	Crosslinking of collagen fibrils	9	1	0.46371	2.15652	0.378924	0.872818	0.349	2.86533	1.13983
779	898	Pathway::PC7_3283	Displacement of DNA glycosylase by APE1	9	1	0.46371	2.15652	0.378924	0.872818	0.5375	1.86047	0.656313
780	898	Pathway::PC7_3384	EGFR Transactivation by Gastrin	9	1	0.46371	2.15652	0.378924	0.872818	0.638	1.5674	0.48903
781	898	Pathway::PC7_3392	EGFR-dependent Endothelin signaling events	9	1	0.46371	2.15652	0.378924	0.872818	0.636	1.57233	0.485764
782	898	Pathway::PC7_3436	ERK2 activation	9	1	0.46371	2.15652	0.378924	0.872818	0.629	1.58983	0.498286
783	898	Pathway::PC7_3652	Elevation of cytosolic Ca2+ levels	9	1	0.46371	2.15652	0.378924	0.872818	0.6215	1.60901	0.499048
784	898	Pathway::PC7_4042	GP1b-IX-V activation signalling	9	1	0.46371	2.15652	0.378924	0.872818	0.612	1.63399	0.515069
785	898	Pathway::PC7_5869	Nef Mediated CD4 Down-regulation	9	1	0.46371	2.15652	0.378924	0.872818	0.7925	1.26183	0.256301
786	898	Pathway::PC7_6443	Phenylalanine and tyrosine catabolism	9	1	0.46371	2.15652	0.378924	0.872818	0.4375	2.28571	0.85179
787	898	Pathway::PC7_7049	S6K1-mediated signalling	9	1	0.46371	2.15652	0.378924	0.872818	0.7175	1.39373	0.350751
788	898	Pathway::PC7_8635	Urea cycle	9	1	0.46371	2.15652	0.378924	0.872818	0.3625	2.75862	1.09155
789	898	Pathway::WP288_r80026	NLR Proteins	9	1	0.46371	2.15652	0.378924	0.872818	0.605	1.65289	0.532146
790	898	Pathway::WP3585_r84793	Cytosine methylation	9	1	0.46371	2.15652	0.378924	0.872818	0.4315	2.3175	0.906493
791	898	Pathway::WP696_r72081	Benzo(a)pyrene metabolism	9	1	0.46371	2.15652	0.378924	0.872818	0.614	1.62866	0.517664
792	529	Pathway::PC7_6098	PAR1-mediated thrombin signaling events	43	3	2.2155	1.3541	0.383038	0.878961	3.373	0.889416	-0.209833
793	529	Pathway::PC7_8701	Vasopressin regulates renal water homeostasis via Aquaporins	43	3	2.2155	1.3541	0.383038	0.878961	3.021	0.993049	-0.0130474
794	529	Pathway::WP364_r83783	IL-6 signaling pathway	43	3	2.2155	1.3541	0.383038	0.878961	3.0835	0.97292	-0.0493873
795	332	Pathway::PC7_6890	Regulation of PLK1 Activity at G2/M Transition	79	5	4.07034	1.2284	0.385241	0.879371	5.101	0.9802	-0.0481564
796	97	Pathway::PC7_1672	Antigen processing: Ubiquitination & Proteasome degradation	208	12	10.7168	1.11973	0.385552	0.879371	11.904	1.00806	0.0303294
797	433	Pathway::PC7_2523	Cell death signalling via NRAGE, NRIF and NADE	61	4	3.14292	1.2727	0.38563	0.879371	4.574	0.874508	-0.287197
798	433	Pathway::PC7_2630	Clathrin derived vesicle budding	61	4	3.14292	1.2727	0.38563	0.879371	3.7855	1.05666	0.115558
799	433	Pathway::WP61_r78592	Notch Signaling Pathway	61	4	3.14292	1.2727	0.38563	0.879371	4.6705	0.856439	-0.333713
800	666	Pathway::PC7_4284	Glypican 1 network	26	2	1.33961	1.49298	0.390421	0.886966	2.004	0.998004	-0.00295287
801	666	Pathway::PC7_6868	Recycling pathway of L1	26	2	1.33961	1.49298	0.390421	0.886966	2.07	0.966184	-0.0515613
802	666	Pathway::PC7_6885	Regulation of IFNA signaling	26	2	1.33961	1.49298	0.390421	0.886966	2.105	0.950119	-0.076887
803	332	Pathway::PC7_1118	AMER1 mutants destabilize the destruction complex	80	5	4.12186	1.21304	0.395612	0.896523	6.0305	0.829119	-0.466697
804	332	Pathway::PC7_6786	RIG-I/MDA5 mediated induction of IFN-alpha/beta pathways	80	5	4.12186	1.21304	0.395612	0.896523	5.8415	0.855945	-0.372098
805	529	Pathway::PC7_6177	PLC beta mediated events	44	3	2.26703	1.32332	0.397193	0.897382	3.3105	0.906208	-0.182739
806	529	Pathway::WP1591_r84699	Heart Development	44	3	2.26703	1.32332	0.397193	0.897382	2.7495	1.09111	0.15459
807	433	Pathway::PC7_4627	IL4-mediated signaling events	62	4	3.19444	1.25217	0.397468	0.897382	4.021	0.994777	-0.0107791
808	666	Pathway::PC7_7422	Sema4D in semaphorin signaling	27	2	1.39113	1.43768	0.408845	0.909364	1.968	1.01626	0.0235207
809	433	Pathway::PC7_1130	APC/C:Cdc20 mediated degradation of Securin	63	4	3.24597	1.2323	0.409269	0.909364	4.7555	0.841131	-0.377716
810	898	Pathway::PC7_1571	Adenylate cyclase activating pathway	10	1	0.515233	1.94087	0.410956	0.909364	0.7075	1.41343	0.36226
811	898	Pathway::PC7_2034	Base-free sugar-phosphate removal via the single-nucleotide replacement pathway	10	1	0.515233	1.94087	0.410956	0.909364	0.587	1.70358	0.563363
812	898	Pathway::PC7_2507	Caspase-8 activation by cleavage	10	1	0.515233	1.94087	0.410956	0.909364	0.783	1.27714	0.256287
813	898	Pathway::PC7_5873	Nef mediated downregulation of MHC class I complex cell surface expression	10	1	0.515233	1.94087	0.410956	0.909364	0.8445	1.18413	0.178686
814	898	Pathway::PC7_5883	Netrin mediated repulsion signals	10	1	0.515233	1.94087	0.410956	0.909364	0.6205	1.6116	0.506009
815	898	Pathway::PC7_6649	Purine catabolism	10	1	0.515233	1.94087	0.410956	0.909364	0.4935	2.02634	0.740417
816	898	Pathway::PC7_6869	Reduction of cytosolic Ca++ levels	10	1	0.515233	1.94087	0.410956	0.909364	0.582	1.71821	0.561453
817	898	Pathway::PC7_6871	Regulated proteolysis of p75NTR	10	1	0.515233	1.94087	0.410956	0.909364	0.877	1.14025	0.138135
818	898	Pathway::PC7_6920	Regulation of signaling by NODAL	10	1	0.515233	1.94087	0.410956	0.909364	0.5385	1.85701	0.639667
819	898	Pathway::PC7_8064	TRIF-mediated programmed cell death	10	1	0.515233	1.94087	0.410956	0.909364	0.7885	1.26823	0.249991
820	898	Pathway::WP2333_r72015	Trans-sulfuration pathway	10	1	0.515233	1.94087	0.410956	0.909364	0.5775	1.7316	0.572309
821	529	Pathway::PC7_4001	G-protein mediated events	45	3	2.31855	1.29391	0.41126	0.909364	3.402	0.881834	-0.233484
822	529	Pathway::PC7_4745	Insulin Pathway	45	3	2.31855	1.29391	0.41126	0.909364	3.1615	0.948917	-0.0953401
823	529	Pathway::PC7_6561	Pre-NOTCH Expression and Processing	45	3	2.31855	1.29391	0.41126	0.909364	3.4835	0.861203	-0.27123
824	529	Pathway::PC7_6958	RhoA signaling pathway	45	3	2.31855	1.29391	0.41126	0.909364	3.2005	0.937354	-0.117549
825	332	Pathway::PC7_12280	p75 NTR receptor-mediated signalling	82	5	4.22491	1.18346	0.416299	0.919391	6.16	0.811688	-0.505045
826	433	Pathway::PC7_4940	LPA receptor mediated events	64	4	3.29749	1.21304	0.421022	0.928695	4.992	0.801282	-0.473244
827	666	Pathway::PC7_1883	BARD1 signaling events	28	2	1.44265	1.38634	0.426994	0.935075	1.9075	1.04849	0.0712394
828	666	Pathway::PC7_3805	FCERI mediated Ca+2 mobilization	28	2	1.44265	1.38634	0.426994	0.935075	2.21	0.904977	-0.151756
829	666	Pathway::PC7_6143	PERK regulates gene expression	28	2	1.44265	1.38634	0.426994	0.935075	2.124	0.94162	-0.0902057
830	666	Pathway::PC7_6310	PTM: gamma carboxylation, hypusine formation and arylsulfatase activation	28	2	1.44265	1.38634	0.426994	0.935075	1.7225	1.1611	0.216989
831	666	Pathway::PC7_8234	The role of Nef in HIV-1 replication and disease pathogenesis	28	2	1.44265	1.38634	0.426994	0.935075	2.3605	0.847278	-0.247971
832	666	Pathway::WP241_r83818	One Carbon Metabolism	28	2	1.44265	1.38634	0.426994	0.935075	1.459	1.3708	0.474066
833	529	Pathway::PC7_3875	Fanconi anemia pathway	47	3	2.42159	1.23885	0.439071	0.950497	2.8335	1.05876	0.103243
834	529	Pathway::WP2637_r80029	Structural Pathway of Interleukin 1 (IL-1)	47	3	2.42159	1.23885	0.439071	0.950497	3.5425	0.84686	-0.306044
835	898	Pathway::PC7_10508	alpha-linolenic (omega3) and linoleic (omega6) acid metabolism	11	1	0.566756	1.76443	0.44134	0.950497	0.611	1.63666	0.52184
836	898	Pathway::PC7_1105	ALK2 signaling events	11	1	0.566756	1.76443	0.44134	0.950497	0.594	1.6835	0.537683
837	898	Pathway::PC7_1553	Activation of the phototransduction cascade	11	1	0.566756	1.76443	0.44134	0.950497	0.7	1.42857	0.372966
838	898	Pathway::PC7_1658	Androgen biosynthesis	11	1	0.566756	1.76443	0.44134	0.950497	0.6855	1.45879	0.391419
839	898	Pathway::PC7_2460	Calnexin/calreticulin cycle	11	1	0.566756	1.76443	0.44134	0.950497	0.5875	1.70213	0.556041
840	898	Pathway::PC7_2968	DSCAM interactions	11	1	0.566756	1.76443	0.44134	0.950497	0.735	1.36054	0.323321
841	898	Pathway::PC7_3071	Depolarization of the Presynaptic Terminal Triggers the Opening of Calcium Channels	11	1	0.566756	1.76443	0.44134	0.950497	0.5845	1.71086	0.570271
842	898	Pathway::PC7_3667	Endosomal/Vacuolar pathway	11	1	0.566756	1.76443	0.44134	0.950497	0.964	1.03734	0.0383826
843	898	Pathway::PC7_6653	Purine ribonucleoside monophosphate biosynthesis	11	1	0.566756	1.76443	0.44134	0.950497	0.426	2.34742	0.910396
844	898	Pathway::PC7_7501	Signaling mediated by p38-gamma and p38-delta	11	1	0.566756	1.76443	0.44134	0.950497	0.755	1.3245	0.292003
845	898	Pathway::PC7_8357	Transport of organic anions	11	1	0.566756	1.76443	0.44134	0.950497	0.5235	1.91022	0.693979
846	898	Pathway::PC7_8432	Tryptophan catabolism	11	1	0.566756	1.76443	0.44134	0.950497	0.478	2.09205	0.791895
847	332	Pathway::PC7_5558	MyD88 cascade initiated on plasma membrane	85	5	4.37948	1.14169	0.447099	0.961764	6.831	0.731957	-0.75162
848	271	Pathway::PC7_4754	Integration of energy metabolism	104	6	5.35842	1.11973	0.448618	0.963893	7.7345	0.775745	-0.668154
849	231	Pathway::PC7_7024	S Phase	123	7	6.33737	1.10456	0.449446	0.964536	9.8345	0.71178	-0.989
850	529	Pathway::PC7_4440	Hedgehog signaling events mediated by Gli proteins	48	3	2.47312	1.21304	0.452789	0.968957	3.246	0.924214	-0.142064
851	529	Pathway::WP2848_r80009	Differentiation Pathway	48	3	2.47312	1.21304	0.452789	0.968957	3.3575	0.893522	-0.207035
852	62	Pathway::PC7_5049	M Phase	295	16	15.1994	1.05268	0.453102	0.968957	21.515	0.743667	-1.38654
853	332	Pathway::PC7_8058	TRAF6 mediated induction of NFkB and MAP kinases upon TLR7/8 or 9 activation	86	5	4.431	1.12841	0.457279	0.976743	6.9725	0.717103	-0.798266
854	666	Pathway::PC7_2392	Ca-dependent events	30	2	1.5457	1.29391	0.462384	0.985337	2.215	0.902935	-0.155496
855	666	Pathway::PC7_6375	Pausing and recovery of Tat-mediated HIV elongation	30	2	1.5457	1.29391	0.462384	0.985337	2.63	0.760456	-0.413963
856	898	Pathway::PC7_2508	Caspase-mediated cleavage of cytoskeletal proteins	12	1	0.61828	1.61739	0.470159	0.992619	0.8435	1.18554	0.175742
857	898	Pathway::PC7_4491	Hormone-sensitive lipase (HSL)-mediated triacylglycerol hydrolysis	12	1	0.61828	1.61739	0.470159	0.992619	0.827	1.20919	0.202471
858	898	Pathway::PC7_4660	IRF3-mediated induction of type I IFN	12	1	0.61828	1.61739	0.470159	0.992619	0.9325	1.07239	0.0734328
859	898	Pathway::PC7_5708	NF-kB activation through FADD/RIP-1 pathway mediated by caspase-8 and -10	12	1	0.61828	1.61739	0.470159	0.992619	0.8255	1.21139	0.202028
860	898	Pathway::PC7_6937	Resolution of AP sites via the single-nucleotide replacement pathway	12	1	0.61828	1.61739	0.470159	0.992619	0.6735	1.48478	0.415697
861	898	Pathway::PC7_8226	The NLRP3 inflammasome	12	1	0.61828	1.61739	0.470159	0.992619	0.7175	1.39373	0.342659
862	898	Pathway::WP2007_r69751	Iron metabolism in placenta	12	1	0.61828	1.61739	0.470159	0.992619	0.5555	1.80018	0.612932
863	898	Pathway::WP2290_r79988	RalA downstream regulated genes	12	1	0.61828	1.61739	0.470159	0.992619	0.7855	1.27307	0.255377
864	332	Pathway::PC7_5559	MyD88 dependent cascade initiated on endosome	88	5	4.53405	1.10277	0.477475	1	7.1385	0.700427	-0.857301
865	433	Pathway::PC7_6054	Orc1 removal from chromatin	69	4	3.55511	1.12514	0.478777	1	5.3435	0.748573	-0.653502
866	666	Pathway::PC7_3653	Elongation arrest and recovery	31	2	1.59722	1.25217	0.479593	1	2.7275	0.733272	-0.471346
867	666	Pathway::PC7_4219	Glutathione conjugation	31	2	1.59722	1.25217	0.479593	1	1.6805	1.19012	0.260314
868	666	Pathway::PC7_6916	Regulation of p38-alpha and p38-beta	31	2	1.59722	1.25217	0.479593	1	2.2215	0.900293	-0.154235
869	529	Pathway::PC7_5985	Nuclear Envelope Breakdown	50	3	2.57616	1.16452	0.479795	1	3.5575	0.843289	-0.321354
870	529	Pathway::WP107_r78489	Translation Factors	50	3	2.57616	1.16452	0.479795	1	2.956	1.01488	0.0253651
871	433	Pathway::PC7_4207	Glucose metabolism	70	4	3.60663	1.10907	0.490071	1	4.127	0.969227	-0.0664305
872	666	Pathway::PC7_7721	Syndecan-4-mediated signaling events	32	2	1.64875	1.21304	0.49646	1	2.3305	0.858185	-0.226387
873	666	Pathway::WP666_r68893	Hypothetical Network for Drug Addiction	32	2	1.64875	1.21304	0.49646	1	2.019	0.990589	-0.0139894
874	898	Pathway::PC7_12268	p38MAPK events	13	1	0.669803	1.49298	0.497495	1	1.0455	0.95648	-0.0471451
875	898	Pathway::PC7_12488	repression of WNT target genes	13	1	0.669803	1.49298	0.497495	1	1.0815	0.924642	-0.084884
876	898	Pathway::PC7_1531	Activation of DNA fragmentation factor	13	1	0.669803	1.49298	0.497495	1	0.8135	1.22926	0.209866
877	898	Pathway::PC7_1572	Adenylate cyclase inhibitory pathway	13	1	0.669803	1.49298	0.497495	1	0.949	1.05374	0.0548229
878	898	Pathway::PC7_2909	Cytosolic iron-sulfur cluster assembly	13	1	0.669803	1.49298	0.497495	1	0.522	1.91571	0.67363
879	898	Pathway::PC7_2942	DEx/H-box helicases activate type I IFN and inflammatory cytokines production	13	1	0.669803	1.49298	0.497495	1	1.118	0.894454	-0.123897
880	898	Pathway::PC7_3284	Dissolution of Fibrin Clot	13	1	0.669803	1.49298	0.497495	1	0.8055	1.24146	0.225999
881	898	Pathway::PC7_3320	Downregulation of ERBB2:ERBB3 signaling	13	1	0.669803	1.49298	0.497495	1	0.897	1.11483	0.112827
882	898	Pathway::PC7_4740	Initiation of Nuclear Envelope Reformation	13	1	0.669803	1.49298	0.497495	1	0.9235	1.08284	0.0822701
883	898	Pathway::PC7_5680	N-glycan trimming in the ER and Calnexin/Calreticulin cycle	13	1	0.669803	1.49298	0.497495	1	0.6635	1.50716	0.426919
884	898	Pathway::PC7_5709	NF-kB is activated and signals survival	13	1	0.669803	1.49298	0.497495	1	0.987	1.01317	0.013828
885	898	Pathway::PC7_7768	Synthesis, secretion, and inactivation of Glucose-dependent Insulinotropic Polypeptide (GIP)	13	1	0.669803	1.49298	0.497495	1	0.794	1.25945	0.245071
886	898	Pathway::PC7_8634	Uptake and function of anthrax toxins	13	1	0.669803	1.49298	0.497495	1	0.8755	1.1422	0.138849
887	898	Pathway::WP1423_r79812	Ganglio Sphingolipid Metabolism	13	1	0.669803	1.49298	0.497495	1	0.585	1.7094	0.56021
888	898	Pathway::WP186_r68935	Homologous recombination	13	1	0.669803	1.49298	0.497495	1	1.048	0.954198	-0.0491
889	898	Pathway::WP2436_r71387	Dopamine metabolism	13	1	0.669803	1.49298	0.497495	1	0.951	1.05152	0.0520982
890	433	Pathway::PC7_6930	Removal of licensing factors from origins	71	4	3.65815	1.09345	0.501264	1	5.504	0.726744	-0.716761
891	199	Pathway::WP536_r80211	Calcium Regulation in the Cardiac Cell	149	8	7.67697	1.04208	0.504485	1	9.84	0.813008	-0.628297
892	529	Pathway::PC7_8709	Vif-mediated degradation of APOBEC3G	52	3	2.67921	1.11973	0.506159	1	3.688	0.813449	-0.396645
893	231	Pathway::WP236_r80209	Adipogenesis	130	7	6.69803	1.04508	0.508009	1	8.838	0.792034	-0.656648
894	666	Pathway::PC7_11357	deactivation of the beta-catenin transactivating complex	33	2	1.70027	1.17628	0.512975	1	2.373	0.842815	-0.256125
895	666	Pathway::PC7_2924	DAG and IP3 signaling	33	2	1.70027	1.17628	0.512975	1	2.4425	0.818833	-0.304076
896	666	Pathway::PC7_3361	E2F mediated regulation of DNA replication	33	2	1.70027	1.17628	0.512975	1	2.8915	0.691683	-0.564543
897	666	Pathway::PC7_5878	Negative regulators of RIG-I/MDA5 signaling	33	2	1.70027	1.17628	0.512975	1	2.0265	0.986923	-0.0188814
898	666	Pathway::PC7_7751	Synthesis of PIPs at the plasma membrane	33	2	1.70027	1.17628	0.512975	1	2.1915	0.912617	-0.138535
899	332	Pathway::PC7_8291	Toll Like Receptor 9 (TLR9) Cascade	92	5	4.74014	1.05482	0.517068	1	7.423	0.673582	-0.954494
900	529	Pathway::PC7_4451	Heparan sulfate/heparin (HS-GAG) metabolism	53	3	2.73073	1.09861	0.519079	1	3.3485	0.895924	-0.198317
901	898	Pathway::PC7_1547	Activation of Rac	14	1	0.721326	1.38634	0.523423	1	1.025	0.97561	-0.0258908
902	898	Pathway::PC7_2928	DCC mediated attractive signaling	14	1	0.721326	1.38634	0.523423	1	0.985	1.01523	0.0161209
903	898	Pathway::PC7_3016	Death Receptor Signalling	14	1	0.721326	1.38634	0.523423	1	1.176	0.85034	-0.170383
904	898	Pathway::PC7_4820	JNK signaling in the CD4+ TCR pathway	14	1	0.721326	1.38634	0.523423	1	1.059	0.944287	-0.0628044
905	898	Pathway::PC7_6874	Regulation of AMPK activity via LKB1	14	1	0.721326	1.38634	0.523423	1	1.281	0.78064	-0.264925
906	898	Pathway::PC7_6908	Regulation of innate immune responses to cytosolic DNA	14	1	0.721326	1.38634	0.523423	1	0.89	1.1236	0.122004
907	898	Pathway::PC7_8053	TRAF3-dependent IRF activation pathway	14	1	0.721326	1.38634	0.523423	1	0.9995	1.0005	0.000509119
908	666	Pathway::PC7_3418	EPHA-mediated growth cone collapse	34	2	1.75179	1.14169	0.529129	1	2.0695	0.966417	-0.0490377
909	666	Pathway::WP143_r79783	Fatty Acid Beta Oxidation	34	2	1.75179	1.14169	0.529129	1	2.115	0.945626	-0.0819596
910	666	Pathway::WP400_r72084	p38 MAPK Signaling Pathway	34	2	1.75179	1.14169	0.529129	1	2.5925	0.771456	-0.404416
911	271	Pathway::PC7_4011	G2/M Transition	113	6	5.82213	1.03055	0.529774	1	7.5195	0.797925	-0.588237
912	53	Pathway::PC7_5530	Mitotic M-M/G1 phases	329	17	16.9512	1.00288	0.53167	1	24.641	0.689907	-1.78857
913	529	Pathway::PC7_8680	Validated transcriptional targets of TAp63 isoforms	54	3	2.78226	1.07826	0.531815	1	3.675	0.816327	-0.367894
914	433	Pathway::PC7_6788	RMTs methylate histone arginines	74	4	3.81272	1.04912	0.534172	1	4.68	0.854701	-0.344791
915	433	Pathway::PC7_6881	Regulation of DNA replication	74	4	3.81272	1.04912	0.534172	1	5.7915	0.690667	-0.833208
916	115	Pathway::PC7_4107	Gastrin-CREB signalling pathway via PKC and MAPK	213	11	10.9745	1.00233	0.541525	1	14.963	0.735147	-1.11869
917	529	Pathway::PC7_2582	Circadian Clock	55	3	2.83378	1.05866	0.544359	1	4.2695	0.702658	-0.663681
918	529	Pathway::WP2272_r78594	Pathogenic Escherichia coli infection	55	3	2.83378	1.05866	0.544359	1	3.7515	0.79968	-0.397305
919	666	Pathway::PC7_3386	EGFR interacts with phospholipase C-gamma	35	2	1.80332	1.10907	0.544916	1	2.5865	0.773246	-0.395013
920	666	Pathway::PC7_6178	PLC-gamma1 signalling	35	2	1.80332	1.10907	0.544916	1	2.629	0.760746	-0.416624
921	271	Pathway::PC7_5529	Mitotic G2-G2/M phases	115	6	5.92518	1.01263	0.547164	1	7.7	0.779221	-0.648543
922	898	Pathway::PC7_12076	mRNA decay by 5' to 3' exoribonuclease	15	1	0.772849	1.29391	0.548017	1	0.6515	1.53492	0.442578
923	898	Pathway::PC7_12188	negative regulation of TCF-dependent signaling by WNT ligand antagonists	15	1	0.772849	1.29391	0.548017	1	1.071	0.933707	-0.071759
924	898	Pathway::PC7_1523	Activation of BAD and translocation to mitochondria	15	1	0.772849	1.29391	0.548017	1	1.2105	0.826105	-0.197918
925	898	Pathway::PC7_3697	ErbB receptor signaling network	15	1	0.772849	1.29391	0.548017	1	1.157	0.864304	-0.15666
926	898	Pathway::PC7_4941	LPA4-mediated signaling events	15	1	0.772849	1.29391	0.548017	1	1.161	0.861326	-0.156004
927	898	Pathway::PC7_5329	Metabolism of polyamines	15	1	0.772849	1.29391	0.548017	1	0.7175	1.39373	0.339673
928	898	Pathway::PC7_6394	Peptide hormone biosynthesis	15	1	0.772849	1.29391	0.548017	1	0.838	1.19332	0.182408
929	898	Pathway::PC7_7372	STING mediated induction of host immune responses	15	1	0.772849	1.29391	0.548017	1	1.1165	0.895656	-0.117868
930	898	Pathway::PC7_7757	Synthesis of bile acids and bile salts via 27-hydroxycholesterol	15	1	0.772849	1.29391	0.548017	1	1.156	0.865052	-0.156339
931	898	Pathway::PC7_8776	WNT5A-dependent internalization of FZD4	15	1	0.772849	1.29391	0.548017	1	1.294	0.772798	-0.274447
932	898	Pathway::WP501_r79715	GPCRs, Class C Metabotropic glutamate, pheromone	15	1	0.772849	1.29391	0.548017	1	0.752	1.32979	0.298883
933	529	Pathway::PC7_8266	Thromboxane A2 receptor signaling	56	3	2.8853	1.03975	0.556706	1	4.396	0.682439	-0.70471
934	23	Pathway::PC7_4044	GPCR ligand binding	433	22	22.3096	0.986123	0.559985	1	27.7165	0.793751	-1.21762
935	433	Pathway::PC7_8328	Transcriptional regulation of white adipocyte differentiation	77	4	3.96729	1.00824	0.565967	1	5.624	0.711238	-0.729888
936	898	Pathway::PC7_12285	p75NTR signals via NF-kB	16	1	0.824373	1.21304	0.571344	1	1.271	0.786782	-0.252428
937	898	Pathway::PC7_2528	Cell-extracellular matrix interactions	16	1	0.824373	1.21304	0.571344	1	0.9575	1.04439	0.0450577
938	898	Pathway::PC7_3962	Formation of Senescence-Associated Heterochromatin Foci (SAHF)	16	1	0.824373	1.21304	0.571344	1	0.9025	1.10803	0.110753
939	898	Pathway::PC7_6848	Rap1 signalling	16	1	0.824373	1.21304	0.571344	1	1.164	0.859107	-0.162695
940	898	Pathway::PC7_6888	Regulation of KIT signaling	16	1	0.824373	1.21304	0.571344	1	1.1335	0.882223	-0.134194
941	898	Pathway::PC7_7421	Sema3A PAK dependent Axon repulsion	16	1	0.824373	1.21304	0.571344	1	1.1765	0.849979	-0.170046
942	898	Pathway::PC7_7797	TGF-beta receptor signaling in EMT (epithelial to mesenchymal transition)	16	1	0.824373	1.21304	0.571344	1	1.25	0.8	-0.234301
943	898	Pathway::PC7_8059	TRAF6 mediated induction of TAK1 complex	16	1	0.824373	1.21304	0.571344	1	1.219	0.820345	-0.205832
944	231	Pathway::WP2858_r83015	Ectoderm Differentiation	138	7	7.11022	0.984499	0.57214	1	7.0245	0.996512	-0.00933721
945	666	Pathway::PC7_1522	Activation of ATR in response to replication stress	37	2	1.90636	1.04912	0.575368	1	3.104	0.64433	-0.670362
946	433	Pathway::PC7_8631	Unfolded Protein Response (UPR)	78	4	4.01882	0.995318	0.576297	1	4.949	0.808244	-0.454938
947	271	Pathway::PC7_6072	Oxidative Stress Induced Senescence	119	6	6.13127	0.97859	0.581049	1	8.625	0.695652	-0.983044
948	141	Pathway::PC7_8340	Transmission across Chemical Synapses	200	10	10.3047	0.970435	0.585514	1	13.3545	0.748811	-0.997646
949	666	Pathway::PC7_8360	Transport of vitamins, nucleosides, and related molecules	38	2	1.95789	1.02151	0.590027	1	1.7315	1.15507	0.210215
950	898	Pathway::PC7_2164	Butyrate Response Factor 1 (BRF1) destabilizes mRNA	17	1	0.875896	1.14169	0.593469	1	1.3155	0.760167	-0.282536
951	898	Pathway::PC7_2333	CREB phosphorylation through the activation of CaMKII	17	1	0.875896	1.14169	0.593469	1	1.3305	0.751597	-0.304215
952	898	Pathway::PC7_4006	G1/S-Specific Transcription	17	1	0.875896	1.14169	0.593469	1	1.5135	0.66072	-0.427795
953	898	Pathway::PC7_4862	KSRP destabilizes mRNA	17	1	0.875896	1.14169	0.593469	1	1.349	0.74129	-0.316203
954	898	Pathway::PC7_6172	PKA activation in glucagon signalling	17	1	0.875896	1.14169	0.593469	1	1.229	0.81367	-0.218586
955	898	Pathway::PC7_6928	Removal of DNA patch containing abasic residue	17	1	0.875896	1.14169	0.593469	1	1.263	0.791766	-0.247209
956	898	Pathway::PC7_8429	Tristetraprolin (TTP) destabilizes mRNA	17	1	0.875896	1.14169	0.593469	1	1.2835	0.77912	-0.259001
957	898	Pathway::PC7_8629	Unblocking of NMDA receptor, glutamate binding and activation	17	1	0.875896	1.14169	0.593469	1	1.27	0.787402	-0.253312
958	898	Pathway::WP554_r84372	ACE Inhibitor Pathway	17	1	0.875896	1.14169	0.593469	1	1.1125	0.898876	-0.112061
959	898	Pathway::WP78_r70014	TCA Cycle	17	1	0.875896	1.14169	0.593469	1	0.894	1.11857	0.114787
960	433	Pathway::PC7_1671	Antigen processing-Cross presentation	80	4	4.12186	0.970435	0.596532	1	5.7975	0.689953	-0.81149
961	529	Pathway::PC7_1858	Autodegradation of Cdh1 by Cdh1:APC/C	60	3	3.0914	0.970435	0.604029	1	4.603	0.651749	-0.825763
962	666	Pathway::PC7_4276	Glycosphingolipid metabolism	39	2	2.00941	0.995318	0.604307	1	2.2095	0.905182	-0.145241
963	666	Pathway::PC7_7490	Signaling events mediated by HDAC Class III	39	2	2.00941	0.995318	0.604307	1	2.774	0.720981	-0.494095
964	666	Pathway::WP524_r72112	G13 Signaling Pathway	39	2	2.00941	0.995318	0.604307	1	2.4915	0.802729	-0.320352
965	433	Pathway::PC7_6050	Opioid Signalling	81	4	4.17339	0.958454	0.606432	1	6.1195	0.653648	-0.948513
966	898	Pathway::PC7_11143	cGMP effects	18	1	0.927419	1.07826	0.614455	1	1.0745	0.930665	-0.0754124
967	898	Pathway::PC7_1534	Activation of IRF3/IRF7 mediated by TBK1/IKK epsilon	18	1	0.927419	1.07826	0.614455	1	1.432	0.698324	-0.374257
968	898	Pathway::PC7_6919	Regulation of signaling by CBL	18	1	0.927419	1.07826	0.614455	1	1.3325	0.750469	-0.301285
969	898	Pathway::PC7_7723	Synthesis and interconversion of nucleotide di- and triphosphates	18	1	0.927419	1.07826	0.614455	1	1.041	0.960615	-0.041904
970	529	Pathway::PC7_2393	Ca2+ pathway	61	3	3.14292	0.954526	0.615326	1	4.8655	0.616586	-0.929686
971	529	Pathway::PC7_2698	Coregulation of Androgen receptor activity	61	3	3.14292	0.954526	0.615326	1	3.765	0.796813	-0.395003
972	332	Pathway::PC7_2951	DNA Replication	104	5	5.35842	0.93311	0.627096	1	8.4015	0.595132	-1.30352
973	666	Pathway::PC7_3960	Formation of HIV-1 elongation complex containing HIV-1 Tat	41	2	2.11246	0.946766	0.631729	1	3.6755	0.544144	-0.927945
974	898	Pathway::PC7_2032	Base Excision Repair	19	1	0.978943	1.02151	0.63436	1	1.3495	0.741015	-0.317027
975	898	Pathway::PC7_2610	Citric acid cycle (TCA cycle)	19	1	0.978943	1.02151	0.63436	1	0.97	1.03093	0.0311908
976	898	Pathway::PC7_3679	Ephrin signaling	19	1	0.978943	1.02151	0.63436	1	1.3555	0.737735	-0.32397
977	898	Pathway::PC7_4101	Gap junction assembly	19	1	0.978943	1.02151	0.63436	1	0.863	1.15875	0.153823
978	898	Pathway::PC7_5328	Metabolism of nitric oxide	19	1	0.978943	1.02151	0.63436	1	1.309	0.763942	-0.285485
979	898	Pathway::PC7_6171	PKA activation	19	1	0.978943	1.02151	0.63436	1	1.3685	0.730727	-0.330164
980	898	Pathway::PC7_6852	Ras activation uopn Ca2+ infux through NMDA receptor	19	1	0.978943	1.02151	0.63436	1	1.5395	0.649562	-0.460684
981	898	Pathway::PC7_7451	Signaling by FGFR1 fusion mutants	19	1	0.978943	1.02151	0.63436	1	1.16	0.862069	-0.153506
982	898	Pathway::PC7_7464	Signaling by NODAL	19	1	0.978943	1.02151	0.63436	1	1.171	0.853971	-0.162397
983	898	Pathway::WP2879_r79602	Farnesoid X Receptor  Pathway	19	1	0.978943	1.02151	0.63436	1	1.2175	0.821355	-0.212441
984	529	Pathway::PC7_3073	Deposition of new CENPA-containing nucleosomes at the centromere	63	3	3.24597	0.924224	0.63726	1	4.5275	0.662617	-0.782845
985	529	Pathway::PC7_6001	O-linked glycosylation of mucins	63	3	3.24597	0.924224	0.63726	1	2.972	1.00942	0.0165186
986	666	Pathway::PC7_3959	Formation of HIV elongation complex in the absence of HIV Tat	42	2	2.16398	0.924224	0.644875	1	3.773	0.530082	-0.972552
987	666	Pathway::PC7_5884	Netrin-1 signaling	42	2	2.16398	0.924224	0.644875	1	2.5975	0.769971	-0.387996
988	666	Pathway::PC7_5891	Neurotransmitter Release Cycle	42	2	2.16398	0.924224	0.644875	1	2.749	0.727537	-0.490581
989	898	Pathway::PC7_3348	Dual incision reaction in GG-NER	20	1	1.03047	0.970435	0.653239	1	1.388	0.720461	-0.345048
990	898	Pathway::PC7_5788	NOTCH2 Activation and Transmission of Signal to the Nucleus	20	1	1.03047	0.970435	0.653239	1	1.639	0.610128	-0.529443
991	898	Pathway::PC7_6173	PKA-mediated phosphorylation of CREB	20	1	1.03047	0.970435	0.653239	1	1.4435	0.692761	-0.387664
992	529	Pathway::PC7_1537	Activation of NF-kappaB in B cells	65	3	3.34901	0.895786	0.658306	1	4.7455	0.632178	-0.905763
993	529	Pathway::PC7_2910	Cytosolic sensors of pathogen-associated DNA	65	3	3.34901	0.895786	0.658306	1	5.1935	0.577645	-1.04145
994	529	Pathway::PC7_4772	Interferon alpha/beta signaling	65	3	3.34901	0.895786	0.658306	1	4.4425	0.675295	-0.721548
995	666	Pathway::PC7_3852	FOXA1 transcription factor network	44	2	2.26703	0.882213	0.670051	1	2.886	0.693001	-0.546019
996	898	Pathway::PC7_4415	HS-GAG degradation	21	1	1.08199	0.924224	0.671145	1	1.539	0.649773	-0.462277
997	898	Pathway::PC7_6787	RIP-mediated NFkB activation via ZBP1	21	1	1.08199	0.924224	0.671145	1	1.761	0.567859	-0.615256
998	898	Pathway::PC7_6887	Regulation of IGF Activity by IGFBP	21	1	1.08199	0.924224	0.671145	1	1.1795	0.847817	-0.168764
999	898	Pathway::PC7_7720	Syndecan-3-mediated signaling events	21	1	1.08199	0.924224	0.671145	1	1.519	0.658328	-0.446744
1000	898	Pathway::PC7_8327	Transcriptional regulation of pluripotent stem cells	21	1	1.08199	0.924224	0.671145	1	1.206	0.829187	-0.199188
1001	898	Pathway::WP1602_r78486	Nicotine Activity on Dopaminergic Neurons	21	1	1.08199	0.924224	0.671145	1	1.4785	0.676361	-0.407542
1002	898	Pathway::WP691_r79986	Tamoxifen metabolism	21	1	1.08199	0.924224	0.671145	1	1.5495	0.645369	-0.466155
1003	529	Pathway::PC7_7425	Semaphorin interactions	67	3	3.45206	0.869046	0.67846	1	4.516	0.664305	-0.750463
1004	666	Pathway::PC7_5825	NRAGE signals death through JNK	45	2	2.31855	0.862609	0.682087	1	3.3535	0.596392	-0.792274
1005	666	Pathway::PC7_7449	Signaling by FGFR mutants	45	2	2.31855	0.862609	0.682087	1	3.0655	0.652422	-0.660261
1006	666	Pathway::PC7_8786	XBP1(S) activates chaperone genes	45	2	2.31855	0.862609	0.682087	1	2.4935	0.802085	-0.321108
1007	898	Pathway::PC7_2360	CTLA4 inhibitory signaling	22	1	1.13351	0.882213	0.688129	1	1.74	0.574713	-0.5866
1008	898	Pathway::PC7_3014	Deadenylation of mRNA	22	1	1.13351	0.882213	0.688129	1	1.222	0.818331	-0.205264
1009	898	Pathway::WP1424_r83526	Globo Sphingolipid Metabolism	22	1	1.13351	0.882213	0.688129	1	1.067	0.937207	-0.067801
1010	666	Pathway::PC7_4466	Hexose uptake	46	2	2.37007	0.843856	0.693763	1	3.261	0.613309	-0.75645
1011	529	Pathway::WP2857_r80151	Mesodermal Commitment Pathway	69	3	3.55511	0.843856	0.697721	1	4.3825	0.684541	-0.694452
1012	898	Pathway::PC7_7442	Signaling by BMP	23	1	1.18504	0.843856	0.704237	1	1.475	0.677966	-0.406061
1013	898	Pathway::PC7_8633	Uptake and actions of bacterial toxins	23	1	1.18504	0.843856	0.704237	1	1.5415	0.648719	-0.460243
1014	666	Pathway::PC7_4657	IRE1alpha activates chaperones	47	2	2.42159	0.825902	0.705083	1	2.649	0.755002	-0.412548
1015	666	Pathway::PC7_5783	NOTCH1 Intracellular Domain Regulates Transcription	47	2	2.42159	0.825902	0.705083	1	3.9945	0.500688	-1.08559
1016	666	Pathway::PC7_3015	Deadenylation-dependent mRNA decay	48	2	2.47312	0.808696	0.716052	1	2.829	0.706964	-0.502493
1017	666	Pathway::WP3584_r84776	Mecp2 and Associated Rett Syndrome	48	2	2.47312	0.808696	0.716052	1	2.7185	0.7357	-0.451248
1018	666	Pathway::WP410_r84683	Diurnally Regulated Genes with Circadian Orthologs	48	2	2.47312	0.808696	0.716052	1	2.5915	0.771754	-0.38224
1019	529	Pathway::PC7_2534	Centrosome maturation	71	3	3.65815	0.820086	0.716096	1	4.5755	0.655666	-0.786052
1020	898	Pathway::PC7_1669	Antigen Presentation: Folding, assembly and peptide loading of class I MHC	24	1	1.23656	0.808696	0.719515	1	2.012	0.497018	-0.746898
1021	898	Pathway::PC7_2912	Cytosolic tRNA aminoacylation	24	1	1.23656	0.808696	0.719515	1	1.15	0.869565	-0.143773
1022	898	Pathway::PC7_3874	Fanconi Anemia pathway	24	1	1.23656	0.808696	0.719515	1	1.2965	0.771307	-0.268484
1023	898	Pathway::PC7_5948	Nitric oxide stimulates guanylate cyclase	24	1	1.23656	0.808696	0.719515	1	1.531	0.653168	-0.452175
1024	898	Pathway::PC7_6517	Plexin-D1 Signaling	24	1	1.23656	0.808696	0.719515	1	1.717	0.582411	-0.572609
1025	898	Pathway::PC7_7423	Sema4D induced cell migration and growth-cone collapse	24	1	1.23656	0.808696	0.719515	1	1.7625	0.567376	-0.590554
1026	898	Pathway::PC7_8716	Visual signal transduction: Rods	24	1	1.23656	0.808696	0.719515	1	1.45	0.689655	-0.390273
1027	898	Pathway::WP2865_r81650	IL1 and megakaryotyces in obesity	24	1	1.23656	0.808696	0.719515	1	1.6975	0.589102	-0.553503
1028	898	Pathway::WP325_r71223	Triacylglyceride Synthesis	24	1	1.23656	0.808696	0.719515	1	1.29	0.775194	-0.260438
1029	666	Pathway::PC7_3046	Defensins	49	2	2.52464	0.792192	0.726677	1	2.08	0.961538	-0.0582747
1030	666	Pathway::PC7_8627	Ubiquitin-dependent degradation of Cyclin D	49	2	2.52464	0.792192	0.726677	1	3.562	0.561482	-0.921192
1031	898	Pathway::PC7_5339	Metal ion SLC transporters	25	1	1.28808	0.776348	0.734006	1	1.386	0.721501	-0.336864
1032	898	Pathway::WP2895_r79216	Differentiation of white and brown adipocyte   	25	1	1.28808	0.776348	0.734006	1	1.478	0.67659	-0.405068
1033	433	Pathway::PC7_7731	Synthesis of DNA	96	4	4.94624	0.808696	0.736209	1	7.7935	0.513248	-1.51198
1034	666	Pathway::PC7_1859	Autodegradation of the E3 ubiquitin ligase COP1	50	2	2.57616	0.776348	0.736964	1	3.6175	0.552868	-0.942993
1035	666	Pathway::PC7_8766	Vpu mediated degradation of CD4	50	2	2.57616	0.776348	0.736964	1	3.6215	0.552257	-0.953784
1036	666	Pathway::PC7_5517	Mitochondrial protein import	51	2	2.62769	0.761125	0.746919	1	2.016	0.992063	-0.0117137
1037	666	Pathway::PC7_5551	Muscle contraction	51	2	2.62769	0.761125	0.746919	1	2.847	0.702494	-0.513419
1038	666	Pathway::PC7_6147	PI Metabolism	51	2	2.62769	0.761125	0.746919	1	3.256	0.614251	-0.733455
1039	666	Pathway::PC7_7661	Stabilization of p53	51	2	2.62769	0.761125	0.746919	1	3.693	0.541565	-0.983247
1040	666	Pathway::PC7_8625	Ubiquitin Mediated Degradation of Phosphorylated Cdc25A	51	2	2.62769	0.761125	0.746919	1	3.7495	0.533404	-0.998859
1041	898	Pathway::PC7_3323	Downregulation of TGF-beta receptor signaling	26	1	1.33961	0.746488	0.747749	1	1.977	0.505817	-0.733846
1042	898	Pathway::PC7_3678	Ephrin B reverse signaling	26	1	1.33961	0.746488	0.747749	1	1.9995	0.500125	-0.740167
1043	898	Pathway::PC7_4618	IL27-mediated signaling events	26	1	1.33961	0.746488	0.747749	1	1.7225	0.580552	-0.574337
1044	898	Pathway::PC7_4747	Insulin processing	26	1	1.33961	0.746488	0.747749	1	1.5445	0.647459	-0.461007
1045	898	Pathway::PC7_6828	RXR and RAR heterodimerization with other nuclear receptor	26	1	1.33961	0.746488	0.747749	1	1.931	0.517866	-0.705336
1046	898	Pathway::PC7_7778	TAK1 activates NFkB by phosphorylation and activation of IKKs complex	26	1	1.33961	0.746488	0.747749	1	2.2545	0.443557	-0.89137
1047	898	Pathway::PC7_8803	ZBP1(DAI) mediated induction of type I IFNs	26	1	1.33961	0.746488	0.747749	1	2.159	0.463177	-0.843781
1048	529	Pathway::PC7_3991	G alpha (12/13) signalling events	75	3	3.86425	0.776348	0.750236	1	5.8305	0.514536	-1.25475
1049	666	Pathway::PC7_7764	Synthesis of substrates in N-glycan biosythesis	52	2	2.67921	0.746488	0.756549	1	3.2065	0.623733	-0.727566
1050	898	Pathway::PC7_3999	G-protein activation	27	1	1.39113	0.718841	0.760784	1	2.065	0.484262	-0.780943
1051	898	Pathway::PC7_4757	Integrin alphaIIb beta3 signaling	27	1	1.39113	0.718841	0.760784	1	2.2675	0.441014	-0.880773
1052	898	Pathway::PC7_4874	Keratan sulfate biosynthesis	27	1	1.39113	0.718841	0.760784	1	1.829	0.546747	-0.644447
1053	898	Pathway::PC7_7736	Synthesis of IP3 and IP4 in the cytosol	27	1	1.39113	0.718841	0.760784	1	1.8295	0.546597	-0.638563
1054	231	Pathway::PC7_4771	Interferon Signaling	167	7	8.60439	0.813538	0.764409	1	11.78	0.594228	-1.50447
1055	666	Pathway::PC7_6876	Regulation of Androgen receptor activity	53	2	2.73073	0.732404	0.765862	1	3.328	0.600962	-0.761984
1056	666	Pathway::PC7_7231	SCF-beta-TrCP mediated degradation of Emi1	53	2	2.73073	0.732404	0.765862	1	3.9035	0.512361	-1.08371
1057	529	Pathway::PC7_6909	Regulation of insulin secretion	77	3	3.96729	0.756183	0.766033	1	5.842	0.513523	-1.25538
1058	898	Pathway::PC7_1577	Adrenaline,noradrenaline inhibits insulin secretion	28	1	1.44265	0.693168	0.773146	1	2.0835	0.479962	-0.787812
1059	898	Pathway::PC7_2078	Beta2 integrin cell surface interactions	28	1	1.44265	0.693168	0.773146	1	2.0585	0.485791	-0.769523
1060	898	Pathway::PC7_2394	CaM pathway	28	1	1.44265	0.693168	0.773146	1	2.117	0.472367	-0.825866
1061	898	Pathway::PC7_4103	Gap junction trafficking	28	1	1.44265	0.693168	0.773146	1	1.613	0.619963	-0.506071
1062	898	Pathway::PC7_4638	IL8- and CXCR1-mediated signaling events	28	1	1.44265	0.693168	0.773146	1	2.351	0.425351	-0.922276
1063	898	Pathway::PC7_6870	Reelin signaling pathway	28	1	1.44265	0.693168	0.773146	1	2.0995	0.476304	-0.796907
1064	898	Pathway::PC7_7742	Synthesis of PA	28	1	1.44265	0.693168	0.773146	1	1.814	0.551268	-0.638868
1065	898	Pathway::PC7_8783	Wnt signaling network	28	1	1.44265	0.693168	0.773146	1	2.1915	0.456308	-0.85307
1066	529	Pathway::PC7_6515	Platelet homeostasis	78	3	4.01882	0.746488	0.773623	1	5.62	0.533808	-1.19207
1067	666	Pathway::PC7_1214	AUF1 (hnRNP D0) destabilizes mRNA	54	2	2.78226	0.718841	0.774863	1	4.0195	0.497574	-1.11506
1068	666	Pathway::PC7_4300	Golgi Associated Vesicle Biogenesis	54	2	2.78226	0.718841	0.774863	1	3.5065	0.570369	-0.839806
1069	666	Pathway::WP585_r80201	Interferon type I signaling pathways	54	2	2.78226	0.718841	0.774863	1	4.1015	0.487626	-1.1108
1070	666	Pathway::PC7_3366	ECM proteoglycans	55	2	2.83378	0.705771	0.783562	1	3.8095	0.525003	-0.964986
1071	433	Pathway::WP111_r82216	Electron Transport Chain	103	4	5.3069	0.753736	0.784579	1	5.2245	0.765624	-0.559074
1072	332	Pathway::PC7_4492	Host Interactions of HIV factors	126	5	6.49194	0.770186	0.784758	1	9.7925	0.510595	-1.71123
1073	898	Pathway::PC7_12266	p38 MAPK signaling pathway	29	1	1.49418	0.669265	0.784871	1	2.005	0.498753	-0.748257
1074	898	Pathway::PC7_7262	SHC-mediated cascade	29	1	1.49418	0.669265	0.784871	1	2.1495	0.465224	-0.861793
1075	666	Pathway::PC7_6461	Phospholipase C-mediated cascade	56	2	2.8853	0.693168	0.791964	1	4.189	0.477441	-1.18449
1076	898	Pathway::PC7_1554	Activation of the pre-replicative complex	30	1	1.5457	0.646957	0.795992	1	2.774	0.36049	-1.1411
1077	898	Pathway::PC7_4104	Gap junction trafficking and regulation	30	1	1.5457	0.646957	0.795992	1	1.778	0.56243	-0.613585
1078	898	Pathway::PC7_4215	Glutamate Binding, Activation of AMPA Receptors and Synaptic Plasticity	30	1	1.5457	0.646957	0.795992	1	2.0575	0.486027	-0.79037
1079	898	Pathway::PC7_5537	Molecules associated with elastic fibres	30	1	1.5457	0.646957	0.795992	1	1.875	0.533333	-0.661178
1080	898	Pathway::PC7_7452	Signaling by FGFR1 mutants	30	1	1.5457	0.646957	0.795992	1	2.0145	0.496401	-0.758635
1081	169	Pathway::PC7_7784	TCF dependent signaling in response to WNT	218	9	11.2321	0.801276	0.798364	1	16.2885	0.552537	-2.12408
1082	433	Pathway::PC7_6943	Respiratory electron transport, ATP synthesis by chemiosmotic coupling, and heat production by uncoupling proteins.	106	4	5.46147	0.732404	0.803034	1	5.42	0.738007	-0.631854
1083	898	Pathway::PC7_4414	HS-GAG biosynthesis	31	1	1.59722	0.626087	0.806538	1	2.0525	0.487211	-0.769306
1084	898	Pathway::PC7_7472	Signaling by NOTCH2	31	1	1.59722	0.626087	0.806538	1	2.611	0.382995	-1.04236
1085	666	Pathway::PC7_3061	Degradation of GLI2 by the proteasome	58	2	2.98835	0.669265	0.807909	1	4.2445	0.471198	-1.24604
1086	666	Pathway::PC7_4037	GLI3 is processed to GLI3R by the proteasome	58	2	2.98835	0.669265	0.807909	1	4.2435	0.471309	-1.25333
1087	898	Pathway::PC7_3424	EPO signaling pathway	32	1	1.64875	0.606522	0.816541	1	2.4975	0.4004	-1.01354
1088	898	Pathway::PC7_4693	Inactivation, recovery and regulation of the phototransduction cascade	32	1	1.64875	0.606522	0.816541	1	1.935	0.516796	-0.687467
1089	898	Pathway::PC7_4876	Keratan sulfate/keratin metabolism	32	1	1.64875	0.606522	0.816541	1	2.248	0.44484	-0.874741
1090	898	Pathway::PC7_7477	Signaling by Robo receptor	32	1	1.64875	0.606522	0.816541	1	2.2345	0.447527	-0.850165
1091	898	Pathway::PC7_7796	TGF-beta receptor signaling activates SMADs	32	1	1.64875	0.606522	0.816541	1	2.462	0.406174	-0.983546
1092	898	Pathway::WP3414_r82252	Initiation of transcription and translation elongation at the HIV-1 LTR	32	1	1.64875	0.606522	0.816541	1	2.776	0.360231	-1.14764
1093	666	Pathway::WP623_r79961	Oxidative phosphorylation	60	2	3.0914	0.646957	0.822757	1	3.1755	0.629822	-0.690075
1094	898	Pathway::PC7_1599	Alpha4 beta1 integrin signaling events	33	1	1.70027	0.588142	0.826027	1	2.4565	0.407083	-0.972274
1095	898	Pathway::PC7_4157	Glucagon signaling in metabolic regulation	33	1	1.70027	0.588142	0.826027	1	2.5125	0.39801	-1.03687
1096	898	Pathway::PC7_6892	Regulation of Ras family activation	33	1	1.70027	0.588142	0.826027	1	2.2265	0.449135	-0.880077
1097	898	Pathway::PC7_7434	Sialic acid metabolism	33	1	1.70027	0.588142	0.826027	1	2.22	0.45045	-0.877584
1098	898	Pathway::PC7_8231	The phototransduction cascade	33	1	1.70027	0.588142	0.826027	1	1.9985	0.500375	-0.721075
1099	529	Pathway::PC7_6433	Phase II conjugation	86	3	4.431	0.677048	0.82731	1	4.9385	0.607472	-0.914253
1100	529	Pathway::PC7_6911	Regulation of mRNA stability by proteins that bind AU-rich elements	86	3	4.431	0.677048	0.82731	1	6.355	0.472069	-1.47283
1101	666	Pathway::PC7_5029	Loss of Nlp from mitotic centrosomes	61	2	3.14292	0.636351	0.829789	1	4.0845	0.489656	-1.10349
1102	529	Pathway::PC7_2621	Class B/2 (Secretin family receptors)	87	3	4.48253	0.669265	0.833192	1	6.079	0.493502	-1.33194
1103	169	Pathway::PC7_6815	RNF mutants show enhanced WNT signaling and proliferation	227	9	11.6958	0.769508	0.83444	1	17.1245	0.525563	-2.34436
1104	898	Pathway::PC7_1203	ATM pathway	34	1	1.75179	0.570844	0.835024	1	2.4245	0.412456	-0.951296
1105	898	Pathway::PC7_4156	Global Genomic NER (GG-NER)	34	1	1.75179	0.570844	0.835024	1	2.7645	0.361729	-1.13145
1106	898	Pathway::PC7_4639	IL8- and CXCR2-mediated signaling events	34	1	1.75179	0.570844	0.835024	1	2.7715	0.360815	-1.13705
1107	666	Pathway::PC7_6799	RNA Polymerase II Pre-transcription Events	62	2	3.19444	0.626087	0.836568	1	5.206	0.384172	-1.46066
1108	332	Pathway::PC7_5534	Mitotic Prophase	136	5	7.00717	0.713555	0.836905	1	9.6945	0.515756	-1.70634
1109	529	Pathway::PC7_4262	Glycerophospholipid biosynthesis	88	3	4.53405	0.66166	0.8389	1	5.269	0.569368	-1.0408
1110	433	Pathway::PC7_2950	DNA Repair	113	4	5.82213	0.687033	0.841131	1	7.714	0.518538	-1.44609
1111	332	Pathway::PC7_6462	Phospholipid metabolism	138	5	7.11022	0.703214	0.845992	1	8.487	0.589136	-1.25819
1112	666	Pathway::PC7_8319	Transcription of the HIV genome	64	2	3.29749	0.606522	0.8494	1	5.3465	0.374076	-1.50271
1113	898	Pathway::PC7_6511	Platelet Aggregation (Plug Formation)	36	1	1.85484	0.53913	0.851649	1	2.92	0.342466	-1.19706
1114	332	Pathway::PC7_5890	Neurotransmitter Receptor Binding And Downstream Transmission In The Postsynaptic Cell	140	5	7.21326	0.693168	0.854657	1	9.642	0.518565	-1.62674
1115	115	Pathway::PC7_5887	Neuronal System	279	11	14.375	0.765217	0.858727	1	17.332	0.634664	-1.66328
1116	898	Pathway::PC7_2008	BMAL1:CLOCK,NPAS2 activates circadian gene expression	37	1	1.90636	0.524559	0.859323	1	2.9905	0.334392	-1.24034
1117	529	Pathway::WP35_r79952	G Protein Signaling Pathways	92	3	4.74014	0.632892	0.860079	1	6.691	0.448363	-1.6145
1118	898	Pathway::PC7_1533	Activation of GABAB receptors	38	1	1.95789	0.510755	0.866602	1	2.7195	0.367715	-1.09769
1119	332	Pathway::PC7_11018	beta-catenin independent WNT signaling	143	5	7.36783	0.678626	0.866892	1	11.197	0.446548	-2.10958
1120	666	Pathway::PC7_2100	Biosynthesis of the N-glycan precursor (dolichol lipid-linked oligosaccharide, LLO) and transfer to a nascent protein	67	2	3.45206	0.579364	0.866936	1	3.7985	0.526524	-0.997951
1121	666	Pathway::PC7_4773	Interferon gamma signaling	67	2	3.45206	0.579364	0.866936	1	5.149	0.388425	-1.46986
1122	529	Pathway::PC7_3415	EPH-Ephrin signaling	94	3	4.84319	0.619426	0.869725	1	7.2245	0.415254	-1.65215
1123	898	Pathway::PC7_2622	Class C/3 (Metabotropic glutamate/pheromone receptors)	39	1	2.00941	0.497659	0.873504	1	2.1165	0.472478	-0.799352
1124	898	Pathway::PC7_5991	Nuclear signaling by ERBB4	39	1	2.00941	0.497659	0.873504	1	3.1325	0.319234	-1.28247
1125	898	Pathway::PC7_1550	Activation of gene expression by SREBF (SREBP)	40	1	2.06093	0.485217	0.88005	1	3.0785	0.324834	-1.22897
1126	898	Pathway::PC7_2064	Beta defensins	40	1	2.06093	0.485217	0.88005	1	1.7155	0.58292	-0.56894
1127	898	Pathway::PC7_4211	Glucose transport	40	1	2.06093	0.485217	0.88005	1	2.9435	0.339732	-1.22984
1128	898	Pathway::WP2849_r84764	Hematopoietic Stem Cell Differentiation	40	1	2.06093	0.485217	0.88005	1	2.4205	0.413138	-0.926301
1129	666	Pathway::PC7_1674	Antiviral mechanism by IFN-stimulated genes	70	2	3.60663	0.554534	0.882581	1	4.828	0.41425	-1.37593
1130	666	Pathway::WP2359_r72121	Parkin-Ubiquitin Proteasomal System pathway	70	2	3.60663	0.554534	0.882581	1	4.652	0.429923	-1.27287
1131	14	Pathway::PC7_5330	Metabolism of proteins	681	29	35.0874	0.826508	0.884797	1	40.393	0.717946	-1.98717
1132	898	Pathway::PC7_3421	EPHB-mediated forward signaling	41	1	2.11246	0.473383	0.886258	1	3.3085	0.302252	-1.3465
1133	898	Pathway::PC7_3649	Elastic fibre formation	41	1	2.11246	0.473383	0.886258	1	2.417	0.413736	-0.937586
1134	898	Pathway::PC7_6948	Retinoid metabolism and transport	41	1	2.11246	0.473383	0.886258	1	2.9625	0.337553	-1.19654
1135	529	Pathway::PC7_2575	Chromosome Maintenance	98	3	5.04928	0.594144	0.887272	1	7.497	0.40016	-1.78613
1136	529	Pathway::PC7_4438	Hedgehog 'off' state	98	3	5.04928	0.594144	0.887272	1	6.7275	0.445931	-1.63821
1137	666	Pathway::PC7_2674	Condensation of Prophase Chromosomes	71	2	3.65815	0.546724	0.887407	1	5.2265	0.382665	-1.56339
1138	666	Pathway::PC7_7651	Sphingolipid metabolism	71	2	3.65815	0.546724	0.887407	1	3.687	0.542446	-0.889618
1139	433	Pathway::PC7_3994	G alpha (s) signalling events	124	4	6.38889	0.626087	0.888409	1	8.2685	0.483764	-1.53702
1140	898	Pathway::PC7_12899	tRNA Aminoacylation	42	1	2.16398	0.462112	0.892146	1	2.0975	0.476758	-0.776828
1141	898	Pathway::PC7_4158	Glucagon-like Peptide-1 (GLP1) regulates insulin secretion	42	1	2.16398	0.462112	0.892146	1	3.0685	0.325892	-1.26405
1142	898	Pathway::WP466_r79981	DNA Replication	42	1	2.16398	0.462112	0.892146	1	3.848	0.259875	-1.52191
1143	529	Pathway::PC7_6000	O-linked glycosylation	101	3	5.20385	0.576496	0.899016	1	4.755	0.630915	-0.827777
1144	97	Pathway::PC7_7484	Signaling by Wnt	317	12	16.3329	0.734714	0.899056	1	23.77	0.504838	-2.91448
1145	169	Pathway::PC7_7483	Signaling by WNT in cancer	249	9	12.8293	0.701519	0.901555	1	18.5745	0.484535	-2.66272
1146	898	Pathway::PC7_3995	G alpha (z) signalling events	45	1	2.31855	0.431304	0.908045	1	3.4115	0.293126	-1.42816
1147	898	Pathway::PC7_8323	Transcriptional activation of mitochondrial biogenesis	45	1	2.31855	0.431304	0.908045	1	3.373	0.296472	-1.39159
1148	898	Pathway::PC7_4742	Inositol phosphate metabolism	46	1	2.37007	0.421928	0.912807	1	2.802	0.356888	-1.13928
1149	898	Pathway::PC7_4336	HDMs demethylate histones	47	1	2.42159	0.412951	0.917323	1	2.886	0.3465	-1.176
1150	271	Pathway::PC7_3993	G alpha (q) signalling events	185	6	9.53181	0.629471	0.92076	1	13.109	0.457701	-2.15137
1151	898	Pathway::PC7_2706	Cross-presentation of soluble exogenous antigens (endosomes)	48	1	2.47312	0.404348	0.921605	1	3.4625	0.288809	-1.46236
1152	898	Pathway::PC7_6897	Regulation of activated PAK-2p34 by proteasome mediated degradation	48	1	2.47312	0.404348	0.921605	1	3.555	0.281294	-1.50765
1153	433	Pathway::PC7_3869	Factors involved in megakaryocyte development and platelet production	136	4	7.00717	0.570844	0.925532	1	8.8135	0.453849	-1.71499
1154	433	Pathway::PC7_4366	HIV Life Cycle	136	4	7.00717	0.570844	0.925532	1	10.532	0.379795	-2.15202
1155	898	Pathway::PC7_1630	Amino acid and oligopeptide SLC transporters	49	1	2.52464	0.396096	0.925666	1	2.5935	0.385579	-1.03329
1156	898	Pathway::PC7_2265	CDK-mediated phosphorylation and removal of Cdc6	49	1	2.52464	0.396096	0.925666	1	3.648	0.274123	-1.55199
1157	898	Pathway::PC7_6915	Regulation of ornithine decarboxylase (ODC)	49	1	2.52464	0.396096	0.925666	1	3.517	0.284333	-1.47607
1158	666	Pathway::PC7_2952	DNA Replication Pre-Initiation	81	2	4.17339	0.479227	0.926496	1	6.595	0.30326	-1.99388
1159	898	Pathway::PC7_5993	Nucleotide Excision Repair	50	1	2.57616	0.388174	0.929517	1	4.073	0.245519	-1.62466
1160	529	Pathway::PC7_2469	Cap-dependent Translation Initiation	112	3	5.77061	0.519876	0.933221	1	10.038	0.298864	-2.4489
1161	666	Pathway::PC7_6393	Peptide chain elongation	84	2	4.32796	0.462112	0.935465	1	8.071	0.247801	-2.41626
1162	529	Pathway::PC7_7458	Signaling by Hedgehog	113	3	5.82213	0.515275	0.935733	1	7.7065	0.389282	-1.91913
1163	898	Pathway::PC7_11384	degradation of AXIN	53	1	2.73073	0.366202	0.939916	1	3.924	0.254842	-1.62339
1164	898	Pathway::PC7_4016	GABA receptor activation	53	1	2.73073	0.366202	0.939916	1	3.695	0.270636	-1.48468
1165	898	Pathway::PC7_6899	Regulation of cholesterol biosynthesis by SREBP (SREBF)	53	1	2.73073	0.366202	0.939916	1	4.082	0.244978	-1.58957
1166	666	Pathway::PC7_6942	Respiratory electron transport	86	2	4.431	0.451365	0.940858	1	4.4705	0.447377	-1.20489
1167	898	Pathway::PC7_5515	Mitochondrial biogenesis	54	1	2.78226	0.35942	0.94303	1	4.2445	0.235599	-1.72256
1168	666	Pathway::PC7_11610	formation of the beta-catenin:TCF transactivating complex	87	2	4.48253	0.446177	0.943391	1	6.747	0.296428	-2.04411
1169	433	Pathway::PC7_8331	Translation	145	4	7.47088	0.535412	0.945651	1	11.7485	0.340469	-2.44489
1170	666	Pathway::PC7_3772	Eukaryotic Translation Elongation	88	2	4.53405	0.441107	0.945821	1	8.245	0.242571	-2.43901
1171	898	Pathway::PC7_11385	degradation of DVL	55	1	2.83378	0.352885	0.945984	1	4.131	0.242072	-1.69607
1172	529	Pathway::PC7_1750	Asparagine N-linked glycosylation	118	3	6.07975	0.493441	0.947033	1	7.0065	0.428174	-1.61631
1173	898	Pathway::PC7_1552	Activation of the mRNA upon binding of the cap-binding complex and eIFs, and subsequent binding to 43S	56	1	2.8853	0.346584	0.948784	1	4.92	0.203252	-1.85543
1174	898	Pathway::PC7_2681	Constitutive Signaling by NOTCH1 HD+PEST Domain Mutants	56	1	2.8853	0.346584	0.948784	1	4.948	0.202102	-1.8825
1175	666	Pathway::PC7_6108	PCP/CE pathway	90	2	4.6371	0.431304	0.950387	1	7.052	0.283607	-2.10148
1176	898	Pathway::PC7_2278	CDT1 association with the CDC6:ORC:origin complex	57	1	2.93683	0.340503	0.951439	1	4.442	0.225124	-1.82256
1177	898	Pathway::PC7_4467	Hh ligand biogenesis disease	57	1	2.93683	0.340503	0.951439	1	4.0735	0.245489	-1.70145
1178	898	Pathway::PC7_3060	Degradation of GLI1 by the proteasome	58	1	2.98835	0.334633	0.953957	1	4.357	0.229516	-1.81194
1179	666	Pathway::PC7_3280	Diseases associated with visual transduction	94	2	4.84319	0.412951	0.958441	1	5.9185	0.337923	-1.66649
1180	199	Pathway::WP455_r81793	GPCRs, Class A Rhodopsin-like	257	8	13.2415	0.604162	0.95858	1	14.966	0.534545	-1.91647
1181	898	Pathway::PC7_6793	RNA Polymerase I Promoter Opening	60	1	3.0914	0.323478	0.958609	1	4.5795	0.218364	-1.88039
1182	898	Pathway::PC7_1821	Asymmetric localization of PCP proteins	62	1	3.19444	0.313043	0.962792	1	4.75	0.210526	-1.9494
1183	898	Pathway::PC7_2953	DNA methylation	62	1	3.19444	0.313043	0.962792	1	4.671	0.214087	-1.91709
1184	898	Pathway::PC7_4439	Hedgehog ligand biogenesis	62	1	3.19444	0.313043	0.962792	1	4.448	0.22482	-1.8192
1185	898	Pathway::WP183_r81161	Proteasome Degradation	62	1	3.19444	0.313043	0.962792	1	4.6555	0.2148	-1.8246
1186	666	Pathway::PC7_8352	Transport of glucose and other sugars, bile salts and organic acids, metal ions and amine compounds	97	2	4.99776	0.400179	0.963644	1	5.455	0.366636	-1.53382
1187	898	Pathway::PC7_3427	ER-Phagosome pathway	63	1	3.24597	0.308075	0.964723	1	4.776	0.20938	-1.87728
1188	898	Pathway::PC7_1816	Assembly of the pre-replicative complex	66	1	3.40054	0.294071	0.969935	1	5.331	0.187582	-2.08244
1189	898	Pathway::WP2369_r83012	Histone Modifications	66	1	3.40054	0.294071	0.969935	1	3.728	0.26824	-1.48581
1190	271	Pathway::PC7_4365	HIV Infection	216	6	11.129	0.53913	0.969997	1	16.888	0.355282	-2.94008
1191	332	Pathway::PC7_5307	Membrane Trafficking	190	5	9.78943	0.510755	0.970912	1	11.628	0.429997	-2.02874
1192	666	Pathway::PC7_6801	RNA Polymerase II Transcription	104	2	5.35842	0.373244	0.973465	1	8.2295	0.243028	-2.27169
1193	666	Pathway::PC7_4085	GTP hydrolysis and joining of the 60S ribosomal subunit	105	2	5.40995	0.369689	0.97464	1	9.6755	0.206708	-2.73512
1194	898	Pathway::PC7_7488	Signaling events mediated by HDAC Class I	70	1	3.60663	0.277267	0.975709	1	5.075	0.197044	-1.98031
1195	666	Pathway::PC7_6794	RNA Polymerase I Transcription	107	2	5.51299	0.362779	0.976841	1	8.2655	0.24197	-2.36006
1196	898	Pathway::PC7_5273	Meiotic synapsis	75	1	3.86425	0.258783	0.981395	1	5.6075	0.178333	-2.15354
1197	666	Pathway::PC7_5271	Meiosis	115	2	5.92518	0.337543	0.983937	1	8.338	0.239866	-2.46338
1198	231	Pathway::PC7_6540	Post-translational protein modification	268	7	13.8082	0.506944	0.986949	1	14.205	0.492784	-2.0574
1199	666	Pathway::PC7_3682	Epigenetic regulation of gene expression	122	2	6.28584	0.318175	0.988376	1	9.0205	0.221717	-2.55332
1200	898	Pathway::PC7_3774	Eukaryotic Translation Termination	84	1	4.32796	0.231056	0.988493	1	8.1275	0.123039	-2.82153
1201	898	Pathway::PC7_5272	Meiotic recombination	84	1	4.32796	0.231056	0.988493	1	6.212	0.160979	-2.35309
1202	898	Pathway::PC7_8712	Viral mRNA Translation	84	1	4.32796	0.231056	0.988493	1	8.1125	0.123267	-2.81546
1203	332	Pathway::PC7_2570	Chromatin modifying enzymes	216	5	11.129	0.449275	0.988573	1	12.325	0.40568	-2.23708
1204	666	Pathway::PC7_4948	Late Phase of HIV Life Cycle	123	2	6.33737	0.315589	0.988903	1	9.537	0.20971	-2.60819
1205	898	Pathway::PC7_6790	RNA Polymerase I Chain Elongation	86	1	4.431	0.225683	0.989659	1	6.826	0.146499	-2.44632
1206	332	Pathway::PC7_5327	Metabolism of mRNA	219	5	11.2836	0.443121	0.989776	1	17.058	0.293118	-3.18158
1207	898	Pathway::WP477_r67139	Cytoplasmic Ribosomal Proteins	88	1	4.53405	0.220553	0.990707	1	8.4725	0.118029	-2.87739
1208	898	Pathway::PC7_5973	Nonsense Mediated Decay (NMD) independent of the Exon Junction Complex (EJC)	89	1	4.58557	0.218075	0.99119	1	8.5685	0.116707	-2.89425
1209	9	Pathway::PC7_7457	Signaling by GPCR	1001	37	51.5748	0.717404	0.991218	1	57.9195	0.638818	-3.13382
1210	898	Pathway::WP117_r82985	GPCRs, Other	91	1	4.68862	0.213282	0.992084	1	5.145	0.194363	-1.95463
1211	898	Pathway::PC7_3963	Formation of a pool of free 40S subunits	94	1	4.84319	0.206475	0.993257	1	8.8395	0.113129	-2.93762
1212	271	Pathway::PC7_7290	SLC-mediated transmembrane transport	260	6	13.3961	0.447893	0.993457	1	14.0655	0.426576	-2.26616
1213	898	Pathway::PC7_8354	Transport of inorganic cations/anions and amino acids/oligopeptides	95	1	4.89471	0.204302	0.993608	1	4.685	0.213447	-1.77567
1214	666	Pathway::PC7_4728	Influenza Life Cycle	136	2	7.00717	0.285422	0.993962	1	12.363	0.161773	-3.37748
1215	898	Pathway::PC7_6543	Potassium Channels	99	1	5.10081	0.196047	0.994839	1	5.502	0.181752	-2.04636
1216	666	Pathway::PC7_4727	Influenza Infection	141	2	7.26478	0.275301	0.995232	1	12.795	0.156311	-3.425
1217	666	Pathway::PC7_6797	RNA Polymerase I, RNA Polymerase III, and Mitochondrial Transcription	142	2	7.31631	0.273362	0.995453	1	10.689	0.187108	-2.9
1218	898	Pathway::PC7_685	3' -UTR-mediated translational regulation	104	1	5.35842	0.186622	0.996051	1	9.7155	0.102928	-3.09077
1219	898	Pathway::PC7_6791	RNA Polymerase I Promoter Clearance	105	1	5.40995	0.184845	0.996257	1	8.23	0.121507	-2.72857
1220	898	Pathway::PC7_5972	Nonsense Mediated Decay (NMD) enhanced by the Exon Junction Complex (EJC)	106	1	5.46147	0.183101	0.996452	1	9.5505	0.104707	-3.0605
1221	898	Pathway::PC7_7357	SRP-dependent cotranslational protein targeting to membrane	107	1	5.51299	0.18139	0.996637	1	9.3545	0.1069	-3.05617
1222	433	Pathway::PC7_8317	Transcription	231	4	11.9019	0.336081	0.998129	1	17.6205	0.227008	-3.49433
1223	14	Pathway::PC7_4043	GPCR downstream signaling	887	29	45.7012	0.634557	0.998179	1	50.0785	0.579091	-3.33751
1224	332	Pathway::PC7_5324	Metabolism of RNA	266	5	13.7052	0.364825	0.998345	1	20.474	0.244212	-3.79917
1225	898	Pathway::WP411_r79980	mRNA Processing	125	1	6.44041	0.15527	0.998719	1	6.491	0.154059	-2.17905
1226	898	Pathway::PC7_4729	Influenza Viral RNA Transcription and Replication	127	1	6.54346	0.152824	0.998849	1	11.585	0.0863185	-3.5772
1227	898	Pathway::PC7_6057	Organelle biogenesis and maintenance	145	1	7.47088	0.133853	0.999563	1	8.1465	0.122752	-2.6745
1228	529	Pathway::PC7_4116	Generic Transcription Pathway	458	3	23.5977	0.127131	1	1	21.534	0.139315	-4.5904
1229	898	Pathway::PC7_6044	Olfactory Signaling Pathway	352	1	18.1362	0.0551383	1	1	14.6655	0.0681872	-4.03244
1230	33	Pathway::PC7_4112	Gene Expression	1142	18	58.8396	0.305916	1	1	68.692	0.262039	-7.3279
1231	1231	Pathway::PC7_10399	a4b7 Integrin signaling	8	0	0.412186	0	1	1	0.673	0	-0.875377
1232	1231	Pathway::PC7_10442	activated TAK1 mediates p38 MAPK activation	17	0	0.875896	0	1	1	1.468	0	-1.29806
1233	1231	Pathway::PC7_10557	amb2 Integrin signaling	32	0	1.64875	0	1	1	2.529	0	-1.68895
1234	1231	Pathway::PC7_1064	AKT phosphorylates targets in the nucleus	9	0	0.46371	0	1	1	0.736	0	-0.895629
1235	1231	Pathway::PC7_1065	AKT-mediated inactivation of FOXO1A	4	0	0.206093	0	1	1	0.291	0	-0.544788
1236	1231	Pathway::PC7_11020	betaKlotho-mediated ligand binding	3	0	0.15457	0	1	1	0.232	0	-0.509704
1237	1231	Pathway::PC7_1103	ALK1 pathway	3	0	0.15457	0	1	1	0.1705	0	-0.424358
1238	1231	Pathway::PC7_1119	AMPK inhibits chREBP transcriptional activation activity	5	0	0.257616	0	1	1	0.4575	0	-0.72501
1239	1231	Pathway::PC7_11234	cell division	14	0	0.721326	0	1	1	1.1755	0	-1.12867
1240	1231	Pathway::PC7_1135	APOBEC3G mediated resistance to HIV-1 infection	5	0	0.257616	0	1	1	0.425	0	-0.695531
1241	1231	Pathway::PC7_1189	ATF6-alpha activates chaperone genes	10	0	0.515233	0	1	1	0.833	0	-0.961794
1242	1231	Pathway::PC7_1190	ATF6-alpha activates chaperones	12	0	0.61828	0	1	1	0.9415	0	-1.01995
1243	1231	Pathway::PC7_1200	ATM mediated phosphorylation of repair proteins	5	0	0.257616	0	1	1	0.4075	0	-0.671339
1244	1231	Pathway::PC7_12069	mRNA Capping	28	0	1.44265	0	1	1	2.5325	0	-1.66845
1245	1231	Pathway::PC7_12070	mRNA Editing	4	0	0.206093	0	1	1	0.22	0	-0.482846
1246	1231	Pathway::PC7_12073	mRNA Splicing	113	0	5.82213	0	1	1	7.0435	0	-2.69599
1247	1231	Pathway::PC7_12075	mRNA decay by 3' to 5' exoribonuclease	11	0	0.566756	0	1	1	0.9555	0	-1.01539
1248	1231	Pathway::PC7_1210	ATP sensitive Potassium channels	4	0	0.206093	0	1	1	0.2135	0	-0.475128
1249	1231	Pathway::PC7_12149	mitochondrial fatty acid beta-oxidation of saturated fatty acids	8	0	0.412186	0	1	1	0.657	0	-0.854364
1250	1231	Pathway::PC7_12150	mitochondrial fatty acid beta-oxidation of unsaturated fatty acids	6	0	0.30914	0	1	1	0.434	0	-0.685663
1251	1231	Pathway::PC7_12187	negative regulation of TCF-dependent signaling by DVL-interacting proteins	5	0	0.257616	0	1	1	0.4255	0	-0.688939
1252	1231	Pathway::PC7_1224	Abortive elongation of HIV-1 transcript in the absence of Tat	23	0	1.18504	0	1	1	2.138	0	-1.53819
1253	1231	Pathway::PC7_12264	p130Cas linkage to MAPK signaling for integrins	15	0	0.772849	0	1	1	1.347	0	-1.23345
1254	1231	Pathway::PC7_12282	p75NTR negatively regulates cell cycle via SC1	6	0	0.30914	0	1	1	0.4945	0	-0.729918
1255	1231	Pathway::PC7_12283	p75NTR recruits signalling complexes	13	0	0.669803	0	1	1	1.12	0	-1.10058
1256	1231	Pathway::PC7_12284	p75NTR regulates axonogenesis	9	0	0.46371	0	1	1	0.661	0	-0.859763
1257	1231	Pathway::PC7_1230	Acetylation	2	0	0.103047	0	1	1	0.101	0	-0.324628
1258	1231	Pathway::PC7_1231	Acetylcholine Binding And Downstream Events	14	0	0.721326	0	1	1	0.792	0	-0.922719
1259	1231	Pathway::PC7_1232	Acetylcholine Neurotransmitter Release Cycle	17	0	0.875896	0	1	1	1.2215	0	-1.17298
1260	1231	Pathway::PC7_1233	Acetylcholine regulates insulin secretion	10	0	0.515233	0	1	1	0.8805	0	-0.983679
1261	1231	Pathway::PC7_12487	regulation of FZD by ubiquitination	21	0	1.08199	0	1	1	1.501	0	-1.25301
1262	1231	Pathway::PC7_13144	vRNP Assembly	2	0	0.103047	0	1	1	0.1185	0	-0.351804
1263	1231	Pathway::PC7_1518	Activated point mutants of FGFR2	17	0	0.875896	0	1	1	1.28	0	-1.224
1264	1231	Pathway::PC7_1520	Activation of AMPA receptors	4	0	0.206093	0	1	1	0.242	0	-0.501954
1265	1231	Pathway::PC7_1526	Activation of BIM and translocation to mitochondria	3	0	0.15457	0	1	1	0.282	0	-0.559018
1266	1231	Pathway::PC7_1527	Activation of BMF and translocation to mitochondria	3	0	0.15457	0	1	1	0.195	0	-0.462227
1267	1231	Pathway::PC7_1529	Activation of Ca-permeable Kainate Receptor	12	0	0.61828	0	1	1	0.758	0	-0.928517
1268	1231	Pathway::PC7_1530	Activation of CaMK IV	4	0	0.206093	0	1	1	0.3085	0	-0.589007
1269	1231	Pathway::PC7_1532	Activation of G protein gated Potassium channels	25	0	1.28808	0	1	1	1.7705	0	-1.39847
1270	1231	Pathway::PC7_1535	Activation of Kainate Receptors upon glutamate binding	32	0	1.64875	0	1	1	2.366	0	-1.64805
1271	1231	Pathway::PC7_1536	Activation of Matrix Metalloproteinases	32	0	1.64875	0	1	1	2.0325	0	-1.47011
1272	1231	Pathway::PC7_1541	Activation of Na-permeable Kainate Receptors	2	0	0.103047	0	1	1	0.112	0	-0.341667
1273	1231	Pathway::PC7_1543	Activation of PKB	4	0	0.206093	0	1	1	0.3155	0	-0.567608
1274	1231	Pathway::PC7_1544	Activation of PPARGC1A (PGC-1alpha) by phosphorylation	10	0	0.515233	0	1	1	0.9665	0	-1.04563
1275	1231	Pathway::PC7_1548	Activation of TRKA receptors	6	0	0.30914	0	1	1	0.5205	0	-0.773701
1276	1231	Pathway::PC7_1556	Acyl chain remodeling of CL	6	0	0.30914	0	1	1	0.4695	0	-0.712616
1277	1231	Pathway::PC7_1557	Acyl chain remodeling of DAG and TAG	5	0	0.257616	0	1	1	0.325	0	-0.59498
1278	1231	Pathway::PC7_1558	Acyl chain remodelling of PC	25	0	1.28808	0	1	1	1.598	0	-1.32689
1279	1231	Pathway::PC7_1559	Acyl chain remodelling of PE	23	0	1.18504	0	1	1	1.498	0	-1.28264
1280	1231	Pathway::PC7_1560	Acyl chain remodelling of PG	17	0	0.875896	0	1	1	1.114	0	-1.114
1281	1231	Pathway::PC7_1561	Acyl chain remodelling of PI	16	0	0.824373	0	1	1	1.0295	0	-1.06604
1282	1231	Pathway::PC7_1562	Acyl chain remodelling of PS	17	0	0.875896	0	1	1	1.136	0	-1.11798
1283	1231	Pathway::PC7_1576	Adrenaline signalling through Alpha-2 adrenergic receptor	3	0	0.15457	0	1	1	0.286	0	-0.565032
1284	1231	Pathway::PC7_1578	Adrenoceptors	9	0	0.46371	0	1	1	0.842	0	-0.974837
1285	1231	Pathway::PC7_1597	Alpha-oxidation of phytanate	4	0	0.206093	0	1	1	0.1725	0	-0.424996
1286	1231	Pathway::PC7_1598	Alpha-synuclein signaling	31	0	1.59722	0	1	1	2.3385	0	-1.58386
1287	1231	Pathway::PC7_1600	Alpha6 beta4 integrin-ligand interactions	11	0	0.566756	0	1	1	1.015	0	-1.06297
1288	1231	Pathway::PC7_1606	Alternative NF-kappaB pathway	6	0	0.30914	0	1	1	0.492	0	-0.731858
1289	1231	Pathway::PC7_1622	Amine Oxidase reactions	4	0	0.206093	0	1	1	0.2685	0	-0.551057
1290	1231	Pathway::PC7_1623	Amine compound SLC transporters	30	0	1.5457	0	1	1	1.9665	0	-1.46927
1291	1231	Pathway::PC7_1624	Amine ligand-binding receptors	41	0	2.11246	0	1	1	3.1105	0	-1.87492
1292	1231	Pathway::PC7_1632	Amino acid transport across the plasma membrane	31	0	1.59722	0	1	1	1.67	0	-1.37548
1293	1231	Pathway::PC7_1653	Amplification of signal from the kinetochores	2	0	0.103047	0	1	1	0.1825	0	-0.442375
1294	1231	Pathway::PC7_1655	Amyloids	80	0	4.12186	0	1	1	5.9905	0	-2.72059
1295	1231	Pathway::PC7_1667	Antagonism of Activin by Follistatin	4	0	0.206093	0	1	1	0.2505	0	-0.527223
1296	1231	Pathway::PC7_1810	Assembly Of The HIV Virion	12	0	0.61828	0	1	1	0.8645	0	-0.939818
1297	1231	Pathway::PC7_1813	Assembly of the ORC complex at the origin of replication	6	0	0.30914	0	1	1	0.6235	0	-0.836368
1298	1231	Pathway::PC7_1814	Assembly of the RAD50-MRE11-NBS1 complex at DNA double-strand breaks	4	0	0.206093	0	1	1	0.3835	0	-0.652509
1299	1231	Pathway::PC7_1815	Assembly of the RAD51-ssDNA nucleoprotein complex	5	0	0.257616	0	1	1	0.383	0	-0.646179
1300	1231	Pathway::PC7_1817	Association of TriC/CCT with target proteins during biosynthesis	29	0	1.49418	0	1	1	1.4855	0	-1.27064
1301	1231	Pathway::PC7_1818	Association of licensing factors with the pre-replicative complex	15	0	0.772849	0	1	1	1.347	0	-1.22985
1302	1231	Pathway::PC7_1820	Astrocytic Glutamate-Glutamine Uptake And Metabolism	4	0	0.206093	0	1	1	0.234	0	-0.494146
1303	1231	Pathway::PC7_1849	Attachment of GPI anchor to uPAR	7	0	0.360663	0	1	1	0.331	0	-0.585644
1304	1231	Pathway::PC7_1850	Attenuation phase	14	0	0.721326	0	1	1	1.014	0	-1.03448
1305	1231	Pathway::PC7_1857	Aurora C signaling	5	0	0.257616	0	1	1	0.424	0	-0.681373
1306	1231	Pathway::PC7_1860	Autointegration results in viral DNA circles	3	0	0.15457	0	1	1	0.2745	0	-0.551043
1307	1231	Pathway::PC7_1867	Axonal growth inhibition (RHOA activation)	8	0	0.412186	0	1	1	0.5675	0	-0.782894
1308	1231	Pathway::PC7_1868	Axonal growth stimulation	4	0	0.206093	0	1	1	0.339	0	-0.615775
1309	1231	Pathway::PC7_2065	Beta oxidation of butanoyl-CoA to acetyl-CoA	3	0	0.15457	0	1	1	0.2185	0	-0.475948
1310	1231	Pathway::PC7_2066	Beta oxidation of decanoyl-CoA to octanoyl-CoA-CoA	5	0	0.257616	0	1	1	0.4305	0	-0.683101
1311	1231	Pathway::PC7_2067	Beta oxidation of hexanoyl-CoA to butanoyl-CoA	5	0	0.257616	0	1	1	0.405	0	-0.662268
1312	1231	Pathway::PC7_2068	Beta oxidation of lauroyl-CoA to decanoyl-CoA-CoA	5	0	0.257616	0	1	1	0.407	0	-0.672428
1313	1231	Pathway::PC7_2069	Beta oxidation of myristoyl-CoA to lauroyl-CoA	3	0	0.15457	0	1	1	0.25	0	-0.528812
1314	1231	Pathway::PC7_2071	Beta oxidation of palmitoyl-CoA to myristoyl-CoA	3	0	0.15457	0	1	1	0.288	0	-0.56804
1315	1231	Pathway::PC7_2081	Beta5 beta6 beta7 and beta8 integrin cell surface interactions	17	0	0.875896	0	1	1	1.416	0	-1.23672
1316	1231	Pathway::PC7_2089	Bicarbonate transporters	9	0	0.46371	0	1	1	0.39	0	-0.639516
1317	1231	Pathway::PC7_2091	Bile salt and organic anion SLC transporters	12	0	0.61828	0	1	1	0.5655	0	-0.784426
1318	1231	Pathway::PC7_2097	Biogenic amines are oxidatively deaminated to aldehydes by MAOA and MAOB	2	0	0.103047	0	1	1	0.1485	0	-0.408041
1319	1231	Pathway::PC7_2118	Breakdown of the nuclear lamina	3	0	0.15457	0	1	1	0.293	0	-0.570087
1320	1231	Pathway::PC7_2124	Budding and maturation of HIV virion	24	0	1.23656	0	1	1	1.5015	0	-1.24952
1321	1231	Pathway::PC7_2173	C6 deamination of adenosine	2	0	0.103047	0	1	1	0.102	0	-0.329898
1322	1231	Pathway::PC7_2264	CDC6 association with the ORC:origin complex	11	0	0.566756	0	1	1	1.099	0	-1.11403
1323	1231	Pathway::PC7_2324	COPI Mediated Transport	10	0	0.515233	0	1	1	0.481	0	-0.71732
1324	1231	Pathway::PC7_2325	COPII (Coat Protein 2) Mediated Vesicle Transport	9	0	0.46371	0	1	1	0.8355	0	-0.96447
1325	1231	Pathway::PC7_2331	CREB phosphorylation	7	0	0.360663	0	1	1	0.638	0	-0.829232
1326	1231	Pathway::PC7_2334	CREB phosphorylation through the activation of CaMKK	6	0	0.30914	0	1	1	0.435	0	-0.705872
1327	1231	Pathway::PC7_2347	CRMPs in Sema3A signaling	16	0	0.824373	0	1	1	1.014	0	-1.04265
1328	1231	Pathway::PC7_2379	CYP2E1 reactions	11	0	0.566756	0	1	1	0.931	0	-1.00848
1329	1231	Pathway::PC7_2395	CaMK IV-mediated phosphorylation of CREB	5	0	0.257616	0	1	1	0.3835	0	-0.66118
1330	1231	Pathway::PC7_2461	Cam-PDE 1 activation	6	0	0.30914	0	1	1	0.5215	0	-0.768461
1331	1231	Pathway::PC7_2505	Carnitine synthesis	4	0	0.206093	0	1	1	0.2295	0	-0.480814
1332	1231	Pathway::PC7_2517	Cation-coupled Chloride cotransporters	7	0	0.360663	0	1	1	0.2905	0	-0.544052
1333	1231	Pathway::PC7_2536	Ceramide signalling	3	0	0.15457	0	1	1	0.2485	0	-0.530108
1334	1231	Pathway::PC7_2541	Chaperonin-mediated protein folding	49	0	2.52464	0	1	1	2.809	0	-1.77143
1335	1231	Pathway::PC7_2565	Cholesterol biosynthesis	22	0	1.13351	0	1	1	1.256	0	-1.15699
1336	1231	Pathway::PC7_2576	Chylomicron-mediated lipid transport	17	0	0.875896	0	1	1	1.45	0	-1.25005
1337	1231	Pathway::PC7_2627	Class II GLUTs	4	0	0.206093	0	1	1	0.223	0	-0.477317
1338	1231	Pathway::PC7_2628	Classical Kir channels	4	0	0.206093	0	1	1	0.2155	0	-0.473587
1339	1231	Pathway::PC7_2631	Clearance of Nuclear Envelope Membranes from Chromatin	7	0	0.360663	0	1	1	0.475	0	-0.717415
1340	1231	Pathway::PC7_2632	Clearance of dopamine	3	0	0.15457	0	1	1	0.286	0	-0.562839
1341	1231	Pathway::PC7_2633	Clearance of seratonin	2	0	0.103047	0	1	1	0.169	0	-0.437174
1342	1231	Pathway::PC7_2634	Cleavage of Growing Transcript in the Termination Region	42	0	2.16398	0	1	1	3.087	0	-1.80795
1343	1231	Pathway::PC7_2636	Cleavage of the damaged pyrimidine	5	0	0.257616	0	1	1	0.3015	0	-0.572241
1344	1231	Pathway::PC7_2647	Clostridium neurotoxicity	10	0	0.515233	0	1	1	0.666	0	-0.848257
1345	1231	Pathway::PC7_2651	Cobalamin (Cbl, vitamin B12) transport and metabolism	20	0	1.03047	0	1	1	1.103	0	-1.10278
1346	1231	Pathway::PC7_2659	Coenzyme A biosynthesis	8	0	0.412186	0	1	1	0.3235	0	-0.582106
1347	1231	Pathway::PC7_2661	Cohesin Loading onto Chromatin	10	0	0.515233	0	1	1	0.865	0	-0.961839
1348	1231	Pathway::PC7_2671	Common Pathway	18	0	0.927419	0	1	1	1.253	0	-1.18504
1349	1231	Pathway::PC7_2680	Constitutive Signaling by NOTCH1 HD Domain Mutants	14	0	0.721326	0	1	1	1.186	0	-1.15775
1350	1231	Pathway::PC7_2683	Constitutive Signaling by NOTCH1 t(7;9)(NOTCH1:M1580_K2555) Translocation Mutant	7	0	0.360663	0	1	1	0.7235	0	-0.915861
1351	1231	Pathway::PC7_2685	Cooperation of Prefoldin and TriC/CCT in actin and tubulin folding	28	0	1.44265	0	1	1	1.7535	0	-1.40269
1352	1231	Pathway::PC7_2911	Cytosolic sulfonation of small molecules	16	0	0.824373	0	1	1	0.9635	0	-1.04373
1353	1231	Pathway::PC7_2927	DARPP-32 events	26	0	1.33961	0	1	1	1.9885	0	-1.51298
1354	1231	Pathway::PC7_2946	DNA Damage Bypass	3	0	0.15457	0	1	1	0.117	0	-0.352271
1355	1231	Pathway::PC7_2947	DNA Damage Recognition in GG-NER	2	0	0.103047	0	1	1	0.077	0	-0.281031
1356	1231	Pathway::PC7_2948	DNA Damage Reversal	3	0	0.15457	0	1	1	0.139	0	-0.380175
1357	1231	Pathway::PC7_2955	DNA replication initiation	6	0	0.30914	0	1	1	0.604	0	-0.822562
1358	1231	Pathway::PC7_2956	DNA strand elongation	32	0	1.64875	0	1	1	2.9555	0	-1.84953
1359	1231	Pathway::PC7_2957	DNA-PK pathway in nonhomologous end joining	13	0	0.669803	0	1	1	0.6905	0	-0.861304
1360	1231	Pathway::PC7_3166	Digestion of dietary carbohydrate	9	0	0.46371	0	1	1	0.356	0	-0.6121
1361	1231	Pathway::PC7_3282	Disinhibition of SNARE formation	5	0	0.257616	0	1	1	0.3175	0	-0.583879
1362	1231	Pathway::PC7_3315	Dopamine Neurotransmitter Release Cycle	18	0	0.927419	0	1	1	1.285	0	-1.20734
1363	1231	Pathway::PC7_3318	Dopamine receptors	5	0	0.257616	0	1	1	0.401	0	-0.665384
1364	1231	Pathway::PC7_3321	Downregulation of ERBB4 signaling	8	0	0.412186	0	1	1	0.6835	0	-0.854824
1365	1231	Pathway::PC7_3322	Downregulation of SMAD2/3:SMAD4 transcriptional activity	23	0	1.18504	0	1	1	1.8895	0	-1.44778
1366	1231	Pathway::PC7_3349	Dual incision reaction in TC-NER	28	0	1.44265	0	1	1	2.307	0	-1.59208
1367	1231	Pathway::PC7_3385	EGFR downregulation	26	0	1.33961	0	1	1	2.0575	0	-1.50452
1368	1231	Pathway::PC7_3416	EPH-ephrin mediated repulsion of cells	48	0	2.47312	0	1	1	3.74	0	-2.05309
1369	1231	Pathway::PC7_3417	EPHA forward signaling	33	0	1.70027	0	1	1	2.4115	0	-1.6177
1370	1231	Pathway::PC7_3425	ER Quality Control Compartment (ERQC)	6	0	0.30914	0	1	1	0.3345	0	-0.591679
1371	1231	Pathway::PC7_3632	Effects of Botulinum toxin	9	0	0.46371	0	1	1	0.732	0	-0.918468
1372	1231	Pathway::PC7_3646	Eicosanoid ligand-binding receptors	15	0	0.772849	0	1	1	1.0535	0	-1.04587
1373	1231	Pathway::PC7_3650	Electric Transmission Across Gap Junctions	5	0	0.257616	0	1	1	0.246	0	-0.518057
1374	1231	Pathway::PC7_3651	Electron transport from NADPH to Ferredoxin	3	0	0.15457	0	1	1	0.2015	0	-0.462397
1375	1231	Pathway::PC7_3666	Endosomal Sorting Complex Required For Transport (ESCRT)	27	0	1.39113	0	1	1	1.5835	0	-1.29334
1376	1231	Pathway::PC7_3674	Enzymatic degradation of Dopamine by monoamine oxidase	2	0	0.103047	0	1	1	0.188	0	-0.456429
1377	1231	Pathway::PC7_3677	Ephrin A reverse signaling	3	0	0.15457	0	1	1	0.184	0	-0.444772
1378	1231	Pathway::PC7_3680	EphrinA-EPHA pathway	8	0	0.412186	0	1	1	0.4465	0	-0.676874
1379	1231	Pathway::PC7_3681	EphrinB-EPHB pathway	6	0	0.30914	0	1	1	0.426	0	-0.68344
1380	1231	Pathway::PC7_3703	Establishment of Sister Chromatid Cohesion	11	0	0.566756	0	1	1	0.9105	0	-0.985555
1381	1231	Pathway::PC7_3752	Estrogen biosynthesis	2	0	0.103047	0	1	1	0.1595	0	-0.415924
1382	1231	Pathway::PC7_3775	Export of Viral Ribonucleoproteins from Nucleus	31	0	1.59722	0	1	1	2.4705	0	-1.70354
1383	1231	Pathway::PC7_3776	Extension of Telomeres	29	0	1.49418	0	1	1	2.5935	0	-1.69787
1384	1231	Pathway::PC7_3778	Extrinsic Pathway	5	0	0.257616	0	1	1	0.392	0	-0.666097
1385	1231	Pathway::PC7_3808	FCGR activation	12	0	0.61828	0	1	1	0.962	0	-1.01655
1386	1231	Pathway::PC7_3818	FGFR ligand binding and activation	23	0	1.18504	0	1	1	1.7465	0	-1.42828
1387	1231	Pathway::PC7_3819	FGFR1 ligand binding and activation	14	0	0.721326	0	1	1	1.0835	0	-1.10959
1388	1231	Pathway::PC7_3820	FGFR1b ligand binding and activation	5	0	0.257616	0	1	1	0.3785	0	-0.644179
1389	1231	Pathway::PC7_3821	FGFR1c and Klotho ligand binding and activation	3	0	0.15457	0	1	1	0.2315	0	-0.499373
1390	1231	Pathway::PC7_3822	FGFR1c ligand binding and activation	11	0	0.566756	0	1	1	0.8545	0	-0.987792
1391	1231	Pathway::PC7_3824	FGFR2b ligand binding and activation	6	0	0.30914	0	1	1	0.4405	0	-0.700478
1392	1231	Pathway::PC7_3825	FGFR2c ligand binding and activation	13	0	0.669803	0	1	1	0.977	0	-1.05508
1393	1231	Pathway::PC7_3826	FGFR3 ligand binding and activation	12	0	0.61828	0	1	1	0.902	0	-1.00508
1394	1231	Pathway::PC7_3827	FGFR3b ligand binding and activation	7	0	0.360663	0	1	1	0.517	0	-0.74259
1395	1231	Pathway::PC7_3829	FGFR4 ligand binding and activation	13	0	0.669803	0	1	1	0.984	0	-1.05877
1396	1231	Pathway::PC7_3845	FMO oxidises nucleophiles	3	0	0.15457	0	1	1	0.1525	0	-0.408679
1397	1231	Pathway::PC7_3849	FOXA transcription factor networks	3	0	0.15457	0	1	1	0.164	0	-0.426148
1398	1231	Pathway::PC7_3868	Facilitative Na+-independent glucose transporters	11	0	0.566756	0	1	1	0.663	0	-0.824617
1399	1231	Pathway::PC7_3876	FasL/ CD95L signaling	5	0	0.257616	0	1	1	0.471	0	-0.736334
1400	1231	Pathway::PC7_3877	Fatty Acids bound to GPR40 (FFAR1) regulate insulin secretion	8	0	0.412186	0	1	1	0.7845	0	-0.938959
1401	1231	Pathway::PC7_3901	Fertilization	25	0	1.28808	0	1	1	0.9805	0	-1.02665
1402	1231	Pathway::PC7_3902	Fibronectin matrix formation	6	0	0.30914	0	1	1	0.3755	0	-0.650223
1403	1231	Pathway::PC7_3903	Ficolins bind to repetitive carbohydrate structures on the target cell surface	5	0	0.257616	0	1	1	0.275	0	-0.543119
1404	1231	Pathway::PC7_3953	Folding of actin by CCT/TriC	9	0	0.46371	0	1	1	0.532	0	-0.771115
1405	1231	Pathway::PC7_3958	Formation of Fibrin Clot (Clotting Cascade)	35	0	1.80332	0	1	1	2.3455	0	-1.63058
1406	1231	Pathway::PC7_3964	Formation of annular gap junctions	9	0	0.46371	0	1	1	0.7855	0	-0.931241
1407	1231	Pathway::PC7_3968	Formation of the Early Elongation Complex	32	0	1.64875	0	1	1	2.9795	0	-1.82067
1408	1231	Pathway::PC7_3969	Formation of the Editosome	2	0	0.103047	0	1	1	0.118	0	-0.350911
1409	1231	Pathway::PC7_3971	Formation of the active cofactor, UDP-glucuronate	3	0	0.15457	0	1	1	0.1825	0	-0.436017
1410	1231	Pathway::PC7_3972	Formation of the ternary complex, and subsequently, the 43S complex	48	0	2.47312	0	1	1	4.2955	0	-2.21254
1411	1231	Pathway::PC7_3974	Formation of tubulin folding intermediates by CCT/TriC	21	0	1.08199	0	1	1	1.4105	0	-1.2352
1412	1231	Pathway::PC7_3981	Free fatty acid receptors	4	0	0.206093	0	1	1	0.2735	0	-0.54843
1413	1231	Pathway::PC7_3997	G beta:gamma signalling through PLC beta	20	0	1.03047	0	1	1	1.608	0	-1.34782
1414	1231	Pathway::PC7_4013	GABA A (rho) receptor activation	2	0	0.103047	0	1	1	0.118	0	-0.355661
1415	1231	Pathway::PC7_4014	GABA A receptor activation	13	0	0.669803	0	1	1	0.8575	0	-0.972679
1416	1231	Pathway::PC7_4018	GABA synthesis	2	0	0.103047	0	1	1	0.101	0	-0.321325
1417	1231	Pathway::PC7_4063	GRB2:SOS provides linkage to MAPK signaling for Integrins	15	0	0.772849	0	1	1	1.317	0	-1.21678
1418	1231	Pathway::PC7_4093	Galactose catabolism	5	0	0.257616	0	1	1	0.2235	0	-0.487082
1419	1231	Pathway::PC7_4099	Gamma-carboxylation of protein precursors	9	0	0.46371	0	1	1	0.7425	0	-0.909696
1420	1231	Pathway::PC7_4100	Gamma-carboxylation, transport, and amino-terminal cleavage of proteins	11	0	0.566756	0	1	1	0.8755	0	-1.00033
1421	1231	Pathway::PC7_4102	Gap junction degradation	10	0	0.515233	0	1	1	0.849	0	-0.9674
1422	1231	Pathway::PC7_4105	Gap-filling DNA repair synthesis and ligation in GG-NER	17	0	0.875896	0	1	1	1.601	0	-1.33011
1423	1231	Pathway::PC7_4159	Glucagon-type ligand receptors	30	0	1.5457	0	1	1	2.23	0	-1.57958
1424	1231	Pathway::PC7_4214	Glucuronidation	19	0	0.978943	0	1	1	1.154	0	-1.12657
1425	1231	Pathway::PC7_4216	Glutamate Neurotransmitter Release Cycle	21	0	1.08199	0	1	1	1.4545	0	-1.26315
1426	1231	Pathway::PC7_4258	Glutathione synthesis and recycling	11	0	0.566756	0	1	1	0.6855	0	-0.844055
1427	1231	Pathway::PC7_4265	Glycogen breakdown (glycogenolysis)	16	0	0.824373	0	1	1	0.9345	0	-1.01828
1428	1231	Pathway::PC7_4267	Glycogen synthesis	15	0	0.772849	0	1	1	0.8995	0	-0.978875
1429	1231	Pathway::PC7_4271	Glycoprotein hormones	13	0	0.669803	0	1	1	0.7865	0	-0.913721
1430	1231	Pathway::PC7_4285	Glypican 2 network	2	0	0.103047	0	1	1	0.1465	0	-0.400151
1431	1231	Pathway::PC7_4308	HATs acetylate histones	138	0	7.11022	0	1	1	8.119	0	-3.11033
1432	1231	Pathway::PC7_4318	HCN channels	4	0	0.206093	0	1	1	0.217	0	-0.480551
1433	1231	Pathway::PC7_4334	HDACs deacetylate histones	93	0	4.79167	0	1	1	6.567	0	-2.83215
1434	1231	Pathway::PC7_4368	HIV Transcription Initiation	43	0	2.2155	0	1	1	3.5365	0	-1.9169
1435	1231	Pathway::PC7_4416	HSF1 activation	12	0	0.61828	0	1	1	0.856	0	-0.977878
1436	1231	Pathway::PC7_4444	Heme degradation	6	0	0.30914	0	1	1	0.377	0	-0.63555
1437	1231	Pathway::PC7_4468	Highly calcium permeable nicotinic acetylcholine receptors	9	0	0.46371	0	1	1	0.5355	0	-0.76287
1438	1231	Pathway::PC7_4469	Highly calcium permeable postsynaptic nicotinic acetylcholine receptors	11	0	0.566756	0	1	1	0.64	0	-0.830819
1439	1231	Pathway::PC7_4470	Highly sodium permeable acetylcholine nicotinic receptors	7	0	0.360663	0	1	1	0.4145	0	-0.670041
1440	1231	Pathway::PC7_4480	Histamine receptors	4	0	0.206093	0	1	1	0.2495	0	-0.529237
1441	1231	Pathway::PC7_4490	Hormone ligand-binding receptors	10	0	0.515233	0	1	1	0.7335	0	-0.891154
1442	1231	Pathway::PC7_4493	Host Interactions with Influenza Factors	5	0	0.257616	0	1	1	0.432	0	-0.698616
1443	1231	Pathway::PC7_4494	HuR stabilizes mRNA	8	0	0.412186	0	1	1	0.565	0	-0.784439
1444	1231	Pathway::PC7_4530	Hydrolysis of LPC	8	0	0.412186	0	1	1	0.537	0	-0.7762
1445	1231	Pathway::PC7_4531	Hydrolysis of LPE	2	0	0.103047	0	1	1	0.1115	0	-0.347307
1446	1231	Pathway::PC7_4532	Hydroxycarboxylic acid-binding receptors	3	0	0.15457	0	1	1	0.1665	0	-0.416539
1447	1231	Pathway::PC7_4541	Hypusinylation	4	0	0.206093	0	1	1	0.181	0	-0.436127
1448	1231	Pathway::PC7_4653	IRAK1 recruits IKK complex	10	0	0.515233	0	1	1	0.903	0	-1.00733
1449	1231	Pathway::PC7_4655	IRAK2 mediated activation of TAK1 complex	10	0	0.515233	0	1	1	0.7885	0	-0.929406
1450	1231	Pathway::PC7_4658	IRF3 mediated activation of type 1 IFN	6	0	0.30914	0	1	1	0.4665	0	-0.713168
1451	1231	Pathway::PC7_4661	IRS activation	6	0	0.30914	0	1	1	0.5435	0	-0.765487
1452	1231	Pathway::PC7_4692	Inactivation of Cdc42 and Rac	9	0	0.46371	0	1	1	0.5985	0	-0.813478
1453	1231	Pathway::PC7_4730	Influenza Virus Induced Apoptosis	2	0	0.103047	0	1	1	0.184	0	-0.444772
1454	1231	Pathway::PC7_4731	Inhibition of HSL	2	0	0.103047	0	1	1	0.1755	0	-0.446203
1455	1231	Pathway::PC7_4732	Inhibition of Host mRNA Processing and RNA Silencing	2	0	0.103047	0	1	1	0.156	0	-0.413016
1456	1231	Pathway::PC7_4736	Inhibition of replication initiation of damaged DNA by RB1/E2F1	12	0	0.61828	0	1	1	1.0375	0	-1.09478
1457	1231	Pathway::PC7_4746	Insulin effects increased synthesis of Xylulose-5-Phosphate	2	0	0.103047	0	1	1	0.1085	0	-0.336885
1458	1231	Pathway::PC7_4750	Insulin-like Growth Factor-2 mRNA Binding Proteins (IGF2BPs/IMPs/VICKZs) bind RNA	3	0	0.15457	0	1	1	0.1215	0	-0.348228
1459	1231	Pathway::PC7_4751	Insulin-mediated glucose transport	29	0	1.49418	0	1	1	2.2605	0	-1.60987
1460	1231	Pathway::PC7_4755	Integration of provirus	9	0	0.46371	0	1	1	0.7985	0	-0.961352
1461	1231	Pathway::PC7_4759	Integrin family cell surface interactions	26	0	1.33961	0	1	1	2.18	0	-1.56733
1462	1231	Pathway::PC7_4764	Interaction With The Zona Pellucida	10	0	0.515233	0	1	1	0.4575	0	-0.697524
1463	1231	Pathway::PC7_4766	Interactions of Rev with host cellular proteins	34	0	1.75179	0	1	1	2.643	0	-1.75131
1464	1231	Pathway::PC7_4767	Interactions of Tat with host cellular proteins	2	0	0.103047	0	1	1	0.204	0	-0.473799
1465	1231	Pathway::PC7_4768	Interactions of Vpr with host cellular proteins	34	0	1.75179	0	1	1	2.7395	0	-1.81482
1466	1231	Pathway::PC7_4770	Interconversion of polyamines	3	0	0.15457	0	1	1	0.178	0	-0.443181
1467	1231	Pathway::PC7_4778	Interleukin-1 signaling	40	0	2.06093	0	1	1	3.397	0	-1.98104
1468	1231	Pathway::PC7_4781	Interleukin-6 signaling	11	0	0.566756	0	1	1	0.9055	0	-1.00144
1469	1231	Pathway::PC7_4782	Interleukin-7 signaling	11	0	0.566756	0	1	1	0.879	0	-0.983761
1470	1231	Pathway::PC7_4784	Intrinsic Pathway	21	0	1.08199	0	1	1	1.3735	0	-1.21402
1471	1231	Pathway::PC7_4786	Inwardly rectifying K+ channels	31	0	1.59722	0	1	1	2.0685	0	-1.52666
1472	1231	Pathway::PC7_4819	JNK (c-Jun kinases) phosphorylation and activation mediated by activated human TAK1	16	0	0.824373	0	1	1	1.364	0	-1.23872
1473	1231	Pathway::PC7_4875	Keratan sulfate degradation	12	0	0.61828	0	1	1	0.845	0	-0.945345
1474	1231	Pathway::PC7_4887	Kinesins	26	0	1.33961	0	1	1	1.795	0	-1.37389
1475	1231	Pathway::PC7_4888	Klotho-mediated ligand binding	6	0	0.30914	0	1	1	0.4635	0	-0.714628
1476	1231	Pathway::PC7_4921	LDL endocytosis	6	0	0.30914	0	1	1	0.44	0	-0.694487
1477	1231	Pathway::PC7_4946	Lagging Strand Synthesis	21	0	1.08199	0	1	1	2.0005	0	-1.51679
1478	1231	Pathway::PC7_4947	Laminin interactions	23	0	1.18504	0	1	1	1.943	0	-1.49384
1479	1231	Pathway::PC7_4951	Leading Strand Synthesis	14	0	0.721326	0	1	1	1.38	0	-1.25475
1480	1231	Pathway::PC7_4952	Lectin pathway of complement activation	6	0	0.30914	0	1	1	0.3235	0	-0.584
1481	1231	Pathway::PC7_4961	Leukotriene receptors	5	0	0.257616	0	1	1	0.348	0	-0.616247
1482	1231	Pathway::PC7_4965	Ligand-gated ion channel transport	24	0	1.23656	0	1	1	1.4615	0	-1.28305
1483	1231	Pathway::PC7_4968	Linoleic acid (LA) metabolism	6	0	0.30914	0	1	1	0.374	0	-0.640347
1484	1231	Pathway::PC7_4994	Lissencephaly gene (LIS1) in neuronal migration and development	31	0	1.59722	0	1	1	2.003	0	-1.47663
1485	1231	Pathway::PC7_5016	Localization of the PINCH-ILK-PARVIN complex to focal adhesions	4	0	0.206093	0	1	1	0.2885	0	-0.54988
1486	1231	Pathway::PC7_5024	Loss of Function of FBXW7 in Cancer and NOTCH1 Signaling	5	0	0.257616	0	1	1	0.4655	0	-0.715046
1487	1231	Pathway::PC7_5048	Lysosphingolipid and LPA receptors	9	0	0.46371	0	1	1	0.633	0	-0.816308
1488	1231	Pathway::PC7_5188	MMR	16	0	0.824373	0	1	1	1.231	0	-1.16337
1489	1231	Pathway::PC7_5308	Membrane binding and targetting of GAG proteins	10	0	0.515233	0	1	1	0.6715	0	-0.824944
1490	1231	Pathway::PC7_5325	Metabolism of folate and pterines	9	0	0.46371	0	1	1	0.5105	0	-0.750338
1491	1231	Pathway::PC7_5360	Methionine salvage pathway	6	0	0.30914	0	1	1	0.2985	0	-0.558752
1492	1231	Pathway::PC7_5373	Methylation	10	0	0.515233	0	1	1	0.705	0	-0.86847
1493	1231	Pathway::PC7_5444	MicroRNA (miRNA) biogenesis	23	0	1.18504	0	1	1	1.764	0	-1.39618
1494	1231	Pathway::PC7_5504	Mineralocorticoid biosynthesis	6	0	0.30914	0	1	1	0.466	0	-0.709947
1495	1231	Pathway::PC7_5509	Mismatch repair (MMR) directed by MSH2:MSH3 (MutSbeta)	15	0	0.772849	0	1	1	1.17	0	-1.13103
1496	1231	Pathway::PC7_5510	Mismatch repair (MMR) directed by MSH2:MSH6 (MutSalpha)	15	0	0.772849	0	1	1	1.1755	0	-1.14353
1497	1231	Pathway::PC7_5513	Mitochondrial Fatty Acid Beta-Oxidation	15	0	0.772849	0	1	1	1.0195	0	-1.06748
1498	1231	Pathway::PC7_5514	Mitochondrial Uncoupling Proteins	3	0	0.15457	0	1	1	0.169	0	-0.425922
1499	1231	Pathway::PC7_5516	Mitochondrial iron-sulfur cluster biogenesis	9	0	0.46371	0	1	1	0.4015	0	-0.641029
1500	1231	Pathway::PC7_5518	Mitochondrial tRNA aminoacylation	21	0	1.08199	0	1	1	1.0895	0	-1.08383
1501	1231	Pathway::PC7_5519	Mitochondrial transcription initiation	3	0	0.15457	0	1	1	0.1835	0	-0.438865
1502	1231	Pathway::PC7_5521	Mitochondrial translation	91	0	4.68862	0	1	1	3.902	0	-2.01327
1503	1231	Pathway::PC7_5522	Mitochondrial translation elongation	84	0	4.32796	0	1	1	3.5145	0	-1.91681
1504	1231	Pathway::PC7_5523	Mitochondrial translation initiation	84	0	4.32796	0	1	1	3.499	0	-1.93318
1505	1231	Pathway::PC7_5524	Mitochondrial translation termination	85	0	4.37948	0	1	1	3.5745	0	-1.926
1506	1231	Pathway::PC7_5532	Mitotic Metaphase/Anaphase Transition	2	0	0.103047	0	1	1	0.187	0	-0.46172
1507	1231	Pathway::PC7_5538	Molybdenum cofactor biosynthesis	6	0	0.30914	0	1	1	0.2315	0	-0.488145
1508	1231	Pathway::PC7_5546	Multifunctional anion exchangers	7	0	0.360663	0	1	1	0.328	0	-0.59351
1509	1231	Pathway::PC7_5550	Muscarinic acetylcholine receptors	5	0	0.257616	0	1	1	0.4255	0	-0.686246
1510	1231	Pathway::PC7_5665	N-Glycan antennae elongation	15	0	0.772849	0	1	1	1.0985	0	-1.09916
1511	1231	Pathway::PC7_5678	N-glycan antennae elongation in the medial/trans-Golgi	20	0	1.03047	0	1	1	1.355	0	-1.20333
1512	1231	Pathway::PC7_5679	N-glycan trimming and elongation in the cis-Golgi	5	0	0.257616	0	1	1	0.258	0	-0.523988
1513	1231	Pathway::PC7_5707	NEP/NS2 Interacts with the Cellular Export Machinery	29	0	1.49418	0	1	1	2.2685	0	-1.64817
1514	1231	Pathway::PC7_5749	NFG and proNGF binds to p75NTR	2	0	0.103047	0	1	1	0.183	0	-0.445797
1515	1231	Pathway::PC7_5769	NGF processing	4	0	0.206093	0	1	1	0.2785	0	-0.550501
1516	1231	Pathway::PC7_5773	NGF-independant TRKA activation	5	0	0.257616	0	1	1	0.427	0	-0.692075
1517	1231	Pathway::PC7_5776	NICD traffics to nucleus	13	0	0.669803	0	1	1	1.242	0	-1.17651
1518	1231	Pathway::PC7_5781	NOSIP mediated eNOS trafficking	2	0	0.103047	0	1	1	0.1685	0	-0.426469
1519	1231	Pathway::PC7_5789	NOTCH2 intracellular domain regulates transcription	12	0	0.61828	0	1	1	1.0565	0	-1.08434
1520	1231	Pathway::PC7_5835	NRIF signals cell death from the nucleus	15	0	0.772849	0	1	1	1.3555	0	-1.21428
1521	1231	Pathway::PC7_5837	NS1 Mediated Effects on Host Pathways	3	0	0.15457	0	1	1	0.248	0	-0.529344
1522	1231	Pathway::PC7_5848	Na+/Cl- dependent neurotransmitter transporters	19	0	0.978943	0	1	1	1.3315	0	-1.18969
1523	1231	Pathway::PC7_5870	Nef Mediated CD8 Down-regulation	7	0	0.360663	0	1	1	0.678	0	-0.877259
1524	1231	Pathway::PC7_5871	Nef and signal transduction	8	0	0.412186	0	1	1	0.658	0	-0.828321
1525	1231	Pathway::PC7_5872	Nef mediated downregulation of CD28 cell surface expression	2	0	0.103047	0	1	1	0.151	0	-0.401847
1526	1231	Pathway::PC7_5875	Negative epigenetic regulation of rRNA expression	105	0	5.40995	0	1	1	8.065	0	-3.08559
1527	1231	Pathway::PC7_5966	NoRC negatively regulates rRNA expression	102	0	5.25538	0	1	1	7.868	0	-3.04477
1528	1231	Pathway::PC7_5967	Non-coding RNA Metabolism	50	0	2.57616	0	1	1	3.695	0	-2.05532
1529	1231	Pathway::PC7_5968	Non-integrin membrane-ECM interactions	42	0	2.16398	0	1	1	3.352	0	-1.94828
1530	1231	Pathway::PC7_5971	Nonhomologous End-joining (NHEJ)	6	0	0.30914	0	1	1	0.467	0	-0.722395
1531	1231	Pathway::PC7_5975	Norepinephrine Neurotransmitter Release Cycle	18	0	0.927419	0	1	1	1.4075	0	-1.23188
1532	1231	Pathway::PC7_5984	NrCAM interactions	7	0	0.360663	0	1	1	0.4675	0	-0.732849
1533	1231	Pathway::PC7_5989	Nuclear Receptor transcription pathway	51	0	2.62769	0	1	1	3.2775	0	-1.89813
1534	1231	Pathway::PC7_5990	Nuclear import of Rev protein	31	0	1.59722	0	1	1	2.417	0	-1.68437
1535	1231	Pathway::PC7_5999	O-glycosylation of TSR domain-containing proteins	38	0	1.95789	0	1	1	1.783	0	-1.36194
1536	1231	Pathway::PC7_6053	Opsins	9	0	0.46371	0	1	1	0.58	0	-0.799259
1537	1231	Pathway::PC7_6055	Orexin and neuropeptides FF and QRFP bind to their respective receptors	7	0	0.360663	0	1	1	0.438	0	-0.664739
1538	1231	Pathway::PC7_6058	Organic anion transport	5	0	0.257616	0	1	1	0.2075	0	-0.454489
1539	1231	Pathway::PC7_6060	Organic cation transport	8	0	0.412186	0	1	1	0.445	0	-0.672412
1540	1231	Pathway::PC7_6061	Organic cation/anion/zwitterion transport	13	0	0.669803	0	1	1	0.6525	0	-0.805774
1541	1231	Pathway::PC7_6067	Other semaphorin interactions	19	0	0.978943	0	1	1	1.044	0	-1.0589
1542	1231	Pathway::PC7_6094	P2Y receptors	12	0	0.61828	0	1	1	0.863	0	-0.947705
1543	1231	Pathway::PC7_6097	PAOs oxidise polyamines to amines	2	0	0.103047	0	1	1	0.12	0	-0.362473
1544	1231	Pathway::PC7_6099	PAR4-mediated thrombin signaling events	15	0	0.772849	0	1	1	1.337	0	-1.22438
1545	1231	Pathway::PC7_610	2-LTR circle formation	7	0	0.360663	0	1	1	0.5995	0	-0.82889
1546	1231	Pathway::PC7_6135	PDGF receptor signaling network	6	0	0.30914	0	1	1	0.401	0	-0.659063
1547	1231	Pathway::PC7_6142	PECAM1 interactions	12	0	0.61828	0	1	1	0.9585	0	-1.03492
1548	1231	Pathway::PC7_6174	PKA-mediated phosphorylation of key metabolic factors	5	0	0.257616	0	1	1	0.362	0	-0.625482
1549	1231	Pathway::PC7_6190	PLK2 and PLK4 events	2	0	0.103047	0	1	1	0.1125	0	-0.340997
1550	1231	Pathway::PC7_6200	POU5F1 (OCT4), SOX2, NANOG activate genes related to proliferation	10	0	0.515233	0	1	1	0.6125	0	-0.8061
1551	1231	Pathway::PC7_6201	POU5F1 (OCT4), SOX2, NANOG repress genes related to differentiation	3	0	0.15457	0	1	1	0.198	0	-0.450937
1552	1231	Pathway::PC7_6202	PP2A-mediated dephosphorylation of key metabolic factors	7	0	0.360663	0	1	1	0.5205	0	-0.768623
1553	1231	Pathway::PC7_6233	PRC2 methylates histones and DNA	70	0	3.60663	0	1	1	5.2905	0	-2.60989
1554	1231	Pathway::PC7_6269	PRPP biosynthesis	3	0	0.15457	0	1	1	0.119	0	-0.357438
1555	1231	Pathway::PC7_6315	Packaging Of Telomere Ends	49	0	2.52464	0	1	1	3.7605	0	-2.1518
1556	1231	Pathway::PC7_6455	Phosphate bond hydrolysis by NUDT proteins	6	0	0.30914	0	1	1	0.3235	0	-0.595766
1557	1231	Pathway::PC7_6508	Plasmalogen biosynthesis	4	0	0.206093	0	1	1	0.1935	0	-0.448598
1558	1231	Pathway::PC7_6510	Platelet Adhesion to exposed collagen	12	0	0.61828	0	1	1	0.8985	0	-0.987304
1559	1231	Pathway::PC7_6516	Platelet sensitization by LDL	17	0	0.875896	0	1	1	1.4575	0	-1.29119
1560	1231	Pathway::PC7_6520	Polo-like kinase signaling events in the cell cycle	4	0	0.206093	0	1	1	0.2425	0	-0.517372
1561	1231	Pathway::PC7_6534	Post-Elongation Processing of Intron-Containing pre-mRNA	33	0	1.70027	0	1	1	2.3805	0	-1.59707
1562	1231	Pathway::PC7_6535	Post-Elongation Processing of Intronless pre-mRNA	23	0	1.18504	0	1	1	1.8245	0	-1.39129
1563	1231	Pathway::PC7_6537	Post-chaperonin tubulin folding pathway	19	0	0.978943	0	1	1	1.2835	0	-1.16676
1564	1231	Pathway::PC7_6538	Post-transcriptional silencing by small RNAs	7	0	0.360663	0	1	1	0.6105	0	-0.828648
1565	1231	Pathway::PC7_6539	Post-translational modification: synthesis of GPI-anchored proteins	25	0	1.28808	0	1	1	1.1325	0	-1.0711
1566	1231	Pathway::PC7_6555	Potassium transport channels	3	0	0.15457	0	1	1	0.174	0	-0.440932
1567	1231	Pathway::PC7_6562	Pre-NOTCH Processing in Golgi	18	0	0.927419	0	1	1	1.3755	0	-1.23399
1568	1231	Pathway::PC7_6563	Pre-NOTCH Processing in the Endoplasmic Reticulum	6	0	0.30914	0	1	1	0.457	0	-0.710987
1569	1231	Pathway::PC7_6566	Prefoldin mediated transfer of substrate to CCT/TriC	27	0	1.39113	0	1	1	1.69	0	-1.38039
1570	1231	Pathway::PC7_6567	Pregnenolone biosynthesis	9	0	0.46371	0	1	1	0.5345	0	-0.744945
1571	1231	Pathway::PC7_6570	Presynaptic function of Kainate receptors	21	0	1.08199	0	1	1	1.668	0	-1.37725
1572	1231	Pathway::PC7_6571	Presynaptic nicotinic acetylcholine receptors	12	0	0.61828	0	1	1	0.6875	0	-0.860152
1573	1231	Pathway::PC7_6588	Processing and activation of SUMO	9	0	0.46371	0	1	1	0.5055	0	-0.721429
1574	1231	Pathway::PC7_6589	Processing of Capped Intron-Containing Pre-mRNA	144	0	7.41935	0	1	1	9.3745	0	-3.20278
1575	1231	Pathway::PC7_6591	Processing of DNA double-strand break ends	3	0	0.15457	0	1	1	0.2245	0	-0.494513
1576	1231	Pathway::PC7_6592	Processing of DNA ends prior to end rejoining	4	0	0.206093	0	1	1	0.3395	0	-0.615505
1577	1231	Pathway::PC7_6593	Processing of Intronless Pre-mRNAs	14	0	0.721326	0	1	1	1.118	0	-1.12644
1578	1231	Pathway::PC7_6595	Processive synthesis on the C-strand of the telomere	12	0	0.61828	0	1	1	1.098	0	-1.11925
1579	1231	Pathway::PC7_6596	Processive synthesis on the lagging strand	16	0	0.824373	0	1	1	1.5085	0	-1.31601
1580	1231	Pathway::PC7_6615	Progressive trimming of alpha-1,2-linked mannose residues from Man9/8/7GlcNAc2 to produce Man5GlcNAc2	3	0	0.15457	0	1	1	0.163	0	-0.416132
1581	1231	Pathway::PC7_6616	Prolactin receptor signaling	15	0	0.772849	0	1	1	1.106	0	-1.11227
1582	1231	Pathway::PC7_6620	Propionyl-CoA catabolism	5	0	0.257616	0	1	1	0.2655	0	-0.540813
1583	1231	Pathway::PC7_6638	Prostacyclin signalling through prostacyclin receptor	19	0	0.978943	0	1	1	1.511	0	-1.29908
1584	1231	Pathway::PC7_6640	Prostanoid ligand receptors	9	0	0.46371	0	1	1	0.6515	0	-0.828712
1585	1231	Pathway::PC7_6642	Protein folding	55	0	2.83378	0	1	1	3.112	0	-1.85962
1586	1231	Pathway::PC7_6643	Proteoglycan syndecan-mediated signaling events	4	0	0.206093	0	1	1	0.3765	0	-0.660681
1587	1231	Pathway::PC7_6644	Proton-coupled monocarboxylate transport	4	0	0.206093	0	1	1	0.2245	0	-0.493318
1588	1231	Pathway::PC7_6645	Proton-coupled neutral amino acid transporters	2	0	0.103047	0	1	1	0.103	0	-0.323473
1589	1231	Pathway::PC7_6646	Proton/oligonucleotide cotransporters	4	0	0.206093	0	1	1	0.167	0	-0.413499
1590	1231	Pathway::PC7_6660	Pyrimidine biosynthesis	6	0	0.30914	0	1	1	0.3195	0	-0.582917
1591	1231	Pathway::PC7_6664	Pyrimidine salvage reactions	9	0	0.46371	0	1	1	0.4795	0	-0.698992
1592	1231	Pathway::PC7_6666	Pyrophosphate hydrolysis	2	0	0.103047	0	1	1	0.075	0	-0.278783
1593	1231	Pathway::PC7_6777	REV-ERBA represses gene expression	24	0	1.23656	0	1	1	2.134	0	-1.6049
1594	1231	Pathway::PC7_6789	RNA Pol II CTD phosphorylation and interaction with CE	26	0	1.33961	0	1	1	2.3285	0	-1.59787
1595	1231	Pathway::PC7_6792	RNA Polymerase I Promoter Escape	29	0	1.49418	0	1	1	2.4585	0	-1.62844
1596	1231	Pathway::PC7_6795	RNA Polymerase I Transcription Initiation	46	0	2.37007	0	1	1	3.7375	0	-2.01261
1597	1231	Pathway::PC7_6796	RNA Polymerase I Transcription Termination	30	0	1.5457	0	1	1	2.499	0	-1.65175
1598	1231	Pathway::PC7_6807	RNA Polymerase III Abortive And Retractive Initiation	39	0	2.00941	0	1	1	2.833	0	-1.74521
1599	1231	Pathway::PC7_6808	RNA Polymerase III Chain Elongation	18	0	0.927419	0	1	1	1.628	0	-1.34752
1600	1231	Pathway::PC7_6810	RNA Polymerase III Transcription Initiation	34	0	1.75179	0	1	1	2.573	0	-1.65239
1601	1231	Pathway::PC7_6811	RNA Polymerase III Transcription Initiation From Type 1 Promoter	26	0	1.33961	0	1	1	2.1005	0	-1.52571
1602	1231	Pathway::PC7_6812	RNA Polymerase III Transcription Initiation From Type 2 Promoter	25	0	1.28808	0	1	1	2.041	0	-1.492
1603	1231	Pathway::PC7_6813	RNA Polymerase III Transcription Initiation From Type 3 Promoter	27	0	1.39113	0	1	1	2.2065	0	-1.54302
1604	1231	Pathway::PC7_6814	RNA Polymerase III Transcription Termination	23	0	1.18504	0	1	1	1.888	0	-1.44486
1605	1231	Pathway::PC7_6818	RORA activates circadian gene expression	25	0	1.28808	0	1	1	2.271	0	-1.63914
1606	1231	Pathway::PC7_6849	Rapid glucocorticoid signaling	8	0	0.412186	0	1	1	0.631	0	-0.823702
1607	1231	Pathway::PC7_6855	Reactions specific to the complex N-glycan synthesis pathway	4	0	0.206093	0	1	1	0.2	0	-0.455251
1608	1231	Pathway::PC7_6860	Receptor-ligand binding initiates the second proteolytic cleavage of Notch receptor	14	0	0.721326	0	1	1	1.2765	0	-1.20347
1609	1231	Pathway::PC7_6865	Recruitment of repair and signaling proteins to double-strand breaks	8	0	0.412186	0	1	1	0.6695	0	-0.870678
1610	1231	Pathway::PC7_6867	Recycling of eIF2:GDP	8	0	0.412186	0	1	1	0.532	0	-0.745698
1611	1231	Pathway::PC7_6879	Regulation of Commissural axon pathfinding by Slit and Robo	4	0	0.206093	0	1	1	0.2145	0	-0.474342
1612	1231	Pathway::PC7_6882	Regulation of Glucokinase by Glucokinase Regulatory Protein	29	0	1.49418	0	1	1	2.2535	0	-1.62538
1613	1231	Pathway::PC7_6886	Regulation of IFNG signaling	14	0	0.721326	0	1	1	1.183	0	-1.16198
1614	1231	Pathway::PC7_6902	Regulation of gap junction activity	3	0	0.15457	0	1	1	0.264	0	-0.540802
1615	1231	Pathway::PC7_6906	Regulation of gene expression in endocrine-committed (NEUROG3+) progenitor cells	5	0	0.257616	0	1	1	0.2635	0	-0.523796
1616	1231	Pathway::PC7_6921	Regulation of the Fanconi anemia pathway	10	0	0.515233	0	1	1	0.6625	0	-0.834278
1617	1231	Pathway::PC7_6923	Regulatory RNA pathways	113	0	5.82213	0	1	1	8.7305	0	-3.45512
1618	1231	Pathway::PC7_6924	Relaxin receptors	8	0	0.412186	0	1	1	0.486	0	-0.706052
1619	1231	Pathway::PC7_6925	Release of Hh-Np from the secreting cell	7	0	0.360663	0	1	1	0.5	0	-0.743705
1620	1231	Pathway::PC7_6926	Release of apoptotic factors from the mitochondria	2	0	0.103047	0	1	1	0.1665	0	-0.428791
1621	1231	Pathway::PC7_6929	Removal of aminoterminal propeptides from gamma-carboxylated proteins	9	0	0.46371	0	1	1	0.7955	0	-0.951022
1622	1231	Pathway::PC7_6931	Removal of the Flap Intermediate	14	0	0.721326	0	1	1	1.295	0	-1.21449
1623	1231	Pathway::PC7_6932	Removal of the Flap Intermediate from the C-strand	10	0	0.515233	0	1	1	0.8845	0	-0.989421
1624	1231	Pathway::PC7_6933	Repair synthesis for gap-filling by DNA polymerase in TC-NER	15	0	0.772849	0	1	1	1.3875	0	-1.22718
1625	1231	Pathway::PC7_6939	Resolution of D-loop structures	2	0	0.103047	0	1	1	0.2135	0	-0.489909
1626	1231	Pathway::PC7_6947	Retinoid cycle disease events	9	0	0.46371	0	1	1	0.4865	0	-0.720588
1627	1231	Pathway::PC7_6950	Retrograde neurotrophin signalling	13	0	0.669803	0	1	1	1.228	0	-1.20647
1628	1231	Pathway::PC7_6951	Reuptake of GABA	4	0	0.206093	0	1	1	0.3365	0	-0.612053
1629	1231	Pathway::PC7_6952	Rev-mediated nuclear export of HIV RNA	32	0	1.64875	0	1	1	2.476	0	-1.71374
1630	1231	Pathway::PC7_6953	Reversal of Alkylation Damage By DNA Dioxygenases	2	0	0.103047	0	1	1	0.099	0	-0.327824
1631	1231	Pathway::PC7_6956	Rhesus glycoproteins mediate ammonium transport.	3	0	0.15457	0	1	1	0.136	0	-0.372213
1632	1231	Pathway::PC7_6966	Ribosomal scanning and start codon recognition	55	0	2.83378	0	1	1	4.88	0	-2.31919
1633	1231	Pathway::PC7_6991	Role of Abl in Robo-Slit signaling	9	0	0.46371	0	1	1	0.6785	0	-0.875839
1634	1231	Pathway::PC7_6996	Role of second messengers in netrin-1 signaling	10	0	0.515233	0	1	1	0.7545	0	-0.888428
1635	1231	Pathway::PC7_7044	S1P5 pathway	8	0	0.412186	0	1	1	0.655	0	-0.840037
1636	1231	Pathway::PC7_7048	S6K1 signalling	5	0	0.257616	0	1	1	0.44	0	-0.710602
1637	1231	Pathway::PC7_7249	SEMA3A-Plexin repulsion signaling by inhibiting Integrin adhesion	14	0	0.721326	0	1	1	1.045	0	-1.06991
1638	1231	Pathway::PC7_7261	SHC activation	4	0	0.206093	0	1	1	0.3705	0	-0.64279
1639	1231	Pathway::PC7_7272	SIRT1 negatively regulates rRNA Expression	65	0	3.34901	0	1	1	5.095	0	-2.5138
1640	1231	Pathway::PC7_7288	SLBP Dependent Processing of Replication-Dependent Histone Pre-mRNAs	11	0	0.566756	0	1	1	0.9105	0	-0.979265
1641	1231	Pathway::PC7_7289	SLBP independent Processing of Histone Pre-mRNAs	10	0	0.515233	0	1	1	0.849	0	-0.944969
1642	1231	Pathway::PC7_7371	STAT6-mediated induction of chemokines	3	0	0.15457	0	1	1	0.236	0	-0.517086
1643	1231	Pathway::PC7_7384	SUMO is conjugated to E1 (UBA2:SAE1)	5	0	0.257616	0	1	1	0.282	0	-0.543237
1644	1231	Pathway::PC7_7385	SUMO is proteolytically processed	6	0	0.30914	0	1	1	0.328	0	-0.583102
1645	1231	Pathway::PC7_7386	SUMO is transferred from E1 to E2 (UBE2I, UBC9)	6	0	0.30914	0	1	1	0.3855	0	-0.634711
1646	1231	Pathway::PC7_7394	Scavenging by Class F Receptors	6	0	0.30914	0	1	1	0.413	0	-0.666102
1647	1231	Pathway::PC7_7395	Scavenging by Class H Receptors	4	0	0.206093	0	1	1	0.2565	0	-0.52065
1648	1231	Pathway::PC7_7428	Serine biosynthesis	3	0	0.15457	0	1	1	0.1255	0	-0.358206
1649	1231	Pathway::PC7_7432	Serotonin receptors	12	0	0.61828	0	1	1	0.8595	0	-0.95751
1650	1231	Pathway::PC7_7435	Signal amplification	31	0	1.59722	0	1	1	2.6125	0	-1.73499
1651	1231	Pathway::PC7_7437	Signal regulatory protein (SIRP) family interactions	13	0	0.669803	0	1	1	0.829	0	-0.947346
1652	1231	Pathway::PC7_7440	Signaling by Activin	13	0	0.669803	0	1	1	0.865	0	-0.952464
1653	1231	Pathway::PC7_7473	Signaling by NOTCH3	11	0	0.566756	0	1	1	1.1275	0	-1.13419
1654	1231	Pathway::PC7_7474	Signaling by NOTCH4	11	0	0.566756	0	1	1	1.128	0	-1.13333
1655	1231	Pathway::PC7_7489	Signaling events mediated by HDAC Class II	38	0	1.95789	0	1	1	3.0725	0	-1.83543
1656	1231	Pathway::PC7_7502	Signalling to ERK5	2	0	0.103047	0	1	1	0.195	0	-0.46751
1657	1231	Pathway::PC7_7505	Signalling to STAT3	3	0	0.15457	0	1	1	0.266	0	-0.553154
1658	1231	Pathway::PC7_7623	Small interfering RNA (siRNA) biogenesis	9	0	0.46371	0	1	1	0.5605	0	-0.781539
1659	1231	Pathway::PC7_7642	Sodium-coupled phosphate cotransporters	5	0	0.257616	0	1	1	0.213	0	-0.474352
1660	1231	Pathway::PC7_7643	Sodium-coupled sulphate, di- and tri-carboxylate transporters	5	0	0.257616	0	1	1	0.199	0	-0.469833
1661	1231	Pathway::PC7_7644	Sodium/Calcium exchangers	9	0	0.46371	0	1	1	0.41	0	-0.674127
1662	1231	Pathway::PC7_7645	Sodium/Proton exchangers	9	0	0.46371	0	1	1	0.46	0	-0.695534
1663	1231	Pathway::PC7_7646	Sperm Motility And Taxes	8	0	0.412186	0	1	1	0.273	0	-0.542249
1664	1231	Pathway::PC7_7647	Sperm:Oocyte Membrane Binding	5	0	0.257616	0	1	1	0.171	0	-0.42649
1665	1231	Pathway::PC7_7649	Sphingolipid de novo biosynthesis	32	0	1.64875	0	1	1	1.4775	0	-1.24983
1666	1231	Pathway::PC7_7652	Sphingosine 1-phosphate (S1P) pathway	21	0	1.08199	0	1	1	1.6875	0	-1.34427
1667	1231	Pathway::PC7_7682	Striated Muscle Contraction	31	0	1.59722	0	1	1	1.614	0	-1.30271
1668	1231	Pathway::PC7_7701	Sulfide oxidation to sulfate	5	0	0.257616	0	1	1	0.239	0	-0.513203
1669	1231	Pathway::PC7_7707	Sumoylation by RanBP2 regulates transcriptional repression	15	0	0.772849	0	1	1	1.2285	0	-1.18692
1670	1231	Pathway::PC7_7717	Syndecan interactions	20	0	1.03047	0	1	1	1.732	0	-1.38797
1671	1231	Pathway::PC7_7727	Synthesis of 12-eicosatetraenoic acid derivatives	6	0	0.30914	0	1	1	0.421	0	-0.681377
1672	1231	Pathway::PC7_7733	Synthesis of GDP-mannose	5	0	0.257616	0	1	1	0.2805	0	-0.556763
1673	1231	Pathway::PC7_7735	Synthesis of IP2, IP, and Ins in the cytosol	11	0	0.566756	0	1	1	0.656	0	-0.859399
1674	1231	Pathway::PC7_7738	Synthesis of IPs in the nucleus	4	0	0.206093	0	1	1	0.2075	0	-0.487132
1675	1231	Pathway::PC7_7744	Synthesis of PE	12	0	0.61828	0	1	1	0.7535	0	-0.895036
1676	1231	Pathway::PC7_7745	Synthesis of PG	8	0	0.412186	0	1	1	0.53	0	-0.759393
1677	1231	Pathway::PC7_7746	Synthesis of PI	2	0	0.103047	0	1	1	0.098	0	-0.320673
1678	1231	Pathway::PC7_7747	Synthesis of PIPs at the ER membrane	3	0	0.15457	0	1	1	0.1685	0	-0.430627
1679	1231	Pathway::PC7_7748	Synthesis of PIPs at the Golgi membrane	18	0	0.927419	0	1	1	1.1495	0	-1.11275
1680	1231	Pathway::PC7_7749	Synthesis of PIPs at the early endosome membrane	13	0	0.669803	0	1	1	0.8745	0	-0.976045
1681	1231	Pathway::PC7_7750	Synthesis of PIPs at the late endosome membrane	10	0	0.515233	0	1	1	0.6645	0	-0.850847
1682	1231	Pathway::PC7_7752	Synthesis of PS	2	0	0.103047	0	1	1	0.0955	0	-0.317664
1683	1231	Pathway::PC7_7754	Synthesis of UDP-N-acetyl-glucosamine	5	0	0.257616	0	1	1	0.271	0	-0.533987
1684	1231	Pathway::PC7_7759	Synthesis of dolichyl-phosphate mannose	3	0	0.15457	0	1	1	0.149	0	-0.391565
1685	1231	Pathway::PC7_7762	Synthesis of glycosylphosphatidylinositol (GPI)	16	0	0.824373	0	1	1	0.7005	0	-0.850232
1686	1231	Pathway::PC7_7763	Synthesis of pyrophosphates in the cytosol	10	0	0.515233	0	1	1	0.4835	0	-0.72178
1687	1231	Pathway::PC7_7852	TNF signaling	6	0	0.30914	0	1	1	0.5735	0	-0.787319
1688	1231	Pathway::PC7_8056	TRAF6 mediated IRF7 activation in TLR7/8 or 9 signaling	11	0	0.566756	0	1	1	0.9625	0	-1.02249
1689	1231	Pathway::PC7_8065	TRKA activation by NGF	2	0	0.103047	0	1	1	0.1865	0	-0.459524
1690	1231	Pathway::PC7_8066	TRP channels	25	0	1.28808	0	1	1	1.3245	0	-1.20102
1691	1231	Pathway::PC7_8074	TWIK related potassium channel (TREK)	3	0	0.15457	0	1	1	0.1135	0	-0.349243
1692	1231	Pathway::PC7_8075	TWIK-related alkaline pH activated K+ channel (TALK)	2	0	0.103047	0	1	1	0.085	0	-0.300944
1693	1231	Pathway::PC7_8077	TWIK-releated acid-sensitive K+ channel (TASK)	2	0	0.103047	0	1	1	0.0805	0	-0.290065
1694	1231	Pathway::PC7_8093	Tachykinin receptors bind tachykinins	5	0	0.257616	0	1	1	0.3035	0	-0.564181
1695	1231	Pathway::PC7_8130	Tandem of pore domain in a weak inwardly rectifying K+ channels (TWIK)	3	0	0.15457	0	1	1	0.1195	0	-0.353588
1696	1231	Pathway::PC7_8132	Tandem pore domain potassium channels	12	0	0.61828	0	1	1	0.511	0	-0.744674
1697	1231	Pathway::PC7_8138	Telomere C-strand (Lagging Strand) Synthesis	23	0	1.18504	0	1	1	2.194	0	-1.5779
1698	1231	Pathway::PC7_8140	Telomere Extension By Telomerase	6	0	0.30914	0	1	1	0.3995	0	-0.650735
1699	1231	Pathway::PC7_8141	Telomere Maintenance	78	0	4.01882	0	1	1	6.354	0	-2.77293
1700	1231	Pathway::PC7_8208	Tetrahydrobiopterin (BH4) synthesis, recycling, salvage and regulation	12	0	0.61828	0	1	1	0.8785	0	-1.00131
1701	1231	Pathway::PC7_8223	The AIM2 inflammasome	3	0	0.15457	0	1	1	0.222	0	-0.501811
1702	1231	Pathway::PC7_8224	The IPAF inflammasome	2	0	0.103047	0	1	1	0.157	0	-0.423627
1703	1231	Pathway::PC7_8225	The NLRP1 inflammasome	3	0	0.15457	0	1	1	0.232	0	-0.496689
1704	1231	Pathway::PC7_8228	The canonical retinoid cycle in rods (twilight vision)	22	0	1.13351	0	1	1	1.0695	0	-1.05041
1705	1231	Pathway::PC7_8233	The retinoid cycle in cones (daylight vision)	6	0	0.30914	0	1	1	0.3325	0	-0.594372
1706	1231	Pathway::PC7_8267	Thromboxane signalling through TP receptor	23	0	1.18504	0	1	1	1.919	0	-1.48344
1707	1231	Pathway::PC7_8303	Toxicity of botulinum toxin type A (BoNT/A)	4	0	0.206093	0	1	1	0.247	0	-0.512816
1708	1231	Pathway::PC7_8304	Toxicity of botulinum toxin type B (BoNT/B)	3	0	0.15457	0	1	1	0.25	0	-0.521854
1709	1231	Pathway::PC7_8305	Toxicity of botulinum toxin type C (BoNT/C)	3	0	0.15457	0	1	1	0.2365	0	-0.515389
1710	1231	Pathway::PC7_8306	Toxicity of botulinum toxin type D (BoNT/D)	5	0	0.257616	0	1	1	0.2935	0	-0.565514
1711	1231	Pathway::PC7_8307	Toxicity of botulinum toxin type E (BoNT/E)	3	0	0.15457	0	1	1	0.205	0	-0.464263
1712	1231	Pathway::PC7_8309	Toxicity of botulinum toxin type G (BoNT/G)	3	0	0.15457	0	1	1	0.245	0	-0.517686
1713	1231	Pathway::PC7_8312	Trafficking of GluR2-containing AMPA receptors	16	0	0.824373	0	1	1	1.1435	0	-1.16471
1714	1231	Pathway::PC7_8313	Trafficking of dietary sterols	3	0	0.15457	0	1	1	0.156	0	-0.404596
1715	1231	Pathway::PC7_8318	Transcription from mitochondrial promoters	4	0	0.206093	0	1	1	0.2415	0	-0.496933
1716	1231	Pathway::PC7_8321	Transcription-coupled NER (TC-NER)	45	0	2.31855	0	1	1	3.908	0	-2.11831
1717	1231	Pathway::PC7_8326	Transcriptional regulation by small RNAs	101	0	5.20385	0	1	1	7.998	0	-3.33772
1718	1231	Pathway::PC7_8332	Translation initiation complex formation	55	0	2.83378	0	1	1	4.92	0	-2.32875
1719	1231	Pathway::PC7_8337	Translocation of GLUT4 to the plasma membrane	61	0	3.14292	0	1	1	3.839	0	-2.11488
1720	1231	Pathway::PC7_8342	Transport and synthesis of PAPS	6	0	0.30914	0	1	1	0.4105	0	-0.681343
1721	1231	Pathway::PC7_8343	Transport of Mature Transcript to Cytoplasm	54	0	2.78226	0	1	1	4.068	0	-2.1526
1722	1231	Pathway::PC7_8344	Transport of Mature mRNA Derived from an Intronless Transcript	35	0	1.80332	0	1	1	2.8495	0	-1.81646
1723	1231	Pathway::PC7_8345	Transport of Mature mRNA derived from an Intron-Containing Transcript	50	0	2.57616	0	1	1	3.702	0	-2.0805
1724	1231	Pathway::PC7_8346	Transport of Mature mRNAs Derived from Intronless Transcripts	36	0	1.85484	0	1	1	2.911	0	-1.83921
1725	1231	Pathway::PC7_8347	Transport of Ribonucleoproteins into the Host Nucleus	29	0	1.49418	0	1	1	2.295	0	-1.64265
1726	1231	Pathway::PC7_8349	Transport of connexons to the plasma membrane	2	0	0.103047	0	1	1	0.1415	0	-0.391731
1727	1231	Pathway::PC7_8351	Transport of gamma-carboxylated protein precursors from the endoplasmic reticulum to the Golgi apparatus	8	0	0.412186	0	1	1	0.6995	0	-0.883252
1728	1231	Pathway::PC7_8353	Transport of glycerol from adipocytes to the liver by Aquaporins	2	0	0.103047	0	1	1	0.078	0	-0.281246
1729	1231	Pathway::PC7_8355	Transport of nucleosides and free purine and pyrimidine bases across the plasma membrane	7	0	0.360663	0	1	1	0.2745	0	-0.531086
1730	1231	Pathway::PC7_8356	Transport of nucleotide sugars	9	0	0.46371	0	1	1	0.478	0	-0.709793
1731	1231	Pathway::PC7_8358	Transport of the SLBP Dependant Mature mRNA	33	0	1.70027	0	1	1	2.6065	0	-1.76427
1732	1231	Pathway::PC7_8359	Transport of the SLBP independent Mature mRNA	32	0	1.64875	0	1	1	2.545	0	-1.74177
1733	1231	Pathway::PC7_8361	Transport to the Golgi and subsequent modification	36	0	1.85484	0	1	1	2.5415	0	-1.63297
1734	1231	Pathway::PC7_8444	Type I hemidesmosome assembly	9	0	0.46371	0	1	1	0.722	0	-0.86748
1735	1231	Pathway::PC7_8445	Type II Na+/Pi cotransporters	3	0	0.15457	0	1	1	0.1225	0	-0.363622
1736	1231	Pathway::PC7_8609	U12 Dependent Splicing	42	0	2.16398	0	1	1	2.9115	0	-1.74411
1737	1231	Pathway::PC7_8621	Ubiquinol biosynthesis	7	0	0.360663	0	1	1	0.3805	0	-0.649958
1738	1231	Pathway::PC7_8632	Unwinding of DNA	11	0	0.566756	0	1	1	0.955	0	-1.02154
1739	1231	Pathway::PC7_8639	Urokinase-type plasminogen activator (uPA) and uPAR-mediated signaling	42	0	2.16398	0	1	1	3.371	0	-1.92101
1740	1231	Pathway::PC7_8703	Vasopressin-like receptors	6	0	0.30914	0	1	1	0.4835	0	-0.71938
1741	1231	Pathway::PC7_8710	Viral Messenger RNA Synthesis	41	0	2.11246	0	1	1	3.354	0	-1.99175
1742	1231	Pathway::PC7_8711	Viral RNP Complexes in the Host Cell Nucleus	2	0	0.103047	0	1	1	0.202	0	-0.469392
1743	1231	Pathway::PC7_8715	Visual signal transduction: Cones	23	0	1.18504	0	1	1	1.2505	0	-1.15326
1744	1231	Pathway::PC7_8720	Vitamin B1 (thiamin) metabolism	4	0	0.206093	0	1	1	0.167	0	-0.410987
1745	1231	Pathway::PC7_8721	Vitamin B2 (riboflavin) metabolism	5	0	0.257616	0	1	1	0.2605	0	-0.529936
1746	1231	Pathway::PC7_8722	Vitamin B5 (pantothenate) metabolism	12	0	0.61828	0	1	1	0.571	0	-0.795701
1747	1231	Pathway::PC7_8763	Voltage gated Potassium channels	43	0	2.2155	0	1	1	2.272	0	-1.58528
1748	1231	Pathway::PC7_8764	Vpr-mediated induction of apoptosis by mitochondrial outer membrane permeabilization	3	0	0.15457	0	1	1	0.271	0	-0.530904
1749	1231	Pathway::PC7_8765	Vpr-mediated nuclear import of PICs	31	0	1.59722	0	1	1	2.4685	0	-1.72365
1750	1231	Pathway::PC7_8771	WNT ligand biogenesis and trafficking	26	0	1.33961	0	1	1	1.819	0	-1.43659
1751	1231	Pathway::PC7_8775	WNT5A-dependent internalization of FZD2, FZD5 and ROR2	13	0	0.669803	0	1	1	1.2325	0	-1.16803
1752	1231	Pathway::PC7_8798	YAP1- and WWTR1 (TAZ)-stimulated gene expression	29	0	1.49418	0	1	1	2.3455	0	-1.63572
1753	1231	Pathway::PC7_8833	Zinc efflux and compartmentalization by the SLC30 family	7	0	0.360663	0	1	1	0.452	0	-0.701897
1754	1231	Pathway::PC7_8834	Zinc influx into cells by the SLC39 gene family	10	0	0.515233	0	1	1	0.608	0	-0.78932
1755	1231	Pathway::PC7_8856	Zinc transporters	17	0	0.875896	0	1	1	1.06	0	-1.03132
1756	1231	Pathway::PC7_966	A third proteolytic cleavage releases NICD	9	0	0.46371	0	1	1	0.896	0	-1.00164
1757	1231	Pathway::PC7_983	ADP signalling through P2Y purinoceptor 1	25	0	1.28808	0	1	1	2.08	0	-1.53901
1758	1231	Pathway::PC7_984	ADP signalling through P2Y purinoceptor 12	21	0	1.08199	0	1	1	1.66	0	-1.38218
1759	1231	Pathway::WP129_r72054	Matrix Metalloproteinases	30	0	1.5457	0	1	1	1.5915	0	-1.30005
1760	1231	Pathway::WP12_r81176	Osteoclast Signaling	16	0	0.824373	0	1	1	1.056	0	-1.09746
1761	1231	Pathway::WP134_r82700	Pentose Phosphate Pathway	7	0	0.360663	0	1	1	0.3355	0	-0.597831
1762	1231	Pathway::WP136_r80005	Phase I biotransformations, non P450	8	0	0.412186	0	1	1	0.3175	0	-0.577088
1763	1231	Pathway::WP1422_r79871	Sphingolipid Metabolism	20	0	1.03047	0	1	1	0.987	0	-1.01594
1764	1231	Pathway::WP1425_r74390	BMP Signalling and Regulation	12	0	0.61828	0	1	1	0.8	0	-0.936329
1765	1231	Pathway::WP1455_r68965	Serotonin Transporter Activity	11	0	0.566756	0	1	1	0.8265	0	-0.951574
1766	1231	Pathway::WP1559_r84698	TFs Regulate miRNAs related to cardiac hypertrophy	8	0	0.412186	0	1	1	0.6505	0	-0.859838
1767	1231	Pathway::WP1603_r78574	Nicotine Activity on Chromaffin Cells	4	0	0.206093	0	1	1	0.237	0	-0.497619
1768	1231	Pathway::WP170_r71083	Nuclear Receptors	38	0	1.95789	0	1	1	2.524	0	-1.66376
1769	1231	Pathway::WP197_r81059	Cholesterol Biosynthesis	15	0	0.772849	0	1	1	0.9385	0	-0.991628
1770	1231	Pathway::WP1991_r82940	SRF and miRs in Smooth Muscle Differentiation and Proliferation	11	0	0.566756	0	1	1	0.819	0	-0.961708
1771	1231	Pathway::WP1992_r78296	TarBasePathway	13	0	0.669803	0	1	1	0.763	0	-0.932967
1772	1231	Pathway::WP2012_r82900	miRs in Muscle Cell Differentiation	29	0	1.49418	0	1	1	2.082	0	-1.52648
1773	1231	Pathway::WP2029_r82903	Cell Differentiation - Index	13	0	0.669803	0	1	1	0.879	0	-0.952089
1774	1231	Pathway::WP2113_r70107	Type III interferon signaling	10	0	0.515233	0	1	1	0.576	0	-0.781507
1775	1231	Pathway::WP2253_r74520	Pilocytic astrocytoma	4	0	0.206093	0	1	1	0.2925	0	-0.554814
1776	1231	Pathway::WP2267_r78595	Synaptic Vesicle Pathway	50	0	2.57616	0	1	1	3.3745	0	-1.91373
1777	1231	Pathway::WP2291_r68922	Deregulation of Rab and Rab Effector Genes in Bladder Cancer	16	0	0.824373	0	1	1	0.611	0	-0.814537
1778	1231	Pathway::WP2338_r78504	miRNA Biogenesis	6	0	0.30914	0	1	1	0.3545	0	-0.613555
1779	1231	Pathway::WP237_r78497	Glucocorticoid & Mineralcorticoid Metabolism	8	0	0.412186	0	1	1	0.5485	0	-0.772882
1780	1231	Pathway::WP247_r74422	Small Ligand GPCRs	19	0	0.978943	0	1	1	1.337	0	-1.19042
1781	1231	Pathway::WP2485_r70025	NAD Biosynthesis II (from tryptophan)	8	0	0.412186	0	1	1	0.3695	0	-0.635588
1782	1231	Pathway::WP2491_r73891	Diclofenac Metabolic Pathway	4	0	0.206093	0	1	1	0.3795	0	-0.654233
1783	1231	Pathway::WP2533_r84117	Glycerophospholipid Biosynthetic Pathway	21	0	1.08199	0	1	1	1.328	0	-1.19721
1784	1231	Pathway::WP2542_r70621	Sulindac Metabolic Pathway	5	0	0.257616	0	1	1	0.3025	0	-0.562705
1785	1231	Pathway::WP2596_r72724	Gastric acid production	7	0	0.360663	0	1	1	0.4245	0	-0.662715
1786	1231	Pathway::WP2597_r78485	Secretion of Hydrochloric Acid in Parietal Cells	5	0	0.257616	0	1	1	0.309	0	-0.561801
1787	1231	Pathway::WP2646_r74430	Lidocaine metabolism	2	0	0.103047	0	1	1	0.2075	0	-0.487132
1788	1231	Pathway::WP268_r70096	Notch Signaling Pathway	45	0	2.31855	0	1	1	3.654	0	-2.06034
1789	1231	Pathway::WP272_r84876	Blood Clotting Cascade	22	0	1.13351	0	1	1	1.651	0	-1.30925
1790	1231	Pathway::WP2805_r81654	RNA interference	5	0	0.257616	0	1	1	0.2525	0	-0.52565
1791	1231	Pathway::WP2816_r76465	Felbamate Metabolism	2	0	0.103047	0	1	1	0.192	0	-0.45879
1792	1231	Pathway::WP2854_r79970	Gene regulatory network modelling somitogenesis 	11	0	0.566756	0	1	1	0.7495	0	-0.915831
1793	1231	Pathway::WP2874_r82709	Liver X Receptor Pathway	10	0	0.515233	0	1	1	0.8005	0	-0.938394
1794	1231	Pathway::WP2889_r79753	Oxytocin signaling	4	0	0.206093	0	1	1	0.269	0	-0.535183
1795	1231	Pathway::WP2916_r79908	Interactome of polycomb repressive complex 2 (PRC2) 	16	0	0.824373	0	1	1	0.9055	0	-0.965502
1796	1231	Pathway::WP2942_r84388	DDX1 as a regulatory component of the Drosha microprocessor	7	0	0.360663	0	1	1	0.5385	0	-0.767317
1797	1231	Pathway::WP2943_r83778	Hypoxia-mediated EMT and Stemness	2	0	0.103047	0	1	1	0.1085	0	-0.340181
1798	1231	Pathway::WP322_r79496	Osteoblast Signaling	14	0	0.721326	0	1	1	0.9345	0	-1.00234
1799	1231	Pathway::WP3302_r81679	eIF5A regulation in response to inhibition of the nuclear export system	4	0	0.206093	0	1	1	0.227	0	-0.503239
1800	1231	Pathway::WP3407_r81707	FTO Obesity Variant Mechanism	8	0	0.412186	0	1	1	0.4135	0	-0.665106
1801	1231	Pathway::WP3408_r81714	Evolocumab Mechanism	2	0	0.103047	0	1	1	0.1385	0	-0.392811
1802	1231	Pathway::WP3529_r84285	Zinc homeostasis	36	0	1.85484	0	1	1	1.771	0	-1.32498
1803	1231	Pathway::WP3595_r84854	mir-124 predicted interactions with cell cycle and differentiation 	6	0	0.30914	0	1	1	0.4015	0	-0.664297
1804	1231	Pathway::WP3599_r84770	Transcription factor regulation in adipogenesis	22	0	1.13351	0	1	1	1.797	0	-1.37308
1805	1231	Pathway::WP3601_r84331	Composition of Lipid Particles	9	0	0.46371	0	1	1	0.831	0	-0.958
1806	1231	Pathway::WP383_r80200	Striated Muscle Contraction	38	0	1.95789	0	1	1	2.035	0	-1.45925
1807	1231	Pathway::WP391_r71373	Mitochondrial Gene Expression	19	0	0.978943	0	1	1	1.216	0	-1.12644
1808	1231	Pathway::WP404_r68960	Nucleotide Metabolism	19	0	0.978943	0	1	1	1.088	0	-1.07609
1809	1231	Pathway::WP405_r73594	Eukaryotic Transcription Initiation	43	0	2.2155	0	1	1	3.6335	0	-2.02011
1810	1231	Pathway::WP438_r80022	Non-homologous end joining	7	0	0.360663	0	1	1	0.5925	0	-0.811992
1811	1231	Pathway::WP47_r78542	Hedgehog Signaling Pathway	16	0	0.824373	0	1	1	1.0505	0	-1.06555
1812	1231	Pathway::WP496_r69016	Steroid Biosynthesis	10	0	0.515233	0	1	1	0.555	0	-0.792877
1813	1231	Pathway::WP500_r63201	Glycogen Metabolism	36	0	1.85484	0	1	1	2.4235	0	-1.65468
1814	1231	Pathway::WP521_r63156	Amino acid conjugation of benzoic acid	4	0	0.206093	0	1	1	0.213	0	-0.470862
1815	1231	Pathway::WP531_r69021	Mismatch repair	9	0	0.46371	0	1	1	0.684	0	-0.859617
1816	1231	Pathway::WP58_r80015	Monoamine GPCRs	33	0	1.70027	0	1	1	2.655	0	-1.73084
1817	1231	Pathway::WP688_r84769	Catalytic cycle of mammalian Flavin-containing MonoOxygenases (FMOs)	5	0	0.257616	0	1	1	0.212	0	-0.477574
1818	1231	Pathway::WP692_r69031	Sulfation Biotransformation Reaction	16	0	0.824373	0	1	1	0.878	0	-0.982792
1819	1231	Pathway::WP694_r67062	Arylamine metabolism	6	0	0.30914	0	1	1	0.445	0	-0.694994
1820	1231	Pathway::WP698_r79224	Glucuronidation	25	0	1.28808	0	1	1	1.4295	0	-1.25713
1821	1231	Pathway::WP704_r79563	Methylation Pathways	9	0	0.46371	0	1	1	0.4945	0	-0.723639
1822	1231	Pathway::WP733_r74441	Serotonin Receptor 2 and STAT3 Signaling	4	0	0.206093	0	1	1	0.361	0	-0.634527
