rank_corrected	rank_raw	pathway_id	pathway_name	size	seed_overlap	expected	fold	p	q	matched_expected	matched_fold	matched_z
1	6	Pathway::WP2377_r80437	Integrated Pancreatic Cancer Pathway	191	27	3.52991	7.64893	7.47364e-17	1.3617e-13	6.1005	4.42587	8.96355
2	11	Pathway::WP2261_r81197	Signaling Pathways in Glioblastoma	82	18	1.51546	11.8776	5.24068e-15	4.77426e-12	3.119	5.77108	9.1244
3	17	Pathway::PC7_1123	AP-1 transcription factor network	70	15	1.29368	11.5948	1.58181e-12	9.60685e-10	1.7485	8.57878	10.083
4	9	Pathway::WP1984_r82941	Integrated Breast Cancer Pathway	151	19	2.79066	6.80843	3.21485e-11	1.46436e-08	4.2215	4.50077	7.5748
5	60	Pathway::WP2828_r79529	Bladder Cancer	31	10	0.572917	17.4545	1.12308e-10	3.72363e-08	0.971	10.2987	9.46414
6	22	Pathway::WP2374_r73668	Oncostatin M Signaling Pathway	65	13	1.20128	10.8218	1.30441e-10	3.72363e-08	2.589	5.02124	6.61756
7	22	Pathway::PC7_3327	Downstream signaling in naïve CD8+ T cells	66	13	1.21976	10.6579	1.59862e-10	3.72363e-08	2.094	6.20821	7.65043
8	19	Pathway::PC7_7491	Signaling events mediated by Hepatocyte Growth Factor Receptor (c-Met)	80	14	1.47849	9.46909	1.63497e-10	3.72363e-08	2.9095	4.81182	6.99287
9	22	Pathway::WP3303_r83781	Rac1/Pak1/p38/MMP-2 pathway	67	13	1.23824	10.4988	1.95205e-10	3.95181e-08	2.348	5.53663	7.40205
10	22	Pathway::PC7_2263	CDC42 signaling events	70	13	1.29368	10.0488	3.48104e-10	6.34245e-08	2.2235	5.84664	7.57942
11	17	Pathway::WP710_r79974	DNA Damage Response (only ATM dependent)	109	15	2.01445	7.44621	1.19525e-09	1.97976e-07	3.9075	3.83877	5.91489
12	37	Pathway::WP2032_r79960	TSH signaling pathway	66	12	1.21976	9.83802	2.20694e-09	3.35087e-07	2.5245	4.75342	6.23929
13	69	Pathway::PC7_4341	HIF-2-alpha transcription factor network	34	9	0.62836	14.323	7.1369e-09	1.00026e-06	0.7185	12.5261	9.7853
14	19	Pathway::PC7_7482	Signaling by VEGF	115	14	2.12534	6.58719	2.20641e-08	2.87149e-06	4.6215	3.02932	4.85065
15	37	Pathway::WP254_r84652	Apoptosis	84	12	1.55242	7.72987	3.80012e-08	4.573e-06	2.5895	4.6341	6.12443
16	60	Pathway::WP673_r80202	ErbB Signaling Pathway	54	10	0.997984	10.0202	4.20296e-08	4.573e-06	2.0585	4.85791	6.01167
17	69	Pathway::PC7_3699	ErbB2/ErbB3 signaling events	41	9	0.757728	11.8776	4.26679e-08	4.573e-06	1.633	5.51133	6.00651
18	22	Pathway::PC7_8664	VEGFA-VEGFR2 Pathway	107	13	1.97749	6.574	7.35566e-08	7.44556e-06	4.4595	2.91513	4.52941
19	37	Pathway::WP2355_r79973	Corticotropin-releasing hormone	92	12	1.70027	7.05771	1.07393e-07	1.02984e-05	3.1365	3.82592	5.32954
20	69	Pathway::WP2586_r79995	Aryl Hydrocarbon Receptor	46	9	0.850134	10.5866	1.23966e-07	1.12933e-05	1.2585	7.15137	7.1888
21	81	Pathway::WP313_r79946	Signaling of Hepatocyte Growth Factor Receptor	34	8	0.62836	12.7316	1.38534e-07	1.15277e-05	1.347	5.93912	5.96354
22	13	Pathway::PC7_3884	Fc epsilon receptor (FCERI) signaling	176	16	3.25269	4.91901	1.39193e-07	1.15277e-05	8.2535	1.93857	3.19427
23	97	Pathway::PC7_2531	Cellular response to hypoxia	25	7	0.46203	15.1505	2.35536e-07	1.86586e-05	0.6865	10.1966	7.73503
24	60	Pathway::PC7_12078	mTOR signaling pathway	66	10	1.21976	8.19835	3.06201e-07	2.32457e-05	2.133	4.68823	5.56655
25	9	Pathway::PC7_2532	Cellular responses to stress	264	19	4.87903	3.89421	3.65853e-07	2.66634e-05	9.921	1.91513	3.19779
26	13	Pathway::WP306_r80308	Focal Adhesion	190	16	3.51142	4.55656	3.995e-07	2.75848e-05	6.0945	2.62532	4.25495
27	60	Pathway::PC7_7496	Signaling events mediated by VEGFR1 and VEGFR2	68	10	1.25672	7.95722	4.08776e-07	2.75848e-05	2.7	3.7037	4.74086
28	50	Pathway::PC7_4664	IRS-related events triggered by IGF1R	89	11	1.64483	6.68764	6.47249e-07	4.21174e-05	4.062	2.70803	3.78378
29	50	Pathway::WP1772_r84701	Apoptosis Modulation and Signaling	90	11	1.66331	6.61333	7.25717e-07	4.55951e-05	2.3675	4.64625	5.67186
30	137	Pathway::PC7_4540	Hypoxic and oxygen homeostasis regulation of HIF-1-alpha	19	6	0.351142	17.0871	8.08866e-07	4.91251e-05	0.2865	20.9424	10.9669
31	50	Pathway::PC7_4583	IGF1R signaling cascade	92	11	1.70027	6.46957	9.08206e-07	5.25424e-05	4.1965	2.62123	3.65342
32	97	Pathway::WP2870_r79555	Extracellular vesicle-mediated signaling in recipient cells	30	7	0.554435	12.6255	9.22808e-07	5.25424e-05	0.827	8.46433	6.95366
33	81	Pathway::PC7_6569	Presenilin action in Notch and Wnt signaling	46	8	0.850134	9.41028	1.64878e-06	9.10324e-05	1.4935	5.35655	5.49124
34	97	Pathway::PC7_8666	VEGFR2 mediated cell proliferation	34	7	0.62836	11.1401	2.29141e-06	0.000122793	1.5255	4.58866	4.75711
35	97	Pathway::PC7_7500	Signaling mediated by p38-alpha and p38-beta	35	7	0.646841	10.8218	2.82007e-06	0.000146805	0.9955	7.03164	6.17846
36	60	Pathway::PC7_2170	C-MYB transcription factor network	84	10	1.55242	6.44156	3.01079e-06	0.000152379	2.1755	4.59664	5.49619
37	50	Pathway::WP615_r81193	Senescence and Autophagy in Cancer	105	11	1.94052	5.66857	3.42233e-06	0.000168527	2.744	4.00875	5.34656
38	179	Pathway::PC7_6853	Ras signaling in the CD4+ TCR pathway	14	5	0.258737	19.3247	3.55034e-06	0.00017023	0.4545	11.0011	7.29802
39	137	Pathway::WP1539_r79949	Angiogenesis	24	6	0.443548	13.5273	3.71637e-06	0.000173621	0.7415	8.09171	6.33656
40	69	Pathway::PC7_6895	Regulation of Telomerase	68	9	1.25672	7.1615	3.91579e-06	0.000178364	1.9615	4.58833	5.23454
41	97	Pathway::PC7_8679	Validated transcriptional targets of AP1 family members Fra1 and Fra2	37	7	0.683804	10.2369	4.18544e-06	0.000185997	0.9905	7.06714	5.95494
42	81	Pathway::WP363_r78571	Wnt Signaling Pathway Netpath	52	8	0.961022	8.32448	4.32769e-06	0.000186492	1.6425	4.87062	5.20531
43	5	Pathway::PC7_1563	Adaptive Immune System	600	28	11.0887	2.52509	4.4013e-06	0.000186492	19.6025	1.42839	2.27831
44	137	Pathway::PC7_7265	SHC-related events triggered by IGF1R	25	6	0.46203	12.9862	4.81558e-06	0.000199409	1.0645	5.63645	5.08696
45	37	Pathway::WP366_r84196	TGF-beta Signaling Pathway	132	12	2.43952	4.91901	5.45537e-06	0.000220882	4.7155	2.5448	3.56785
46	81	Pathway::PC7_4613	IL2-mediated signaling events	54	8	0.997984	8.01616	5.79865e-06	0.000229677	2.307	3.46771	3.93911
47	97	Pathway::WP127_r78498	IL-5 Signaling Pathway	40	7	0.739247	9.46909	7.234e-06	0.000280433	1.8145	3.85781	4.11614
48	22	Pathway::WP481_r82731	Insulin Signaling	160	13	2.95699	4.39636	7.63242e-06	0.000289714	5.355	2.42764	3.52789
49	137	Pathway::WP2035_r78536	FSH signaling pathway	27	6	0.498992	12.0242	7.80599e-06	0.000290255	0.8695	6.90052	5.72012
50	22	Pathway::PC7_3325	Downstream signal transduction	161	13	2.97547	4.36906	8.17125e-06	0.00029776	8.0005	1.6249	2.13208
51	22	Pathway::PC7_7447	Signaling by FGFR	162	13	2.99395	4.34209	8.74339e-06	0.000312362	8.0115	1.62267	2.12974
52	22	Pathway::PC7_7445	Signaling by ERBB2	163	13	3.01243	4.31545	9.35058e-06	0.00032763	7.9805	1.62897	2.16203
53	50	Pathway::WP2431_r84650	Spinal Cord Injury	117	11	2.1623	5.08718	9.84564e-06	0.000338467	3.0445	3.61307	4.7412
54	37	Pathway::PC7_7478	Signaling by SCF-KIT	141	12	2.60585	4.60503	1.07872e-05	0.000363967	6.64	1.80723	2.4105
55	137	Pathway::PC7_8665	VEGFR1 specific signals	29	6	0.535954	11.195	1.21488e-05	0.000395268	1.074	5.58659	5.10384
56	137	Pathway::WP422_r72129	MAPK Cascade	29	6	0.535954	11.195	1.21488e-05	0.000395268	0.946	6.34249	5.34199
57	22	Pathway::WP382_r79951	MAPK Signaling Pathway	168	13	3.10484	4.18701	1.29792e-05	0.000413068	5.8265	2.23119	3.10562
58	235	Pathway::PC7_6903	Regulation of gene expression by Hypoxia-inducible Factor	9	4	0.166331	24.0485	1.31868e-05	0.000413068	0.1615	24.7678	9.76816
59	37	Pathway::WP2380_r79953	BDNF signaling pathway	144	12	2.66129	4.50909	1.3376e-05	0.000413068	5.264	2.27964	3.20605
60	179	Pathway::PC7_6086	Oxygen-dependent proline hydroxylation of Hypoxia-inducible Factor Alpha	18	5	0.332661	15.0303	1.43096e-05	0.000434535	0.52	9.61538	6.35094
61	81	Pathway::PC7_7497	Signaling events mediated by focal adhesion kinase	61	8	1.12735	7.09627	1.47058e-05	0.000439245	2.09	3.82775	4.32194
62	50	Pathway::PC7_6141	PDGFR-beta signaling pathway	125	11	2.31015	4.7616	1.85269e-05	0.000536265	4.758	2.3119	3.06873
63	69	Pathway::PC7_4161	Glucocorticoid receptor regulatory network	82	9	1.51546	5.9388	1.86682e-05	0.000536265	2.7645	3.25556	4.03591
64	37	Pathway::PC7_3328	Downstream signaling of activated FGFR	149	12	2.7537	4.35778	1.89074e-05	0.000536265	7.4205	1.61714	2.01627
65	179	Pathway::PC7_7040	S1P1 pathway	19	5	0.351142	14.2392	1.91313e-05	0.000536265	0.6705	7.45712	5.56654
66	97	Pathway::WP2203_r78549	TSLP Signaling Pathway	47	7	0.868616	8.0588	2.18899e-05	0.000601968	1.8105	3.86634	4.02107
67	137	Pathway::PC7_5885	Netrin-mediated signaling events	32	6	0.591398	10.1455	2.2136e-05	0.000601968	1.0415	5.76092	5.05082
68	22	Pathway::PC7_7448	Signaling by FGFR in disease	177	13	3.27117	3.97411	2.27106e-05	0.00060851	8.485	1.53212	1.89
69	69	Pathway::PC7_4662	IRS-mediated signalling	85	9	1.5709	5.7292	2.5016e-05	0.000656772	4.0015	2.24916	2.7406
70	97	Pathway::PC7_2535	Ceramide signaling pathway	48	7	0.887097	7.89091	2.52327e-05	0.000656772	1.682	4.16171	4.29531
71	81	Pathway::PC7_4340	HIF-1-alpha transcription factor network	66	8	1.21976	6.55868	2.65208e-05	0.000671123	1.6645	4.80625	5.15075
72	81	Pathway::PC7_6918	Regulation of retinoblastoma protein	66	8	1.21976	6.55868	2.65208e-05	0.000671123	2.0735	3.85821	4.37252
73	81	Pathway::PC7_1987	BCR signaling pathway	67	8	1.23824	6.46079	2.96488e-05	0.000740002	2.593	3.08523	3.48342
74	22	Pathway::PC7_7475	Signaling by PDGF	182	13	3.36358	3.86494	3.05028e-05	0.000751029	8.6905	1.49589	1.74163
75	137	Pathway::PC7_8431	Trk receptor signaling mediated by the MAPK pathway	34	6	0.62836	9.54866	3.1863e-05	0.000774058	1.1555	5.19256	4.58722
76	69	Pathway::PC7_4663	IRS-related events	88	9	1.62634	5.53388	3.311e-05	0.00079377	4.1225	2.18314	2.62008
77	69	Pathway::WP69_r79955	TCR Signaling Pathway	90	9	1.66331	5.41091	3.96573e-05	0.000938384	3.4925	2.57695	3.1614
78	179	Pathway::PC7_7506	Signalling to p38 via RIT and RIN	22	5	0.406586	12.2975	4.14232e-05	0.000967604	0.877	5.70125	4.5314
79	97	Pathway::WP3286_r84312	Copper homeostasis	52	7	0.961022	7.28392	4.30907e-05	0.000991439	1.067	6.56045	5.85874
80	37	Pathway::WP437_r79266	EGF/EGFR Signaling Pathway	162	12	2.99395	4.00808	4.35319e-05	0.000991439	5.684	2.11119	2.87711
81	69	Pathway::PC7_4749	Insulin receptor signalling cascade	92	9	1.70027	5.29328	4.72682e-05	0.00106324	4.3185	2.08406	2.46461
82	97	Pathway::WP2864_r79278	Apoptosis-related network due to altered Notch3 in ovarian cancer	53	7	0.979503	7.14648	4.88844e-05	0.00107806	1.571	4.45576	4.4672
83	37	Pathway::PC7_2926	DAP12 signaling	164	12	3.03091	3.9592	4.91104e-05	0.00107806	7.9865	1.50254	1.69566
84	179	Pathway::PC7_1163	ARMS-mediated activation	23	5	0.425067	11.7628	5.21435e-05	0.00113102	0.985	5.07614	4.16163
85	22	Pathway::PC7_1877	B Cell Activation	194	13	3.58535	3.62587	5.93838e-05	0.00127291	9.5	1.36842	1.46818
86	137	Pathway::PC7_2372	CXCR3-mediated signaling events	38	6	0.702285	8.54354	6.15265e-05	0.0013035	1.5585	3.84986	3.70179
87	81	Pathway::WP2034_r80016	Leptin signaling pathway	75	8	1.38609	5.77164	6.76649e-05	0.00141707	3.326	2.40529	2.77658
88	137	Pathway::PC7_3420	EPHB forward signaling	39	6	0.720766	8.32448	7.16111e-05	0.00148267	1.337	4.48766	4.26842
89	13	Pathway::PC7_7463	Signaling by NGF	286	16	5.28562	3.02708	7.46705e-05	0.00152865	12.5895	1.2709	1.16399
90	179	Pathway::PC7_3983	Frs2-mediated activation	25	5	0.46203	10.8218	7.99054e-05	0.00159986	1.106	4.5208	3.81881
91	179	Pathway::WP205_r80223	IL-7 Signaling Pathway	25	5	0.46203	10.8218	7.99054e-05	0.00159986	1.0105	4.94805	3.99272
92	37	Pathway::PC7_2925	DAP12 interactions	174	12	3.21573	3.73166	8.7288e-05	0.00172868	8.1695	1.46888	1.59941
93	97	Pathway::PC7_7269	SHP2 signaling	58	7	1.07191	6.53041	8.82482e-05	0.00172891	2.281	3.06883	3.27437
94	179	Pathway::PC7_7041	S1P2 pathway	26	5	0.480511	10.4056	9.74626e-05	0.00185186	1.02	4.90196	4.07996
95	97	Pathway::PC7_1178	ATF-2 transcription factor network	59	7	1.09039	6.41972	9.85896e-05	0.00185186	1.826	3.83352	3.96045
96	97	Pathway::PC7_2527	Cell-cell junction organization	59	7	1.09039	6.41972	9.85896e-05	0.00185186	0.9435	7.41918	6.28941
97	97	Pathway::WP304_r78799	Kit receptor signaling pathway	59	7	1.09039	6.41972	9.85896e-05	0.00185186	2.632	2.65957	2.91033
98	81	Pathway::PC7_6914	Regulation of nuclear beta catenin signaling and target gene transcription	80	8	1.47849	5.41091	0.000107517	0.00196465	2.2715	3.5219	4.02878
99	22	Pathway::PC7_5772	NGF signalling via TRKA from the plasma membrane	206	13	3.80712	3.41465	0.000109633	0.00196465	9.8395	1.32121	1.21967
100	137	Pathway::PC7_3806	FCERI mediated MAPK activation	42	6	0.77621	7.72987	0.000109986	0.00196465	2.03	2.95567	3.04297
101	137	Pathway::WP2036_r84527	TWEAK Signaling Pathway	42	6	0.77621	7.72987	0.000109986	0.00196465	1.6265	3.6889	3.56501
102	137	Pathway::WP49_r78543	IL-2 Signaling Pathway	42	6	0.77621	7.72987	0.000109986	0.00196465	1.893	3.16957	3.15406
103	50	Pathway::PC7_7446	Signaling by ERBB4	152	11	2.80914	3.91579	0.000112573	0.00199134	7.118	1.54538	1.68273
104	37	Pathway::PC7_7443	Signaling by EGFR	179	12	3.30813	3.62743	0.000114503	0.00200601	8.588	1.3973	1.40765
105	179	Pathway::PC7_6618	Prolonged ERK activation events	27	5	0.498992	10.0202	0.000117839	0.00204479	1.183	4.22654	3.6221
106	2	Pathway::PC7_4688	Immune System	1122	38	20.7359	1.83257	0.000125336	0.00214359	35.69	1.06472	0.508782
107	137	Pathway::PC7_4938	LKB1 signaling events	43	6	0.794691	7.55011	0.000125886	0.00214359	1.221	4.914	4.32288
108	37	Pathway::PC7_7444	Signaling by EGFR in Cancer	181	12	3.34509	3.58734	0.000127273	0.00214714	8.6735	1.38352	1.37465
109	235	Pathway::WP1545_r84697	miRNAs involved in DNA damage response	15	4	0.277218	14.4291	0.000130969	0.00217666	0.525	7.61905	4.9224
110	60	Pathway::PC7_2526	Cell-Cell communication	129	10	2.38407	4.1945	0.000131412	0.00217666	3.0285	3.30196	4.09121
111	69	Pathway::PC7_3698	ErbB1 downstream signaling	105	9	1.94052	4.63792	0.000133229	0.00218687	4.0105	2.24411	2.79692
112	97	Pathway::PC7_4762	Integrins in angiogenesis	63	7	1.16431	6.01212	0.000150295	0.00242334	2.1435	3.26569	3.40699
113	97	Pathway::PC7_8678	Validated targets of C-MYC transcriptional repression	63	7	1.16431	6.01212	0.000150295	0.00242334	1.649	4.245	4.24924
114	179	Pathway::PC7_2458	Calcium signaling in the CD4+ TCR pathway	29	5	0.535954	9.32915	0.000168242	0.00268892	0.8875	5.6338	4.46104
115	235	Pathway::WP2435_r80008	Quercetin and Nf-kB/ AP-1 Induced Cell Apoptosis	16	4	0.295699	13.5273	0.00017212	0.00272698	0.4475	8.93855	5.44772
116	137	Pathway::WP2873_r79696	Aryl Hydrocarbon Receptor Pathway	46	6	0.850134	7.05771	0.000184767	0.00290212	1.1615	5.16573	4.50133
117	179	Pathway::PC7_1573	Adherens junctions interactions	30	5	0.554435	9.01818	0.000198899	0.00301996	0.474	10.5485	6.69272
118	179	Pathway::PC7_4062	GRB2 events in ERBB2 signaling	30	5	0.554435	9.01818	0.000198899	0.00301996	1.3345	3.74672	3.32321
119	179	Pathway::PC7_6047	Oncogene Induced Senescence	30	5	0.554435	9.01818	0.000198899	0.00301996	1.08	4.62963	3.95456
120	179	Pathway::WP98_r72088	Prostaglandin Synthesis and Regulation	30	5	0.554435	9.01818	0.000198899	0.00301996	0.556	8.99281	6.16946
121	137	Pathway::PC7_4779	Interleukin-2 signaling	47	6	0.868616	6.90754	0.000208603	0.00314111	2.1485	2.79265	2.80345
122	235	Pathway::PC7_6747	RAF/MAP kinase cascade	17	4	0.31418	12.7316	0.000221852	0.00328954	0.7595	5.26662	3.87131
123	97	Pathway::WP1403_r79471	AMPK Signaling	67	7	1.23824	5.65319	0.000222071	0.00328954	2.176	3.21691	3.36675
124	179	Pathway::PC7_1855	Aurora A signaling	31	5	0.572917	8.72727	0.000233637	0.00339527	0.8405	5.94884	4.6073
125	179	Pathway::PC7_6066	Osteopontin-mediated events	31	5	0.572917	8.72727	0.000233637	0.00339527	1.31	3.81679	3.34915
126	137	Pathway::PC7_6542	Posttranslational regulation of adherens junction stability and dissassembly	48	6	0.887097	6.76364	0.000234799	0.00339527	1.323	4.53515	4.21425
127	60	Pathway::PC7_3277	Direct p53 effectors	140	10	2.58737	3.86494	0.000257609	0.00367876	3.1745	3.1501	3.95653
128	50	Pathway::PC7_3326	Downstream signaling events of B Cell Receptor (BCR)	167	11	3.08636	3.56407	0.000258442	0.00367876	8.486	1.29625	1.09059
129	179	Pathway::PC7_7267	SHC1 events in ERBB2 signaling	32	5	0.591398	8.45455	0.000272804	0.00385309	1.438	3.47705	3.1203
130	69	Pathway::PC7_7460	Signaling by Insulin receptor	116	9	2.14382	4.19812	0.000284291	0.00398445	4.729	1.90315	2.10454
131	137	Pathway::PC7_1664	Angiopoietin receptor Tie2-mediated signaling	50	6	0.924059	6.49309	0.000294926	0.00407087	1.8955	3.16539	3.07336
132	137	Pathway::PC7_2440	Calcineurin-regulated NFAT-dependent transcription in lymphocytes	50	6	0.924059	6.49309	0.000294926	0.00407087	1.5035	3.99069	3.76018
133	7	Pathway::PC7_4741	Innate Immune System	570	23	10.5343	2.18335	0.000311752	0.00427077	20.087	1.14502	0.794337
134	312	Pathway::PC7_8660	VEGF binds to VEGFR leading to receptor dimerization	8	3	0.147849	20.2909	0.000324244	0.00440876	0.1085	27.6498	8.8926
135	137	Pathway::PC7_7494	Signaling events mediated by Stem cell factor receptor (c-Kit)	51	6	0.94254	6.36578	0.0003292	0.00444298	1.9665	3.05111	3.01699
136	97	Pathway::WP2572_r79947	Primary Focal Segmental Glomerulosclerosis FSGS	72	7	1.33065	5.26061	0.00034821	0.0046345	1.9585	3.57416	3.77054
137	235	Pathway::WP1742_r71700	TP53 Network	19	4	0.351142	11.3914	0.000351021	0.0046345	0.547	7.31261	4.77565
138	235	Pathway::WP734_r74438	Serotonin Receptor 4/6/7 and NR3C Signaling	19	4	0.351142	11.3914	0.000351021	0.0046345	0.647	6.18238	4.09515
139	235	Pathway::WP732_r80010	Serotonin Receptor 2 and ELK-SRF/GATA4 signaling	20	4	0.369624	10.8218	0.000432494	0.0056691	0.6885	5.80973	4.03821
140	137	Pathway::PC7_3811	FGF signaling pathway	54	6	0.997984	6.01212	0.000451038	0.00582831	2.303	2.6053	2.5883
141	137	Pathway::WP395_r79978	IL-4 Signaling Pathway	54	6	0.997984	6.01212	0.000451038	0.00582831	2.41	2.48963	2.47035
142	179	Pathway::PC7_3360	E-cadherin signaling in the nascent adherens junction	36	5	0.665323	7.51515	0.000481161	0.00617378	1.1895	4.20345	3.56637
143	137	Pathway::WP2018_r79959	RANKL/RANK Signaling Pathway	55	6	1.01647	5.90281	0.000498627	0.00635314	2.225	2.69663	2.63569
144	235	Pathway::PC7_3359	E-cadherin signaling in keratinocytes	21	4	0.388105	10.3065	0.000526613	0.00652713	0.7205	5.5517	3.94983
145	235	Pathway::PC7_4061	GRB2 events in EGFR signaling	21	4	0.388105	10.3065	0.000526613	0.00652713	0.9835	4.06711	3.22068
146	235	Pathway::PC7_7341	SOS-mediated signalling	21	4	0.388105	10.3065	0.000526613	0.00652713	1	4	3.17643
147	235	Pathway::PC7_7438	Signal transduction by L1	21	4	0.388105	10.3065	0.000526613	0.00652713	0.8065	4.9597	3.78451
148	179	Pathway::PC7_4038	GMCSF-mediated signaling events	37	5	0.683804	7.31204	0.000548123	0.00670255	1.672	2.99043	2.699
149	179	Pathway::PC7_4611	IL2 signaling events mediated by PI3K	37	5	0.683804	7.31204	0.000548123	0.00670255	1.6495	3.03122	2.72331
150	81	Pathway::WP399_r79474	Wnt Signaling Pathway and Pluripotency	102	8	1.88508	4.24385	0.000577018	0.00700884	3.3145	2.41364	2.66826
151	137	Pathway::PC7_7786	TCR signaling	57	6	1.05343	5.69569	0.000605476	0.00730581	2.154	2.78552	2.74136
152	235	Pathway::PC7_7263	SHC-mediated signalling	22	4	0.406586	9.83802	0.000634432	0.00755514	1.0185	3.92734	3.12691
153	235	Pathway::PC7_7266	SHC1 events in EGFR signaling	22	4	0.406586	9.83802	0.000634432	0.00755514	1.046	3.82409	3.07828
154	312	Pathway::PC7_1551	Activation of the AP-1 family of transcription factors	10	3	0.184812	16.2327	0.000676107	0.00794753	0.4165	7.20288	4.20191
155	312	Pathway::PC7_8659	VEGF and VEGFR signaling network	10	3	0.184812	16.2327	0.000676107	0.00794753	0.162	18.5185	7.0783
156	81	Pathway::PC7_7426	Senescence-Associated Secretory Phenotype (SASP)	105	8	1.94052	4.1226	0.000700149	0.00805309	5.2615	1.52048	1.35193
157	179	Pathway::PC7_3324	Downstream TCR signaling	39	5	0.720766	6.93706	0.000702767	0.00805309	1.579	3.16656	2.81132
158	179	Pathway::PC7_7499	Signaling events regulated by Ret tyrosine kinase	39	5	0.720766	6.93706	0.000702767	0.00805309	1.493	3.34896	2.95663
159	179	Pathway::WP2526_r82681	PDGF Pathway	39	5	0.720766	6.93706	0.000702767	0.00805309	1.8195	2.74801	2.54977
160	235	Pathway::WP712_r78491	Estrogen signaling pathway	23	4	0.425067	9.41028	0.00075702	0.00856957	1.059	3.77715	3.04229
161	8	Pathway::PC7_3084	Developmental Biology	494	20	9.1297	2.19065	0.000757245	0.00856957	13.6085	1.46967	1.87853
162	179	Pathway::WP2516_r84490	ATM Signaling Pathway	40	5	0.739247	6.76364	0.000791309	0.00889978	1.45	3.44828	3.07651
163	137	Pathway::PC7_3885	Fc-epsilon receptor I signaling in mast cells	61	6	1.12735	5.32221	0.000871851	0.00974547	2.385	2.51572	2.53425
164	97	Pathway::PC7_2524	Cell junction organization	84	7	1.55242	4.50909	0.000889793	0.00982547	1.578	4.43599	4.40956
165	97	Pathway::WP1544_r84696	MicroRNAs in cardiomyocyte hypertrophy	84	7	1.55242	4.50909	0.000889793	0.00982547	3.3925	2.06338	2.05675
166	97	Pathway::PC7_6395	Peptide hormone metabolism	85	7	1.5709	4.45604	0.000954831	0.0104801	1.666	4.20168	4.12086
167	179	Pathway::PC7_3855	FOXM1 transcription factor network	42	5	0.77621	6.44156	0.000993044	0.0107207	1.407	3.55366	3.07944
168	179	Pathway::PC7_7660	Stabilization and expansion of the E-cadherin adherens junction	42	5	0.77621	6.44156	0.000993044	0.0107207	0.9745	5.13084	4.15453
169	416	Pathway::PC7_3358	E-cadherin signaling events	3	2	0.0554435	36.0727	0.00100617	0.0107207	0.035	57.1429	10.6921
170	416	Pathway::PC7_4734	Inhibition of TSC complex formation by PKB	3	2	0.0554435	36.0727	0.00100617	0.0107207	0.0615	32.5203	8.06884
171	416	Pathway::PC7_6085	Oxygen-dependent asparagine hydroxylation of Hypoxia-inducible Factor Alpha	3	2	0.0554435	36.0727	0.00100617	0.0107207	0.018	111.111	14.9077
172	97	Pathway::PC7_2679	Constitutive PI3K/AKT Signaling in Cancer	86	7	1.58938	4.40423	0.00102356	0.0108426	4.2665	1.64069	1.45935
173	235	Pathway::PC7_7042	S1P3 pathway	25	4	0.46203	8.65745	0.00105079	0.0109402	1.056	3.78788	3.08638
174	235	Pathway::PC7_7264	SHC-related events	25	4	0.46203	8.65745	0.00105079	0.0109402	1.1395	3.51031	2.82535
175	235	Pathway::PC7_8061	TRAIL signaling pathway	25	4	0.46203	8.65745	0.00105079	0.0109402	0.8715	4.58979	3.40137
176	179	Pathway::PC7_4556	IFN-gamma pathway	43	5	0.794691	6.29175	0.00110714	0.0114615	1.713	2.91886	2.62195
177	235	Pathway::PC7_7462	Signaling by Leptin	26	4	0.480511	8.32448	0.00122412	0.0124572	1.1785	3.39415	2.71923
178	179	Pathway::PC7_7503	Signalling to ERKs	44	5	0.813172	6.14876	0.00123068	0.0124572	1.9	2.63158	2.35621
179	179	Pathway::WP1971_r82939	Integrated Cancer Pathway	44	5	0.813172	6.14876	0.00123068	0.0124572	1.775	2.8169	2.51878
180	179	Pathway::WP2332_r79525	Interleukin-11 Signaling Pathway	44	5	0.813172	6.14876	0.00123068	0.0124572	1.9115	2.61575	2.30417
181	137	Pathway::WP2324_r78487	AGE/RAGE pathway	66	6	1.21976	4.91901	0.00132247	0.0133124	2.7945	2.14707	2.08472
182	235	Pathway::PC7_12079	mTOR signalling	27	4	0.498992	8.01616	0.00141652	0.0141807	1.0125	3.95062	3.10904
183	137	Pathway::WP428_r79854	Wnt Signaling Pathway	67	6	1.23824	4.84559	0.00143071	0.0142445	2.267	2.64667	2.59731
184	137	Pathway::WP45_r80001	G1 to S cell cycle control	68	6	1.25672	4.77433	0.00154557	0.015153	2.6	2.30769	2.25023
185	137	Pathway::WP707_r82937	DNA Damage Response	68	6	1.25672	4.77433	0.00154557	0.015153	2.3655	2.53646	2.42683
186	312	Pathway::WP1434_r78545	Osteopontin Signaling	13	3	0.240255	12.4867	0.0015469	0.015153	0.534	5.61798	3.48451
187	235	Pathway::PC7_6175	PKB-mediated events	28	4	0.517473	7.72987	0.00162905	0.0157044	1.0475	3.81862	3.01457
188	235	Pathway::PC7_7268	SHC1 events in ERBB4 signaling	28	4	0.517473	7.72987	0.00162905	0.0157044	1.2975	3.08285	2.48891
189	235	Pathway::PC7_8667	VEGFR2 mediated vascular permeability	28	4	0.517473	7.72987	0.00162905	0.0157044	1.282	3.12012	2.65316
190	179	Pathway::PC7_4637	IL6-mediated signaling events	47	5	0.868616	5.75629	0.00166263	0.0159438	1.9005	2.63089	2.35678
191	137	Pathway::WP1530_r84694	miRNA Regulation of DNA Damage Response	71	6	1.31216	4.5726	0.00193258	0.0184354	2.434	2.46508	2.34694
192	416	Pathway::PC7_1223	Abnormal metabolism in phenylketonuria	4	2	0.0739247	27.0545	0.00198787	0.0187663	0.021	95.2381	13.8021
193	416	Pathway::PC7_5888	Neurophilin interactions with VEGF and VEGFR	4	2	0.0739247	27.0545	0.00198787	0.0187663	0.0535	37.3832	8.56586
194	179	Pathway::WP2946_r83779	Imatinib Resistance in Chronic Myeloid Leukemia	49	5	0.905578	5.52134	0.00200652	0.0188447	1.076	4.64684	3.9099
195	97	Pathway::WP23_r79985	B Cell Receptor Signaling Pathway	97	7	1.79267	3.90478	0.00206642	0.0193078	3.8395	1.82315	1.7449
196	235	Pathway::PC7_4593	IL12 signaling mediated by STAT4	30	4	0.554435	7.21455	0.00211876	0.0195958	0.985	4.06091	3.10351
197	235	Pathway::PC7_5867	Nectin adhesion pathway	30	4	0.554435	7.21455	0.00211876	0.0195958	1.0595	3.77537	2.94794
198	97	Pathway::PC7_6149	PI-3K cascade	98	7	1.81116	3.86494	0.00219148	0.020166	4.8475	1.44404	1.09641
199	235	Pathway::PC7_5970	Nongenotropic Androgen signaling	31	4	0.572917	6.98182	0.00239803	0.0219559	1.3065	3.06162	2.49061
200	97	Pathway::PC7_6157	PI3K/AKT activation	101	7	1.8666	3.75014	0.00260199	0.0235862	4.9845	1.40435	1.01152
201	97	Pathway::WP2064_r79263	Neural Crest Differentiation	101	7	1.8666	3.75014	0.00260199	0.0235862	2.4805	2.82201	2.93535
202	97	Pathway::PC7_4012	GAB1 signalosome	102	7	1.88508	3.71337	0.00275119	0.024693	5.0355	1.39013	0.978801
203	97	Pathway::WP75_r83867	Toll-like Receptor Signaling Pathway	102	7	1.88508	3.71337	0.00275119	0.024693	3.9535	1.77058	1.63915
204	312	Pathway::PC7_7659	Spry regulation of FGF signaling	16	3	0.295699	10.1455	0.00290799	0.0259724	0.6955	4.31344	2.87663
205	235	Pathway::PC7_4370	HIV-1 Nef: Negative effector of Fas and TNF-alpha	33	4	0.609879	6.55868	0.00303059	0.0268045	1.2905	3.09957	2.46307
206	235	Pathway::WP244_r78506	Alpha 6 Beta 4 signaling pathway	33	4	0.609879	6.55868	0.00303059	0.0268045	1.403	2.85103	2.26161
207	97	Pathway::PC7_6994	Role of LAT2/NTAL/LAB on calcium mobilization	104	7	1.92204	3.64196	0.00306926	0.0269417	5.172	1.35344	0.905726
208	179	Pathway::PC7_6740	RAC1 signaling pathway	54	5	0.997984	5.0101	0.00309046	0.0269417	1.772	2.82167	2.49416
209	179	Pathway::WP560_r83868	TGF-beta Receptor Signaling	54	5	0.997984	5.0101	0.00309046	0.0269417	1.7295	2.89101	2.56691
210	137	Pathway::WP2328_r84648	Allograft Rejection	78	6	1.44153	4.16224	0.00311796	0.027052	2.2635	2.65076	2.59138
211	416	Pathway::PC7_4064	GRB7 events in ERBB2 signaling	5	2	0.0924059	21.6436	0.0032729	0.0279963	0.1265	15.8103	5.33119
212	416	Pathway::PC7_6745	RAF activation	5	2	0.0924059	21.6436	0.0032729	0.0279963	0.1755	11.396	4.46865
213	416	Pathway::WP2868_r78079	TCA Cycle Nutrient Utilization and Invasiveness of Ovarian Cancer	5	2	0.0924059	21.6436	0.0032729	0.0279963	0.1795	11.1421	4.49158
214	137	Pathway::PC7_12279	p73 transcription factor network	79	6	1.46001	4.10955	0.00332367	0.0280358	2.2615	2.65311	2.62448
215	137	Pathway::PC7_8677	Validated targets of C-MYC transcriptional activation	79	6	1.46001	4.10955	0.00332367	0.0280358	1.8635	3.21975	3.12791
216	137	Pathway::WP2059_r82906	Alzheimers Disease	79	6	1.46001	4.10955	0.00332367	0.0280358	2.4125	2.48705	2.40003
217	235	Pathway::PC7_7504	Signalling to RAS	34	4	0.62836	6.36578	0.00338588	0.0284289	1.531	2.61267	2.09793
218	312	Pathway::PC7_2072	Beta-catenin phosphorylation cascade	17	3	0.31418	9.54866	0.0034836	0.0291152	0.66	4.54545	3.0636
219	235	Pathway::PC7_3700	ErbB4 signaling events	35	4	0.646841	6.1839	0.0037685	0.0313526	1.369	2.92184	2.36096
220	97	Pathway::PC7_7461	Signaling by Interleukins	108	7	1.99597	3.50707	0.00378915	0.031381	4.8005	1.45818	1.0976
221	179	Pathway::PC7_2506	Caspase Cascade in Apoptosis	57	5	1.05343	4.74641	0.00391437	0.0322714	1.8095	2.76319	2.46064
222	312	Pathway::PC7_8275	Tie2 Signaling	18	3	0.332661	9.01818	0.00412409	0.033844	0.6415	4.67654	3.0863
223	235	Pathway::PC7_2255	CD40/CD40L signaling	36	4	0.665323	6.01212	0.00417942	0.033844	1.3815	2.8954	2.31811
224	235	Pathway::PC7_8430	Trk receptor signaling mediated by PI3K and PLC-gamma	36	4	0.665323	6.01212	0.00417942	0.033844	1.64	2.43902	1.94888
225	235	Pathway::WP1471_r82750	TOR Signaling	36	4	0.665323	6.01212	0.00417942	0.033844	1.061	3.77003	2.85693
226	235	Pathway::PC7_4614	IL23-mediated signaling events	37	4	0.683804	5.84963	0.00461958	0.0372428	1.142	3.50263	2.7178
227	416	Pathway::PC7_6927	Release of eIF4E	6	2	0.110887	18.0364	0.00484984	0.0387562	0.206	9.70874	4.22189
228	416	Pathway::WP2249_r84646	Metastatic brain tumor	6	2	0.110887	18.0364	0.00484984	0.0387562	0.208	9.61538	4.09248
229	179	Pathway::PC7_4594	IL12-mediated signaling events	60	5	1.10887	4.50909	0.00488475	0.0388647	1.9375	2.58065	2.26971
230	235	Pathway::PC7_2832	Cyclin D associated events in G1	38	4	0.702285	5.69569	0.0050899	0.0403208	1.5655	2.55509	2.04104
231	179	Pathway::PC7_5893	Neurotrophic factor-mediated Trk receptor signaling	61	5	1.12735	4.43517	0.00524304	0.0413542	2.134	2.34302	2.055
232	137	Pathway::WP2446_r84651	Retinoblastoma (RB) in Cancer	87	6	1.60786	3.73166	0.00535225	0.0420337	2.9315	2.04673	1.87166
233	312	Pathway::WP516_r71358	Hypertrophy Model	20	3	0.369624	8.11636	0.00560784	0.0438518	0.44	6.81818	3.95771
234	235	Pathway::PC7_7495	Signaling events mediated by TCPTP	40	4	0.739247	5.41091	0.00612461	0.0476882	1.6265	2.45927	1.87
235	81	Pathway::WP51_r79977	Regulation of Actin Cytoskeleton	149	8	2.7537	2.90519	0.00631633	0.0489717	5.001	1.59968	1.42182
236	312	Pathway::PC7_12267	p38 signaling mediated by MAPKAP kinases	21	3	0.388105	7.72987	0.00645471	0.0498325	0.766	3.91645	2.65081
237	137	Pathway::WP231_r81070	TNF alpha Signaling Pathway	91	6	1.68179	3.56763	0.00665227	0.0507106	3.533	1.69827	1.41962
238	416	Pathway::PC7_11039	binding of TCF/LEF:CTNNB1 to target gene promoters	7	2	0.129368	15.4597	0.0067076	0.0507106	0.201	9.95025	4.0067
239	416	Pathway::PC7_5139	MEK activation	7	2	0.129368	15.4597	0.0067076	0.0507106	0.2935	6.81431	3.21719
240	416	Pathway::WP3300_r81234	Dual hijack model of Vif in HIV infection	7	2	0.129368	15.4597	0.0067076	0.0507106	0.1185	16.8776	5.63572
241	416	Pathway::WP3593_r84853	miR-148a/miR-31/FIH1/HIF1α-Notch signaling in glioblastoma 	7	2	0.129368	15.4597	0.0067076	0.0507106	0.145	13.7931	4.95814
242	179	Pathway::WP176_r82704	Folate Metabolism	65	5	1.20128	4.16224	0.00686323	0.0516728	1.77	2.82486	2.5084
243	235	Pathway::WP314_r80438	FAS pathway and Stress induction of HSP regulation	42	4	0.77621	5.15325	0.0072905	0.0546405	1.5335	2.60841	2.09215
244	179	Pathway::PC7_2701	Costimulation by the CD28 family	66	5	1.21976	4.09917	0.00731739	0.0546405	2.694	1.85598	1.48686
245	69	Pathway::PC7_2529	Cellular Senescence	186	9	3.4375	2.61818	0.00752435	0.0559566	7.929	1.13507	0.438553
246	235	Pathway::WP716_r83589	Vitamin A and Carotenoid Metabolism	43	4	0.794691	5.0334	0.00792469	0.0586857	0.73	5.47945	3.87777
247	81	Pathway::PC7_1684	Apoptosis	155	8	2.86458	2.79273	0.00795575	0.0586857	6.138	1.30336	0.849356
248	179	Pathway::PC7_5697	NCAM signaling for neurite out-growth	68	5	1.25672	3.97861	0.00828788	0.0604021	2.217	2.2553	1.91006
249	179	Pathway::PC7_6153	PI3K Cascade	68	5	1.25672	3.97861	0.00828788	0.0604021	3.241	1.54273	1.04324
250	179	Pathway::WP2853_r83014	Endoderm Differentiation	68	5	1.25672	3.97861	0.00828788	0.0604021	1.458	3.42936	3.05727
251	312	Pathway::PC7_7492	Signaling events mediated by PRL	23	3	0.425067	7.05771	0.0083662	0.06073	0.708	4.23729	2.78821
252	235	Pathway::PC7_3864	FRS2-mediated cascade	44	4	0.813172	4.91901	0.00859409	0.0621367	2.298	1.74064	1.19392
253	416	Pathway::PC7_5889	Neurotransmitter Clearance In The Synaptic Cleft	8	2	0.147849	13.5273	0.00883539	0.0636288	0.187	10.6952	4.29685
254	235	Pathway::PC7_10400	a6b1 and a6b4 Integrin signaling	45	4	0.831653	4.8097	0.00929946	0.066186	1.6475	2.42792	1.9181
255	235	Pathway::PC7_4761	Integrin-linked kinase signaling	45	4	0.831653	4.8097	0.00929946	0.066186	1.147	3.48736	2.68937
256	235	Pathway::PC7_6670	Pyruvate metabolism and Citric Acid (TCA) cycle	45	4	0.831653	4.8097	0.00929946	0.066186	0.7385	5.41638	3.78091
257	312	Pathway::PC7_6669	Pyruvate metabolism	24	3	0.443548	6.76364	0.00943345	0.0668784	0.42	7.14286	4.03125
258	312	Pathway::PC7_8668	VEGFR3 signaling in lymphatic endothelium	25	3	0.46203	6.49309	0.0105765	0.0746917	1.0575	2.83688	1.95013
259	235	Pathway::PC7_5983	Notch-mediated HES/HEY network	47	4	0.868616	4.60503	0.0108209	0.0761226	1.3515	2.95967	2.31053
260	179	Pathway::PC7_3362	E2F transcription factor network	73	5	1.34913	3.7061	0.0110975	0.0777676	2.213	2.25938	1.90487
261	235	Pathway::WP534_r78585	Glycolysis and Gluconeogenesis	48	4	0.887097	4.50909	0.0116384	0.0812459	0.84	4.7619	3.57937
262	312	Pathway::WP530_r79331	Cytokines and Inflammatory Response	26	3	0.480511	6.24336	0.0117964	0.0817228	0.7765	3.86349	2.65277
263	312	Pathway::WP581_r67199	EPO Receptor Signaling	26	3	0.480511	6.24336	0.0117964	0.0817228	1.0975	2.73349	1.89494
264	3	Pathway::PC7_3278	Disease	1251	34	23.12	1.47059	0.0121406	0.0837888	41.3055	0.823135	-1.59335
265	235	Pathway::WP286_r78583	IL-3 Signaling Pathway	49	4	0.905578	4.41707	0.0124946	0.0859062	2.315	1.72786	1.17778
266	416	Pathway::PC7_6893	Regulation of Rheb GTPase activity by AMPK	10	2	0.184812	10.8218	0.0138594	0.0949314	0.344	5.81395	2.87549
267	97	Pathway::WP1449_r81172	Regulation of toll-like receptor signaling pathway	139	7	2.56888	2.72492	0.0144514	0.0976437	4.8825	1.43369	1.0062
268	312	Pathway::PC7_5882	Nephrin/Neph1 signaling in the kidney podocyte	28	3	0.517473	5.7974	0.0144697	0.0976437	1.187	2.52738	1.75103
269	312	Pathway::WP2361_r84551	Gastric Cancer Network 1	28	3	0.517473	5.7974	0.0144697	0.0976437	0.6415	4.67654	3.00995
270	312	Pathway::WP2643_r74251	Nanoparticle-mediated activation of receptor signaling	28	3	0.517473	5.7974	0.0144697	0.0976437	1.2915	2.32288	1.58458
271	312	Pathway::PC7_2335	CREB phosphorylation through the activation of Ras	29	3	0.535954	5.59749	0.0159243	0.105891	1.074	2.7933	1.94702
272	312	Pathway::PC7_6564	Pre-NOTCH Transcription and Translation	29	3	0.535954	5.59749	0.0159243	0.105891	1.1095	2.70392	1.82293
273	312	Pathway::PC7_7313	SMAD2/SMAD3:SMAD4 heterotrimer regulates transcription	29	3	0.535954	5.59749	0.0159243	0.105891	1.0625	2.82353	1.91038
274	312	Pathway::WP2583_r84488	T-Cell Receptor and Co-stimulatory Signaling	29	3	0.535954	5.59749	0.0159243	0.105891	1.0715	2.79981	1.92333
275	179	Pathway::PC7_3886	Fcgamma receptor (FCGR) dependent phagocytosis	80	5	1.47849	3.38182	0.0160325	0.106222	2.7475	1.81984	1.38744
276	235	Pathway::WP2406_r73324	Cardiac Progenitor Differentiation	53	4	0.979503	4.0837	0.0163179	0.107722	1.2625	3.16832	2.48188
277	416	Pathway::PC7_12080	mTORC1-mediated signalling	11	2	0.203293	9.83802	0.0167354	0.109631	0.4415	4.53001	2.48739
278	416	Pathway::PC7_1687	Apoptotic cleavage of cell adhesion proteins	11	2	0.203293	9.83802	0.0167354	0.109631	0.1785	11.2045	4.40952
279	179	Pathway::PC7_6913	Regulation of nuclear SMAD2/3 signaling	81	5	1.49698	3.34007	0.0168395	0.109631	2.7335	1.82916	1.41367
280	37	Pathway::PC7_1863	Axon guidance	324	12	5.9879	2.00404	0.0168478	0.109631	9.003	1.33289	1.05174
281	97	Pathway::WP2884_r83041	NRF2 pathway	144	7	2.66129	2.6303	0.0172482	0.111611	2.8855	2.42592	2.46665
282	312	Pathway::PC7_4574	IGF1 pathway	30	3	0.554435	5.41091	0.0174583	0.111611	1.4305	2.09717	1.38825
283	312	Pathway::PC7_4612	IL2 signaling events mediated by STAT5	30	3	0.554435	5.41091	0.0174583	0.111611	1.2355	2.42817	1.64538
284	312	Pathway::PC7_5078	MAPK targets/ Nuclear events mediated by MAP kinases	30	3	0.554435	5.41091	0.0174583	0.111611	1.4295	2.09864	1.38812
285	312	Pathway::WP408_r78546	Oxidative Stress	30	3	0.554435	5.41091	0.0174583	0.111611	0.7915	3.79027	2.64339
286	235	Pathway::WP195_r79965	IL-1 signaling pathway	55	4	1.01647	3.93521	0.0184762	0.117295	2.4535	1.63032	1.02671
287	235	Pathway::WP2795_r78544	Cardiac Hypertrophic Response	55	4	1.01647	3.93521	0.0184762	0.117295	2.41	1.65975	1.07964
288	312	Pathway::PC7_11463	disassembly of the destruction complex and recruitment of AXIN to the membrane	31	3	0.572917	5.23636	0.0190719	0.119824	1.1675	2.56959	1.79395
289	312	Pathway::WP2112_r63216	IL17 signaling pathway	31	3	0.572917	5.23636	0.0190719	0.119824	0.9125	3.28767	2.31538
290	312	Pathway::WP2363_r84552	Gastric Cancer Network 2	31	3	0.572917	5.23636	0.0190719	0.119824	0.4735	6.3358	3.70385
291	416	Pathway::PC7_3433	ERK activation	12	2	0.221774	9.01818	0.0198413	0.122962	0.584	3.42466	1.93241
292	416	Pathway::PC7_3437	ERKs are inactivated	12	2	0.221774	9.01818	0.0198413	0.122962	0.4825	4.14508	2.3452
293	416	Pathway::PC7_6955	Reversible hydration of carbon dioxide	12	2	0.221774	9.01818	0.0198413	0.122962	0.096	20.8333	6.15206
294	416	Pathway::WP3301_r81279	MFAP5-mediated ovarian cancer cell motility and invasiveness	12	2	0.221774	9.01818	0.0198413	0.122962	0.3845	5.20156	2.64993
295	179	Pathway::WP15_r82705	Selenium Micronutrient Network	85	5	1.5709	3.18289	0.0203367	0.125605	1.9975	2.50313	2.15874
296	312	Pathway::PC7_2251	CD28 co-stimulation	32	3	0.591398	5.07273	0.0207654	0.126961	1.539	1.94932	1.23677
297	312	Pathway::PC7_6898	Regulation of beta-cell development	32	3	0.591398	5.07273	0.0207654	0.126961	0.87	3.44828	2.39175
298	312	Pathway::WP34_r72115	Ovarian Infertility Genes	32	3	0.591398	5.07273	0.0207654	0.126961	0.7255	4.13508	2.71245
299	137	Pathway::PC7_6072	Oxidative Stress Induced Senescence	119	6	2.19926	2.72819	0.0227804	0.138816	5.5285	1.08529	0.222858
300	416	Pathway::PC7_1063	AKT phosphorylates targets in the cytosol	13	2	0.240255	8.32448	0.0231675	0.139772	0.6275	3.18725	1.80726
301	416	Pathway::PC7_1580	Advanced glycosylation endproduct receptor signaling	13	2	0.240255	8.32448	0.0231675	0.139772	0.344	5.81395	2.87116
302	416	Pathway::WP2881_r79603	Estrogen Receptor Pathway	13	2	0.240255	8.32448	0.0231675	0.139772	0.388	5.15464	2.59307
303	13	Pathway::PC7_4449	Hemostasis	505	16	9.333	1.71435	0.0242589	0.145513	15.618	1.02446	0.107809
304	179	Pathway::WP138_r79958	Androgen receptor signaling pathway	89	5	1.64483	3.03984	0.0242787	0.145513	2.8985	1.72503	1.28102
305	312	Pathway::PC7_4588	IL1-mediated signaling events	34	3	0.62836	4.77433	0.0243924	0.145714	1.3345	2.24803	1.48634
306	97	Pathway::WP706_r80056	SIDS Susceptibility Pathways	156	7	2.88306	2.42797	0.0254813	0.151722	3.99	1.75439	1.58052
307	312	Pathway::PC7_2625	Class I PI3K signaling events mediated by Akt	35	3	0.646841	4.63792	0.0263258	0.155453	1.664	1.80288	1.08006
308	416	Pathway::PC7_1851	Atypical NF-kappaB pathway	14	2	0.258737	7.72987	0.0267051	0.155453	0.6325	3.16206	1.81858
309	416	Pathway::PC7_4301	Golgi Cisternae Pericentriolar Stack Reorganization	14	2	0.258737	7.72987	0.0267051	0.155453	0.331	6.0423	2.93922
310	416	Pathway::PC7_7043	S1P4 pathway	14	2	0.258737	7.72987	0.0267051	0.155453	0.544	3.67647	2.06725
311	416	Pathway::PC7_7436	Signal attenuation	14	2	0.258737	7.72987	0.0267051	0.155453	0.5955	3.35852	1.89922
312	416	Pathway::PC7_7753	Synthesis of Prostaglandins (PG) and Thromboxanes (TX)	14	2	0.258737	7.72987	0.0267051	0.155453	0.277	7.22022	3.34534
313	416	Pathway::WP229_r68389	Irinotecan Pathway	14	2	0.258737	7.72987	0.0267051	0.155453	0.2715	7.36648	3.30946
314	312	Pathway::PC7_5673	N-cadherin signaling events	36	3	0.665323	4.50909	0.0283392	0.164439	1.3	2.30769	1.58457
315	235	Pathway::PC7_3670	Endothelins	63	4	1.16431	3.4355	0.0288325	0.166771	2.8355	1.41069	0.755398
316	235	Pathway::PC7_8675	Validated nuclear estrogen receptor alpha network	64	4	1.1828	3.38182	0.0303261	0.173347	1.5315	2.61182	2.03875
317	235	Pathway::WP474_r80208	Endochondral Ossification	64	4	1.1828	3.38182	0.0303261	0.173347	1.725	2.31884	1.8137
318	312	Pathway::PC7_6533	Post NMDA receptor activation events	37	3	0.683804	4.38722	0.0304321	0.173347	1.493	2.00938	1.30529
319	416	Pathway::PC7_1696	Arf6 downstream pathway	15	2	0.277218	7.21455	0.0304451	0.173347	0.4215	4.74496	2.5026
320	416	Pathway::WP3_r79527	Transcriptional activation by NRF2	15	2	0.277218	7.21455	0.0304451	0.173347	0.3615	5.5325	2.85305
321	179	Pathway::PC7_4917	L1CAM interactions	96	5	1.77419	2.81818	0.0322981	0.182224	2.737	1.82682	1.41719
322	312	Pathway::PC7_1688	Apoptotic cleavage of cellular proteins	38	3	0.702285	4.27177	0.0326042	0.182224	1.014	2.95858	2.01981
323	312	Pathway::PC7_2530	Cellular response to heat stress	38	3	0.702285	4.27177	0.0326042	0.182224	1.3365	2.24467	1.43744
324	312	Pathway::PC7_4783	Internalization of ErbB1	38	3	0.702285	4.27177	0.0326042	0.182224	1.378	2.17707	1.46007
325	312	Pathway::PC7_7718	Syndecan-1-mediated signaling events	38	3	0.702285	4.27177	0.0326042	0.182224	1.1705	2.56301	1.7609
326	312	Pathway::WP2371_r84649	Parkinsons Disease Pathway	38	3	0.702285	4.27177	0.0326042	0.182224	0.9245	3.245	2.1594
327	60	Pathway::PC7_2907	Cytokine Signaling in Immune system	278	10	5.13777	1.94637	0.0332728	0.185391	10.3665	0.964646	-0.127955
328	235	Pathway::PC7_7787	TCR signaling in naïve CD4+ T cells	66	4	1.21976	3.27934	0.0334483	0.185801	2.5515	1.56771	0.957541
329	416	Pathway::PC7_5323	Metabolism of Angiotensinogen to Angiotensins	16	2	0.295699	6.76364	0.0343789	0.188103	0.243	8.23045	3.50734
330	416	Pathway::PC7_6917	Regulation of pyruvate dehydrogenase (PDH) complex	16	2	0.295699	6.76364	0.0343789	0.188103	0.295	6.77966	3.19952
331	416	Pathway::WP1946_r79691	Cori Cycle	16	2	0.295699	6.76364	0.0343789	0.188103	0.291	6.87285	3.19387
332	416	Pathway::WP206_r68882	Fatty Acid Omega Oxidation	16	2	0.295699	6.76364	0.0343789	0.188103	0.3475	5.7554	2.80228
333	416	Pathway::WP53_r67360	ID signaling pathway	16	2	0.295699	6.76364	0.0343789	0.188103	0.449	4.45434	2.34516
334	617	Pathway::PC7_12320	phospho-PLA2 pathway	2	1	0.0369624	27.0545	0.0366228	0.199185	0.0455	21.978	4.58018
335	617	Pathway::PC7_8322	Transcriptional activation of cell cycle inhibitor p21	2	1	0.0369624	27.0545	0.0366228	0.199185	0.0545	18.3486	4.16517
336	1	Pathway::PC7_7439	Signaling Pathways	1944	46	35.9274	1.28036	0.0368969	0.200078	53.927	0.853005	-1.49272
337	312	Pathway::PC7_5876	Negative regulation of FGFR signaling	40	3	0.739247	4.05818	0.0371848	0.201041	2.088	1.43678	0.669385
338	97	Pathway::PC7_2098	Biological oxidations	170	7	3.1418	2.22802	0.038088	0.205099	3.474	2.01497	1.8988
339	235	Pathway::WP1982_r79943	SREBP signalling	69	4	1.2752	3.13676	0.0384714	0.205099	1.916	2.08768	1.53512
340	416	Pathway::PC7_3671	Energy dependent regulation of mTOR by LKB1-AMPK	17	2	0.31418	6.36578	0.0384983	0.205099	0.592	3.37838	1.89418
341	416	Pathway::PC7_7766	Synthesis, secretion, and deacylation of Ghrelin	17	2	0.31418	6.36578	0.0384983	0.205099	0.349	5.73066	2.86882
342	416	Pathway::WP22_r79264	IL-9 Signaling Pathway	17	2	0.31418	6.36578	0.0384983	0.205099	0.739	2.70636	1.51382
343	137	Pathway::PC7_5528	Mitotic G1-G1/S phases	135	6	2.49496	2.40485	0.0388935	0.2066	6.144	0.976562	-0.0657729
344	312	Pathway::PC7_1539	Activation of NMDA receptor upon glutamate binding and postsynaptic events	41	3	0.757728	3.9592	0.0395923	0.208489	1.578	1.90114	1.19
345	312	Pathway::PC7_6507	Plasma membrane estrogen receptor signaling	41	3	0.757728	3.9592	0.0395923	0.208489	1.7495	1.71478	1.01271
346	312	Pathway::PC7_8325	Transcriptional activity of SMAD2/SMAD3:SMAD4 heterotrimer	41	3	0.757728	3.9592	0.0395923	0.208489	1.53	1.96078	1.20666
347	179	Pathway::WP179_r70629	Cell Cycle	102	5	1.88508	2.65241	0.040352	0.211877	3.9355	1.27049	0.558461
348	312	Pathway::PC7_2012	BMP receptor signaling	42	3	0.77621	3.86494	0.042077	0.2203	1.0085	2.97471	1.98513
349	416	Pathway::PC7_3062	Degradation of beta catenin	18	2	0.332661	6.01212	0.0427951	0.222779	0.7195	2.77971	1.56576
350	416	Pathway::WP697_r80025	Estrogen metabolism	18	2	0.332661	6.01212	0.0427951	0.222779	0.4205	4.75624	2.50468
351	312	Pathway::PC7_2080	Beta3 integrin cell surface interactions	43	3	0.794691	3.77505	0.0446385	0.231055	1.361	2.20426	1.47384
352	312	Pathway::WP364_r83783	IL-6 signaling pathway	43	3	0.794691	3.77505	0.0446385	0.231055	2.043	1.46843	0.712682
353	416	Pathway::PC7_3419	EPHA2 forward signaling	19	2	0.351142	5.69569	0.0472614	0.239935	0.7915	2.52685	1.41152
354	416	Pathway::PC7_7487	Signaling by constitutively active EGFR	19	2	0.351142	5.69569	0.0472614	0.239935	0.953	2.09864	1.13112
355	416	Pathway::PC7_7743	Synthesis of PC	19	2	0.351142	5.69569	0.0472614	0.239935	0.3405	5.87372	2.83951
356	416	Pathway::PC7_7767	Synthesis, secretion, and inactivation of Glucagon-like Peptide-1 (GLP-1)	19	2	0.351142	5.69569	0.0472614	0.239935	0.456	4.38596	2.34353
357	416	Pathway::WP3287_r84570	Overview of nanoparticle effects	19	2	0.351142	5.69569	0.0472614	0.239935	0.6775	2.95203	1.63597
358	416	Pathway::WP384_r67054	Apoptosis Modulation by HSP70	19	2	0.351142	5.69569	0.0472614	0.239935	0.806	2.48139	1.37838
359	312	Pathway::WP1591_r84699	Heart Development	44	3	0.813172	3.68926	0.0472758	0.239935	1.07	2.80374	1.80912
360	235	Pathway::PC7_8054	TRAF6 Mediated Induction of proinflammatory cytokines	75	4	1.38609	2.88582	0.0497455	0.250906	3.775	1.0596	0.126067
361	312	Pathway::PC7_2624	Class I PI3K signaling events	45	3	0.831653	3.60727	0.0499884	0.250906	1.63	1.84049	1.10466
362	312	Pathway::PC7_6561	Pre-NOTCH Expression and Processing	45	3	0.831653	3.60727	0.0499884	0.250906	1.522	1.97109	1.25339
363	312	Pathway::PC7_6958	RhoA signaling pathway	45	3	0.831653	3.60727	0.0499884	0.250906	1.463	2.05058	1.32009
364	179	Pathway::PC7_7465	Signaling by NOTCH	109	5	2.01445	2.48207	0.0511654	0.255521	3.7975	1.31666	0.648959
365	81	Pathway::PC7_6512	Platelet activation, signaling and aggregation	220	8	4.06586	1.9676	0.0511924	0.255521	8.283	0.965834	-0.106186
366	416	Pathway::PC7_2468	Canonical Wnt signaling pathway	20	2	0.369624	5.41091	0.0518896	0.255521	0.6005	3.33056	1.88898
367	416	Pathway::PC7_4725	Inflammasomes	20	2	0.369624	5.41091	0.0518896	0.255521	0.508	3.93701	2.17184
368	416	Pathway::PC7_6883	Regulation of HSF1-mediated heat shock response	20	2	0.369624	5.41091	0.0518896	0.255521	0.6975	2.86738	1.59008
369	416	Pathway::PC7_6900	Regulation of cytoplasmic and nuclear SMAD2/3 signaling	20	2	0.369624	5.41091	0.0518896	0.255521	0.6955	2.87563	1.68864
370	416	Pathway::PC7_6904	Regulation of gene expression in beta cells	20	2	0.369624	5.41091	0.0518896	0.255521	0.5675	3.52423	1.98567
371	312	Pathway::PC7_6189	PLK1 signaling events	46	3	0.850134	3.52885	0.0527754	0.259183	1.314	2.28311	1.46063
372	617	Pathway::PC7_1602	AlphaE beta7 integrin cell surface interactions	3	1	0.0554435	18.0364	0.0544312	0.26306	0.053	18.8679	4.14526
373	617	Pathway::PC7_2635	Cleavage of the damaged purine	3	1	0.0554435	18.0364	0.0544312	0.26306	0.0345	28.9855	5.29013
374	617	Pathway::PC7_3965	Formation of apoptosome	3	1	0.0554435	18.0364	0.0544312	0.26306	0.105	9.52381	2.87404
375	617	Pathway::PC7_4287	Glypican pathway	3	1	0.0554435	18.0364	0.0544312	0.26306	0.0635	15.748	3.80843
376	617	Pathway::PC7_6045	Oligomerization of connexins into connexons	3	1	0.0554435	18.0364	0.0544312	0.26306	0.044	22.7273	4.66125
377	617	Pathway::PC7_7441	Signaling by Aurora kinases	3	1	0.0554435	18.0364	0.0544312	0.26306	0.047	21.2766	4.50295
378	312	Pathway::PC7_1698	Arf6 trafficking events	47	3	0.868616	3.45377	0.055636	0.26676	1.18	2.54237	1.73012
379	312	Pathway::PC7_8681	Validated transcriptional targets of deltaNp63 isoforms	47	3	0.868616	3.45377	0.055636	0.26676	1.24	2.41935	1.6172
380	312	Pathway::WP2637_r80029	Structural Pathway of Interleukin 1 (IL-1)	47	3	0.868616	3.45377	0.055636	0.26676	2.0955	1.43164	0.675983
381	235	Pathway::PC7_6432	Phase 1 - Functionalization of compounds	78	4	1.44153	2.77483	0.0559946	0.266813	1.9075	2.09699	1.56142
382	416	Pathway::PC7_2252	CD28 dependent PI3K/Akt signaling	21	2	0.388105	5.15325	0.0566722	0.266813	1.0005	1.999	1.06638
383	416	Pathway::PC7_2533	Cellular roles of Anthrax toxin	21	2	0.388105	5.15325	0.0566722	0.266813	0.834	2.39808	1.31315
384	416	Pathway::PC7_3434	ERK/MAPK targets	21	2	0.388105	5.15325	0.0566722	0.266813	0.9645	2.07361	1.11002
385	416	Pathway::PC7_6128	PD-1 signaling	21	2	0.388105	5.15325	0.0566722	0.266813	0.6995	2.85919	1.63304
386	416	Pathway::PC7_6140	PDGFR-alpha signaling pathway	21	2	0.388105	5.15325	0.0566722	0.266813	0.8965	2.2309	1.22703
387	416	Pathway::WP1584_r81779	Type II diabetes mellitus	21	2	0.388105	5.15325	0.0566722	0.266813	0.6745	2.96516	1.66529
388	312	Pathway::WP2848_r80009	Differentiation Pathway	48	3	0.887097	3.38182	0.0585691	0.275033	1.5225	1.97044	1.21103
389	235	Pathway::PC7_1118	AMER1 mutants destabilize the destruction complex	80	4	1.47849	2.70545	0.0603852	0.282833	4.0395	0.990222	-0.0218005
390	312	Pathway::PC7_3980	FoxO family signaling	49	3	0.905578	3.3128	0.061574	0.285595	1.944	1.54321	0.808285
391	416	Pathway::PC7_3807	FCERI mediated NF-kB activation	22	2	0.406586	4.91901	0.0616021	0.285595	0.9865	2.02737	1.05877
392	416	Pathway::PC7_4694	Incretin synthesis, secretion, and inactivation	22	2	0.406586	4.91901	0.0616021	0.285595	0.5205	3.84246	2.09321
393	416	Pathway::PC7_5881	Nephrin interactions	22	2	0.406586	4.91901	0.0616021	0.285595	0.669	2.98954	1.6857
394	312	Pathway::PC7_1693	Arachidonic acid metabolism	50	3	0.924059	3.24655	0.0646496	0.296704	1.1535	2.60078	1.76302
395	312	Pathway::PC7_5995	Nucleotide-binding domain, leucine rich repeat containing receptor (NLR) signaling pathways	50	3	0.924059	3.24655	0.0646496	0.296704	1.8395	1.63088	0.888564
396	312	Pathway::WP107_r78489	Translation Factors	50	3	0.924059	3.24655	0.0646496	0.296704	1.0045	2.98656	2.08901
397	312	Pathway::WP1533_r82707	Vitamin B12 Metabolism	50	3	0.924059	3.24655	0.0646496	0.296704	1.5075	1.99005	1.24119
398	416	Pathway::WP167_r82702	Eicosanoid Synthesis	23	2	0.425067	4.70514	0.0666721	0.304453	0.403	4.96278	2.63404
399	416	Pathway::WP262_r84487	EBV LMP1 signaling	23	2	0.425067	4.70514	0.0666721	0.304453	0.943	2.12089	1.13666
400	235	Pathway::PC7_2373	CXCR4-mediated signaling events	84	4	1.55242	2.57662	0.0696982	0.317476	3.583	1.11638	0.231556
401	312	Pathway::PC7_1689	Apoptotic execution phase	52	3	0.961022	3.12168	0.0710087	0.320353	1.3385	2.24131	1.47789
402	312	Pathway::PC7_8709	Vif-mediated degradation of APOBEC3G	52	3	0.961022	3.12168	0.0710087	0.320353	2.805	1.06952	0.129199
403	416	Pathway::PC7_4306	Growth hormone receptor signaling	24	2	0.443548	4.50909	0.0718757	0.320353	0.9035	2.21361	1.17816
404	416	Pathway::PC7_5987	Nuclear Events (kinase and transcription factor activation)	24	2	0.443548	4.50909	0.0718757	0.320353	1.1175	1.78971	0.879125
405	416	Pathway::PC7_6995	Role of phospholipids in phagocytosis	24	2	0.443548	4.50909	0.0718757	0.320353	0.899	2.22469	1.20938
406	617	Pathway::PC7_1540	Activation of NOXA and translocation to mitochondria	4	1	0.0739247	13.5273	0.0719123	0.320353	0.1405	7.11744	2.35892
407	617	Pathway::PC7_1545	Activation of PUMA and translocation to mitochondria	4	1	0.0739247	13.5273	0.0719123	0.320353	0.1455	6.87285	2.33145
408	617	Pathway::PC7_2096	Binding and entry of HIV virion	4	1	0.0739247	13.5273	0.0719123	0.320353	0.1115	8.96861	2.74109
409	617	Pathway::PC7_6073	Oxidative demethylation of DNA	4	1	0.0739247	13.5273	0.0719123	0.320353	0.064	15.625	3.73196
410	235	Pathway::PC7_5558	MyD88 cascade initiated on plasma membrane	85	4	1.5709	2.54631	0.0721359	0.320565	4.1275	0.96911	-0.0681785
411	312	Pathway::PC7_7788	TCR signaling in naïve CD8+ T cells	53	3	0.979503	3.06278	0.0742902	0.329335	2.1925	1.3683	0.579386
412	235	Pathway::PC7_8058	TRAF6 mediated induction of NFkB and MAP kinases upon TLR7/8 or 9 activation	86	4	1.58938	2.5167	0.0746166	0.329979	4.1745	0.958199	-0.09285
413	416	Pathway::PC7_1601	Alpha9 beta1 integrin signaling events	25	2	0.46203	4.32873	0.077206	0.337337	0.73	2.73973	1.50078
414	416	Pathway::PC7_2171	C-MYC pathway	25	2	0.46203	4.32873	0.077206	0.337337	0.761	2.62812	1.43848
415	416	Pathway::PC7_8155	Termination of O-glycan biosynthesis	25	2	0.46203	4.32873	0.077206	0.337337	0.4655	4.29646	2.31122
416	416	Pathway::WP1528_r78581	Physiological and Pathological Hypertrophy  of the Heart	25	2	0.46203	4.32873	0.077206	0.337337	1.042	1.91939	0.98903
417	416	Pathway::WP26_r79950	Signal Transduction of S1P Receptor	25	2	0.46203	4.32873	0.077206	0.337337	0.8015	2.49532	1.40942
418	97	Pathway::WP3594_r84573	Circadian rythm related genes	201	7	3.71472	1.8844	0.0789029	0.343926	4.739	1.4771	1.09728
419	235	Pathway::PC7_5559	MyD88 dependent cascade initiated on endosome	88	4	1.62634	2.4595	0.0797065	0.3466	4.2405	0.943285	-0.127381
420	416	Pathway::PC7_1104	ALK1 signaling events	26	2	0.480511	4.16224	0.0826568	0.35519	0.619	3.23102	1.76553
421	416	Pathway::PC7_4284	Glypican 1 network	26	2	0.480511	4.16224	0.0826568	0.35519	0.9715	2.05867	1.08432
422	416	Pathway::PC7_6868	Recycling pathway of L1	26	2	0.480511	4.16224	0.0826568	0.35519	0.904	2.21239	1.17857
423	416	Pathway::PC7_6885	Regulation of IFNA signaling	26	2	0.480511	4.16224	0.0826568	0.35519	0.921	2.17155	1.15366
424	416	Pathway::WP2878_r79689	PPAR Alpha Pathway	26	2	0.480511	4.16224	0.0826568	0.35519	0.696	2.87356	1.58298
425	312	Pathway::PC7_12274	p53-Dependent G1 DNA Damage Response	56	3	1.03495	2.8987	0.0845286	0.360682	3.065	0.978793	-0.0414697
426	312	Pathway::PC7_5051	MAP kinase activation in TLR cascade	56	3	1.03495	2.8987	0.0845286	0.360682	2.8395	1.05652	0.104394
427	312	Pathway::PC7_6896	Regulation of actin dynamics for phagocytic cup formation	56	3	1.03495	2.8987	0.0845286	0.360682	1.761	1.70358	0.959664
428	416	Pathway::PC7_3083	Detoxification of Reactive Oxygen Species	27	2	0.498992	4.00808	0.0882218	0.371372	0.555	3.6036	1.93794
429	416	Pathway::PC7_7422	Sema4D in semaphorin signaling	27	2	0.498992	4.00808	0.0882218	0.371372	0.808	2.47525	1.36006
430	617	Pathway::PC7_1220	Abacavir transmembrane transport	5	1	0.0924059	10.8218	0.0890721	0.371372	0.1145	8.73362	2.62967
431	617	Pathway::PC7_1546	Activation of RAS in B cells	5	1	0.0924059	10.8218	0.0890721	0.371372	0.173	5.78035	2.08008
432	617	Pathway::PC7_1549	Activation of caspases through apoptosome-mediated cleavage	5	1	0.0924059	10.8218	0.0890721	0.371372	0.202	4.9505	1.8444
433	617	Pathway::PC7_2626	Class IB PI3K non-lipid kinase events	5	1	0.0924059	10.8218	0.0890721	0.371372	0.1745	5.73066	1.98441
434	617	Pathway::PC7_4945	LRR FLII-interacting protein 1 (LRRFIP1) activates type I IFN production	5	1	0.0924059	10.8218	0.0890721	0.371372	0.188	5.31915	1.94296
435	617	Pathway::PC7_5907	Nicotinamide salvaging	5	1	0.0924059	10.8218	0.0890721	0.371372	0.12	8.33333	2.62249
436	617	Pathway::PC7_6191	PLK3 signaling events	5	1	0.0924059	10.8218	0.0890721	0.371372	0.12	8.33333	2.57711
437	617	Pathway::PC7_7393	Scavenging by Class B Receptors	5	1	0.0924059	10.8218	0.0890721	0.371372	0.185	5.40541	1.92754
438	235	Pathway::PC7_8291	Toll Like Receptor 9 (TLR9) Cascade	92	4	1.70027	2.35257	0.0903893	0.376003	4.3565	0.918168	-0.18598
439	97	Pathway::PC7_1672	Antigen processing: Ubiquitination & Proteasome degradation	208	7	3.84409	1.82098	0.0906904	0.376396	6.3265	1.10646	0.295466
440	416	Pathway::PC7_4775	Interleukin receptor SHC signaling	28	2	0.517473	3.86494	0.0938951	0.388811	1.278	1.56495	0.679587
441	312	Pathway::PC7_4004	G1/S DNA Damage Checkpoints	59	3	1.09039	2.75131	0.0953333	0.393871	3.1885	0.940881	-0.116881
442	235	Pathway::PC7_5561	MyD88:Mal cascade initiated on plasma membrane	94	4	1.73723	2.30251	0.0959762	0.39563	4.4135	0.90631	-0.211995
443	416	Pathway::PC7_2276	CDO in myogenesis	29	2	0.535954	3.73166	0.0996707	0.406333	0.7235	2.76434	1.51063
444	416	Pathway::PC7_4765	Interaction between L1 and Ankyrins	29	2	0.535954	3.73166	0.0996707	0.406333	0.4245	4.71143	2.46564
445	416	Pathway::PC7_8276	Tight junction interactions	29	2	0.535954	3.73166	0.0996707	0.406333	0.4695	4.25985	2.20206
446	416	Pathway::WP3298_r84382	Melatonin metabolism and effects	29	2	0.535954	3.73166	0.0996707	0.406333	0.8935	2.23839	1.19865
447	97	Pathway::PC7_4107	Gastrin-CREB signalling pathway via PKC and MAPK	213	7	3.93649	1.77823	0.0996877	0.406333	6.642	1.0539	0.15289
448	312	Pathway::PC7_2698	Coregulation of Androgen receptor activity	61	3	1.12735	2.6611	0.102835	0.417294	1.4175	2.1164	1.37365
449	312	Pathway::WP61_r78592	Notch Signaling Pathway	61	3	1.12735	2.6611	0.102835	0.417294	2.172	1.38122	0.576278
450	416	Pathway::PC7_4115	Generation of second messenger molecules	30	2	0.554435	3.60727	0.105543	0.419522	0.9585	2.08659	1.11803
451	416	Pathway::PC7_6375	Pausing and recovery of Tat-mediated HIV elongation	30	2	0.554435	3.60727	0.105543	0.419522	1.156	1.7301	0.80375
452	416	Pathway::PC7_6946	Retinoic acid receptors-mediated signaling	30	2	0.554435	3.60727	0.105543	0.419522	1.2675	1.57791	0.671498
453	416	Pathway::WP453_r80206	Inflammatory Response Pathway	30	2	0.554435	3.60727	0.105543	0.419522	1.009	1.98216	1.03155
454	617	Pathway::PC7_5689	NADE modulates death signalling	6	1	0.110887	9.01818	0.105917	0.419522	0.2175	4.5977	1.75326
455	617	Pathway::PC7_5847	Na+-dependent glucose transporters	6	1	0.110887	9.01818	0.105917	0.419522	0.092	10.8696	3.05159
456	617	Pathway::PC7_6572	Presynaptic phase of homologous DNA pairing and strand exchange	6	1	0.110887	9.01818	0.105917	0.419522	0.2265	4.41501	1.68712
457	617	Pathway::PC7_6826	RSK activation	6	1	0.110887	9.01818	0.105917	0.419522	0.2645	3.78072	1.47531
458	617	Pathway::PC7_7728	Synthesis of 15-eicosatetraenoic acid derivatives	6	1	0.110887	9.01818	0.105917	0.419522	0.122	8.19672	2.59909
459	617	Pathway::PC7_8060	TRAIL signaling	6	1	0.110887	9.01818	0.105917	0.419522	0.185	5.40541	1.91157
460	617	Pathway::WP1981_r70955	Thyroxine (Thyroid Hormone) Production	6	1	0.110887	9.01818	0.105917	0.419522	0.109	9.17431	2.74813
461	312	Pathway::PC7_4627	IL4-mediated signaling events	62	3	1.14583	2.61818	0.106671	0.421595	1.9105	1.57027	0.836472
462	235	Pathway::PC7_2525	Cell surface interactions at the vascular wall	99	4	1.82964	2.18623	0.110632	0.435358	2.7105	1.47574	0.823547
463	235	Pathway::PC7_5560	MyD88-independent cascade	99	4	1.82964	2.18623	0.110632	0.435358	4.7605	0.840248	-0.378967
464	416	Pathway::PC7_3653	Elongation arrest and recovery	31	2	0.572917	3.49091	0.111507	0.436914	1.187	1.68492	0.767859
465	416	Pathway::PC7_4219	Glutathione conjugation	31	2	0.572917	3.49091	0.111507	0.436914	0.492	4.06504	2.13064
466	179	Pathway::WP2858_r83015	Ectoderm Differentiation	138	5	2.5504	1.96047	0.112214	0.438742	2.3605	2.1182	1.74212
467	235	Pathway::WP185_r80036	Integrin-mediated Cell Adhesion	100	4	1.84812	2.16436	0.113677	0.44351	3.5065	1.14074	0.284451
468	416	Pathway::PC7_8264	Thrombin signalling through proteinase activated receptors (PARs)	32	2	0.591398	3.38182	0.117556	0.455532	1.5205	1.31536	0.398536
469	416	Pathway::WP666_r68893	Hypothetical Network for Drug Addiction	32	2	0.591398	3.38182	0.117556	0.455532	0.922	2.1692	1.16657
470	416	Pathway::WP727_r79969	Monoamine Transport	32	2	0.591398	3.38182	0.117556	0.455532	0.8625	2.31884	1.21563
471	312	Pathway::PC7_1537	Activation of NF-kappaB in B cells	65	3	1.20128	2.49734	0.118508	0.455532	3.5275	0.850461	-0.316873
472	312	Pathway::PC7_2833	Cyclin E associated events during G1/S transition	65	3	1.20128	2.49734	0.118508	0.455532	3.493	0.858861	-0.296432
473	312	Pathway::PC7_4689	Immunoregulatory interactions between a Lymphoid and a non-Lymphoid cell	65	3	1.20128	2.49734	0.118508	0.455532	1.3575	2.20994	1.41537
474	312	Pathway::PC7_4772	Interferon alpha/beta signaling	65	3	1.20128	2.49734	0.118508	0.455532	1.8105	1.657	0.908945
475	179	Pathway::PC7_8295	Toll-Like Receptors Cascades	141	5	2.60585	1.91876	0.119952	0.458974	5.9335	0.842673	-0.416141
476	617	Pathway::PC7_1690	Apoptotic factor-mediated response	7	1	0.129368	7.72987	0.122451	0.458974	0.255	3.92157	1.56032
477	617	Pathway::PC7_4487	Homologous DNA pairing and strand exchange	7	1	0.129368	7.72987	0.122451	0.458974	0.2365	4.22833	1.61837
478	617	Pathway::PC7_4744	Inositol transporters	7	1	0.129368	7.72987	0.122451	0.458974	0.1035	9.66184	2.76946
479	617	Pathway::PC7_4777	Interleukin-1 processing	7	1	0.129368	7.72987	0.122451	0.458974	0.2685	3.72439	1.46474
480	617	Pathway::PC7_6907	Regulation of gene expression in late stage (branching morphogenesis) pancreatic bud precursor cells	7	1	0.129368	7.72987	0.122451	0.458974	0.178	5.61798	2.00359
481	617	Pathway::WP528_r79855	Acetylcholine Synthesis	7	1	0.129368	7.72987	0.122451	0.458974	0.0855	11.6959	3.11498
482	617	Pathway::WP678_r71506	Arachidonate Epoxygenase / Epoxide Hydrolase	7	1	0.129368	7.72987	0.122451	0.458974	0.131	7.63359	2.44002
483	617	Pathway::WP699_r70509	Aflatoxin B1 metabolism	7	1	0.129368	7.72987	0.122451	0.458974	0.1545	6.47249	2.16418
484	312	Pathway::PC7_2830	Cyclin A:Cdk2-associated events at S phase entry	66	3	1.21976	2.4595	0.122559	0.458974	3.542	0.846979	-0.322115
485	416	Pathway::PC7_11357	deactivation of the beta-catenin transactivating complex	33	2	0.609879	3.27934	0.123686	0.458974	1.15	1.73913	0.808059
486	416	Pathway::PC7_1670	Antigen activates B Cell Receptor (BCR) leading to generation of second messengers	33	2	0.609879	3.27934	0.123686	0.458974	1.3405	1.49198	0.622458
487	416	Pathway::PC7_6652	Purine metabolism	33	2	0.609879	3.27934	0.123686	0.458974	0.52	3.84615	2.09597
488	416	Pathway::PC7_7751	Synthesis of PIPs at the plasma membrane	33	2	0.609879	3.27934	0.123686	0.458974	0.8955	2.23339	1.18172
489	416	Pathway::PC7_8055	TRAF6 mediated IRF7 activation	33	2	0.609879	3.27934	0.123686	0.458974	1.028	1.94553	0.992966
490	416	Pathway::WP1601_r84700	Fluoropyrimidine Activity	33	2	0.609879	3.27934	0.123686	0.458974	0.5995	3.33611	1.83563
491	416	Pathway::WP2197_r74852	Endothelin Pathways	33	2	0.609879	3.27934	0.123686	0.458974	1.011	1.97824	1.00841
492	12	Pathway::PC7_5330	Metabolism of proteins	681	17	12.5857	1.35074	0.125246	0.463819	14.7755	1.15055	0.624158
493	312	Pathway::PC7_7425	Semaphorin interactions	67	3	1.23824	2.4228	0.126659	0.4681	1.858	1.61464	0.85721
494	416	Pathway::PC7_3418	EPHA-mediated growth cone collapse	34	2	0.62836	3.18289	0.129892	0.478107	0.8905	2.24593	1.19466
495	416	Pathway::WP400_r72084	p38 MAPK Signaling Pathway	34	2	0.62836	3.18289	0.129892	0.478107	1.3865	1.44248	0.533959
496	312	Pathway::PC7_12281	p75(NTR)-mediated signaling	69	3	1.2752	2.35257	0.135006	0.494932	2.5895	1.15852	0.264427
497	312	Pathway::WP2857_r80151	Mesodermal Commitment Pathway	69	3	1.2752	2.35257	0.135006	0.494932	1.708	1.75644	1.00256
498	617	Pathway::PC7_2033	Base-Excision Repair, AP Site Formation	8	1	0.147849	6.76364	0.138682	0.495449	0.139	7.19424	2.32891
499	617	Pathway::PC7_3975	Formyl peptide receptors bind formyl peptides and many other ligands	8	1	0.147849	6.76364	0.138682	0.495449	0.2235	4.47427	1.70035
500	617	Pathway::PC7_4160	Glucocorticoid biosynthesis	8	1	0.147849	6.76364	0.138682	0.495449	0.1645	6.07903	2.10566
501	617	Pathway::PC7_4286	Glypican 3 network	8	1	0.147849	6.76364	0.138682	0.495449	0.337	2.96736	1.17124
502	617	Pathway::PC7_5877	Negative regulation of the PI3K/AKT network	8	1	0.147849	6.76364	0.138682	0.495449	0.3805	2.62812	1.03434
503	617	Pathway::PC7_6059	Organic anion transporters	8	1	0.147849	6.76364	0.138682	0.495449	0.135	7.40741	2.32199
504	617	Pathway::PC7_6905	Regulation of gene expression in early pancreatic precursor cells	8	1	0.147849	6.76364	0.138682	0.495449	0.17	5.88235	2.08086
505	617	Pathway::PC7_7424	Sema4D mediated inhibition of cell attachment and migration	8	1	0.147849	6.76364	0.138682	0.495449	0.2395	4.17537	1.60278
506	617	Pathway::PC7_7761	Synthesis of epoxy (EET) and dihydroxyeicosatrienoic acids (DHET)	8	1	0.147849	6.76364	0.138682	0.495449	0.2065	4.84262	1.76178
507	617	Pathway::PC7_8274	Thyroxine biosynthesis	8	1	0.147849	6.76364	0.138682	0.495449	0.163	6.13497	2.16524
508	617	Pathway::PC7_8725	Vitamin C (ascorbate) metabolism	8	1	0.147849	6.76364	0.138682	0.495449	0.136	7.35294	2.38256
509	617	Pathway::WP1589_r82223	Folate-Alcohol and Cancer Pathway	8	1	0.147849	6.76364	0.138682	0.495449	0.187	5.34759	1.91609
510	617	Pathway::WP1604_r74317	Codeine and Morphine Metabolism	8	1	0.147849	6.76364	0.138682	0.495449	0.1935	5.16796	1.90063
511	312	Pathway::PC7_5025	Loss of Function of SMAD2/3 in Cancer	70	3	1.29368	2.31896	0.13925	0.496503	2.4855	1.207	0.337438
512	416	Pathway::PC7_6180	PLCG1 events in ERBB2 signaling	36	2	0.665323	3.00606	0.142512	0.506152	1.8835	1.06185	0.0932469
513	416	Pathway::PC7_7719	Syndecan-2-mediated signaling events	36	2	0.665323	3.00606	0.142512	0.506152	1.3705	1.45932	0.56594
514	617	Pathway::PC7_1596	Alpha-defensins	9	1	0.166331	6.01212	0.154615	0.531142	0.1395	7.16846	2.32449
515	617	Pathway::PC7_2391	Ca activated K+ channels	9	1	0.166331	6.01212	0.154615	0.531142	0.1095	9.13242	2.69096
516	617	Pathway::PC7_3283	Displacement of DNA glycosylase by APE1	9	1	0.166331	6.01212	0.154615	0.531142	0.1845	5.42005	1.94686
517	617	Pathway::PC7_3384	EGFR Transactivation by Gastrin	9	1	0.166331	6.01212	0.154615	0.531142	0.4345	2.3015	0.907026
518	617	Pathway::PC7_3392	EGFR-dependent Endothelin signaling events	9	1	0.166331	6.01212	0.154615	0.531142	0.416	2.40385	0.949946
519	617	Pathway::PC7_3436	ERK2 activation	9	1	0.166331	6.01212	0.154615	0.531142	0.479	2.08768	0.801483
520	617	Pathway::PC7_3652	Elevation of cytosolic Ca2+ levels	9	1	0.166331	6.01212	0.154615	0.531142	0.287	3.48432	1.36804
521	617	Pathway::PC7_3701	Erythrocytes take up carbon dioxide and release oxygen	9	1	0.166331	6.01212	0.154615	0.531142	0.12	8.33333	2.53401
522	617	Pathway::PC7_4042	GP1b-IX-V activation signalling	9	1	0.166331	6.01212	0.154615	0.531142	0.289	3.46021	1.36711
523	617	Pathway::PC7_5869	Nef Mediated CD4 Down-regulation	9	1	0.166331	6.01212	0.154615	0.531142	0.348	2.87356	1.12331
524	617	Pathway::PC7_6443	Phenylalanine and tyrosine catabolism	9	1	0.166331	6.01212	0.154615	0.531142	0.0965	10.3627	2.94395
525	617	Pathway::PC7_7049	S6K1-mediated signalling	9	1	0.166331	6.01212	0.154615	0.531142	0.3765	2.65604	1.05884
526	617	Pathway::PC7_7726	Synthesis of (16-20)-hydroxyeicosatetraenoic acids (HETE)	9	1	0.166331	6.01212	0.154615	0.531142	0.2445	4.08998	1.54954
527	617	Pathway::WP288_r80026	NLR Proteins	9	1	0.166331	6.01212	0.154615	0.531142	0.364	2.74725	1.09314
528	617	Pathway::WP3585_r84793	Cytosine methylation	9	1	0.166331	6.01212	0.154615	0.531142	0.1525	6.55738	2.21616
529	617	Pathway::WP561_r72035	Heme Biosynthesis	9	1	0.166331	6.01212	0.154615	0.531142	0.144	6.94444	2.23062
530	617	Pathway::WP696_r72081	Benzo(a)pyrene metabolism	9	1	0.166331	6.01212	0.154615	0.531142	0.2275	4.3956	1.64049
531	416	Pathway::PC7_2669	Collagen degradation	38	2	0.702285	2.84785	0.155378	0.531142	0.863	2.3175	1.21396
532	416	Pathway::PC7_4785	Intrinsic Pathway for Apoptosis	38	2	0.702285	2.84785	0.155378	0.531142	1.601	1.24922	0.329449
533	416	Pathway::WP2447_r84415	Amyotrophic lateral sclerosis (ALS)	38	2	0.702285	2.84785	0.155378	0.531142	1.253	1.59617	0.698714
534	235	Pathway::PC7_1517	Activated TLR4 signalling	113	4	2.08837	1.91537	0.156431	0.53352	5.1975	0.769601	-0.564539
535	312	Pathway::PC7_6788	RMTs methylate histone arginines	74	3	1.36761	2.19361	0.156659	0.53352	2.9265	1.02512	0.0454684
536	179	Pathway::WP289_r81078	Myometrial Relaxation and Contraction Pathways	155	5	2.86458	1.74545	0.159185	0.54111	5.2415	0.953925	-0.112281
537	617	Pathway::PC7_1221	Abacavir transport and metabolism	10	1	0.184812	5.41091	0.170254	0.56918	0.208	4.80769	1.73768
538	617	Pathway::PC7_2034	Base-free sugar-phosphate removal via the single-nucleotide replacement pathway	10	1	0.184812	5.41091	0.170254	0.56918	0.1975	5.06329	1.86833
539	617	Pathway::PC7_2507	Caspase-8 activation by cleavage	10	1	0.184812	5.41091	0.170254	0.56918	0.376	2.65957	1.03056
540	617	Pathway::PC7_3435	ERK1 activation	10	1	0.184812	5.41091	0.170254	0.56918	0.518	1.9305	0.694496
541	617	Pathway::PC7_3756	Ethanol oxidation	10	1	0.184812	5.41091	0.170254	0.56918	0.1375	7.27273	2.29212
542	617	Pathway::PC7_5883	Netrin mediated repulsion signals	10	1	0.184812	5.41091	0.170254	0.56918	0.322	3.10559	1.20551
543	617	Pathway::PC7_6871	Regulated proteolysis of p75NTR	10	1	0.184812	5.41091	0.170254	0.56918	0.4355	2.29621	0.875389
544	617	Pathway::PC7_6920	Regulation of signaling by NODAL	10	1	0.184812	5.41091	0.170254	0.56918	0.13	7.69231	2.47965
545	617	Pathway::PC7_6993	Role of DCC in regulating apoptosis	10	1	0.184812	5.41091	0.170254	0.56918	0.241	4.14938	1.6004
546	416	Pathway::PC7_1856	Aurora B signaling	41	2	0.757728	2.63947	0.175065	0.582058	1.0145	1.97141	1.00462
547	416	Pathway::PC7_3960	Formation of HIV-1 elongation complex containing HIV-1 Tat	41	2	0.757728	2.63947	0.175065	0.582058	1.6625	1.20301	0.270773
548	416	Pathway::WP1433_r83527	NOD pathway	41	2	0.757728	2.63947	0.175065	0.582058	1.083	1.84672	0.90001
549	416	Pathway::PC7_3959	Formation of HIV elongation complex in the absence of HIV Tat	42	2	0.77621	2.57662	0.181714	0.601969	1.6935	1.18099	0.245195
550	416	Pathway::WP2804_r79882	Hair Follicle Development: Induction (Part 1 of 3)	42	2	0.77621	2.57662	0.181714	0.601969	1.252	1.59744	0.685548
551	312	Pathway::PC7_6786	RIG-I/MDA5 mediated induction of IFN-alpha/beta pathways	80	3	1.47849	2.02909	0.183936	0.603883	2.7715	1.08245	0.140784
552	97	Pathway::PC7_2623	Class I MHC mediated antigen processing & presentation	252	7	4.65726	1.50303	0.185261	0.603883	7.6255	0.917973	-0.248374
553	617	Pathway::PC7_1105	ALK2 signaling events	11	1	0.203293	4.91901	0.185606	0.603883	0.2155	4.64037	1.67233
554	617	Pathway::PC7_1658	Androgen biosynthesis	11	1	0.203293	4.91901	0.185606	0.603883	0.2245	4.45434	1.70409
555	617	Pathway::PC7_2968	DSCAM interactions	11	1	0.203293	4.91901	0.185606	0.603883	0.374	2.6738	1.06098
556	617	Pathway::PC7_4443	Heme biosynthesis	11	1	0.203293	4.91901	0.185606	0.603883	0.177	5.64972	1.94703
557	617	Pathway::PC7_5909	Nicotinate metabolism	11	1	0.203293	4.91901	0.185606	0.603883	0.2105	4.75059	1.79159
558	617	Pathway::PC7_6653	Purine ribonucleoside monophosphate biosynthesis	11	1	0.203293	4.91901	0.185606	0.603883	0.152	6.57895	2.19029
559	617	Pathway::PC7_7501	Signaling mediated by p38-gamma and p38-delta	11	1	0.203293	4.91901	0.185606	0.603883	0.3035	3.29489	1.2687
560	617	Pathway::PC7_8432	Tryptophan catabolism	11	1	0.203293	4.91901	0.185606	0.603883	0.1605	6.23053	2.10046
561	416	Pathway::PC7_6098	PAR1-mediated thrombin signaling events	43	2	0.794691	2.5167	0.188401	0.611443	1.7025	1.17474	0.231815
562	312	Pathway::PC7_6050	Opioid Signalling	81	3	1.49698	2.00404	0.188601	0.611443	3.8415	0.780945	-0.473352
563	235	Pathway::PC7_8288	Toll Like Receptor 4 (TLR4) Cascade	122	4	2.2547	1.77407	0.189038	0.611772	5.4835	0.729461	-0.685915
564	235	Pathway::PC7_7024	S Phase	123	4	2.27319	1.75965	0.19279	0.622808	5.873	0.681083	-0.867476
565	312	Pathway::PC7_12280	p75 NTR receptor-mediated signalling	82	3	1.51546	1.9796	0.193296	0.623338	2.961	1.01317	0.023978
566	416	Pathway::PC7_3852	FOXA1 transcription factor network	44	2	0.813172	2.4595	0.195121	0.625898	1.1115	1.79937	0.860125
567	416	Pathway::PC7_4780	Interleukin-3, 5 and GM-CSF signaling	44	2	0.813172	2.4595	0.195121	0.625898	2.136	0.93633	-0.100907
568	416	Pathway::PC7_6177	PLC beta mediated events	44	2	0.813172	2.4595	0.195121	0.625898	2.193	0.911993	-0.143624
569	617	Pathway::PC7_2253	CD28 dependent Vav1 pathway	12	1	0.221774	4.50909	0.200676	0.639215	0.5815	1.71969	0.575203
570	617	Pathway::PC7_6937	Resolution of AP sites via the single-nucleotide replacement pathway	12	1	0.221774	4.50909	0.200676	0.639215	0.2265	4.41501	1.67915
571	617	Pathway::PC7_8226	The NLRP3 inflammasome	12	1	0.221774	4.50909	0.200676	0.639215	0.257	3.89105	1.48318
572	617	Pathway::WP2290_r79988	RalA downstream regulated genes	12	1	0.221774	4.50909	0.200676	0.639215	0.3725	2.68456	1.0506
573	416	Pathway::PC7_4001	G-protein mediated events	45	2	0.831653	2.40485	0.201871	0.639668	2.225	0.898876	-0.166262
574	416	Pathway::PC7_4745	Insulin Pathway	45	2	0.831653	2.40485	0.201871	0.639668	1.6835	1.188	0.253702
575	416	Pathway::PC7_7449	Signaling by FGFR mutants	45	2	0.831653	2.40485	0.201871	0.639668	2.0985	0.953062	-0.0713319
576	235	Pathway::PC7_4492	Host Interactions of HIV factors	126	4	2.32863	1.71775	0.204184	0.645873	6.209	0.644226	-1.0268
577	22	Pathway::PC7_2519	Cell Cycle	544	13	10.0538	1.29305	0.205781	0.649798	19.539	0.665336	-1.80305
578	416	Pathway::PC7_4466	Hexose uptake	46	2	0.850134	2.35257	0.208648	0.654315	2.0105	0.994777	-0.00784941
579	416	Pathway::PC7_6894	Regulation of RhoA activity	46	2	0.850134	2.35257	0.208648	0.654315	0.998	2.00401	1.02373
580	416	Pathway::WP28_r71888	Selenium Metabolism and Selenoproteins	46	2	0.850134	2.35257	0.208648	0.654315	0.8155	2.45248	1.34251
581	416	Pathway::WP465_r79226	Tryptophan metabolism	46	2	0.850134	2.35257	0.208648	0.654315	0.9625	2.07792	1.05067
582	416	Pathway::PC7_5783	NOTCH1 Intracellular Domain Regulates Transcription	47	2	0.868616	2.30251	0.215449	0.660914	1.8115	1.10406	0.147873
583	617	Pathway::PC7_12268	p38MAPK events	13	1	0.240255	4.16224	0.215468	0.660914	0.545	1.83486	0.639025
584	617	Pathway::PC7_12488	repression of WNT target genes	13	1	0.240255	4.16224	0.215468	0.660914	0.4405	2.27015	0.855761
585	617	Pathway::PC7_2942	DEx/H-box helicases activate type I IFN and inflammatory cytokines production	13	1	0.240255	4.16224	0.215468	0.660914	0.536	1.86567	0.652484
586	617	Pathway::PC7_3284	Dissolution of Fibrin Clot	13	1	0.240255	4.16224	0.215468	0.660914	0.312	3.20513	1.28501
587	617	Pathway::PC7_3320	Downregulation of ERBB2:ERBB3 signaling	13	1	0.240255	4.16224	0.215468	0.660914	0.584	1.71233	0.542071
588	617	Pathway::PC7_4690	Import of palmitoyl-CoA into the mitochondrial matrix	13	1	0.240255	4.16224	0.215468	0.660914	0.3865	2.58732	0.997702
589	617	Pathway::PC7_5709	NF-kB is activated and signals survival	13	1	0.240255	4.16224	0.215468	0.660914	0.646	1.54799	0.458665
590	617	Pathway::PC7_6654	Purine salvage	13	1	0.240255	4.16224	0.215468	0.660914	0.197	5.07614	1.82222
591	617	Pathway::PC7_7768	Synthesis, secretion, and inactivation of Glucose-dependent Insulinotropic Polypeptide (GIP)	13	1	0.240255	4.16224	0.215468	0.660914	0.2305	4.33839	1.66587
592	617	Pathway::PC7_8310	Trafficking and processing of endosomal TLR	13	1	0.240255	4.16224	0.215468	0.660914	0.321	3.11526	1.21764
593	617	Pathway::WP1423_r79812	Ganglio Sphingolipid Metabolism	13	1	0.240255	4.16224	0.215468	0.660914	0.1635	6.11621	2.09935
594	617	Pathway::WP186_r68935	Homologous recombination	13	1	0.240255	4.16224	0.215468	0.660914	0.496	2.01613	0.74151
595	137	Pathway::PC7_7784	TCF dependent signaling in response to WNT	218	6	4.0289	1.48924	0.216011	0.661466	9.577	0.626501	-1.3542
596	235	Pathway::WP236_r80209	Adipogenesis	130	4	2.40255	1.6649	0.219675	0.671557	3.8735	1.03266	0.0673339
597	4	Pathway::PC7_5322	Metabolism	1561	33	28.8491	1.14388	0.222248	0.677216	34.9215	0.944977	-0.377518
598	416	Pathway::PC7_3996	G beta:gamma signalling through PI3Kgamma	48	2	0.887097	2.25455	0.22227	0.677216	2.4095	0.830048	-0.276411
599	312	Pathway::PC7_3065	Degradation of the extracellular matrix	89	3	1.64483	1.8239	0.226914	0.690211	2.073	1.44718	0.646551
600	416	Pathway::PC7_4053	GPVI-mediated activation cascade	49	2	0.905578	2.20853	0.229108	0.691483	2.287	0.874508	-0.202857
601	416	Pathway::PC7_8627	Ubiquitin-dependent degradation of Cyclin D	49	2	0.905578	2.20853	0.229108	0.691483	2.764	0.723589	-0.511348
602	617	Pathway::PC7_1547	Activation of Rac	14	1	0.258737	3.86494	0.229988	0.691483	0.4815	2.07684	0.76644
603	617	Pathway::PC7_3016	Death Receptor Signalling	14	1	0.258737	3.86494	0.229988	0.691483	0.5655	1.76835	0.595312
604	617	Pathway::PC7_3629	Early Phase of HIV Life Cycle	14	1	0.258737	3.86494	0.229988	0.691483	0.453	2.20751	0.850348
605	617	Pathway::PC7_4628	IL5-mediated signaling events	14	1	0.258737	3.86494	0.229988	0.691483	0.5995	1.66806	0.545973
606	617	Pathway::PC7_4820	JNK signaling in the CD4+ TCR pathway	14	1	0.258737	3.86494	0.229988	0.691483	0.541	1.84843	0.63755
607	416	Pathway::PC7_1859	Autodegradation of the E3 ubiquitin ligase COP1	50	2	0.924059	2.16436	0.23596	0.707104	2.8145	0.710606	-0.537523
608	416	Pathway::PC7_8766	Vpu mediated degradation of CD4	50	2	0.924059	2.16436	0.23596	0.707104	2.84	0.704225	-0.560573
609	416	Pathway::PC7_4000	G-protein beta:gamma signalling	51	2	0.94254	2.12193	0.242824	0.718914	2.532	0.789889	-0.352327
610	416	Pathway::PC7_5517	Mitochondrial protein import	51	2	0.94254	2.12193	0.242824	0.718914	0.5625	3.55556	1.91736
611	416	Pathway::PC7_6147	PI Metabolism	51	2	0.94254	2.12193	0.242824	0.718914	1.289	1.55159	0.642007
612	416	Pathway::PC7_7661	Stabilization of p53	51	2	0.94254	2.12193	0.242824	0.718914	2.874	0.695894	-0.572193
613	137	Pathway::PC7_6815	RNF mutants show enhanced WNT signaling and proliferation	227	6	4.19523	1.4302	0.243082	0.718914	10.015	0.599101	-1.50365
614	617	Pathway::PC7_12188	negative regulation of TCF-dependent signaling by WNT ligand antagonists	15	1	0.277218	3.60727	0.244241	0.718914	0.3955	2.52845	0.958101
615	617	Pathway::PC7_3697	ErbB receptor signaling network	15	1	0.277218	3.60727	0.244241	0.718914	0.584	1.71233	0.555435
616	617	Pathway::PC7_4335	HDL-mediated lipid transport	15	1	0.277218	3.60727	0.244241	0.718914	0.377	2.65252	0.987681
617	617	Pathway::PC7_6394	Peptide hormone biosynthesis	15	1	0.277218	3.60727	0.244241	0.718914	0.302	3.31126	1.29885
618	617	Pathway::PC7_8676	Validated nuclear estrogen receptor beta network	15	1	0.277218	3.60727	0.244241	0.718914	0.3765	2.65604	1.02124
619	617	Pathway::WP550_r81207	Biogenic Amine Synthesis	15	1	0.277218	3.60727	0.244241	0.718914	0.2635	3.79507	1.41722
620	235	Pathway::PC7_6462	Phospholipid metabolism	138	4	2.5504	1.56838	0.251534	0.738103	2.9455	1.358	0.628556
621	312	Pathway::PC7_3415	EPH-Ephrin signaling	94	3	1.73723	1.72689	0.251571	0.738103	2.9815	1.0062	0.011313
622	416	Pathway::PC7_6876	Regulation of Androgen receptor activity	53	2	0.979503	2.04185	0.256575	0.74446	1.5955	1.25353	0.332174
623	617	Pathway::PC7_12285	p75NTR signals via NF-kB	16	1	0.295699	3.38182	0.258232	0.74446	0.779	1.2837	0.258988
624	617	Pathway::PC7_1625	Amine-derived hormones	16	1	0.295699	3.38182	0.258232	0.74446	0.31	3.22581	1.27061
625	617	Pathway::PC7_1631	Amino acid synthesis and interconversion (transamination)	16	1	0.295699	3.38182	0.258232	0.74446	0.266	3.7594	1.40417
626	617	Pathway::PC7_3962	Formation of Senescence-Associated Heterochromatin Foci (SAHF)	16	1	0.295699	3.38182	0.258232	0.74446	0.315	3.1746	1.2553
627	617	Pathway::PC7_6848	Rap1 signalling	16	1	0.295699	3.38182	0.258232	0.74446	0.607	1.64745	0.515346
628	617	Pathway::PC7_6888	Regulation of KIT signaling	16	1	0.295699	3.38182	0.258232	0.74446	0.706	1.41643	0.359027
629	617	Pathway::PC7_7421	Sema3A PAK dependent Axon repulsion	16	1	0.295699	3.38182	0.258232	0.74446	0.5275	1.89573	0.662774
630	617	Pathway::PC7_8338	Translocation of ZAP-70 to Immunological synapse	16	1	0.295699	3.38182	0.258232	0.74446	0.534	1.87266	0.656505
631	617	Pathway::WP2011_r75253	SREBF and miR33 in cholesterol and lipid homeostasis	16	1	0.295699	3.38182	0.258232	0.74446	0.477	2.09644	0.779235
632	617	Pathway::WP2453_r80143	TCA Cycle and PDHc	16	1	0.295699	3.38182	0.258232	0.74446	0.2695	3.71058	1.45269
633	416	Pathway::PC7_1214	AUF1 (hnRNP D0) destabilizes mRNA	54	2	0.997984	2.00404	0.263458	0.755937	2.9415	0.679925	-0.605084
634	416	Pathway::PC7_8680	Validated transcriptional targets of TAp63 isoforms	54	2	0.997984	2.00404	0.263458	0.755937	1.568	1.27551	0.357725
635	416	Pathway::WP585_r80201	Interferon type I signaling pathways	54	2	0.997984	2.00404	0.263458	0.755937	2.4135	0.828672	-0.273516
636	416	Pathway::WP2272_r78594	Pathogenic Escherichia coli infection	55	2	1.01647	1.9676	0.270341	0.77184	1.562	1.28041	0.349211
637	617	Pathway::PC7_4488	Homologous Recombination Repair	17	1	0.31418	3.18289	0.271965	0.77184	0.6885	1.45243	0.393244
638	617	Pathway::PC7_6532	Porphyrin metabolism	17	1	0.31418	3.18289	0.271965	0.77184	0.3095	3.23102	1.23086
639	617	Pathway::PC7_6928	Removal of DNA patch containing abasic residue	17	1	0.31418	3.18289	0.271965	0.77184	0.529	1.89036	0.676206
640	617	Pathway::WP2289_r78511	Drug Induction of Bile Acid Pathway	17	1	0.31418	3.18289	0.271965	0.77184	0.367	2.7248	1.05308
641	617	Pathway::WP3413_r82217	NOTCH1 regulation of human endothelial cell calcification	17	1	0.31418	3.18289	0.271965	0.77184	0.443	2.25734	0.856669
642	617	Pathway::WP78_r70014	TCA Cycle	17	1	0.31418	3.18289	0.271965	0.77184	0.2775	3.6036	1.3522
643	416	Pathway::PC7_7230	SCF(Skp2)-mediated degradation of p27/p21	56	2	1.03495	1.93247	0.277223	0.785536	3.076	0.650195	-0.68323
644	235	Pathway::PC7_8331	Translation	145	4	2.67977	1.49266	0.280163	0.792636	4.776	0.837521	-0.382038
645	617	Pathway::PC7_11143	cGMP effects	18	1	0.332661	3.00606	0.285446	0.803837	0.394	2.53807	0.995231
646	617	Pathway::PC7_6463	Phosphorylation of CD3 and TCR zeta chains	18	1	0.332661	3.00606	0.285446	0.803837	0.6375	1.56863	0.457764
647	617	Pathway::PC7_6919	Regulation of signaling by CBL	18	1	0.332661	3.00606	0.285446	0.803837	0.9185	1.08873	0.091242
648	235	Pathway::PC7_8229	The citric acid (TCA) cycle and respiratory electron transport	147	4	2.71673	1.47236	0.288442	0.81102	2.3265	1.71932	1.14401
649	416	Pathway::PC7_5981	Notch signaling pathway	58	2	1.07191	1.86583	0.290974	0.814368	1.7835	1.12139	0.164763
650	416	Pathway::PC7_6877	Regulation of Apoptosis	58	2	1.07191	1.86583	0.290974	0.814368	3.031	0.659848	-0.661927
651	416	Pathway::WP3527_r84571	Preimplantation Embryo	58	2	1.07191	1.86583	0.290974	0.814368	0.85	2.35294	1.27503
652	416	Pathway::PC7_12271	p53 pathway	59	2	1.09039	1.83421	0.297838	0.824534	1.7545	1.13993	0.19275
653	617	Pathway::PC7_1581	Aflatoxin activation and detoxification	19	1	0.351142	2.84785	0.298679	0.824534	0.382	2.6178	1.00775
654	617	Pathway::PC7_2032	Base Excision Repair	19	1	0.351142	2.84785	0.298679	0.824534	0.558	1.79211	0.61733
655	617	Pathway::PC7_2610	Citric acid cycle (TCA cycle)	19	1	0.351142	2.84785	0.298679	0.824534	0.304	3.28947	1.25292
656	617	Pathway::PC7_3679	Ephrin signaling	19	1	0.351142	2.84785	0.298679	0.824534	0.5785	1.72861	0.562331
657	617	Pathway::PC7_4101	Gap junction assembly	19	1	0.351142	2.84785	0.298679	0.824534	0.2885	3.4662	1.3392
658	617	Pathway::PC7_6513	Platelet calcium homeostasis	19	1	0.351142	2.84785	0.298679	0.824534	0.485	2.06186	0.752989
659	617	Pathway::PC7_7451	Signaling by FGFR1 fusion mutants	19	1	0.351142	2.84785	0.298679	0.824534	0.649	1.54083	0.454734
660	617	Pathway::PC7_7464	Signaling by NODAL	19	1	0.351142	2.84785	0.298679	0.824534	0.425	2.35294	0.912153
661	416	Pathway::PC7_2905	Cytochrome P450 - arranged by substrate type	60	2	1.10887	1.80364	0.304693	0.839864	1.634	1.22399	0.298734
662	179	Pathway::PC7_8340	Transmission across Chemical Synapses	200	5	3.69624	1.35273	0.310776	0.850087	6.1075	0.818666	-0.47449
663	416	Pathway::PC7_2393	Ca2+ pathway	61	2	1.12735	1.77407	0.311535	0.850087	2.7165	0.736241	-0.456534
664	416	Pathway::PC7_2523	Cell death signalling via NRAGE, NRIF and NADE	61	2	1.12735	1.77407	0.311535	0.850087	2.1885	0.913868	-0.139041
665	617	Pathway::PC7_1695	Arf1 pathway	20	1	0.369624	2.70545	0.311667	0.850087	0.4745	2.10748	0.772002
666	617	Pathway::PC7_7459	Signaling by Hippo	20	1	0.369624	2.70545	0.311667	0.850087	0.421	2.3753	0.910082
667	617	Pathway::PC7_8790	Xenobiotics	20	1	0.369624	2.70545	0.311667	0.850087	0.4915	2.03459	0.734778
668	617	Pathway::WP497_r72142	Urea cycle and metabolism of amino groups	20	1	0.369624	2.70545	0.311667	0.850087	0.291	3.43643	1.34878
669	137	Pathway::PC7_7483	Signaling by WNT in cancer	249	6	4.60181	1.30383	0.31286	0.852064	10.5695	0.567671	-1.66343
670	416	Pathway::PC7_6799	RNA Polymerase II Pre-transcription Events	62	2	1.14583	1.74545	0.318364	0.865761	2.1805	0.917221	-0.125671
671	617	Pathway::PC7_4415	HS-GAG degradation	21	1	0.388105	2.57662	0.324417	0.873099	0.543	1.84162	0.63734
672	617	Pathway::PC7_5874	Nef-mediates down modulation of cell surface receptors by recruiting them to clathrin adapters	21	1	0.388105	2.57662	0.324417	0.873099	0.772	1.29534	0.265401
673	617	Pathway::PC7_6787	RIP-mediated NFkB activation via ZBP1	21	1	0.388105	2.57662	0.324417	0.873099	0.9225	1.08401	0.0838392
674	617	Pathway::PC7_6887	Regulation of IGF Activity by IGFBP	21	1	0.388105	2.57662	0.324417	0.873099	0.43	2.32558	0.869141
675	617	Pathway::PC7_7720	Syndecan-3-mediated signaling events	21	1	0.388105	2.57662	0.324417	0.873099	0.785	1.27389	0.24863
676	617	Pathway::PC7_8327	Transcriptional regulation of pluripotent stem cells	21	1	0.388105	2.57662	0.324417	0.873099	0.4475	2.23464	0.872224
677	617	Pathway::WP691_r79986	Tamoxifen metabolism	21	1	0.388105	2.57662	0.324417	0.873099	0.5155	1.93986	0.672036
678	416	Pathway::PC7_6001	O-linked glycosylation of mucins	63	2	1.16431	1.71775	0.325177	0.873854	1.1185	1.78811	0.869642
679	312	Pathway::PC7_4005	G1/S Transition	109	3	2.01445	1.48924	0.327253	0.878137	5.4375	0.551724	-1.18472
680	416	Pathway::PC7_4940	LPA receptor mediated events	64	2	1.1828	1.69091	0.331973	0.888186	3	0.666667	-0.60813
681	416	Pathway::PC7_8319	Transcription of the HIV genome	64	2	1.1828	1.69091	0.331973	0.888186	2.222	0.90009	-0.152841
682	617	Pathway::PC7_4417	HSF1-dependent transactivation	22	1	0.406586	2.4595	0.336932	0.897501	0.7435	1.34499	0.298436
683	617	Pathway::WP100_r74146	Glutathione metabolism	22	1	0.406586	2.4595	0.336932	0.897501	0.419	2.38663	0.915854
684	617	Pathway::WP1424_r83526	Globo Sphingolipid Metabolism	22	1	0.406586	2.4595	0.336932	0.897501	0.291	3.43643	1.32734
685	416	Pathway::PC7_2910	Cytosolic sensors of pathogen-associated DNA	65	2	1.20128	1.6649	0.33875	0.899711	2.5615	0.780793	-0.355964
686	416	Pathway::PC7_4758	Integrin cell surface interactions	65	2	1.20128	1.6649	0.33875	0.899711	1.939	1.03146	0.0459117
687	312	Pathway::PC7_2469	Cap-dependent Translation Initiation	112	3	2.06989	1.44935	0.342489	0.908318	4.2505	0.705799	-0.659277
688	416	Pathway::PC7_2076	Beta1 integrin cell surface interactions	66	2	1.21976	1.63967	0.345506	0.914988	1.918	1.04275	0.0615954
689	617	Pathway::PC7_2467	Canonical NF-kappaB pathway	23	1	0.425067	2.35257	0.349217	0.918143	1.0475	0.954654	-0.0490645
690	617	Pathway::PC7_3319	Double-Strand Break Repair	23	1	0.425067	2.35257	0.349217	0.918143	0.8525	1.17302	0.165872
691	617	Pathway::PC7_3664	Endogenous sterols	23	1	0.425067	2.35257	0.349217	0.918143	0.749	1.33511	0.294177
692	617	Pathway::PC7_7442	Signaling by BMP	23	1	0.425067	2.35257	0.349217	0.918143	0.591	1.69205	0.537637
693	617	Pathway::PC7_7498	Signaling events mediated by the Hedgehog family	23	1	0.425067	2.35257	0.349217	0.918143	0.5325	1.87793	0.637995
694	416	Pathway::PC7_1132	APC/C:Cdh1 mediated degradation of Cdc20 and other APC/C:Cdh1 targeted proteins in late mitosis/early G1	68	2	1.25672	1.59144	0.358949	0.935004	3.6075	0.554401	-0.930195
695	617	Pathway::PC7_2912	Cytosolic tRNA aminoacylation	24	1	0.443548	2.25455	0.361275	0.935004	0.332	3.01205	1.19634
696	617	Pathway::PC7_3663	Endogenous TLR signaling	24	1	0.443548	2.25455	0.361275	0.935004	0.7975	1.25392	0.228483
697	617	Pathway::PC7_3874	Fanconi Anemia pathway	24	1	0.443548	2.25455	0.361275	0.935004	0.632	1.58228	0.473676
698	617	Pathway::PC7_5047	Lysosome Vesicle Biogenesis	24	1	0.443548	2.25455	0.361275	0.935004	0.7015	1.42552	0.358988
699	617	Pathway::PC7_5948	Nitric oxide stimulates guanylate cyclase	24	1	0.443548	2.25455	0.361275	0.935004	0.548	1.82482	0.629421
700	617	Pathway::PC7_6517	Plexin-D1 Signaling	24	1	0.443548	2.25455	0.361275	0.935004	0.678	1.47493	0.388965
701	617	Pathway::PC7_7423	Sema4D induced cell migration and growth-cone collapse	24	1	0.443548	2.25455	0.361275	0.935004	0.737	1.35685	0.312381
702	617	Pathway::PC7_7625	Smooth Muscle Contraction	24	1	0.443548	2.25455	0.361275	0.935004	0.624	1.60256	0.489252
703	617	Pathway::PC7_8057	TRAF6 mediated NF-kB activation	24	1	0.443548	2.25455	0.361275	0.935004	0.9985	1.0015	0.00157286
704	617	Pathway::WP2865_r81650	IL1 and megakaryotyces in obesity	24	1	0.443548	2.25455	0.361275	0.935004	0.728	1.37363	0.327683
705	416	Pathway::PC7_6054	Orc1 removal from chromatin	69	2	1.2752	1.56838	0.365634	0.944944	3.705	0.539811	-0.976284
706	312	Pathway::PC7_2520	Cell Cycle Checkpoints	117	3	2.1623	1.38741	0.367817	0.949239	5.5685	0.538745	-1.17971
707	97	Pathway::PC7_7484	Signaling by Wnt	317	7	5.85853	1.19484	0.370281	0.952113	13.4355	0.521008	-2.12405
708	416	Pathway::WP2359_r72121	Parkin-Ubiquitin Proteasomal System pathway	70	2	1.29368	1.54597	0.372293	0.952113	2.226	0.898473	-0.155588
709	235	Pathway::PC7_4771	Interferon Signaling	167	4	3.08636	1.29603	0.372422	0.952113	5.663	0.706339	-0.739408
710	617	Pathway::PC7_1524	Activation of BH3-only proteins	25	1	0.46203	2.16436	0.373111	0.952113	1.1135	0.898069	-0.114209
711	617	Pathway::PC7_2035	Basigin interactions	25	1	0.46203	2.16436	0.373111	0.952113	0.59	1.69492	0.544061
712	617	Pathway::PC7_3633	Effects of PIP2 hydrolysis	25	1	0.46203	2.16436	0.373111	0.952113	0.75	1.33333	0.301511
713	617	Pathway::PC7_965	A tetrasaccharide linker sequence is required for GAG synthesis	25	1	0.46203	2.16436	0.373111	0.952113	0.674	1.48368	0.402892
714	617	Pathway::WP2895_r79216	Differentiation of white and brown adipocyte   	25	1	0.46203	2.16436	0.373111	0.952113	0.464	2.15517	0.790543
715	60	Pathway::PC7_2521	Cell Cycle, Mitotic	473	10	8.7416	1.14396	0.377223	0.961259	18.068	0.553465	-2.34329
716	416	Pathway::PC7_3803	FBXW7 Mutants and NOTCH1 in Cancer	71	2	1.31216	1.5242	0.378923	0.962898	2.6095	0.76643	-0.388287
717	416	Pathway::PC7_6930	Removal of licensing factors from origins	71	2	1.31216	1.5242	0.378923	0.962898	3.752	0.533049	-0.992114
718	617	Pathway::PC7_3678	Ephrin B reverse signaling	26	1	0.480511	2.08112	0.384729	0.970882	1.0625	0.941176	-0.0619878
719	617	Pathway::PC7_4269	Glycolysis	26	1	0.480511	2.08112	0.384729	0.970882	0.624	1.60256	0.497316
720	617	Pathway::PC7_4618	IL27-mediated signaling events	26	1	0.480511	2.08112	0.384729	0.970882	0.8735	1.14482	0.141387
721	617	Pathway::PC7_7778	TAK1 activates NFkB by phosphorylation and activation of IKKs complex	26	1	0.480511	2.08112	0.384729	0.970882	1.2455	0.80289	-0.228708
722	617	Pathway::PC7_8803	ZBP1(DAI) mediated induction of type I IFNs	26	1	0.480511	2.08112	0.384729	0.970882	1.095	0.913242	-0.0941575
723	617	Pathway::PC7_3999	G-protein activation	27	1	0.498992	2.00404	0.396134	0.994153	1.3435	0.744325	-0.308409
724	617	Pathway::PC7_4619	IL3-mediated signaling events	27	1	0.498992	2.00404	0.396134	0.994153	1.1685	0.855798	-0.165778
725	617	Pathway::PC7_4874	Keratan sulfate biosynthesis	27	1	0.498992	2.00404	0.396134	0.994153	0.587	1.70358	0.538855
726	617	Pathway::PC7_7736	Synthesis of IP3 and IP4 in the cytosol	27	1	0.498992	2.00404	0.396134	0.994153	0.7485	1.33601	0.298214
727	416	Pathway::PC7_6881	Regulation of DNA replication	74	2	1.36761	1.46241	0.398636	0.997685	3.9025	0.512492	-1.05516
728	416	Pathway::WP2118_r71265	Arrhythmogenic Right Ventricular Cardiomyopathy	74	2	1.36761	1.46241	0.398636	0.997685	1.84	1.08696	0.12299
729	416	Pathway::PC7_3991	G alpha (12/13) signalling events	75	2	1.38609	1.44291	0.405143	1	2.948	0.678426	-0.58199
730	617	Pathway::PC7_1883	BARD1 signaling events	28	1	0.517473	1.93247	0.407328	1	0.8485	1.17855	0.168903
731	617	Pathway::PC7_3805	FCERI mediated Ca+2 mobilization	28	1	0.517473	1.93247	0.407328	1	1.302	0.768049	-0.276171
732	617	Pathway::PC7_4103	Gap junction trafficking	28	1	0.517473	1.93247	0.407328	1	0.6005	1.66528	0.529662
733	617	Pathway::PC7_6870	Reelin signaling pathway	28	1	0.517473	1.93247	0.407328	1	0.9825	1.01781	0.0178964
734	617	Pathway::PC7_8234	The role of Nef in HIV-1 replication and disease pathogenesis	28	1	0.517473	1.93247	0.407328	1	1.0895	0.917852	-0.0897928
735	416	Pathway::PC7_2949	DNA Damage/Telomere Stress Induced Senescence	76	2	1.40457	1.42392	0.411617	1	3.5145	0.569071	-0.865812
736	137	Pathway::PC7_5887	Neuronal System	279	6	5.15625	1.16364	0.412061	1	7.192	0.83426	-0.471875
737	416	Pathway::PC7_6909	Regulation of insulin secretion	77	2	1.42305	1.40543	0.418057	1	3.158	0.633312	-0.680701
738	617	Pathway::PC7_7262	SHC-mediated cascade	29	1	0.535954	1.86583	0.418315	1	1.6355	0.611434	-0.521035
739	617	Pathway::WP430_r82344	Statin Pathway	29	1	0.535954	1.86583	0.418315	1	0.6835	1.46306	0.388022
740	416	Pathway::PC7_5994	Nucleotide metabolism	78	2	1.44153	1.38741	0.424461	1	1.238	1.61551	0.71015
741	416	Pathway::PC7_6515	Platelet homeostasis	78	2	1.44153	1.38741	0.424461	1	2.8145	0.710606	-0.510351
742	617	Pathway::PC7_2392	Ca-dependent events	30	1	0.554435	1.80364	0.429101	1	1.617	0.618429	-0.53235
743	617	Pathway::PC7_4104	Gap junction trafficking and regulation	30	1	0.554435	1.80364	0.429101	1	0.685	1.45985	0.388985
744	617	Pathway::PC7_4162	Gluconeogenesis	30	1	0.554435	1.80364	0.429101	1	0.69	1.44928	0.38753
745	617	Pathway::PC7_4992	Lipoprotein metabolism	30	1	0.554435	1.80364	0.429101	1	0.8145	1.22775	0.208692
746	617	Pathway::PC7_5537	Molecules associated with elastic fibres	30	1	0.554435	1.80364	0.429101	1	0.6955	1.43781	0.385851
747	617	Pathway::PC7_6878	Regulation of CDC42 activity	30	1	0.554435	1.80364	0.429101	1	0.7285	1.37268	0.32386
748	617	Pathway::PC7_7452	Signaling by FGFR1 mutants	30	1	0.554435	1.80364	0.429101	1	1.2805	0.780945	-0.261702
749	617	Pathway::WP2855_r79211	Dopaminergic Neurogenesis	30	1	0.554435	1.80364	0.429101	1	0.634	1.57729	0.459644
750	416	Pathway::PC7_6514	Platelet degranulation	80	2	1.47849	1.35273	0.437159	1	2.4325	0.822199	-0.292695
751	617	Pathway::PC7_4414	HS-GAG biosynthesis	31	1	0.572917	1.74545	0.439687	1	0.6915	1.44613	0.370231
752	617	Pathway::PC7_5779	NOD1/2 Signaling Pathway	31	1	0.572917	1.74545	0.439687	1	1.3685	0.730727	-0.332575
753	617	Pathway::PC7_6916	Regulation of p38-alpha and p38-beta	31	1	0.572917	1.74545	0.439687	1	1.214	0.823723	-0.199538
754	416	Pathway::PC7_1128	APC/C-mediated degradation of cell cycle proteins	81	2	1.49698	1.33603	0.443452	1	4.211	0.474947	-1.19322
755	617	Pathway::PC7_4876	Keratan sulfate/keratin metabolism	32	1	0.591398	1.69091	0.450078	1	0.7325	1.36519	0.317477
756	617	Pathway::PC7_7477	Signaling by Robo receptor	32	1	0.591398	1.69091	0.450078	1	0.903	1.10742	0.105925
757	617	Pathway::WP2875_r79890	Constitutive Androstane Receptor Pathway	32	1	0.591398	1.69091	0.450078	1	1.0545	0.948317	-0.054377
758	617	Pathway::WP3414_r82252	Initiation of transcription and translation elongation at the HIV-1 LTR	32	1	0.591398	1.69091	0.450078	1	1.229	0.81367	-0.218089
759	617	Pathway::PC7_2924	DAG and IP3 signaling	33	1	0.609879	1.63967	0.460278	1	1.784	0.560538	-0.646557
760	617	Pathway::PC7_5332	Metabolism of steroid hormones and vitamin D	33	1	0.609879	1.63967	0.460278	1	0.671	1.49031	0.411972
761	617	Pathway::PC7_6892	Regulation of Ras family activation	33	1	0.609879	1.63967	0.460278	1	1.0825	0.923788	-0.08584
762	617	Pathway::PC7_7434	Sialic acid metabolism	33	1	0.609879	1.63967	0.460278	1	0.6895	1.45033	0.380448
763	312	Pathway::PC7_3869	Factors involved in megakaryocyte development and platelet production	136	3	2.51344	1.19358	0.461835	1	3.857	0.777807	-0.453983
764	312	Pathway::PC7_4366	HIV Life Cycle	136	3	2.51344	1.19358	0.461835	1	5.1455	0.583034	-0.971588
765	416	Pathway::PC7_6393	Peptide chain elongation	84	2	1.55242	1.28831	0.462095	1	3.5395	0.565052	-0.890697
766	416	Pathway::PC7_6945	Response to elevated platelet cytosolic Ca2+	85	2	1.5709	1.27316	0.468228	1	2.6405	0.757432	-0.418149
767	617	Pathway::WP299_r78587	Nuclear Receptors in Lipid Metabolism and Toxicity	34	1	0.62836	1.59144	0.47029	1	0.8885	1.12549	0.121797
768	416	Pathway::PC7_6433	Phase II conjugation	86	2	1.58938	1.25835	0.47432	1	1.5165	1.31883	0.397203
769	416	Pathway::PC7_6911	Regulation of mRNA stability by proteins that bind AU-rich elements	86	2	1.58938	1.25835	0.47432	1	4.097	0.488162	-1.16453
770	617	Pathway::PC7_1697	Arf6 signaling events	35	1	0.646841	1.54597	0.480117	1	0.965	1.03627	0.0364549
771	617	Pathway::PC7_3386	EGFR interacts with phospholipase C-gamma	35	1	0.646841	1.54597	0.480117	1	1.8835	0.530926	-0.707156
772	617	Pathway::PC7_3798	FAS (CD95) signaling pathway	35	1	0.646841	1.54597	0.480117	1	1.709	0.585138	-0.547933
773	617	Pathway::PC7_6178	PLC-gamma1 signalling	35	1	0.646841	1.54597	0.480117	1	1.87	0.534759	-0.700816
774	416	Pathway::PC7_11610	formation of the beta-catenin:TCF transactivating complex	87	2	1.60786	1.24389	0.48037	1	4.277	0.467617	-1.20255
775	416	Pathway::PC7_3017	Defective AMN causes hereditary megaloblastic anemia 1	87	2	1.60786	1.24389	0.48037	1	1.5635	1.27918	0.362748
776	312	Pathway::PC7_5890	Neurotransmitter Receptor Binding And Downstream Transmission In The Postsynaptic Cell	140	3	2.58737	1.15948	0.480916	1	4.833	0.620732	-0.889019
777	50	Pathway::PC7_5326	Metabolism of lipids and lipoproteins	569	11	10.5158	1.04605	0.48384	1	12.877	0.854236	-0.556215
778	416	Pathway::PC7_3772	Eukaryotic Translation Elongation	88	2	1.62634	1.22975	0.486378	1	3.5985	0.555787	-0.916456
779	416	Pathway::PC7_4262	Glycerophospholipid biosynthesis	88	2	1.62634	1.22975	0.486378	1	1.6735	1.1951	0.257807
780	617	Pathway::PC7_967	ABC-family proteins mediated transport	36	1	0.665323	1.50303	0.489763	1	0.5445	1.83655	0.625076
781	312	Pathway::PC7_11018	beta-catenin independent WNT signaling	143	3	2.64281	1.13516	0.495019	1	6.7025	0.447594	-1.60918
782	617	Pathway::WP619_r71168	Type II interferon signaling (IFNG)	37	1	0.683804	1.46241	0.499231	1	1.1855	0.843526	-0.172748
783	416	Pathway::WP35_r79952	G Protein Signaling Pathways	92	2	1.70027	1.17628	0.509974	1	3.872	0.516529	-1.00703
784	617	Pathway::PC7_1213	ATR signaling pathway	39	1	0.720766	1.38741	0.517646	1	1.393	0.717875	-0.331254
785	617	Pathway::PC7_7490	Signaling events mediated by HDAC Class III	39	1	0.720766	1.38741	0.517646	1	1.681	0.594884	-0.550153
786	617	Pathway::WP524_r72112	G13 Signaling Pathway	39	1	0.720766	1.38741	0.517646	1	1.21	0.826446	-0.199602
787	179	Pathway::PC7_2500	Carbohydrate metabolism	258	5	4.76815	1.04863	0.521271	1	6.6745	0.74912	-0.687313
788	312	Pathway::WP536_r80211	Calcium Regulation in the Cardiac Cell	149	3	2.7537	1.08944	0.522644	1	5.1385	0.583828	-1.00672
789	617	Pathway::PC7_2095	Binding and Uptake of Ligands by Scavenger Receptors	40	1	0.739247	1.35273	0.5266	1	0.9	1.11111	0.10594
790	617	Pathway::PC7_4211	Glucose transport	40	1	0.739247	1.35273	0.5266	1	1.9115	0.523149	-0.699569
791	416	Pathway::PC7_7681	Stimuli-sensing channels	95	2	1.75571	1.13914	0.527204	1	1.6325	1.22511	0.300419
792	416	Pathway::PC7_7731	Synthesis of DNA	96	2	1.77419	1.12727	0.532856	1	4.8755	0.410214	-1.44226
793	617	Pathway::PC7_3421	EPHB-mediated forward signaling	41	1	0.757728	1.31973	0.535388	1	1.396	0.716332	-0.347024
794	617	Pathway::PC7_3649	Elastic fibre formation	41	1	0.757728	1.31973	0.535388	1	0.914	1.09409	0.0938558
795	617	Pathway::PC7_6948	Retinoid metabolism and transport	41	1	0.757728	1.31973	0.535388	1	1.1125	0.898876	-0.108211
796	179	Pathway::PC7_3777	Extracellular matrix organization	263	5	4.86055	1.02869	0.538446	1	6.0775	0.822707	-0.458511
797	617	Pathway::PC7_12899	tRNA Aminoacylation	42	1	0.77621	1.28831	0.544014	1	0.572	1.74825	0.571523
798	617	Pathway::PC7_4158	Glucagon-like Peptide-1 (GLP1) regulates insulin secretion	42	1	0.77621	1.28831	0.544014	1	1.9895	0.502639	-0.726046
799	617	Pathway::PC7_5884	Netrin-1 signaling	42	1	0.77621	1.28831	0.544014	1	1.207	0.8285	-0.193521
800	617	Pathway::PC7_4792	Ion transport by P-type ATPases	43	1	0.794691	1.25835	0.552481	1	0.6145	1.62734	0.495663
801	416	Pathway::PC7_5157	MHC class II antigen presentation	100	2	1.84812	1.08218	0.555004	1	2.6105	0.766137	-0.372798
802	416	Pathway::PC7_6000	O-linked glycosylation	101	2	1.8666	1.07147	0.560425	1	1.761	1.13572	0.184785
803	617	Pathway::PC7_3853	FOXA2 and FOXA3 transcription factor networks	44	1	0.813172	1.22975	0.560792	1	1.1845	0.844238	-0.178995
804	617	Pathway::PC7_5825	NRAGE signals death through JNK	45	1	0.831653	1.20242	0.568949	1	1.4665	0.681896	-0.407446
805	617	Pathway::PC7_8786	XBP1(S) activates chaperone genes	45	1	0.831653	1.20242	0.568949	1	0.9335	1.07124	0.0715394
806	235	Pathway::PC7_2570	Chromatin modifying enzymes	216	4	3.99194	1.00202	0.569123	1	6.055	0.660611	-0.907042
807	235	Pathway::PC7_4365	HIV Infection	216	4	3.99194	1.00202	0.569123	1	9.0755	0.440747	-1.87714
808	416	Pathway::PC7_2951	DNA Replication	104	2	1.92204	1.04056	0.576404	1	5.1545	0.38801	-1.53022
809	416	Pathway::PC7_4754	Integration of energy metabolism	104	2	1.92204	1.04056	0.576404	1	4.2205	0.473878	-1.14775
810	416	Pathway::PC7_6801	RNA Polymerase II Transcription	104	2	1.92204	1.04056	0.576404	1	3.1415	0.636639	-0.671648
811	617	Pathway::PC7_4742	Inositol phosphate metabolism	46	1	0.850134	1.17628	0.576956	1	1.0175	0.982801	-0.0175158
812	617	Pathway::PC7_7851	TNF receptor signaling pathway 	46	1	0.850134	1.17628	0.576956	1	1.686	0.59312	-0.538241
813	312	Pathway::PC7_4791	Ion channel transport	162	3	2.99395	1.00202	0.579561	1	2.682	1.11857	0.199379
814	416	Pathway::PC7_4085	GTP hydrolysis and joining of the 60S ribosomal subunit	105	2	1.94052	1.03065	0.581637	1	4.137	0.483442	-1.13931
815	617	Pathway::PC7_3875	Fanconi anemia pathway	47	1	0.868616	1.15126	0.584815	1	1.2735	0.785238	-0.250854
816	617	Pathway::PC7_4336	HDMs demethylate histones	47	1	0.868616	1.15126	0.584815	1	1.8615	0.537201	-0.66859
817	617	Pathway::PC7_4657	IRE1alpha activates chaperones	47	1	0.868616	1.15126	0.584815	1	0.978	1.02249	0.0230305
818	617	Pathway::PC7_2706	Cross-presentation of soluble exogenous antigens (endosomes)	48	1	0.887097	1.12727	0.592528	1	2.585	0.386847	-1.06988
819	617	Pathway::PC7_6897	Regulation of activated PAK-2p34 by proteasome mediated degradation	48	1	0.887097	1.12727	0.592528	1	2.79	0.358423	-1.19257
820	617	Pathway::WP410_r84683	Diurnally Regulated Genes with Circadian Orthologs	48	1	0.887097	1.12727	0.592528	1	0.92	1.08696	0.0853482
821	617	Pathway::PC7_1630	Amino acid and oligopeptide SLC transporters	49	1	0.905578	1.10427	0.6001	1	0.8385	1.19261	0.176272
822	617	Pathway::PC7_2265	CDK-mediated phosphorylation and removal of Cdc6	49	1	0.905578	1.10427	0.6001	1	2.8275	0.353669	-1.2064
823	617	Pathway::PC7_2569	Chondroitin sulfate/dermatan sulfate metabolism	49	1	0.905578	1.10427	0.6001	1	1.1075	0.902935	-0.104713
824	617	Pathway::PC7_3046	Defensins	49	1	0.905578	1.10427	0.6001	1	0.814	1.2285	0.211227
825	617	Pathway::PC7_6915	Regulation of ornithine decarboxylase (ODC)	49	1	0.905578	1.10427	0.6001	1	2.5735	0.388576	-1.06999
826	416	Pathway::PC7_6203	PPARA activates gene expression	110	2	2.03293	0.983802	0.607088	1	3.144	0.636132	-0.678569
827	617	Pathway::PC7_4970	Lipid and lipoprotein metabolism	50	1	0.924059	1.08218	0.607531	1	1.376	0.726744	-0.323774
828	617	Pathway::PC7_5551	Muscle contraction	51	1	0.94254	1.06096	0.614825	1	1.0665	0.937647	-0.0646797
829	617	Pathway::PC7_8625	Ubiquitin Mediated Degradation of Phosphorylated Cdc25A	51	1	0.94254	1.06096	0.614825	1	2.9165	0.342877	-1.23722
830	416	Pathway::PC7_2950	DNA Repair	113	2	2.08837	0.957683	0.621791	1	3.5485	0.563618	-0.860059
831	416	Pathway::PC7_6910	Regulation of lipid metabolism by Peroxisome proliferator-activated receptor alpha (PPARalpha)	113	2	2.08837	0.957683	0.621791	1	3.255	0.614439	-0.736711
832	617	Pathway::PC7_1812	Assembly of collagen fibrils and other multimeric structures	52	1	0.961022	1.04056	0.621985	1	1.3015	0.768344	-0.270363
833	617	Pathway::PC7_7493	Signaling events mediated by PTP1B	52	1	0.961022	1.04056	0.621985	1	2.149	0.465333	-0.804895
834	617	Pathway::PC7_7764	Synthesis of substrates in N-glycan biosythesis	52	1	0.961022	1.04056	0.621985	1	1.0065	0.993542	-0.006605
835	617	Pathway::PC7_7795	TGF-beta receptor signaling	52	1	0.961022	1.04056	0.621985	1	1.8165	0.550509	-0.602124
836	312	Pathway::WP702_r73516	Metapathway biotransformation	173	3	3.19724	0.938308	0.624286	1	3.083	0.973078	-0.0486128
837	617	Pathway::PC7_11384	degradation of AXIN	53	1	0.979503	1.02093	0.629012	1	2.889	0.346141	-1.22946
838	617	Pathway::PC7_4451	Heparan sulfate/heparin (HS-GAG) metabolism	53	1	0.979503	1.02093	0.629012	1	1.1495	0.869943	-0.139219
839	617	Pathway::PC7_7231	SCF-beta-TrCP mediated degradation of Emi1	53	1	0.979503	1.02093	0.629012	1	3.0195	0.331181	-1.3003
840	416	Pathway::PC7_5271	Meiosis	115	2	2.12534	0.941028	0.631356	1	4.9025	0.407955	-1.4462
841	617	Pathway::PC7_6992	Role of Calcineurin-dependent NFAT signaling in lymphocytes	54	1	0.997984	1.00202	0.635909	1	2.479	0.403388	-1.03562
842	617	Pathway::PC7_11385	degradation of DVL	55	1	1.01647	0.983802	0.642679	1	2.96	0.337838	-1.25853
843	617	Pathway::PC7_2582	Circadian Clock	55	1	1.01647	0.983802	0.642679	1	2.071	0.482859	-0.767558
844	617	Pathway::PC7_1552	Activation of the mRNA upon binding of the cap-binding complex and eIFs, and subsequent binding to 43S	56	1	1.03495	0.966234	0.649323	1	2.09	0.478469	-0.794352
845	617	Pathway::PC7_2681	Constitutive Signaling by NOTCH1 HD+PEST Domain Mutants	56	1	1.03495	0.966234	0.649323	1	2.1755	0.459664	-0.824491
846	617	Pathway::PC7_6461	Phospholipase C-mediated cascade	56	1	1.03495	0.966234	0.649323	1	3.114	0.32113	-1.33461
847	617	Pathway::PC7_8266	Thromboxane A2 receptor signaling	56	1	1.03495	0.966234	0.649323	1	2.4735	0.404285	-1.00884
848	416	Pathway::PC7_3018	Defective B3GAT3 causes JDSSDHD	119	2	2.19926	0.909396	0.649924	1	2.4855	0.804667	-0.318008
849	312	Pathway::PC7_3882	Fatty acid, triacylglycerol, and ketone body metabolism	180	3	3.32661	0.901818	0.651019	1	4.6195	0.649421	-0.784308
850	617	Pathway::PC7_2278	CDT1 association with the CDC6:ORC:origin complex	57	1	1.05343	0.949282	0.655845	1	3.142	0.318269	-1.33127
851	617	Pathway::PC7_4467	Hh ligand biogenesis disease	57	1	1.05343	0.949282	0.655845	1	2.9305	0.341239	-1.22992
852	617	Pathway::PC7_3060	Degradation of GLI1 by the proteasome	58	1	1.07191	0.932915	0.662246	1	3.234	0.309215	-1.38834
853	617	Pathway::PC7_3061	Degradation of GLI2 by the proteasome	58	1	1.07191	0.932915	0.662246	1	3.248	0.307882	-1.40955
854	617	Pathway::PC7_4037	GLI3 is processed to GLI3R by the proteasome	58	1	1.07191	0.932915	0.662246	1	3.247	0.307977	-1.4063
855	416	Pathway::PC7_4948	Late Phase of HIV Life Cycle	123	2	2.27319	0.879823	0.667746	1	4.725	0.42328	-1.28168
856	312	Pathway::PC7_3993	G alpha (q) signalling events	185	3	3.41902	0.877445	0.669275	1	5.2915	0.566947	-1.05772
857	617	Pathway::PC7_1858	Autodegradation of Cdh1 by Cdh1:APC/C	60	1	1.10887	0.901818	0.674696	1	3.2875	0.304183	-1.3767
858	617	Pathway::PC7_6793	RNA Polymerase I Promoter Opening	60	1	1.10887	0.901818	0.674696	1	3.4435	0.290402	-1.46084
859	312	Pathway::PC7_1629	Amino acid and derivative metabolism	188	3	3.47446	0.863443	0.679893	1	4.884	0.614251	-0.896986
860	617	Pathway::PC7_2630	Clathrin derived vesicle budding	61	1	1.12735	0.887034	0.680749	1	1.2865	0.777303	-0.256313
861	617	Pathway::WP43_r84102	Oxidation by Cytochrome P450	61	1	1.12735	0.887034	0.680749	1	1.3865	0.721241	-0.340279
862	617	Pathway::PC7_1821	Asymmetric localization of PCP proteins	62	1	1.14583	0.872727	0.686689	1	3.218	0.310752	-1.37515
863	617	Pathway::PC7_4439	Hedgehog ligand biogenesis	62	1	1.14583	0.872727	0.686689	1	3.0825	0.324412	-1.28079
864	617	Pathway::WP183_r81161	Proteasome Degradation	62	1	1.14583	0.872727	0.686689	1	3.0935	0.323258	-1.27696
865	617	Pathway::PC7_1130	APC/C:Cdc20 mediated degradation of Securin	63	1	1.16431	0.858874	0.69252	1	3.4365	0.290994	-1.44836
866	617	Pathway::PC7_3427	ER-Phagosome pathway	63	1	1.16431	0.858874	0.69252	1	3.18	0.314465	-1.33599
867	617	Pathway::PC7_1816	Assembly of the pre-replicative complex	66	1	1.21976	0.819835	0.709374	1	3.5595	0.280938	-1.48531
868	617	Pathway::WP2369_r83012	Histone Modifications	66	1	1.21976	0.819835	0.709374	1	1.9795	0.505178	-0.724447
869	617	Pathway::PC7_2100	Biosynthesis of the N-glycan precursor (dolichol lipid-linked oligosaccharide, LLO) and transfer to a nascent protein	67	1	1.23824	0.807598	0.714785	1	1.2435	0.804182	-0.220526
870	617	Pathway::PC7_1131	APC/C:Cdc20 mediated degradation of mitotic proteins	68	1	1.25672	0.795722	0.720096	1	3.6665	0.27274	-1.53509
871	617	Pathway::PC7_2518	Cdc20:Phospho-APC/C mediated degradation of Cyclin A	68	1	1.25672	0.795722	0.720096	1	3.671	0.272405	-1.54993
872	416	Pathway::PC7_5534	Mitotic Prophase	136	2	2.51344	0.795722	0.720667	1	6.436	0.310752	-2.0921
873	617	Pathway::PC7_1521	Activation of APC/C and APC/C:Cdc20 mediated degradation of mitotic proteins	69	1	1.2752	0.78419	0.725308	1	3.723	0.268601	-1.55657
874	617	Pathway::PC7_1674	Antiviral mechanism by IFN-stimulated genes	70	1	1.29368	0.772987	0.730424	1	2.9175	0.342759	-1.17466
875	617	Pathway::PC7_4207	Glucose metabolism	70	1	1.29368	0.772987	0.730424	1	1.8155	0.550812	-0.634585
876	617	Pathway::PC7_7488	Signaling events mediated by HDAC Class I	70	1	1.29368	0.772987	0.730424	1	2.31	0.4329	-0.915189
877	617	Pathway::PC7_5273	Meiotic synapsis	75	1	1.38609	0.721455	0.754619	1	3.289	0.304044	-1.32721
878	617	Pathway::PC7_6875	Regulation of APC/C activators between G1/S and early anaphase	76	1	1.40457	0.711962	0.759192	1	4.0895	0.244529	-1.70059
879	617	Pathway::PC7_8328	Transcriptional regulation of white adipocyte differentiation	77	1	1.42305	0.702715	0.763681	1	2.37	0.421941	-0.959639
880	617	Pathway::PC7_8631	Unfolded Protein Response (UPR)	78	1	1.44153	0.693706	0.768086	1	1.8655	0.536049	-0.654554
881	617	Pathway::PC7_6890	Regulation of PLK1 Activity at G2/M Transition	79	1	1.46001	0.684925	0.77241	1	2.2515	0.444148	-0.882466
882	312	Pathway::PC7_5327	Metabolism of mRNA	219	3	4.04738	0.74122	0.775097	1	8.615	0.34823	-2.09233
883	617	Pathway::PC7_1671	Antigen processing-Cross presentation	80	1	1.47849	0.676364	0.776654	1	3.6825	0.271555	-1.49683
884	617	Pathway::PC7_2952	DNA Replication Pre-Initiation	81	1	1.49698	0.668013	0.780819	1	4.211	0.237473	-1.73593
885	617	Pathway::PC7_2670	Collagen formation	84	1	1.55242	0.644156	0.792856	1	1.81	0.552486	-0.610578
886	617	Pathway::PC7_3774	Eukaryotic Translation Termination	84	1	1.55242	0.644156	0.792856	1	3.5685	0.28023	-1.47403
887	617	Pathway::PC7_5272	Meiotic recombination	84	1	1.55242	0.644156	0.792856	1	4.2185	0.237051	-1.75329
888	617	Pathway::PC7_8712	Viral mRNA Translation	84	1	1.55242	0.644156	0.792856	1	3.557	0.281136	-1.47585
889	416	Pathway::PC7_7427	Separation of Sister Chromatids	160	2	2.95699	0.676364	0.799827	1	6.6085	0.302641	-1.95107
890	235	Pathway::PC7_5049	M Phase	295	4	5.45195	0.733683	0.800173	1	12.5305	0.319221	-2.99915
891	312	Pathway::PC7_8317	Transcription	231	3	4.26915	0.702715	0.805196	1	8.265	0.362976	-1.99244
892	617	Pathway::WP477_r67139	Cytoplasmic Ribosomal Proteins	88	1	1.62634	0.614876	0.80789	1	3.8215	0.261677	-1.58057
893	617	Pathway::PC7_5973	Nonsense Mediated Decay (NMD) independent of the Exon Junction Complex (EJC)	89	1	1.64483	0.607967	0.811476	1	3.736	0.267666	-1.54369
894	617	Pathway::PC7_6108	PCP/CE pathway	90	1	1.66331	0.601212	0.814995	1	4.283	0.233481	-1.74001
895	617	Pathway::PC7_3280	Diseases associated with visual transduction	94	1	1.73723	0.575629	0.828431	1	2.363	0.423191	-0.913095
896	617	Pathway::PC7_3963	Formation of a pool of free 40S subunits	94	1	1.73723	0.575629	0.828431	1	3.791	0.263783	-1.55144
897	416	Pathway::PC7_5527	Mitotic Anaphase	171	2	3.16028	0.632855	0.829008	1	6.9105	0.289415	-2.04153
898	416	Pathway::PC7_5531	Mitotic Metaphase and Anaphase	172	2	3.17876	0.629175	0.831462	1	6.947	0.287894	-2.04793
899	617	Pathway::PC7_8354	Transport of inorganic cations/anions and amino acids/oligopeptides	95	1	1.75571	0.569569	0.831635	1	1.6045	0.623247	-0.492412
900	617	Pathway::PC7_8352	Transport of glucose and other sugars, bile salts and organic acids, metal ions and amine compounds	97	1	1.79267	0.557826	0.837867	1	1.853	0.539665	-0.631697
901	617	Pathway::PC7_4438	Hedgehog 'off' state	98	1	1.81116	0.552134	0.840896	1	4.4965	0.222395	-1.84848
902	617	Pathway::PC7_6543	Potassium Channels	99	1	1.82964	0.546556	0.843869	1	2.039	0.490436	-0.744143
903	617	Pathway::PC7_6941	Resolution of Sister Chromatid Cohesion	100	1	1.84812	0.541091	0.846787	1	3.361	0.29753	-1.3542
904	617	Pathway::PC7_6065	Orphan transporters	104	1	1.92204	0.52028	0.857926	1	2.387	0.418936	-0.922164
905	617	Pathway::PC7_685	3' -UTR-mediated translational regulation	104	1	1.92204	0.52028	0.857926	1	4.1545	0.240703	-1.67787
906	617	Pathway::PC7_6791	RNA Polymerase I Promoter Clearance	105	1	1.94052	0.515325	0.860583	1	5.0945	0.19629	-2.00977
907	416	Pathway::PC7_6396	Peptide ligand-binding receptors	186	2	3.4375	0.581818	0.862654	1	4.0475	0.494132	-1.07954
908	235	Pathway::PC7_5530	Mitotic M-M/G1 phases	329	4	6.08031	0.657861	0.863156	1	14.015	0.285408	-3.32035
909	617	Pathway::PC7_5972	Nonsense Mediated Decay (NMD) enhanced by the Exon Junction Complex (EJC)	106	1	1.95901	0.510463	0.86319	1	4.134	0.241896	-1.65015
910	312	Pathway::PC7_7290	SLC-mediated transmembrane transport	260	3	4.80511	0.624336	0.86427	1	5.7885	0.518269	-1.21173
911	617	Pathway::PC7_6794	RNA Polymerase I Transcription	107	1	1.97749	0.505692	0.865749	1	5.1305	0.194913	-2.01897
912	617	Pathway::PC7_7357	SRP-dependent cotranslational protein targeting to membrane	107	1	1.97749	0.505692	0.865749	1	3.9275	0.254615	-1.59941
913	617	Pathway::PC7_5533	Mitotic Prometaphase	108	1	1.99597	0.50101	0.86826	1	3.5475	0.281889	-1.42862
914	416	Pathway::PC7_5307	Membrane Trafficking	190	2	3.51142	0.569569	0.870549	1	4.428	0.451671	-1.23729
915	312	Pathway::PC7_5324	Metabolism of RNA	266	3	4.91599	0.610253	0.874334	1	10.594	0.283179	-2.662
916	617	Pathway::PC7_4011	G2/M Transition	113	1	2.08837	0.478842	0.880133	1	3.436	0.291036	-1.37474
917	617	Pathway::PC7_7458	Signaling by Hedgehog	113	1	2.08837	0.478842	0.880133	1	4.8525	0.206079	-1.92679
918	81	Pathway::PC7_8339	Transmembrane transport of small molecules	606	8	11.1996	0.714311	0.880247	1	13.4645	0.594155	-1.60328
919	617	Pathway::PC7_5529	Mitotic G2-G2/M phases	115	1	2.12534	0.470514	0.884579	1	3.5435	0.282207	-1.41216
920	617	Pathway::PC7_1750	Asparagine N-linked glycosylation	118	1	2.18078	0.458552	0.890942	1	2.2725	0.440044	-0.868395
921	617	Pathway::PC7_6957	Rho GTPase cycle	118	1	2.18078	0.458552	0.890942	1	2.407	0.415455	-0.921292
922	617	Pathway::PC7_3682	Epigenetic regulation of gene expression	122	1	2.2547	0.443517	0.898886	1	5.363	0.186463	-2.0717
923	617	Pathway::PC7_3994	G alpha (s) signalling events	124	1	2.29167	0.436364	0.90264	1	3.6545	0.273635	-1.45814
924	617	Pathway::PC7_4729	Influenza Viral RNA Transcription and Replication	127	1	2.34711	0.426056	0.908013	1	5.916	0.169033	-2.20492
925	617	Pathway::PC7_4728	Influenza Life Cycle	136	1	2.51344	0.397861	0.922426	1	6.3035	0.158642	-2.32387
926	617	Pathway::PC7_4727	Influenza Infection	141	1	2.60585	0.383752	0.929438	1	6.464	0.154703	-2.35554
927	416	Pathway::PC7_3992	G alpha (i) signalling events	231	2	4.26915	0.468477	0.930569	1	5.99	0.33389	-1.73529
928	617	Pathway::PC7_6797	RNA Polymerase I, RNA Polymerase III, and Mitochondrial Transcription	142	1	2.62433	0.38105	0.930763	1	5.886	0.169895	-2.2084
929	416	Pathway::PC7_6540	Post-translational protein modification	268	2	4.95296	0.403799	0.961264	1	4.913	0.407083	-1.3782
930	19	Pathway::PC7_4112	Gene Expression	1142	14	21.1055	0.663334	0.968996	1	28.75	0.486957	-3.34206
931	416	Pathway::PC7_2620	Class A/1 (Rhodopsin-like receptors)	307	2	5.67372	0.352502	0.979427	1	6.8395	0.292419	-2.0047
932	50	Pathway::PC7_7457	Signaling by GPCR	1001	11	18.4997	0.594605	0.982629	1	23.8265	0.461671	-2.97708
933	312	Pathway::PC7_4116	Generic Transcription Pathway	458	3	8.46438	0.354426	0.992074	1	7.1355	0.420433	-1.69866
934	416	Pathway::PC7_4044	GPCR ligand binding	433	2	8.00235	0.249927	0.997575	1	10.117	0.197687	-2.77428
935	97	Pathway::PC7_4043	GPCR downstream signaling	887	7	16.3928	0.427017	0.998009	1	19.9265	0.351291	-3.22809
936	617	Pathway::PC7_6044	Olfactory Signaling Pathway	352	1	6.50538	0.153719	0.998769	1	5.6765	0.176165	-2.2026
937	937	Pathway::PC7_10399	a4b7 Integrin signaling	8	0	0.147849	0	1	1	0.3265	0	-0.582759
938	937	Pathway::PC7_10442	activated TAK1 mediates p38 MAPK activation	17	0	0.31418	0	1	1	0.8775	0	-0.982615
939	937	Pathway::PC7_10508	alpha-linolenic (omega3) and linoleic (omega6) acid metabolism	11	0	0.203293	0	1	1	0.2235	0	-0.479182
940	937	Pathway::PC7_10557	amb2 Integrin signaling	32	0	0.591398	0	1	1	1.1695	0	-1.13072
941	937	Pathway::PC7_1064	AKT phosphorylates targets in the nucleus	9	0	0.166331	0	1	1	0.488	0	-0.711174
942	937	Pathway::PC7_1065	AKT-mediated inactivation of FOXO1A	4	0	0.0739247	0	1	1	0.2425	0	-0.505984
943	937	Pathway::PC7_11020	betaKlotho-mediated ligand binding	3	0	0.0554435	0	1	1	0.175	0	-0.430331
944	937	Pathway::PC7_1103	ALK1 pathway	3	0	0.0554435	0	1	1	0.063	0	-0.255015
945	937	Pathway::PC7_1119	AMPK inhibits chREBP transcriptional activation activity	5	0	0.0924059	0	1	1	0.1835	0	-0.432721
946	937	Pathway::PC7_11234	cell division	14	0	0.258737	0	1	1	0.455	0	-0.679805
947	937	Pathway::PC7_1127	APC-Cdc20 mediated degradation of Nek2A	23	0	0.425067	0	1	1	1.048	0	-1.0709
948	937	Pathway::PC7_1129	APC/C:Cdc20 mediated degradation of Cyclin B	21	0	0.388105	0	1	1	1.032	0	-1.07536
949	937	Pathway::PC7_1135	APOBEC3G mediated resistance to HIV-1 infection	5	0	0.0924059	0	1	1	0.1425	0	-0.383328
950	937	Pathway::PC7_11470	eNOS activation	9	0	0.166331	0	1	1	0.4115	0	-0.680963
951	937	Pathway::PC7_1181	ATF4 activates genes	25	0	0.46203	0	1	1	0.7445	0	-0.881562
952	937	Pathway::PC7_1189	ATF6-alpha activates chaperone genes	10	0	0.184812	0	1	1	0.286	0	-0.546172
953	937	Pathway::PC7_1190	ATF6-alpha activates chaperones	12	0	0.221774	0	1	1	0.313	0	-0.578213
954	937	Pathway::PC7_1200	ATM mediated phosphorylation of repair proteins	5	0	0.0924059	0	1	1	0.238	0	-0.500243
955	937	Pathway::PC7_1203	ATM pathway	34	0	0.62836	0	1	1	1.0835	0	-1.04965
956	937	Pathway::PC7_12069	mRNA Capping	28	0	0.517473	0	1	1	1.252	0	-1.16573
957	937	Pathway::PC7_12070	mRNA Editing	4	0	0.0739247	0	1	1	0.0445	0	-0.215807
958	937	Pathway::PC7_12073	mRNA Splicing	113	0	2.08837	0	1	1	2.6135	0	-1.63982
959	937	Pathway::PC7_12075	mRNA decay by 3' to 5' exoribonuclease	11	0	0.203293	0	1	1	0.358	0	-0.597634
960	937	Pathway::PC7_12076	mRNA decay by 5' to 3' exoribonuclease	15	0	0.277218	0	1	1	0.2415	0	-0.508926
961	937	Pathway::PC7_1210	ATP sensitive Potassium channels	4	0	0.0739247	0	1	1	0.0785	0	-0.285998
962	937	Pathway::PC7_12149	mitochondrial fatty acid beta-oxidation of saturated fatty acids	8	0	0.147849	0	1	1	0.2265	0	-0.482683
963	937	Pathway::PC7_12150	mitochondrial fatty acid beta-oxidation of unsaturated fatty acids	6	0	0.110887	0	1	1	0.1475	0	-0.385046
964	937	Pathway::PC7_12187	negative regulation of TCF-dependent signaling by DVL-interacting proteins	5	0	0.0924059	0	1	1	0.154	0	-0.404028
965	937	Pathway::PC7_1219	Abacavir metabolism	5	0	0.0924059	0	1	1	0.0935	0	-0.308667
966	937	Pathway::PC7_1224	Abortive elongation of HIV-1 transcript in the absence of Tat	23	0	0.425067	0	1	1	0.9665	0	-1.02312
967	937	Pathway::PC7_12264	p130Cas linkage to MAPK signaling for integrins	15	0	0.277218	0	1	1	0.6815	0	-0.84591
968	937	Pathway::PC7_12266	p38 MAPK signaling pathway	29	0	0.535954	0	1	1	1.133	0	-1.09413
969	937	Pathway::PC7_12282	p75NTR negatively regulates cell cycle via SC1	6	0	0.110887	0	1	1	0.245	0	-0.507588
970	937	Pathway::PC7_12283	p75NTR recruits signalling complexes	13	0	0.240255	0	1	1	0.6555	0	-0.842172
971	937	Pathway::PC7_12284	p75NTR regulates axonogenesis	9	0	0.166331	0	1	1	0.265	0	-0.531303
972	937	Pathway::PC7_1230	Acetylation	2	0	0.0369624	0	1	1	0.0275	0	-0.16816
973	937	Pathway::PC7_1231	Acetylcholine Binding And Downstream Events	14	0	0.258737	0	1	1	0.2335	0	-0.503605
974	937	Pathway::PC7_1232	Acetylcholine Neurotransmitter Release Cycle	17	0	0.31418	0	1	1	0.417	0	-0.67905
975	937	Pathway::PC7_1233	Acetylcholine regulates insulin secretion	10	0	0.184812	0	1	1	0.4055	0	-0.663002
976	937	Pathway::PC7_12487	regulation of FZD by ubiquitination	21	0	0.388105	0	1	1	0.6335	0	-0.790531
977	937	Pathway::PC7_13144	vRNP Assembly	2	0	0.0369624	0	1	1	0.0725	0	-0.275517
978	937	Pathway::PC7_1516	Activated NOTCH1 Transmits Signal to the Nucleus	29	0	0.535954	0	1	1	1.0785	0	-1.06665
979	937	Pathway::PC7_1518	Activated point mutants of FGFR2	17	0	0.31418	0	1	1	0.984	0	-1.01614
980	937	Pathway::PC7_1519	Activation and oligomerization of BAK protein	2	0	0.0369624	0	1	1	0.061	0	-0.250541
981	937	Pathway::PC7_1520	Activation of AMPA receptors	4	0	0.0739247	0	1	1	0.085	0	-0.299075
982	937	Pathway::PC7_1522	Activation of ATR in response to replication stress	37	0	0.683804	0	1	1	1.455	0	-1.23147
983	937	Pathway::PC7_1523	Activation of BAD and translocation to mitochondria	15	0	0.277218	0	1	1	0.784	0	-0.936161
984	937	Pathway::PC7_1525	Activation of BID and translocation to mitochondria	4	0	0.0739247	0	1	1	0.1625	0	-0.415312
985	937	Pathway::PC7_1526	Activation of BIM and translocation to mitochondria	3	0	0.0554435	0	1	1	0.126	0	-0.359087
986	937	Pathway::PC7_1527	Activation of BMF and translocation to mitochondria	3	0	0.0554435	0	1	1	0.084	0	-0.297089
987	937	Pathway::PC7_1528	Activation of C3 and C5	6	0	0.110887	0	1	1	0.1515	0	-0.393079
988	937	Pathway::PC7_1529	Activation of Ca-permeable Kainate Receptor	12	0	0.221774	0	1	1	0.3705	0	-0.630571
989	937	Pathway::PC7_1530	Activation of CaMK IV	4	0	0.0739247	0	1	1	0.2445	0	-0.516924
990	937	Pathway::PC7_1531	Activation of DNA fragmentation factor	13	0	0.240255	0	1	1	0.305	0	-0.564452
991	937	Pathway::PC7_1532	Activation of G protein gated Potassium channels	25	0	0.46203	0	1	1	1.0105	0	-1.03818
992	937	Pathway::PC7_1533	Activation of GABAB receptors	38	0	0.702285	0	1	1	1.739	0	-1.36676
993	937	Pathway::PC7_1534	Activation of IRF3/IRF7 mediated by TBK1/IKK epsilon	18	0	0.332661	0	1	1	0.756	0	-0.892528
994	937	Pathway::PC7_1535	Activation of Kainate Receptors upon glutamate binding	32	0	0.591398	0	1	1	1.4695	0	-1.24415
995	937	Pathway::PC7_1536	Activation of Matrix Metalloproteinases	32	0	0.591398	0	1	1	0.7295	0	-0.874843
996	937	Pathway::PC7_1538	Activation of NIMA Kinases NEK9, NEK6, NEK7	7	0	0.129368	0	1	1	0.2565	0	-0.5133
997	937	Pathway::PC7_1541	Activation of Na-permeable Kainate Receptors	2	0	0.0369624	0	1	1	0.0315	0	-0.177461
998	937	Pathway::PC7_1543	Activation of PKB	4	0	0.0739247	0	1	1	0.2375	0	-0.49838
999	937	Pathway::PC7_1544	Activation of PPARGC1A (PGC-1alpha) by phosphorylation	10	0	0.184812	0	1	1	0.465	0	-0.700397
1000	937	Pathway::PC7_1548	Activation of TRKA receptors	6	0	0.110887	0	1	1	0.193	0	-0.452709
1001	937	Pathway::PC7_1550	Activation of gene expression by SREBF (SREBP)	40	0	0.739247	0	1	1	1.3305	0	-1.18518
1002	937	Pathway::PC7_1553	Activation of the phototransduction cascade	11	0	0.203293	0	1	1	0.3155	0	-0.571318
1003	937	Pathway::PC7_1554	Activation of the pre-replicative complex	30	0	0.554435	0	1	1	1.317	0	-1.2025
1004	937	Pathway::PC7_1555	Activation, translocation and oligomerization of BAX	2	0	0.0369624	0	1	1	0.0935	0	-0.310363
1005	937	Pathway::PC7_1556	Acyl chain remodeling of CL	6	0	0.110887	0	1	1	0.1745	0	-0.418272
1006	937	Pathway::PC7_1557	Acyl chain remodeling of DAG and TAG	5	0	0.0924059	0	1	1	0.0985	0	-0.314972
1007	937	Pathway::PC7_1558	Acyl chain remodelling of PC	25	0	0.46203	0	1	1	0.534	0	-0.745673
1008	937	Pathway::PC7_1559	Acyl chain remodelling of PE	23	0	0.425067	0	1	1	0.4855	0	-0.715217
1009	937	Pathway::PC7_1560	Acyl chain remodelling of PG	17	0	0.31418	0	1	1	0.395	0	-0.653831
1010	937	Pathway::PC7_1561	Acyl chain remodelling of PI	16	0	0.295699	0	1	1	0.353	0	-0.599779
1011	937	Pathway::PC7_1562	Acyl chain remodelling of PS	17	0	0.31418	0	1	1	0.379	0	-0.635778
1012	937	Pathway::PC7_1565	Adenosine P1 receptors	4	0	0.0739247	0	1	1	0.1	0	-0.317821
1013	937	Pathway::PC7_1571	Adenylate cyclase activating pathway	10	0	0.184812	0	1	1	0.559	0	-0.780831
1014	937	Pathway::PC7_1572	Adenylate cyclase inhibitory pathway	13	0	0.240255	0	1	1	0.7285	0	-0.896866
1015	937	Pathway::PC7_1576	Adrenaline signalling through Alpha-2 adrenergic receptor	3	0	0.0554435	0	1	1	0.0995	0	-0.321806
1016	937	Pathway::PC7_1577	Adrenaline,noradrenaline inhibits insulin secretion	28	0	0.517473	0	1	1	1.4085	0	-1.20529
1017	937	Pathway::PC7_1578	Adrenoceptors	9	0	0.166331	0	1	1	0.2805	0	-0.542015
1018	937	Pathway::PC7_1582	Agmatine biosynthesis	2	0	0.0369624	0	1	1	0.0285	0	-0.171278
1019	937	Pathway::PC7_1597	Alpha-oxidation of phytanate	4	0	0.0739247	0	1	1	0.0595	0	-0.247146
1020	937	Pathway::PC7_1598	Alpha-synuclein signaling	31	0	0.572917	0	1	1	1.1375	0	-1.1009
1021	937	Pathway::PC7_1599	Alpha4 beta1 integrin signaling events	33	0	0.609879	0	1	1	1.241	0	-1.15377
1022	937	Pathway::PC7_1600	Alpha6 beta4 integrin-ligand interactions	11	0	0.203293	0	1	1	0.3575	0	-0.614289
1023	937	Pathway::PC7_1606	Alternative NF-kappaB pathway	6	0	0.110887	0	1	1	0.2815	0	-0.54049
1024	937	Pathway::PC7_1607	Alternative complement activation	4	0	0.0739247	0	1	1	0.106	0	-0.329066
1025	937	Pathway::PC7_1622	Amine Oxidase reactions	4	0	0.0739247	0	1	1	0.083	0	-0.289653
1026	937	Pathway::PC7_1623	Amine compound SLC transporters	30	0	0.554435	0	1	1	0.654	0	-0.812887
1027	937	Pathway::PC7_1624	Amine ligand-binding receptors	41	0	0.757728	0	1	1	1.04	0	-1.06233
1028	937	Pathway::PC7_1626	Amino Acid conjugation	8	0	0.147849	0	1	1	0.128	0	-0.36115
1029	937	Pathway::PC7_1632	Amino acid transport across the plasma membrane	31	0	0.572917	0	1	1	0.549	0	-0.74668
1030	937	Pathway::PC7_1653	Amplification of signal from the kinetochores	2	0	0.0369624	0	1	1	0.074	0	-0.278653
1031	937	Pathway::PC7_1655	Amyloids	80	0	1.47849	0	1	1	3.99	0	-2.23226
1032	937	Pathway::PC7_1657	Anchoring fibril formation	7	0	0.129368	0	1	1	0.169	0	-0.421922
1033	937	Pathway::PC7_1667	Antagonism of Activin by Follistatin	4	0	0.0739247	0	1	1	0.073	0	-0.272679
1034	937	Pathway::PC7_1669	Antigen Presentation: Folding, assembly and peptide loading of class I MHC	24	0	0.443548	0	1	1	0.738	0	-0.891453
1035	937	Pathway::PC7_1691	Aquaporin-mediated transport	51	0	0.94254	0	1	1	2.238	0	-1.55915
1036	937	Pathway::PC7_1692	Arachidonate production from DAG	3	0	0.0554435	0	1	1	0.083	0	-0.291433
1037	937	Pathway::PC7_1810	Assembly Of The HIV Virion	12	0	0.221774	0	1	1	0.44	0	-0.692763
1038	937	Pathway::PC7_1811	Assembly of Viral Components at the Budding Site	2	0	0.0369624	0	1	1	0.0745	0	-0.281685
1039	937	Pathway::PC7_1813	Assembly of the ORC complex at the origin of replication	6	0	0.110887	0	1	1	0.272	0	-0.535483
1040	937	Pathway::PC7_1814	Assembly of the RAD50-MRE11-NBS1 complex at DNA double-strand breaks	4	0	0.0739247	0	1	1	0.2135	0	-0.471637
1041	937	Pathway::PC7_1815	Assembly of the RAD51-ssDNA nucleoprotein complex	5	0	0.0924059	0	1	1	0.2265	0	-0.494031
1042	937	Pathway::PC7_1817	Association of TriC/CCT with target proteins during biosynthesis	29	0	0.535954	0	1	1	0.4945	0	-0.691781
1043	937	Pathway::PC7_1818	Association of licensing factors with the pre-replicative complex	15	0	0.277218	0	1	1	0.715	0	-0.887685
1044	937	Pathway::PC7_1820	Astrocytic Glutamate-Glutamine Uptake And Metabolism	4	0	0.0739247	0	1	1	0.063	0	-0.255015
1045	937	Pathway::PC7_1849	Attachment of GPI anchor to uPAR	7	0	0.129368	0	1	1	0.105	0	-0.330432
1046	937	Pathway::PC7_1850	Attenuation phase	14	0	0.258737	0	1	1	0.4395	0	-0.673102
1047	937	Pathway::PC7_1857	Aurora C signaling	5	0	0.0924059	0	1	1	0.192	0	-0.448657
1048	937	Pathway::PC7_1860	Autointegration results in viral DNA circles	3	0	0.0554435	0	1	1	0.098	0	-0.314019
1049	937	Pathway::PC7_1867	Axonal growth inhibition (RHOA activation)	8	0	0.147849	0	1	1	0.222	0	-0.491859
1050	937	Pathway::PC7_1868	Axonal growth stimulation	4	0	0.0739247	0	1	1	0.1715	0	-0.424672
1051	937	Pathway::PC7_1994	BH3-only proteins associate with and inactivate anti-apoptotic BCL-2 members	8	0	0.147849	0	1	1	0.338	0	-0.590393
1052	937	Pathway::PC7_2008	BMAL1:CLOCK,NPAS2 activates circadian gene expression	37	0	0.683804	0	1	1	1.296	0	-1.15807
1053	937	Pathway::PC7_2064	Beta defensins	40	0	0.739247	0	1	1	0.6745	0	-0.838844
1054	937	Pathway::PC7_2065	Beta oxidation of butanoyl-CoA to acetyl-CoA	3	0	0.0554435	0	1	1	0.079	0	-0.281499
1055	937	Pathway::PC7_2066	Beta oxidation of decanoyl-CoA to octanoyl-CoA-CoA	5	0	0.0924059	0	1	1	0.16	0	-0.411204
1056	937	Pathway::PC7_2067	Beta oxidation of hexanoyl-CoA to butanoyl-CoA	5	0	0.0924059	0	1	1	0.146	0	-0.383833
1057	937	Pathway::PC7_2068	Beta oxidation of lauroyl-CoA to decanoyl-CoA-CoA	5	0	0.0924059	0	1	1	0.1395	0	-0.371453
1058	937	Pathway::PC7_2069	Beta oxidation of myristoyl-CoA to lauroyl-CoA	3	0	0.0554435	0	1	1	0.084	0	-0.289924
1059	937	Pathway::PC7_2071	Beta oxidation of palmitoyl-CoA to myristoyl-CoA	3	0	0.0554435	0	1	1	0.093	0	-0.307699
1060	937	Pathway::PC7_2073	Beta-oxidation of pristanoyl-CoA	8	0	0.147849	0	1	1	0.145	0	-0.393223
1061	937	Pathway::PC7_2074	Beta-oxidation of very long chain fatty acids	6	0	0.110887	0	1	1	0.113	0	-0.346699
1062	937	Pathway::PC7_2078	Beta2 integrin cell surface interactions	28	0	0.517473	0	1	1	0.7575	0	-0.891057
1063	937	Pathway::PC7_2081	Beta5 beta6 beta7 and beta8 integrin cell surface interactions	17	0	0.31418	0	1	1	0.559	0	-0.781593
1064	937	Pathway::PC7_2089	Bicarbonate transporters	9	0	0.166331	0	1	1	0.1375	0	-0.372038
1065	937	Pathway::PC7_2090	Bile acid and bile salt metabolism	36	0	0.665323	0	1	1	0.9745	0	-1.01277
1066	937	Pathway::PC7_2091	Bile salt and organic anion SLC transporters	12	0	0.221774	0	1	1	0.2145	0	-0.476679
1067	937	Pathway::PC7_2097	Biogenic amines are oxidatively deaminated to aldehydes by MAOA and MAOB	2	0	0.0369624	0	1	1	0.053	0	-0.231995
1068	937	Pathway::PC7_2103	Biotin transport and metabolism	11	0	0.203293	0	1	1	0.226	0	-0.484123
1069	937	Pathway::PC7_2117	Branched-chain amino acid catabolism	17	0	0.31418	0	1	1	0.2525	0	-0.498324
1070	937	Pathway::PC7_2118	Breakdown of the nuclear lamina	3	0	0.0554435	0	1	1	0.126	0	-0.363543
1071	937	Pathway::PC7_2124	Budding and maturation of HIV virion	24	0	0.443548	0	1	1	0.618	0	-0.792519
1072	937	Pathway::PC7_2164	Butyrate Response Factor 1 (BRF1) destabilizes mRNA	17	0	0.31418	0	1	1	0.607	0	-0.791892
1073	937	Pathway::PC7_2173	C6 deamination of adenosine	2	0	0.0369624	0	1	1	0.0215	0	-0.148231
1074	937	Pathway::PC7_2264	CDC6 association with the ORC:origin complex	11	0	0.203293	0	1	1	0.52	0	-0.743161
1075	937	Pathway::PC7_2301	CHL1 interactions	9	0	0.166331	0	1	1	0.2875	0	-0.547402
1076	937	Pathway::PC7_2324	COPI Mediated Transport	10	0	0.184812	0	1	1	0.163	0	-0.404439
1077	937	Pathway::PC7_2325	COPII (Coat Protein 2) Mediated Vesicle Transport	9	0	0.166331	0	1	1	0.29	0	-0.548146
1078	937	Pathway::PC7_2331	CREB phosphorylation	7	0	0.129368	0	1	1	0.376	0	-0.637724
1079	937	Pathway::PC7_2332	CREB phosphorylation through the activation of Adenylate Cyclase	7	0	0.129368	0	1	1	0.401	0	-0.644432
1080	937	Pathway::PC7_2333	CREB phosphorylation through the activation of CaMKII	17	0	0.31418	0	1	1	0.6435	0	-0.832555
1081	937	Pathway::PC7_2334	CREB phosphorylation through the activation of CaMKK	6	0	0.110887	0	1	1	0.314	0	-0.586732
1082	937	Pathway::PC7_2347	CRMPs in Sema3A signaling	16	0	0.295699	0	1	1	0.39	0	-0.636952
1083	937	Pathway::PC7_2348	CS/DS degradation	14	0	0.258737	0	1	1	0.369	0	-0.629287
1084	937	Pathway::PC7_2360	CTLA4 inhibitory signaling	22	0	0.406586	0	1	1	1.1045	0	-1.10918
1085	937	Pathway::PC7_2379	CYP2E1 reactions	11	0	0.203293	0	1	1	0.281	0	-0.543775
1086	937	Pathway::PC7_2394	CaM pathway	28	0	0.517473	0	1	1	1.5715	0	-1.37152
1087	937	Pathway::PC7_2395	CaMK IV-mediated phosphorylation of CREB	5	0	0.0924059	0	1	1	0.3	0	-0.575224
1088	937	Pathway::PC7_2441	Calcitonin-like ligand receptors	10	0	0.184812	0	1	1	0.194	0	-0.445813
1089	937	Pathway::PC7_2460	Calnexin/calreticulin cycle	11	0	0.203293	0	1	1	0.221	0	-0.477556
1090	937	Pathway::PC7_2461	Cam-PDE 1 activation	6	0	0.110887	0	1	1	0.316	0	-0.58464
1091	937	Pathway::PC7_2505	Carnitine synthesis	4	0	0.0739247	0	1	1	0.0725	0	-0.273548
1092	937	Pathway::PC7_2508	Caspase-mediated cleavage of cytoskeletal proteins	12	0	0.221774	0	1	1	0.397	0	-0.639499
1093	937	Pathway::PC7_2516	Catecholamine biosynthesis	4	0	0.0739247	0	1	1	0.0865	0	-0.303897
1094	937	Pathway::PC7_2517	Cation-coupled Chloride cotransporters	7	0	0.129368	0	1	1	0.1225	0	-0.36046
1095	937	Pathway::PC7_2528	Cell-extracellular matrix interactions	16	0	0.295699	0	1	1	0.38	0	-0.636345
1096	937	Pathway::PC7_2534	Centrosome maturation	71	0	1.31216	0	1	1	1.7665	0	-1.38406
1097	937	Pathway::PC7_2536	Ceramide signalling	3	0	0.0554435	0	1	1	0.106	0	-0.332284
1098	937	Pathway::PC7_2539	ChREBP activates metabolic gene expression	8	0	0.147849	0	1	1	0.1955	0	-0.452964
1099	937	Pathway::PC7_2541	Chaperonin-mediated protein folding	49	0	0.905578	0	1	1	0.9625	0	-0.960536
1100	937	Pathway::PC7_2543	Chemokine receptors bind chemokines	54	0	0.997984	0	1	1	1.2075	0	-1.14691
1101	937	Pathway::PC7_2544	Chk1/Chk2(Cds1) mediated inactivation of Cyclin B:Cdk1 complex	5	0	0.0924059	0	1	1	0.239	0	-0.4974
1102	937	Pathway::PC7_2565	Cholesterol biosynthesis	22	0	0.406586	0	1	1	0.404	0	-0.644621
1103	937	Pathway::PC7_2568	Chondroitin sulfate biosynthesis	20	0	0.369624	0	1	1	0.415	0	-0.653098
1104	937	Pathway::PC7_2575	Chromosome Maintenance	98	0	1.81116	0	1	1	4.3645	0	-2.22014
1105	937	Pathway::PC7_2576	Chylomicron-mediated lipid transport	17	0	0.31418	0	1	1	0.5405	0	-0.758818
1106	937	Pathway::PC7_2584	Circadian rhythm pathway	16	0	0.295699	0	1	1	0.3655	0	-0.62599
1107	937	Pathway::PC7_2621	Class B/2 (Secretin family receptors)	87	0	1.60786	0	1	1	2.634	0	-1.63447
1108	937	Pathway::PC7_2622	Class C/3 (Metabotropic glutamate/pheromone receptors)	39	0	0.720766	0	1	1	0.6435	0	-0.818297
1109	937	Pathway::PC7_2627	Class II GLUTs	4	0	0.0739247	0	1	1	0.069	0	-0.260351
1110	937	Pathway::PC7_2628	Classical Kir channels	4	0	0.0739247	0	1	1	0.0775	0	-0.27662
1111	937	Pathway::PC7_2629	Classical antibody-mediated complement activation	6	0	0.110887	0	1	1	0.093	0	-0.31288
1112	937	Pathway::PC7_2631	Clearance of Nuclear Envelope Membranes from Chromatin	7	0	0.129368	0	1	1	0.167	0	-0.414773
1113	937	Pathway::PC7_2632	Clearance of dopamine	3	0	0.0554435	0	1	1	0.094	0	-0.311327
1114	937	Pathway::PC7_2633	Clearance of seratonin	2	0	0.0369624	0	1	1	0.054	0	-0.234375
1115	937	Pathway::PC7_2634	Cleavage of Growing Transcript in the Termination Region	42	0	0.77621	0	1	1	0.991	0	-1.01732
1116	937	Pathway::PC7_2636	Cleavage of the damaged pyrimidine	5	0	0.0924059	0	1	1	0.1045	0	-0.321607
1117	937	Pathway::PC7_2647	Clostridium neurotoxicity	10	0	0.184812	0	1	1	0.258	0	-0.515551
1118	937	Pathway::PC7_2651	Cobalamin (Cbl, vitamin B12) transport and metabolism	20	0	0.369624	0	1	1	0.3405	0	-0.606145
1119	937	Pathway::PC7_2659	Coenzyme A biosynthesis	8	0	0.147849	0	1	1	0.1275	0	-0.364667
1120	937	Pathway::PC7_2661	Cohesin Loading onto Chromatin	10	0	0.184812	0	1	1	0.325	0	-0.585253
1121	937	Pathway::PC7_2668	Collagen biosynthesis and modifying enzymes	62	0	1.14583	0	1	1	1.265	0	-1.13246
1122	937	Pathway::PC7_2671	Common Pathway	18	0	0.332661	0	1	1	0.435	0	-0.636701
1123	937	Pathway::PC7_2672	Complement cascade	37	0	0.683804	0	1	1	0.7135	0	-0.868176
1124	937	Pathway::PC7_2673	Condensation of Prometaphase Chromosomes	11	0	0.203293	0	1	1	0.3455	0	-0.605926
1125	937	Pathway::PC7_2674	Condensation of Prophase Chromosomes	71	0	1.31216	0	1	1	3.837	0	-2.21587
1126	937	Pathway::PC7_2675	Conjugation of benzoate with glycine	5	0	0.0924059	0	1	1	0.078	0	-0.283092
1127	937	Pathway::PC7_2677	Conjugation of phenylacetate with glutamine	2	0	0.0369624	0	1	1	0.0315	0	-0.177461
1128	937	Pathway::PC7_2678	Conjugation of salicylate with glycine	7	0	0.129368	0	1	1	0.112	0	-0.341667
1129	937	Pathway::PC7_2680	Constitutive Signaling by NOTCH1 HD Domain Mutants	14	0	0.258737	0	1	1	0.559	0	-0.75754
1130	937	Pathway::PC7_2683	Constitutive Signaling by NOTCH1 t(7;9)(NOTCH1:M1580_K2555) Translocation Mutant	7	0	0.129368	0	1	1	0.263	0	-0.525128
1131	937	Pathway::PC7_2684	Conversion from APC/C:Cdc20 to APC/C:Cdh1 in late anaphase	17	0	0.31418	0	1	1	0.739	0	-0.900899
1132	937	Pathway::PC7_2685	Cooperation of Prefoldin and TriC/CCT in actin and tubulin folding	28	0	0.517473	0	1	1	0.5885	0	-0.768662
1133	937	Pathway::PC7_2703	Creatine metabolism	11	0	0.203293	0	1	1	0.1995	0	-0.458046
1134	937	Pathway::PC7_2704	Creation of C4 and C2 activators	12	0	0.221774	0	1	1	0.2005	0	-0.458413
1135	937	Pathway::PC7_2705	Cross-presentation of particulate exogenous antigens (phagosomes)	8	0	0.147849	0	1	1	0.2835	0	-0.541473
1136	937	Pathway::PC7_2707	Crosslinking of collagen fibrils	9	0	0.166331	0	1	1	0.1615	0	-0.409659
1137	937	Pathway::PC7_2829	Cyclin A/B1 associated events during G2/M transition	22	0	0.406586	0	1	1	1.0935	0	-1.05923
1138	937	Pathway::PC7_2831	Cyclin B2 mediated events	5	0	0.0924059	0	1	1	0.2155	0	-0.457312
1139	937	Pathway::PC7_2890	Cysteine formation from homocysteine	2	0	0.0369624	0	1	1	0.0445	0	-0.215807
1140	937	Pathway::PC7_2909	Cytosolic iron-sulfur cluster assembly	13	0	0.240255	0	1	1	0.1955	0	-0.448178
1141	937	Pathway::PC7_2911	Cytosolic sulfonation of small molecules	16	0	0.295699	0	1	1	0.289	0	-0.537142
1142	937	Pathway::PC7_2927	DARPP-32 events	26	0	0.480511	0	1	1	1.1775	0	-1.15132
1143	937	Pathway::PC7_2928	DCC mediated attractive signaling	14	0	0.258737	0	1	1	0.543	0	-0.737462
1144	937	Pathway::PC7_2946	DNA Damage Bypass	3	0	0.0554435	0	1	1	0.034	0	-0.187608
1145	937	Pathway::PC7_2947	DNA Damage Recognition in GG-NER	2	0	0.0369624	0	1	1	0.0345	0	-0.189031
1146	937	Pathway::PC7_2948	DNA Damage Reversal	3	0	0.0554435	0	1	1	0.0335	0	-0.183365
1147	937	Pathway::PC7_2953	DNA methylation	62	0	1.14583	0	1	1	3.4705	0	-2.06149
1148	937	Pathway::PC7_2955	DNA replication initiation	6	0	0.110887	0	1	1	0.26	0	-0.529182
1149	937	Pathway::PC7_2956	DNA strand elongation	32	0	0.591398	0	1	1	1.402	0	-1.22945
1150	937	Pathway::PC7_2957	DNA-PK pathway in nonhomologous end joining	13	0	0.240255	0	1	1	0.218	0	-0.471826
1151	937	Pathway::PC7_3014	Deadenylation of mRNA	22	0	0.406586	0	1	1	0.5255	0	-0.726401
1152	937	Pathway::PC7_3015	Deadenylation-dependent mRNA decay	48	0	0.887097	0	1	1	1.125	0	-1.05767
1153	937	Pathway::PC7_3059	Degradation of GABA	2	0	0.0369624	0	1	1	0.032	0	-0.181818
1154	937	Pathway::PC7_3064	Degradation of cysteine and homocysteine	8	0	0.147849	0	1	1	0.1595	0	-0.402465
1155	937	Pathway::PC7_3071	Depolarization of the Presynaptic Terminal Triggers the Opening of Calcium Channels	11	0	0.203293	0	1	1	0.2015	0	-0.455261
1156	937	Pathway::PC7_3072	Depolymerisation of the Nuclear Lamina	15	0	0.277218	0	1	1	0.528	0	-0.750303
1157	937	Pathway::PC7_3073	Deposition of new CENPA-containing nucleosomes at the centromere	63	0	1.16431	0	1	1	3.0015	0	-1.86558
1158	937	Pathway::PC7_3077	Dermatan sulfate biosynthesis	11	0	0.203293	0	1	1	0.281	0	-0.535808
1159	937	Pathway::PC7_3166	Digestion of dietary carbohydrate	9	0	0.166331	0	1	1	0.142	0	-0.38961
1160	937	Pathway::PC7_3167	Digestion of dietary lipid	5	0	0.0924059	0	1	1	0.0775	0	-0.280213
1161	937	Pathway::PC7_3282	Disinhibition of SNARE formation	5	0	0.0924059	0	1	1	0.208	0	-0.467757
1162	937	Pathway::PC7_3315	Dopamine Neurotransmitter Release Cycle	18	0	0.332661	0	1	1	0.4325	0	-0.680075
1163	937	Pathway::PC7_3318	Dopamine receptors	5	0	0.0924059	0	1	1	0.1495	0	-0.38841
1164	937	Pathway::PC7_3321	Downregulation of ERBB4 signaling	8	0	0.147849	0	1	1	0.391	0	-0.638399
1165	937	Pathway::PC7_3322	Downregulation of SMAD2/3:SMAD4 transcriptional activity	23	0	0.425067	0	1	1	0.9775	0	-1.00822
1166	937	Pathway::PC7_3323	Downregulation of TGF-beta receptor signaling	26	0	0.480511	0	1	1	0.961	0	-0.991471
1167	937	Pathway::PC7_3348	Dual incision reaction in GG-NER	20	0	0.369624	0	1	1	0.7405	0	-0.906588
1168	937	Pathway::PC7_3349	Dual incision reaction in TC-NER	28	0	0.517473	0	1	1	1.1505	0	-1.13096
1169	937	Pathway::PC7_3361	E2F mediated regulation of DNA replication	33	0	0.609879	0	1	1	1.51	0	-1.32696
1170	937	Pathway::PC7_3363	E2F-enabled inhibition of pre-replication complex formation	10	0	0.184812	0	1	1	0.482	0	-0.728569
1171	937	Pathway::PC7_3366	ECM proteoglycans	55	0	1.01647	0	1	1	1.498	0	-1.2775
1172	937	Pathway::PC7_3385	EGFR downregulation	26	0	0.480511	0	1	1	1.0395	0	-1.0517
1173	937	Pathway::PC7_3416	EPH-ephrin mediated repulsion of cells	48	0	0.887097	0	1	1	1.5445	0	-1.29066
1174	937	Pathway::PC7_3417	EPHA forward signaling	33	0	0.609879	0	1	1	1.1955	0	-1.13406
1175	937	Pathway::PC7_3424	EPO signaling pathway	32	0	0.591398	0	1	1	1.6375	0	-1.34734
1176	937	Pathway::PC7_3425	ER Quality Control Compartment (ERQC)	6	0	0.110887	0	1	1	0.1005	0	-0.320383
1177	937	Pathway::PC7_3632	Effects of Botulinum toxin	9	0	0.166331	0	1	1	0.269	0	-0.536245
1178	937	Pathway::PC7_3646	Eicosanoid ligand-binding receptors	15	0	0.277218	0	1	1	0.3405	0	-0.595848
1179	937	Pathway::PC7_3647	Eicosanoids	12	0	0.221774	0	1	1	0.3435	0	-0.61644
1180	937	Pathway::PC7_3650	Electric Transmission Across Gap Junctions	5	0	0.0924059	0	1	1	0.056	0	-0.24129
1181	937	Pathway::PC7_3651	Electron transport from NADPH to Ferredoxin	3	0	0.0554435	0	1	1	0.0595	0	-0.251524
1182	937	Pathway::PC7_3666	Endosomal Sorting Complex Required For Transport (ESCRT)	27	0	0.498992	0	1	1	0.6195	0	-0.801295
1183	937	Pathway::PC7_3667	Endosomal/Vacuolar pathway	11	0	0.203293	0	1	1	0.381	0	-0.611786
1184	937	Pathway::PC7_3674	Enzymatic degradation of Dopamine by monoamine oxidase	2	0	0.0369624	0	1	1	0.059	0	-0.243895
1185	937	Pathway::PC7_3677	Ephrin A reverse signaling	3	0	0.0554435	0	1	1	0.084	0	-0.293441
1186	937	Pathway::PC7_3680	EphrinA-EPHA pathway	8	0	0.147849	0	1	1	0.131	0	-0.364962
1187	937	Pathway::PC7_3681	EphrinB-EPHB pathway	6	0	0.110887	0	1	1	0.1225	0	-0.36046
1188	937	Pathway::PC7_3703	Establishment of Sister Chromatid Cohesion	11	0	0.203293	0	1	1	0.3415	0	-0.598223
1189	937	Pathway::PC7_3752	Estrogen biosynthesis	2	0	0.0369624	0	1	1	0.049	0	-0.226991
1190	937	Pathway::PC7_3775	Export of Viral Ribonucleoproteins from Nucleus	31	0	0.572917	0	1	1	1.8085	0	-1.43341
1191	937	Pathway::PC7_3776	Extension of Telomeres	29	0	0.535954	0	1	1	1.2215	0	-1.15657
1192	937	Pathway::PC7_3778	Extrinsic Pathway	5	0	0.0924059	0	1	1	0.1265	0	-0.359966
1193	937	Pathway::PC7_3808	FCGR activation	12	0	0.221774	0	1	1	0.5215	0	-0.75387
1194	937	Pathway::PC7_3818	FGFR ligand binding and activation	23	0	0.425067	0	1	1	1.33	0	-1.19241
1195	937	Pathway::PC7_3819	FGFR1 ligand binding and activation	14	0	0.258737	0	1	1	0.808	0	-0.921918
1196	937	Pathway::PC7_3820	FGFR1b ligand binding and activation	5	0	0.0924059	0	1	1	0.291	0	-0.571447
1197	937	Pathway::PC7_3821	FGFR1c and Klotho ligand binding and activation	3	0	0.0554435	0	1	1	0.1715	0	-0.422092
1198	937	Pathway::PC7_3822	FGFR1c ligand binding and activation	11	0	0.203293	0	1	1	0.6315	0	-0.816825
1199	937	Pathway::PC7_3824	FGFR2b ligand binding and activation	6	0	0.110887	0	1	1	0.361	0	-0.638484
1200	937	Pathway::PC7_3825	FGFR2c ligand binding and activation	13	0	0.240255	0	1	1	0.7385	0	-0.878844
1201	937	Pathway::PC7_3826	FGFR3 ligand binding and activation	12	0	0.221774	0	1	1	0.6905	0	-0.848207
1202	937	Pathway::PC7_3827	FGFR3b ligand binding and activation	7	0	0.129368	0	1	1	0.4155	0	-0.670633
1203	937	Pathway::PC7_3829	FGFR4 ligand binding and activation	13	0	0.240255	0	1	1	0.7295	0	-0.891007
1204	937	Pathway::PC7_3845	FMO oxidises nucleophiles	3	0	0.0554435	0	1	1	0.053	0	-0.236572
1205	937	Pathway::PC7_3849	FOXA transcription factor networks	3	0	0.0554435	0	1	1	0.05	0	-0.224733
1206	937	Pathway::PC7_3868	Facilitative Na+-independent glucose transporters	11	0	0.203293	0	1	1	0.2515	0	-0.516341
1207	937	Pathway::PC7_3876	FasL/ CD95L signaling	5	0	0.0924059	0	1	1	0.2415	0	-0.507799
1208	937	Pathway::PC7_3877	Fatty Acids bound to GPR40 (FFAR1) regulate insulin secretion	8	0	0.147849	0	1	1	0.338	0	-0.606327
1209	937	Pathway::PC7_3878	Fatty Acyl-CoA Biosynthesis	19	0	0.351142	0	1	1	0.356	0	-0.608512
1210	937	Pathway::PC7_3883	Fatty acids	15	0	0.277218	0	1	1	0.393	0	-0.657239
1211	937	Pathway::PC7_3901	Fertilization	25	0	0.46203	0	1	1	0.2585	0	-0.503412
1212	937	Pathway::PC7_3902	Fibronectin matrix formation	6	0	0.110887	0	1	1	0.194	0	-0.449387
1213	937	Pathway::PC7_3903	Ficolins bind to repetitive carbohydrate structures on the target cell surface	5	0	0.0924059	0	1	1	0.096	0	-0.300906
1214	937	Pathway::PC7_3953	Folding of actin by CCT/TriC	9	0	0.166331	0	1	1	0.1645	0	-0.415903
1215	937	Pathway::PC7_3957	Formation of ATP by chemiosmotic coupling	17	0	0.31418	0	1	1	0.2435	0	-0.504229
1216	937	Pathway::PC7_3958	Formation of Fibrin Clot (Clotting Cascade)	35	0	0.646841	0	1	1	0.7765	0	-0.870033
1217	937	Pathway::PC7_3964	Formation of annular gap junctions	9	0	0.166331	0	1	1	0.326	0	-0.607756
1218	937	Pathway::PC7_3968	Formation of the Early Elongation Complex	32	0	0.591398	0	1	1	1.4015	0	-1.22342
1219	937	Pathway::PC7_3969	Formation of the Editosome	2	0	0.0369624	0	1	1	0.023	0	-0.153432
1220	937	Pathway::PC7_3971	Formation of the active cofactor, UDP-glucuronate	3	0	0.0554435	0	1	1	0.051	0	-0.227174
1221	937	Pathway::PC7_3972	Formation of the ternary complex, and subsequently, the 43S complex	48	0	0.887097	0	1	1	1.808	0	-1.3903
1222	937	Pathway::PC7_3974	Formation of tubulin folding intermediates by CCT/TriC	21	0	0.388105	0	1	1	0.446	0	-0.670784
1223	937	Pathway::PC7_3981	Free fatty acid receptors	4	0	0.0739247	0	1	1	0.0885	0	-0.298898
1224	937	Pathway::PC7_3985	Fructose catabolism	2	0	0.0369624	0	1	1	0.0385	0	-0.194908
1225	937	Pathway::PC7_3995	G alpha (z) signalling events	45	0	0.831653	0	1	1	2.31	0	-1.60599
1226	937	Pathway::PC7_3997	G beta:gamma signalling through PLC beta	20	0	0.369624	0	1	1	1.099	0	-1.0812
1227	937	Pathway::PC7_4002	G0 and Early G1	25	0	0.46203	0	1	1	0.9515	0	-1.00625
1228	937	Pathway::PC7_4006	G1/S-Specific Transcription	17	0	0.31418	0	1	1	0.729	0	-0.883031
1229	937	Pathway::PC7_4007	G2 Phase	5	0	0.0924059	0	1	1	0.2565	0	-0.496672
1230	937	Pathway::PC7_4008	G2/M Checkpoints	44	0	0.813172	0	1	1	1.795	0	-1.39069
1231	937	Pathway::PC7_4009	G2/M DNA damage checkpoint	9	0	0.166331	0	1	1	0.405	0	-0.651049
1232	937	Pathway::PC7_4010	G2/M DNA replication checkpoint	5	0	0.0924059	0	1	1	0.238	0	-0.503591
1233	937	Pathway::PC7_4013	GABA A (rho) receptor activation	2	0	0.0369624	0	1	1	0.037	0	-0.196014
1234	937	Pathway::PC7_4014	GABA A receptor activation	13	0	0.240255	0	1	1	0.282	0	-0.538266
1235	937	Pathway::PC7_4016	GABA receptor activation	53	0	0.979503	0	1	1	2.058	0	-1.48692
1236	937	Pathway::PC7_4018	GABA synthesis	2	0	0.0369624	0	1	1	0.0295	0	-0.174347
1237	937	Pathway::PC7_4019	GABA synthesis, release, reuptake and degradation	19	0	0.351142	0	1	1	0.5165	0	-0.740333
1238	937	Pathway::PC7_4063	GRB2:SOS provides linkage to MAPK signaling for Integrins	15	0	0.277218	0	1	1	0.7005	0	-0.860433
1239	937	Pathway::PC7_4093	Galactose catabolism	5	0	0.0924059	0	1	1	0.081	0	-0.28211
1240	937	Pathway::PC7_4099	Gamma-carboxylation of protein precursors	9	0	0.166331	0	1	1	0.257	0	-0.51405
1241	937	Pathway::PC7_4100	Gamma-carboxylation, transport, and amino-terminal cleavage of proteins	11	0	0.203293	0	1	1	0.322	0	-0.576181
1242	937	Pathway::PC7_4102	Gap junction degradation	10	0	0.184812	0	1	1	0.346	0	-0.618169
1243	937	Pathway::PC7_4105	Gap-filling DNA repair synthesis and ligation in GG-NER	17	0	0.31418	0	1	1	0.815	0	-0.952728
1244	937	Pathway::PC7_4156	Global Genomic NER (GG-NER)	34	0	0.62836	0	1	1	1.3735	0	-1.23096
1245	937	Pathway::PC7_4157	Glucagon signaling in metabolic regulation	33	0	0.609879	0	1	1	1.8265	0	-1.39987
1246	937	Pathway::PC7_4159	Glucagon-type ligand receptors	30	0	0.554435	0	1	1	1.261	0	-1.15602
1247	937	Pathway::PC7_4214	Glucuronidation	19	0	0.351142	0	1	1	0.356	0	-0.591476
1248	937	Pathway::PC7_4215	Glutamate Binding, Activation of AMPA Receptors and Synaptic Plasticity	30	0	0.554435	0	1	1	0.948	0	-0.999115
1249	937	Pathway::PC7_4216	Glutamate Neurotransmitter Release Cycle	21	0	0.388105	0	1	1	0.4685	0	-0.701517
1250	937	Pathway::PC7_4258	Glutathione synthesis and recycling	11	0	0.203293	0	1	1	0.2145	0	-0.466426
1251	937	Pathway::PC7_4265	Glycogen breakdown (glycogenolysis)	16	0	0.295699	0	1	1	0.3815	0	-0.633237
1252	937	Pathway::PC7_4267	Glycogen synthesis	15	0	0.277218	0	1	1	0.398	0	-0.618864
1253	937	Pathway::PC7_4271	Glycoprotein hormones	13	0	0.240255	0	1	1	0.2845	0	-0.546954
1254	937	Pathway::PC7_4276	Glycosphingolipid metabolism	39	0	0.720766	0	1	1	0.806	0	-0.897572
1255	937	Pathway::PC7_4283	Glyoxylate metabolism	5	0	0.0924059	0	1	1	0.064	0	-0.255177
1256	937	Pathway::PC7_4285	Glypican 2 network	2	0	0.0369624	0	1	1	0.047	0	-0.222076
1257	937	Pathway::PC7_4300	Golgi Associated Vesicle Biogenesis	54	0	0.997984	0	1	1	1.186	0	-1.11108
1258	937	Pathway::PC7_4308	HATs acetylate histones	138	0	2.5504	0	1	1	4.455	0	-2.31887
1259	937	Pathway::PC7_4318	HCN channels	4	0	0.0739247	0	1	1	0.054	0	-0.238919
1260	937	Pathway::PC7_4334	HDACs deacetylate histones	93	0	1.71875	0	1	1	4.0695	0	-2.21068
1261	937	Pathway::PC7_4368	HIV Transcription Initiation	43	0	0.794691	0	1	1	1.593	0	-1.30401
1262	937	Pathway::PC7_4416	HSF1 activation	12	0	0.221774	0	1	1	0.457	0	-0.690406
1263	937	Pathway::PC7_4440	Hedgehog signaling events mediated by Gli proteins	48	0	0.887097	0	1	1	1.7155	0	-1.35556
1264	937	Pathway::PC7_4444	Heme degradation	6	0	0.110887	0	1	1	0.1325	0	-0.364772
1265	937	Pathway::PC7_4468	Highly calcium permeable nicotinic acetylcholine receptors	9	0	0.166331	0	1	1	0.1555	0	-0.39843
1266	937	Pathway::PC7_4469	Highly calcium permeable postsynaptic nicotinic acetylcholine receptors	11	0	0.203293	0	1	1	0.1925	0	-0.451918
1267	937	Pathway::PC7_4470	Highly sodium permeable acetylcholine nicotinic receptors	7	0	0.129368	0	1	1	0.1165	0	-0.346677
1268	937	Pathway::PC7_4480	Histamine receptors	4	0	0.0739247	0	1	1	0.072	0	-0.272493
1269	937	Pathway::PC7_4482	Histidine catabolism	5	0	0.0924059	0	1	1	0.0735	0	-0.273733
1270	937	Pathway::PC7_4490	Hormone ligand-binding receptors	10	0	0.184812	0	1	1	0.244	0	-0.509369
1271	937	Pathway::PC7_4491	Hormone-sensitive lipase (HSL)-mediated triacylglycerol hydrolysis	12	0	0.221774	0	1	1	0.4265	0	-0.67639
1272	937	Pathway::PC7_4493	Host Interactions with Influenza Factors	5	0	0.0924059	0	1	1	0.1605	0	-0.409338
1273	937	Pathway::PC7_4494	HuR stabilizes mRNA	8	0	0.147849	0	1	1	0.3155	0	-0.57799
1274	937	Pathway::PC7_4496	Hyaluronan biosynthesis and export	4	0	0.0739247	0	1	1	0.0685	0	-0.271178
1275	937	Pathway::PC7_4497	Hyaluronan metabolism	16	0	0.295699	0	1	1	0.3405	0	-0.588681
1276	937	Pathway::PC7_4498	Hyaluronan uptake and degradation	12	0	0.221774	0	1	1	0.272	0	-0.522482
1277	937	Pathway::PC7_4530	Hydrolysis of LPC	8	0	0.147849	0	1	1	0.185	0	-0.436322
1278	937	Pathway::PC7_4531	Hydrolysis of LPE	2	0	0.0369624	0	1	1	0.0315	0	-0.180346
1279	937	Pathway::PC7_4532	Hydroxycarboxylic acid-binding receptors	3	0	0.0554435	0	1	1	0.0505	0	-0.225956
1280	937	Pathway::PC7_4541	Hypusinylation	4	0	0.0739247	0	1	1	0.0555	0	-0.237911
1281	937	Pathway::PC7_4587	IKK complex recruitment mediated by RIP1	24	0	0.443548	0	1	1	1.1285	0	-1.10926
1282	937	Pathway::PC7_4638	IL8- and CXCR1-mediated signaling events	28	0	0.517473	0	1	1	1.314	0	-1.21355
1283	937	Pathway::PC7_4639	IL8- and CXCR2-mediated signaling events	34	0	0.62836	0	1	1	1.481	0	-1.28004
1284	937	Pathway::PC7_4653	IRAK1 recruits IKK complex	10	0	0.184812	0	1	1	0.4735	0	-0.732111
1285	937	Pathway::PC7_4655	IRAK2 mediated activation of TAK1 complex	10	0	0.184812	0	1	1	0.548	0	-0.760162
1286	937	Pathway::PC7_4658	IRF3 mediated activation of type 1 IFN	6	0	0.110887	0	1	1	0.189	0	-0.445132
1287	937	Pathway::PC7_4660	IRF3-mediated induction of type I IFN	12	0	0.221774	0	1	1	0.3905	0	-0.628524
1288	937	Pathway::PC7_4661	IRS activation	6	0	0.110887	0	1	1	0.275	0	-0.538931
1289	937	Pathway::PC7_4691	Inactivation of APC/C via direct inhibition of the APC/C complex	18	0	0.332661	0	1	1	0.7925	0	-0.923484
1290	937	Pathway::PC7_4692	Inactivation of Cdc42 and Rac	9	0	0.166331	0	1	1	0.244	0	-0.506072
1291	937	Pathway::PC7_4693	Inactivation, recovery and regulation of the phototransduction cascade	32	0	0.591398	0	1	1	0.901	0	-0.977157
1292	937	Pathway::PC7_4730	Influenza Virus Induced Apoptosis	2	0	0.0369624	0	1	1	0.082	0	-0.296907
1293	937	Pathway::PC7_4731	Inhibition of HSL	2	0	0.0369624	0	1	1	0.0965	0	-0.314434
1294	937	Pathway::PC7_4732	Inhibition of Host mRNA Processing and RNA Silencing	2	0	0.0369624	0	1	1	0.045	0	-0.21459
1295	937	Pathway::PC7_4736	Inhibition of replication initiation of damaged DNA by RB1/E2F1	12	0	0.221774	0	1	1	0.5985	0	-0.814985
1296	937	Pathway::PC7_4739	Initial triggering of complement	19	0	0.351142	0	1	1	0.3605	0	-0.606298
1297	937	Pathway::PC7_4740	Initiation of Nuclear Envelope Reformation	13	0	0.240255	0	1	1	0.408	0	-0.648735
1298	937	Pathway::PC7_4746	Insulin effects increased synthesis of Xylulose-5-Phosphate	2	0	0.0369624	0	1	1	0.029	0	-0.172818
1299	937	Pathway::PC7_4747	Insulin processing	26	0	0.480511	0	1	1	0.5025	0	-0.706421
1300	937	Pathway::PC7_4748	Insulin receptor recycling	26	0	0.480511	0	1	1	0.4945	0	-0.717519
1301	937	Pathway::PC7_4750	Insulin-like Growth Factor-2 mRNA Binding Proteins (IGF2BPs/IMPs/VICKZs) bind RNA	3	0	0.0554435	0	1	1	0.0375	0	-0.197386
1302	937	Pathway::PC7_4751	Insulin-mediated glucose transport	29	0	0.535954	0	1	1	1.188	0	-1.10895
1303	937	Pathway::PC7_4755	Integration of provirus	9	0	0.166331	0	1	1	0.277	0	-0.544005
1304	937	Pathway::PC7_4757	Integrin alphaIIb beta3 signaling	27	0	0.498992	0	1	1	1.2695	0	-1.18029
1305	937	Pathway::PC7_4759	Integrin family cell surface interactions	26	0	0.480511	0	1	1	0.893	0	-0.996196
1306	937	Pathway::PC7_4764	Interaction With The Zona Pellucida	10	0	0.184812	0	1	1	0.131	0	-0.367828
1307	937	Pathway::PC7_4766	Interactions of Rev with host cellular proteins	34	0	0.62836	0	1	1	1.866	0	-1.45842
1308	937	Pathway::PC7_4767	Interactions of Tat with host cellular proteins	2	0	0.0369624	0	1	1	0.0855	0	-0.298234
1309	937	Pathway::PC7_4768	Interactions of Vpr with host cellular proteins	34	0	0.62836	0	1	1	1.8325	0	-1.44044
1310	937	Pathway::PC7_4769	Interconversion of 2-oxoglutarate and 2-hydroxyglutarate	3	0	0.0554435	0	1	1	0.0465	0	-0.220834
1311	937	Pathway::PC7_4770	Interconversion of polyamines	3	0	0.0554435	0	1	1	0.044	0	-0.214535
1312	937	Pathway::PC7_4773	Interferon gamma signaling	67	0	1.23824	0	1	1	2.121	0	-1.48705
1313	937	Pathway::PC7_4778	Interleukin-1 signaling	40	0	0.739247	0	1	1	1.7275	0	-1.38035
1314	937	Pathway::PC7_4781	Interleukin-6 signaling	11	0	0.203293	0	1	1	0.646	0	-0.843394
1315	937	Pathway::PC7_4782	Interleukin-7 signaling	11	0	0.203293	0	1	1	0.5115	0	-0.736854
1316	937	Pathway::PC7_4784	Intrinsic Pathway	21	0	0.388105	0	1	1	0.4515	0	-0.685629
1317	937	Pathway::PC7_4786	Inwardly rectifying K+ channels	31	0	0.572917	0	1	1	1.1195	0	-1.0852
1318	937	Pathway::PC7_4806	Iron uptake and transport	43	0	0.794691	0	1	1	0.717	0	-0.860111
1319	937	Pathway::PC7_4819	JNK (c-Jun kinases) phosphorylation and activation mediated by activated human TAK1	16	0	0.295699	0	1	1	0.8445	0	-0.959709
1320	937	Pathway::PC7_4862	KSRP destabilizes mRNA	17	0	0.31418	0	1	1	0.639	0	-0.803358
1321	937	Pathway::PC7_4875	Keratan sulfate degradation	12	0	0.221774	0	1	1	0.274	0	-0.531339
1322	937	Pathway::PC7_4884	Ketone body catabolism	3	0	0.0554435	0	1	1	0.053	0	-0.229804
1323	937	Pathway::PC7_4887	Kinesins	26	0	0.480511	0	1	1	0.5905	0	-0.772169
1324	937	Pathway::PC7_4888	Klotho-mediated ligand binding	6	0	0.110887	0	1	1	0.3465	0	-0.604612
1325	937	Pathway::PC7_4921	LDL endocytosis	6	0	0.110887	0	1	1	0.169	0	-0.420613
1326	937	Pathway::PC7_4941	LPA4-mediated signaling events	15	0	0.277218	0	1	1	0.8015	0	-0.917516
1327	937	Pathway::PC7_4946	Lagging Strand Synthesis	21	0	0.388105	0	1	1	0.997	0	-1.04286
1328	937	Pathway::PC7_4947	Laminin interactions	23	0	0.425067	0	1	1	0.76	0	-0.888661
1329	937	Pathway::PC7_4949	Latent infection of Homo sapiens with Mycobacterium tuberculosis	34	0	0.62836	0	1	1	0.6905	0	-0.845026
1330	937	Pathway::PC7_4951	Leading Strand Synthesis	14	0	0.258737	0	1	1	0.6365	0	-0.812714
1331	937	Pathway::PC7_4952	Lectin pathway of complement activation	6	0	0.110887	0	1	1	0.1075	0	-0.322743
1332	937	Pathway::PC7_4961	Leukotriene receptors	5	0	0.0924059	0	1	1	0.1105	0	-0.338935
1333	937	Pathway::PC7_4965	Ligand-gated ion channel transport	24	0	0.443548	0	1	1	0.435	0	-0.682044
1334	937	Pathway::PC7_4968	Linoleic acid (LA) metabolism	6	0	0.110887	0	1	1	0.121	0	-0.345913
1335	937	Pathway::PC7_4994	Lissencephaly gene (LIS1) in neuronal migration and development	31	0	0.572917	0	1	1	0.9025	0	-0.973194
1336	937	Pathway::PC7_5016	Localization of the PINCH-ILK-PARVIN complex to focal adhesions	4	0	0.0739247	0	1	1	0.131	0	-0.372257
1337	937	Pathway::PC7_5024	Loss of Function of FBXW7 in Cancer and NOTCH1 Signaling	5	0	0.0924059	0	1	1	0.231	0	-0.492898
1338	937	Pathway::PC7_5029	Loss of Nlp from mitotic centrosomes	61	0	1.12735	0	1	1	1.5645	0	-1.31762
1339	937	Pathway::PC7_5045	Lysine catabolism	8	0	0.147849	0	1	1	0.1485	0	-0.381588
1340	937	Pathway::PC7_5048	Lysosphingolipid and LPA receptors	9	0	0.166331	0	1	1	0.2105	0	-0.474034
1341	937	Pathway::PC7_5124	MASTL Facilitates Mitotic Progression	10	0	0.184812	0	1	1	0.406	0	-0.664624
1342	937	Pathway::PC7_5188	MMR	16	0	0.295699	0	1	1	0.615	0	-0.830191
1343	937	Pathway::PC7_5308	Membrane binding and targetting of GAG proteins	10	0	0.184812	0	1	1	0.358	0	-0.613212
1344	937	Pathway::PC7_5325	Metabolism of folate and pterines	9	0	0.166331	0	1	1	0.1865	0	-0.441159
1345	937	Pathway::PC7_5328	Metabolism of nitric oxide	19	0	0.351142	0	1	1	0.6155	0	-0.816928
1346	937	Pathway::PC7_5329	Metabolism of polyamines	15	0	0.277218	0	1	1	0.2445	0	-0.512364
1347	937	Pathway::PC7_5339	Metal ion SLC transporters	25	0	0.46203	0	1	1	0.425	0	-0.644847
1348	937	Pathway::PC7_5360	Methionine salvage pathway	6	0	0.110887	0	1	1	0.12	0	-0.360831
1349	937	Pathway::PC7_5373	Methylation	10	0	0.184812	0	1	1	0.224	0	-0.489013
1350	937	Pathway::PC7_5444	MicroRNA (miRNA) biogenesis	23	0	0.425067	0	1	1	0.95	0	-1.02352
1351	937	Pathway::PC7_5504	Mineralocorticoid biosynthesis	6	0	0.110887	0	1	1	0.173	0	-0.425805
1352	937	Pathway::PC7_5508	Miscellaneous substrates	12	0	0.221774	0	1	1	0.287	0	-0.544688
1353	937	Pathway::PC7_5509	Mismatch repair (MMR) directed by MSH2:MSH3 (MutSbeta)	15	0	0.277218	0	1	1	0.6015	0	-0.821052
1354	937	Pathway::PC7_5510	Mismatch repair (MMR) directed by MSH2:MSH6 (MutSalpha)	15	0	0.277218	0	1	1	0.6	0	-0.821071
1355	937	Pathway::PC7_5512	Mitochondrial ABC transporters	4	0	0.0739247	0	1	1	0.0505	0	-0.225956
1356	937	Pathway::PC7_5513	Mitochondrial Fatty Acid Beta-Oxidation	15	0	0.277218	0	1	1	0.338	0	-0.592203
1357	937	Pathway::PC7_5514	Mitochondrial Uncoupling Proteins	3	0	0.0554435	0	1	1	0.045	0	-0.212191
1358	937	Pathway::PC7_5515	Mitochondrial biogenesis	54	0	0.997984	0	1	1	2.08	0	-1.51034
1359	937	Pathway::PC7_5516	Mitochondrial iron-sulfur cluster biogenesis	9	0	0.166331	0	1	1	0.1285	0	-0.364934
1360	937	Pathway::PC7_5518	Mitochondrial tRNA aminoacylation	21	0	0.388105	0	1	1	0.2835	0	-0.52633
1361	937	Pathway::PC7_5519	Mitochondrial transcription initiation	3	0	0.0554435	0	1	1	0.0575	0	-0.240433
1362	937	Pathway::PC7_5521	Mitochondrial translation	91	0	1.68179	0	1	1	1.395	0	-1.17774
1363	937	Pathway::PC7_5522	Mitochondrial translation elongation	84	0	1.55242	0	1	1	1.312	0	-1.15307
1364	937	Pathway::PC7_5523	Mitochondrial translation initiation	84	0	1.55242	0	1	1	1.31	0	-1.13596
1365	937	Pathway::PC7_5524	Mitochondrial translation termination	85	0	1.5709	0	1	1	1.314	0	-1.13921
1366	937	Pathway::PC7_5532	Mitotic Metaphase/Anaphase Transition	2	0	0.0369624	0	1	1	0.093	0	-0.311124
1367	937	Pathway::PC7_5535	Mitotic Spindle Checkpoint	19	0	0.351142	0	1	1	0.825	0	-0.941168
1368	937	Pathway::PC7_5538	Molybdenum cofactor biosynthesis	6	0	0.110887	0	1	1	0.1035	0	-0.319731
1369	937	Pathway::PC7_5546	Multifunctional anion exchangers	7	0	0.129368	0	1	1	0.111	0	-0.339847
1370	937	Pathway::PC7_5550	Muscarinic acetylcholine receptors	5	0	0.0924059	0	1	1	0.162	0	-0.411805
1371	937	Pathway::PC7_5665	N-Glycan antennae elongation	15	0	0.277218	0	1	1	0.364	0	-0.621969
1372	937	Pathway::PC7_5678	N-glycan antennae elongation in the medial/trans-Golgi	20	0	0.369624	0	1	1	0.431	0	-0.675387
1373	937	Pathway::PC7_5679	N-glycan trimming and elongation in the cis-Golgi	5	0	0.0924059	0	1	1	0.0775	0	-0.280213
1374	937	Pathway::PC7_5680	N-glycan trimming in the ER and Calnexin/Calreticulin cycle	13	0	0.240255	0	1	1	0.2575	0	-0.517915
1375	937	Pathway::PC7_5698	NCAM1 interactions	35	0	0.646841	0	1	1	0.8785	0	-0.954701
1376	937	Pathway::PC7_5707	NEP/NS2 Interacts with the Cellular Export Machinery	29	0	0.535954	0	1	1	1.7315	0	-1.40563
1377	937	Pathway::PC7_5708	NF-kB activation through FADD/RIP-1 pathway mediated by caspase-8 and -10	12	0	0.221774	0	1	1	0.4715	0	-0.722239
1378	937	Pathway::PC7_5749	NFG and proNGF binds to p75NTR	2	0	0.0369624	0	1	1	0.087	0	-0.303022
1379	937	Pathway::PC7_5769	NGF processing	4	0	0.0739247	0	1	1	0.1185	0	-0.351804
1380	937	Pathway::PC7_5773	NGF-independant TRKA activation	5	0	0.0924059	0	1	1	0.15	0	-0.3946
1381	937	Pathway::PC7_5776	NICD traffics to nucleus	13	0	0.240255	0	1	1	0.4895	0	-0.705878
1382	937	Pathway::PC7_5781	NOSIP mediated eNOS trafficking	2	0	0.0369624	0	1	1	0.0495	0	-0.228206
1383	937	Pathway::PC7_5782	NOSTRIN mediated eNOS trafficking	5	0	0.0924059	0	1	1	0.176	0	-0.437243
1384	937	Pathway::PC7_5788	NOTCH2 Activation and Transmission of Signal to the Nucleus	20	0	0.369624	0	1	1	0.7535	0	-0.880256
1385	937	Pathway::PC7_5789	NOTCH2 intracellular domain regulates transcription	12	0	0.221774	0	1	1	0.4355	0	-0.683614
1386	937	Pathway::PC7_5835	NRIF signals cell death from the nucleus	15	0	0.277218	0	1	1	0.7365	0	-0.89113
1387	937	Pathway::PC7_5837	NS1 Mediated Effects on Host Pathways	3	0	0.0554435	0	1	1	0.0785	0	-0.275248
1388	937	Pathway::PC7_5848	Na+/Cl- dependent neurotransmitter transporters	19	0	0.351142	0	1	1	0.4475	0	-0.683032
1389	937	Pathway::PC7_5868	Nectin/Necl trans heterodimerization	7	0	0.129368	0	1	1	0.1095	0	-0.329393
1390	937	Pathway::PC7_5870	Nef Mediated CD8 Down-regulation	7	0	0.129368	0	1	1	0.2775	0	-0.545806
1391	937	Pathway::PC7_5871	Nef and signal transduction	8	0	0.147849	0	1	1	0.3705	0	-0.622509
1392	937	Pathway::PC7_5872	Nef mediated downregulation of CD28 cell surface expression	2	0	0.0369624	0	1	1	0.1105	0	-0.340541
1393	937	Pathway::PC7_5873	Nef mediated downregulation of MHC class I complex cell surface expression	10	0	0.184812	0	1	1	0.334	0	-0.597531
1394	937	Pathway::PC7_5875	Negative epigenetic regulation of rRNA expression	105	0	1.94052	0	1	1	5.027	0	-2.47324
1395	937	Pathway::PC7_5878	Negative regulators of RIG-I/MDA5 signaling	33	0	0.609879	0	1	1	0.962	0	-1.01148
1396	937	Pathway::PC7_5886	Neurofascin interactions	7	0	0.129368	0	1	1	0.1215	0	-0.351124
1397	937	Pathway::PC7_5891	Neurotransmitter Release Cycle	42	0	0.77621	0	1	1	0.9565	0	-1.00456
1398	937	Pathway::PC7_5966	NoRC negatively regulates rRNA expression	102	0	1.88508	0	1	1	4.9495	0	-2.45671
1399	937	Pathway::PC7_5967	Non-coding RNA Metabolism	50	0	0.924059	0	1	1	2.1065	0	-1.53017
1400	937	Pathway::PC7_5968	Non-integrin membrane-ECM interactions	42	0	0.77621	0	1	1	1.4715	0	-1.27109
1401	937	Pathway::PC7_5969	Noncanonical Wnt signaling pathway	32	0	0.591398	0	1	1	1.32	0	-1.17989
1402	937	Pathway::PC7_5971	Nonhomologous End-joining (NHEJ)	6	0	0.110887	0	1	1	0.164	0	-0.407331
1403	937	Pathway::PC7_5975	Norepinephrine Neurotransmitter Release Cycle	18	0	0.332661	0	1	1	0.4915	0	-0.733559
1404	937	Pathway::PC7_5984	NrCAM interactions	7	0	0.129368	0	1	1	0.154	0	-0.401276
1405	937	Pathway::PC7_5985	Nuclear Envelope Breakdown	50	0	0.924059	0	1	1	2.366	0	-1.65086
1406	937	Pathway::PC7_5988	Nuclear Pore Complex (NPC) Disassembly	33	0	0.609879	0	1	1	1.8155	0	-1.44964
1407	937	Pathway::PC7_5989	Nuclear Receptor transcription pathway	51	0	0.94254	0	1	1	1.0675	0	-1.02157
1408	937	Pathway::PC7_5990	Nuclear import of Rev protein	31	0	0.572917	0	1	1	1.7495	0	-1.4145
1409	937	Pathway::PC7_5991	Nuclear signaling by ERBB4	39	0	0.720766	0	1	1	1.563	0	-1.27702
1410	937	Pathway::PC7_5993	Nucleotide Excision Repair	50	0	0.924059	0	1	1	2.0475	0	-1.49999
1411	937	Pathway::PC7_5996	Nucleotide-like (purinergic) receptors	16	0	0.295699	0	1	1	0.398	0	-0.633588
1412	937	Pathway::PC7_5999	O-glycosylation of TSR domain-containing proteins	38	0	0.702285	0	1	1	0.6425	0	-0.788659
1413	937	Pathway::PC7_6053	Opsins	9	0	0.166331	0	1	1	0.1835	0	-0.44268
1414	937	Pathway::PC7_6055	Orexin and neuropeptides FF and QRFP bind to their respective receptors	7	0	0.129368	0	1	1	0.151	0	-0.397645
1415	937	Pathway::PC7_6057	Organelle biogenesis and maintenance	145	0	2.67977	0	1	1	3.475	0	-1.9449
1416	937	Pathway::PC7_6058	Organic anion transport	5	0	0.0924059	0	1	1	0.085	0	-0.293671
1417	937	Pathway::PC7_6060	Organic cation transport	8	0	0.147849	0	1	1	0.174	0	-0.424866
1418	937	Pathway::PC7_6061	Organic cation/anion/zwitterion transport	13	0	0.240255	0	1	1	0.259	0	-0.513987
1419	937	Pathway::PC7_6067	Other semaphorin interactions	19	0	0.351142	0	1	1	0.403	0	-0.635935
1420	937	Pathway::PC7_6094	P2Y receptors	12	0	0.221774	0	1	1	0.298	0	-0.549412
1421	937	Pathway::PC7_6097	PAOs oxidise polyamines to amines	2	0	0.0369624	0	1	1	0.03	0	-0.175863
1422	937	Pathway::PC7_6099	PAR4-mediated thrombin signaling events	15	0	0.277218	0	1	1	0.6385	0	-0.803276
1423	937	Pathway::PC7_610	2-LTR circle formation	7	0	0.129368	0	1	1	0.2145	0	-0.46977
1424	937	Pathway::PC7_6135	PDGF receptor signaling network	6	0	0.110887	0	1	1	0.249	0	-0.510401
1425	937	Pathway::PC7_6142	PECAM1 interactions	12	0	0.221774	0	1	1	0.622	0	-0.816644
1426	937	Pathway::PC7_6143	PERK regulates gene expression	28	0	0.517473	0	1	1	0.825	0	-0.925638
1427	937	Pathway::PC7_6171	PKA activation	19	0	0.351142	0	1	1	1.112	0	-1.11961
1428	937	Pathway::PC7_6172	PKA activation in glucagon signalling	17	0	0.31418	0	1	1	0.969	0	-1.0306
1429	937	Pathway::PC7_6173	PKA-mediated phosphorylation of CREB	20	0	0.369624	0	1	1	1.1675	0	-1.15292
1430	937	Pathway::PC7_6174	PKA-mediated phosphorylation of key metabolic factors	5	0	0.0924059	0	1	1	0.217	0	-0.485335
1431	937	Pathway::PC7_6190	PLK2 and PLK4 events	2	0	0.0369624	0	1	1	0.0225	0	-0.151717
1432	937	Pathway::PC7_6200	POU5F1 (OCT4), SOX2, NANOG activate genes related to proliferation	10	0	0.184812	0	1	1	0.2555	0	-0.515957
1433	937	Pathway::PC7_6201	POU5F1 (OCT4), SOX2, NANOG repress genes related to differentiation	3	0	0.0554435	0	1	1	0.0705	0	-0.269308
1434	937	Pathway::PC7_6202	PP2A-mediated dephosphorylation of key metabolic factors	7	0	0.129368	0	1	1	0.312	0	-0.589987
1435	937	Pathway::PC7_6233	PRC2 methylates histones and DNA	70	0	1.29368	0	1	1	3.6685	0	-2.10659
1436	937	Pathway::PC7_6269	PRPP biosynthesis	3	0	0.0554435	0	1	1	0.045	0	-0.217072
1437	937	Pathway::PC7_6310	PTM: gamma carboxylation, hypusine formation and arylsulfatase activation	28	0	0.517473	0	1	1	0.62	0	-0.798026
1438	937	Pathway::PC7_6315	Packaging Of Telomere Ends	49	0	0.905578	0	1	1	2.692	0	-1.76052
1439	937	Pathway::PC7_6373	Passive transport by Aquaporins	12	0	0.221774	0	1	1	0.174	0	-0.417464
1440	937	Pathway::PC7_6403	Peroxisomal lipid metabolism	21	0	0.388105	0	1	1	0.3485	0	-0.606617
1441	937	Pathway::PC7_6455	Phosphate bond hydrolysis by NUDT proteins	6	0	0.110887	0	1	1	0.075	0	-0.27501
1442	937	Pathway::PC7_6464	Phosphorylation of Emi1	6	0	0.110887	0	1	1	0.2955	0	-0.547617
1443	937	Pathway::PC7_6465	Phosphorylation of proteins involved in G1/S transition by active Cyclin E:Cdk2 complexes	4	0	0.0739247	0	1	1	0.2035	0	-0.466753
1444	937	Pathway::PC7_6466	Phosphorylation of proteins involved in the G2/M transition by Cyclin A:Cdc2 complexes	3	0	0.0554435	0	1	1	0.152	0	-0.395244
1445	937	Pathway::PC7_6467	Phosphorylation of the APC/C	17	0	0.31418	0	1	1	0.807	0	-0.931377
1446	937	Pathway::PC7_6508	Plasmalogen biosynthesis	4	0	0.0739247	0	1	1	0.0605	0	-0.243288
1447	937	Pathway::PC7_6510	Platelet Adhesion to exposed collagen	12	0	0.221774	0	1	1	0.385	0	-0.633129
1448	937	Pathway::PC7_6511	Platelet Aggregation (Plug Formation)	36	0	0.665323	0	1	1	1.473	0	-1.27093
1449	937	Pathway::PC7_6516	Platelet sensitization by LDL	17	0	0.31418	0	1	1	0.7885	0	-0.950782
1450	937	Pathway::PC7_6519	Polo-like kinase mediated events	16	0	0.295699	0	1	1	0.5555	0	-0.762377
1451	937	Pathway::PC7_6520	Polo-like kinase signaling events in the cell cycle	4	0	0.0739247	0	1	1	0.0905	0	-0.306279
1452	937	Pathway::PC7_6534	Post-Elongation Processing of Intron-Containing pre-mRNA	33	0	0.609879	0	1	1	0.7505	0	-0.884934
1453	937	Pathway::PC7_6535	Post-Elongation Processing of Intronless pre-mRNA	23	0	0.425067	0	1	1	0.5945	0	-0.783956
1454	937	Pathway::PC7_6537	Post-chaperonin tubulin folding pathway	19	0	0.351142	0	1	1	0.4125	0	-0.673301
1455	937	Pathway::PC7_6538	Post-transcriptional silencing by small RNAs	7	0	0.129368	0	1	1	0.336	0	-0.596676
1456	937	Pathway::PC7_6539	Post-translational modification: synthesis of GPI-anchored proteins	25	0	0.46203	0	1	1	0.3995	0	-0.655094
1457	937	Pathway::PC7_6555	Potassium transport channels	3	0	0.0554435	0	1	1	0.0555	0	-0.237911
1458	937	Pathway::PC7_6562	Pre-NOTCH Processing in Golgi	18	0	0.332661	0	1	1	0.5165	0	-0.752012
1459	937	Pathway::PC7_6563	Pre-NOTCH Processing in the Endoplasmic Reticulum	6	0	0.110887	0	1	1	0.166	0	-0.406887
1460	937	Pathway::PC7_6566	Prefoldin mediated transfer of substrate to CCT/TriC	27	0	0.498992	0	1	1	0.5705	0	-0.757622
1461	937	Pathway::PC7_6567	Pregnenolone biosynthesis	9	0	0.166331	0	1	1	0.1615	0	-0.410983
1462	937	Pathway::PC7_6570	Presynaptic function of Kainate receptors	21	0	0.388105	0	1	1	1.109	0	-1.08897
1463	937	Pathway::PC7_6571	Presynaptic nicotinic acetylcholine receptors	12	0	0.221774	0	1	1	0.1965	0	-0.456992
1464	937	Pathway::PC7_6588	Processing and activation of SUMO	9	0	0.166331	0	1	1	0.172	0	-0.41788
1465	937	Pathway::PC7_6589	Processing of Capped Intron-Containing Pre-mRNA	144	0	2.66129	0	1	1	4.356	0	-2.16151
1466	937	Pathway::PC7_6591	Processing of DNA double-strand break ends	3	0	0.0554435	0	1	1	0.182	0	-0.441576
1467	937	Pathway::PC7_6592	Processing of DNA ends prior to end rejoining	4	0	0.0739247	0	1	1	0.1295	0	-0.359542
1468	937	Pathway::PC7_6593	Processing of Intronless Pre-mRNAs	14	0	0.258737	0	1	1	0.354	0	-0.602093
1469	937	Pathway::PC7_6595	Processive synthesis on the C-strand of the telomere	12	0	0.221774	0	1	1	0.595	0	-0.827527
1470	937	Pathway::PC7_6596	Processive synthesis on the lagging strand	16	0	0.295699	0	1	1	0.773	0	-0.935702
1471	937	Pathway::PC7_6615	Progressive trimming of alpha-1,2-linked mannose residues from Man9/8/7GlcNAc2 to produce Man5GlcNAc2	3	0	0.0554435	0	1	1	0.0445	0	-0.213313
1472	937	Pathway::PC7_6616	Prolactin receptor signaling	15	0	0.277218	0	1	1	0.5865	0	-0.800711
1473	937	Pathway::PC7_6617	Proline catabolism	2	0	0.0369624	0	1	1	0.0225	0	-0.151717
1474	937	Pathway::PC7_6620	Propionyl-CoA catabolism	5	0	0.0924059	0	1	1	0.0855	0	-0.30193
1475	937	Pathway::PC7_6638	Prostacyclin signalling through prostacyclin receptor	19	0	0.351142	0	1	1	1.053	0	-1.04151
1476	937	Pathway::PC7_6640	Prostanoid ligand receptors	9	0	0.166331	0	1	1	0.2185	0	-0.477081
1477	937	Pathway::PC7_6642	Protein folding	55	0	1.01647	0	1	1	1.0495	0	-1.00753
1478	937	Pathway::PC7_6643	Proteoglycan syndecan-mediated signaling events	4	0	0.0739247	0	1	1	0.149	0	-0.397088
1479	937	Pathway::PC7_6644	Proton-coupled monocarboxylate transport	4	0	0.0739247	0	1	1	0.0805	0	-0.2882
1480	937	Pathway::PC7_6645	Proton-coupled neutral amino acid transporters	2	0	0.0369624	0	1	1	0.0315	0	-0.180346
1481	937	Pathway::PC7_6646	Proton/oligonucleotide cotransporters	4	0	0.0739247	0	1	1	0.062	0	-0.242893
1482	937	Pathway::PC7_6649	Purine catabolism	10	0	0.184812	0	1	1	0.185	0	-0.431547
1483	937	Pathway::PC7_6660	Pyrimidine biosynthesis	6	0	0.110887	0	1	1	0.1145	0	-0.34307
1484	937	Pathway::PC7_6661	Pyrimidine catabolism	12	0	0.221774	0	1	1	0.1725	0	-0.430251
1485	937	Pathway::PC7_6663	Pyrimidine metabolism	24	0	0.443548	0	1	1	0.383	0	-0.628536
1486	937	Pathway::PC7_6664	Pyrimidine salvage reactions	9	0	0.166331	0	1	1	0.1335	0	-0.370722
1487	937	Pathway::PC7_6666	Pyrophosphate hydrolysis	2	0	0.0369624	0	1	1	0.0355	0	-0.189109
1488	937	Pathway::PC7_6777	REV-ERBA represses gene expression	24	0	0.443548	0	1	1	1.013	0	-1.03023
1489	937	Pathway::PC7_6789	RNA Pol II CTD phosphorylation and interaction with CE	26	0	0.480511	0	1	1	1.1805	0	-1.12869
1490	937	Pathway::PC7_6790	RNA Polymerase I Chain Elongation	86	0	1.58938	0	1	1	4.5755	0	-2.38246
1491	937	Pathway::PC7_6792	RNA Polymerase I Promoter Escape	29	0	0.535954	0	1	1	1.195	0	-1.13426
1492	937	Pathway::PC7_6795	RNA Polymerase I Transcription Initiation	46	0	0.850134	0	1	1	1.69	0	-1.34157
1493	937	Pathway::PC7_6796	RNA Polymerase I Transcription Termination	30	0	0.554435	0	1	1	1.218	0	-1.14052
1494	937	Pathway::PC7_6807	RNA Polymerase III Abortive And Retractive Initiation	39	0	0.720766	0	1	1	1.0945	0	-1.05535
1495	937	Pathway::PC7_6808	RNA Polymerase III Chain Elongation	18	0	0.332661	0	1	1	0.7335	0	-0.87329
1496	937	Pathway::PC7_6810	RNA Polymerase III Transcription Initiation	34	0	0.62836	0	1	1	1.017	0	-1.03011
1497	937	Pathway::PC7_6811	RNA Polymerase III Transcription Initiation From Type 1 Promoter	26	0	0.480511	0	1	1	0.881	0	-0.954547
1498	937	Pathway::PC7_6812	RNA Polymerase III Transcription Initiation From Type 2 Promoter	25	0	0.46203	0	1	1	0.867	0	-0.946363
1499	937	Pathway::PC7_6813	RNA Polymerase III Transcription Initiation From Type 3 Promoter	27	0	0.498992	0	1	1	0.9145	0	-0.979215
1500	937	Pathway::PC7_6814	RNA Polymerase III Transcription Termination	23	0	0.425067	0	1	1	0.811	0	-0.906567
1501	937	Pathway::PC7_6818	RORA activates circadian gene expression	25	0	0.46203	0	1	1	1.074	0	-1.07105
1502	937	Pathway::PC7_6828	RXR and RAR heterodimerization with other nuclear receptor	26	0	0.480511	0	1	1	0.8815	0	-0.95699
1503	937	Pathway::PC7_6849	Rapid glucocorticoid signaling	8	0	0.147849	0	1	1	0.3925	0	-0.644011
1504	937	Pathway::PC7_6852	Ras activation uopn Ca2+ infux through NMDA receptor	19	0	0.351142	0	1	1	0.7165	0	-0.881865
1505	937	Pathway::PC7_6855	Reactions specific to the complex N-glycan synthesis pathway	4	0	0.0739247	0	1	1	0.055	0	-0.241249
1506	937	Pathway::PC7_6860	Receptor-ligand binding initiates the second proteolytic cleavage of Notch receptor	14	0	0.258737	0	1	1	0.5925	0	-0.780387
1507	937	Pathway::PC7_6863	Recruitment of NuMA to mitotic centrosomes	11	0	0.203293	0	1	1	0.2545	0	-0.510298
1508	937	Pathway::PC7_6865	Recruitment of repair and signaling proteins to double-strand breaks	8	0	0.147849	0	1	1	0.3595	0	-0.619957
1509	937	Pathway::PC7_6866	Recycling of bile acids and salts	16	0	0.295699	0	1	1	0.4735	0	-0.696401
1510	937	Pathway::PC7_6867	Recycling of eIF2:GDP	8	0	0.147849	0	1	1	0.1605	0	-0.397858
1511	937	Pathway::PC7_6869	Reduction of cytosolic Ca++ levels	10	0	0.184812	0	1	1	0.198	0	-0.44408
1512	937	Pathway::PC7_6874	Regulation of AMPK activity via LKB1	14	0	0.258737	0	1	1	0.546	0	-0.758711
1513	937	Pathway::PC7_6879	Regulation of Commissural axon pathfinding by Slit and Robo	4	0	0.0739247	0	1	1	0.0815	0	-0.288403
1514	937	Pathway::PC7_6880	Regulation of Complement cascade	23	0	0.425067	0	1	1	0.4685	0	-0.693783
1515	937	Pathway::PC7_6882	Regulation of Glucokinase by Glucokinase Regulatory Protein	29	0	0.535954	0	1	1	1.67	0	-1.37781
1516	937	Pathway::PC7_6886	Regulation of IFNG signaling	14	0	0.258737	0	1	1	0.595	0	-0.775298
1517	937	Pathway::PC7_6891	Regulation of RAC1 activity	38	0	0.702285	0	1	1	1.0855	0	-1.0633
1518	937	Pathway::PC7_6899	Regulation of cholesterol biosynthesis by SREBP (SREBF)	53	0	0.979503	0	1	1	1.694	0	-1.31111
1519	937	Pathway::PC7_6901	Regulation of cytoskeletal remodeling and cell spreading by IPP complex components	8	0	0.147849	0	1	1	0.1785	0	-0.437272
1520	937	Pathway::PC7_6902	Regulation of gap junction activity	3	0	0.0554435	0	1	1	0.1185	0	-0.353365
1521	937	Pathway::PC7_6906	Regulation of gene expression in endocrine-committed (NEUROG3+) progenitor cells	5	0	0.0924059	0	1	1	0.0695	0	-0.269166
1522	937	Pathway::PC7_6908	Regulation of innate immune responses to cytosolic DNA	14	0	0.258737	0	1	1	0.4805	0	-0.705688
1523	937	Pathway::PC7_6921	Regulation of the Fanconi anemia pathway	10	0	0.184812	0	1	1	0.413	0	-0.660119
1524	937	Pathway::PC7_6922	Regulation of thyroid hormone activity	3	0	0.0554435	0	1	1	0.0455	0	-0.215861
1525	937	Pathway::PC7_6923	Regulatory RNA pathways	113	0	2.08837	0	1	1	6.1065	0	-2.86398
1526	937	Pathway::PC7_6924	Relaxin receptors	8	0	0.147849	0	1	1	0.1355	0	-0.377059
1527	937	Pathway::PC7_6925	Release of Hh-Np from the secreting cell	7	0	0.129368	0	1	1	0.197	0	-0.444761
1528	937	Pathway::PC7_6926	Release of apoptotic factors from the mitochondria	2	0	0.0369624	0	1	1	0.073	0	-0.280622
1529	937	Pathway::PC7_6929	Removal of aminoterminal propeptides from gamma-carboxylated proteins	9	0	0.166331	0	1	1	0.29	0	-0.544271
1530	937	Pathway::PC7_6931	Removal of the Flap Intermediate	14	0	0.258737	0	1	1	0.6805	0	-0.866742
1531	937	Pathway::PC7_6932	Removal of the Flap Intermediate from the C-strand	10	0	0.184812	0	1	1	0.5025	0	-0.750758
1532	937	Pathway::PC7_6933	Repair synthesis for gap-filling by DNA polymerase in TC-NER	15	0	0.277218	0	1	1	0.7225	0	-0.882349
1533	937	Pathway::PC7_6939	Resolution of D-loop structures	2	0	0.0369624	0	1	1	0.0925	0	-0.311917
1534	937	Pathway::PC7_6942	Respiratory electron transport	86	0	1.58938	0	1	1	1.37	0	-1.24029
1535	937	Pathway::PC7_6943	Respiratory electron transport, ATP synthesis by chemiosmotic coupling, and heat production by uncoupling proteins.	106	0	1.95901	0	1	1	1.6585	0	-1.34972
1536	937	Pathway::PC7_6947	Retinoid cycle disease events	9	0	0.166331	0	1	1	0.1775	0	-0.429248
1537	937	Pathway::PC7_6950	Retrograde neurotrophin signalling	13	0	0.240255	0	1	1	0.5305	0	-0.740623
1538	937	Pathway::PC7_6951	Reuptake of GABA	4	0	0.0739247	0	1	1	0.112	0	-0.336995
1539	937	Pathway::PC7_6952	Rev-mediated nuclear export of HIV RNA	32	0	0.591398	0	1	1	1.7955	0	-1.43038
1540	937	Pathway::PC7_6953	Reversal of Alkylation Damage By DNA Dioxygenases	2	0	0.0369624	0	1	1	0.024	0	-0.156813
1541	937	Pathway::PC7_6956	Rhesus glycoproteins mediate ammonium transport.	3	0	0.0554435	0	1	1	0.0485	0	-0.221031
1542	937	Pathway::PC7_6966	Ribosomal scanning and start codon recognition	55	0	1.01647	0	1	1	2.0725	0	-1.51223
1543	937	Pathway::PC7_6991	Role of Abl in Robo-Slit signaling	9	0	0.166331	0	1	1	0.2175	0	-0.4849
1544	937	Pathway::PC7_6996	Role of second messengers in netrin-1 signaling	10	0	0.184812	0	1	1	0.297	0	-0.553628
1545	937	Pathway::PC7_7044	S1P5 pathway	8	0	0.147849	0	1	1	0.3725	0	-0.648691
1546	937	Pathway::PC7_7048	S6K1 signalling	5	0	0.0924059	0	1	1	0.2355	0	-0.5055
1547	937	Pathway::PC7_7249	SEMA3A-Plexin repulsion signaling by inhibiting Integrin adhesion	14	0	0.258737	0	1	1	0.4005	0	-0.651327
1548	937	Pathway::PC7_7261	SHC activation	4	0	0.0739247	0	1	1	0.1835	0	-0.441397
1549	937	Pathway::PC7_7272	SIRT1 negatively regulates rRNA Expression	65	0	1.20128	0	1	1	3.647	0	-2.10056
1550	937	Pathway::PC7_7288	SLBP Dependent Processing of Replication-Dependent Histone Pre-mRNAs	11	0	0.203293	0	1	1	0.312	0	-0.574774
1551	937	Pathway::PC7_7289	SLBP independent Processing of Histone Pre-mRNAs	10	0	0.184812	0	1	1	0.2895	0	-0.556433
1552	937	Pathway::PC7_7307	SMAC binds to IAPs	5	0	0.0924059	0	1	1	0.2035	0	-0.473016
1553	937	Pathway::PC7_7371	STAT6-mediated induction of chemokines	3	0	0.0554435	0	1	1	0.105	0	-0.33893
1554	937	Pathway::PC7_7372	STING mediated induction of host immune responses	15	0	0.277218	0	1	1	0.458	0	-0.679555
1555	937	Pathway::PC7_7384	SUMO is conjugated to E1 (UBA2:SAE1)	5	0	0.0924059	0	1	1	0.0875	0	-0.293558
1556	937	Pathway::PC7_7385	SUMO is proteolytically processed	6	0	0.110887	0	1	1	0.1065	0	-0.326869
1557	937	Pathway::PC7_7386	SUMO is transferred from E1 to E2 (UBE2I, UBC9)	6	0	0.110887	0	1	1	0.125	0	-0.354441
1558	937	Pathway::PC7_7392	Scavenging by Class A Receptors	19	0	0.351142	0	1	1	0.506	0	-0.717775
1559	937	Pathway::PC7_7394	Scavenging by Class F Receptors	6	0	0.110887	0	1	1	0.193	0	-0.451468
1560	937	Pathway::PC7_7395	Scavenging by Class H Receptors	4	0	0.0739247	0	1	1	0.0975	0	-0.31469
1561	937	Pathway::PC7_7396	Scavenging of heme from plasma	12	0	0.221774	0	1	1	0.211	0	-0.474812
1562	937	Pathway::PC7_7428	Serine biosynthesis	3	0	0.0554435	0	1	1	0.0565	0	-0.238103
1563	937	Pathway::PC7_7431	Serotonin and melatonin biosynthesis	5	0	0.0924059	0	1	1	0.093	0	-0.299609
1564	937	Pathway::PC7_7432	Serotonin receptors	12	0	0.221774	0	1	1	0.272	0	-0.529363
1565	937	Pathway::PC7_7435	Signal amplification	31	0	0.572917	0	1	1	1.6295	0	-1.32509
1566	937	Pathway::PC7_7437	Signal regulatory protein (SIRP) family interactions	13	0	0.240255	0	1	1	0.443	0	-0.682143
1567	937	Pathway::PC7_7440	Signaling by Activin	13	0	0.240255	0	1	1	0.2885	0	-0.550882
1568	937	Pathway::PC7_7472	Signaling by NOTCH2	31	0	0.572917	0	1	1	1.16	0	-1.09056
1569	937	Pathway::PC7_7473	Signaling by NOTCH3	11	0	0.203293	0	1	1	0.4305	0	-0.669744
1570	937	Pathway::PC7_7474	Signaling by NOTCH4	11	0	0.203293	0	1	1	0.4205	0	-0.656967
1571	937	Pathway::PC7_7489	Signaling events mediated by HDAC Class II	38	0	0.702285	0	1	1	1.4645	0	-1.24453
1572	937	Pathway::PC7_7502	Signalling to ERK5	2	0	0.0369624	0	1	1	0.0725	0	-0.275517
1573	937	Pathway::PC7_7505	Signalling to STAT3	3	0	0.0554435	0	1	1	0.1495	0	-0.405166
1574	937	Pathway::PC7_7623	Small interfering RNA (siRNA) biogenesis	9	0	0.166331	0	1	1	0.301	0	-0.574613
1575	937	Pathway::PC7_7642	Sodium-coupled phosphate cotransporters	5	0	0.0924059	0	1	1	0.0765	0	-0.27632
1576	937	Pathway::PC7_7643	Sodium-coupled sulphate, di- and tri-carboxylate transporters	5	0	0.0924059	0	1	1	0.075	0	-0.276877
1577	937	Pathway::PC7_7644	Sodium/Calcium exchangers	9	0	0.166331	0	1	1	0.1605	0	-0.416161
1578	937	Pathway::PC7_7645	Sodium/Proton exchangers	9	0	0.166331	0	1	1	0.158	0	-0.405213
1579	937	Pathway::PC7_7646	Sperm Motility And Taxes	8	0	0.147849	0	1	1	0.0755	0	-0.27792
1580	937	Pathway::PC7_7647	Sperm:Oocyte Membrane Binding	5	0	0.0924059	0	1	1	0.036	0	-0.193247
1581	937	Pathway::PC7_7649	Sphingolipid de novo biosynthesis	32	0	0.591398	0	1	1	0.5625	0	-0.734749
1582	937	Pathway::PC7_7651	Sphingolipid metabolism	71	0	1.31216	0	1	1	1.3685	0	-1.16129
1583	937	Pathway::PC7_7652	Sphingosine 1-phosphate (S1P) pathway	21	0	0.388105	0	1	1	0.7255	0	-0.887566
1584	937	Pathway::PC7_7679	Sterols are 12-hydroxylated by CYP8B1	2	0	0.0369624	0	1	1	0.0855	0	-0.300065
1585	937	Pathway::PC7_7680	Stimulation of the cell death response by PAK-2p34	2	0	0.0369624	0	1	1	0.1205	0	-0.355366
1586	937	Pathway::PC7_7682	Striated Muscle Contraction	31	0	0.572917	0	1	1	0.504	0	-0.720748
1587	937	Pathway::PC7_7701	Sulfide oxidation to sulfate	5	0	0.0924059	0	1	1	0.1015	0	-0.319066
1588	937	Pathway::PC7_7703	Sulfur amino acid metabolism	23	0	0.425067	0	1	1	0.476	0	-0.710033
1589	937	Pathway::PC7_7707	Sumoylation by RanBP2 regulates transcriptional repression	15	0	0.277218	0	1	1	0.707	0	-0.867533
1590	937	Pathway::PC7_7717	Syndecan interactions	20	0	0.369624	0	1	1	0.851	0	-0.953955
1591	937	Pathway::PC7_7721	Syndecan-4-mediated signaling events	32	0	0.591398	0	1	1	1.1845	0	-1.10529
1592	937	Pathway::PC7_7723	Synthesis and interconversion of nucleotide di- and triphosphates	18	0	0.332661	0	1	1	0.304	0	-0.56986
1593	937	Pathway::PC7_7727	Synthesis of 12-eicosatetraenoic acid derivatives	6	0	0.110887	0	1	1	0.139	0	-0.380175
1594	937	Pathway::PC7_7729	Synthesis of 5-eicosatetraenoic acids	6	0	0.110887	0	1	1	0.144	0	-0.384494
1595	937	Pathway::PC7_7732	Synthesis of Dolichyl-phosphate	5	0	0.0924059	0	1	1	0.095	0	-0.308261
1596	937	Pathway::PC7_7733	Synthesis of GDP-mannose	5	0	0.0924059	0	1	1	0.081	0	-0.291075
1597	937	Pathway::PC7_7735	Synthesis of IP2, IP, and Ins in the cytosol	11	0	0.203293	0	1	1	0.1815	0	-0.430732
1598	937	Pathway::PC7_7738	Synthesis of IPs in the nucleus	4	0	0.0739247	0	1	1	0.056	0	-0.2328
1599	937	Pathway::PC7_7739	Synthesis of Ketone Bodies	4	0	0.0739247	0	1	1	0.0615	0	-0.247554
1600	937	Pathway::PC7_7740	Synthesis of Leukotrienes (LT) and Eoxins (EX)	21	0	0.388105	0	1	1	0.499	0	-0.70782
1601	937	Pathway::PC7_7741	Synthesis of Lipoxins (LX)	6	0	0.110887	0	1	1	0.1005	0	-0.318767
1602	937	Pathway::PC7_7742	Synthesis of PA	28	0	0.517473	0	1	1	0.6265	0	-0.791835
1603	937	Pathway::PC7_7744	Synthesis of PE	12	0	0.221774	0	1	1	0.222	0	-0.472537
1604	937	Pathway::PC7_7745	Synthesis of PG	8	0	0.147849	0	1	1	0.18	0	-0.427121
1605	937	Pathway::PC7_7746	Synthesis of PI	2	0	0.0369624	0	1	1	0.0275	0	-0.16816
1606	937	Pathway::PC7_7747	Synthesis of PIPs at the ER membrane	3	0	0.0554435	0	1	1	0.046	0	-0.212445
1607	937	Pathway::PC7_7748	Synthesis of PIPs at the Golgi membrane	18	0	0.332661	0	1	1	0.404	0	-0.647929
1608	937	Pathway::PC7_7749	Synthesis of PIPs at the early endosome membrane	13	0	0.240255	0	1	1	0.275	0	-0.536873
1609	937	Pathway::PC7_7750	Synthesis of PIPs at the late endosome membrane	10	0	0.184812	0	1	1	0.222	0	-0.48362
1610	937	Pathway::PC7_7752	Synthesis of PS	2	0	0.0369624	0	1	1	0.029	0	-0.172818
1611	937	Pathway::PC7_7754	Synthesis of UDP-N-acetyl-glucosamine	5	0	0.0924059	0	1	1	0.082	0	-0.289415
1612	937	Pathway::PC7_7755	Synthesis of bile acids and bile salts	27	0	0.498992	0	1	1	0.785	0	-0.917658
1613	937	Pathway::PC7_7756	Synthesis of bile acids and bile salts via 24-hydroxycholesterol	14	0	0.258737	0	1	1	0.346	0	-0.598437
1614	937	Pathway::PC7_7757	Synthesis of bile acids and bile salts via 27-hydroxycholesterol	15	0	0.277218	0	1	1	0.5675	0	-0.785138
1615	937	Pathway::PC7_7758	Synthesis of bile acids and bile salts via 7alpha-hydroxycholesterol	24	0	0.443548	0	1	1	0.735	0	-0.895426
1616	937	Pathway::PC7_7759	Synthesis of dolichyl-phosphate mannose	3	0	0.0554435	0	1	1	0.043	0	-0.211972
1617	937	Pathway::PC7_7762	Synthesis of glycosylphosphatidylinositol (GPI)	16	0	0.295699	0	1	1	0.2635	0	-0.533366
1618	937	Pathway::PC7_7763	Synthesis of pyrophosphates in the cytosol	10	0	0.184812	0	1	1	0.148	0	-0.380746
1619	937	Pathway::PC7_7765	Synthesis of very long-chain fatty acyl-CoAs	15	0	0.277218	0	1	1	0.2435	0	-0.499959
1620	937	Pathway::PC7_7796	TGF-beta receptor signaling activates SMADs	32	0	0.591398	0	1	1	1.173	0	-1.10003
1621	937	Pathway::PC7_7797	TGF-beta receptor signaling in EMT (epithelial to mesenchymal transition)	16	0	0.295699	0	1	1	0.6895	0	-0.867938
1622	937	Pathway::PC7_7852	TNF signaling	6	0	0.110887	0	1	1	0.285	0	-0.550757
1623	937	Pathway::PC7_8053	TRAF3-dependent IRF activation pathway	14	0	0.258737	0	1	1	0.4595	0	-0.677968
1624	937	Pathway::PC7_8056	TRAF6 mediated IRF7 activation in TLR7/8 or 9 signaling	11	0	0.203293	0	1	1	0.427	0	-0.682287
1625	937	Pathway::PC7_8059	TRAF6 mediated induction of TAK1 complex	16	0	0.295699	0	1	1	0.736	0	-0.886487
1626	937	Pathway::PC7_8064	TRIF-mediated programmed cell death	10	0	0.184812	0	1	1	0.3995	0	-0.638975
1627	937	Pathway::PC7_8065	TRKA activation by NGF	2	0	0.0369624	0	1	1	0.086	0	-0.302915
1628	937	Pathway::PC7_8066	TRP channels	25	0	0.46203	0	1	1	0.47	0	-0.715828
1629	937	Pathway::PC7_8074	TWIK related potassium channel (TREK)	3	0	0.0554435	0	1	1	0.0505	0	-0.225956
1630	937	Pathway::PC7_8075	TWIK-related alkaline pH activated K+ channel (TALK)	2	0	0.0369624	0	1	1	0.036	0	-0.190522
1631	937	Pathway::PC7_8077	TWIK-releated acid-sensitive K+ channel (TASK)	2	0	0.0369624	0	1	1	0.0315	0	-0.180346
1632	937	Pathway::PC7_8093	Tachykinin receptors bind tachykinins	5	0	0.0924059	0	1	1	0.0925	0	-0.315526
1633	937	Pathway::PC7_8130	Tandem of pore domain in a weak inwardly rectifying K+ channels (TWIK)	3	0	0.0554435	0	1	1	0.044	0	-0.212029
1634	937	Pathway::PC7_8132	Tandem pore domain potassium channels	12	0	0.221774	0	1	1	0.179	0	-0.421955
1635	937	Pathway::PC7_8138	Telomere C-strand (Lagging Strand) Synthesis	23	0	0.425067	0	1	1	1.079	0	-1.08787
1636	937	Pathway::PC7_8140	Telomere Extension By Telomerase	6	0	0.110887	0	1	1	0.1425	0	-0.386132
1637	937	Pathway::PC7_8141	Telomere Maintenance	78	0	1.44153	0	1	1	3.9135	0	-2.12239
1638	937	Pathway::PC7_8154	Terminal pathway of complement	7	0	0.129368	0	1	1	0.136	0	-0.373615
1639	937	Pathway::PC7_8208	Tetrahydrobiopterin (BH4) synthesis, recycling, salvage and regulation	12	0	0.221774	0	1	1	0.449	0	-0.693318
1640	937	Pathway::PC7_8223	The AIM2 inflammasome	3	0	0.0554435	0	1	1	0.063	0	-0.255015
1641	937	Pathway::PC7_8224	The IPAF inflammasome	2	0	0.0369624	0	1	1	0.053	0	-0.23425
1642	937	Pathway::PC7_8225	The NLRP1 inflammasome	3	0	0.0554435	0	1	1	0.115	0	-0.351935
1643	937	Pathway::PC7_8227	The activation of arylsulfatases	13	0	0.240255	0	1	1	0.2425	0	-0.499503
1644	937	Pathway::PC7_8228	The canonical retinoid cycle in rods (twilight vision)	22	0	0.406586	0	1	1	0.382	0	-0.61479
1645	937	Pathway::PC7_8231	The phototransduction cascade	33	0	0.609879	0	1	1	0.9175	0	-0.985538
1646	937	Pathway::PC7_8233	The retinoid cycle in cones (daylight vision)	6	0	0.110887	0	1	1	0.11	0	-0.346296
1647	937	Pathway::PC7_8267	Thromboxane signalling through TP receptor	23	0	0.425067	0	1	1	1.2265	0	-1.13477
1648	937	Pathway::PC7_8303	Toxicity of botulinum toxin type A (BoNT/A)	4	0	0.0739247	0	1	1	0.0895	0	-0.295894
1649	937	Pathway::PC7_8304	Toxicity of botulinum toxin type B (BoNT/B)	3	0	0.0554435	0	1	1	0.0935	0	-0.310363
1650	937	Pathway::PC7_8305	Toxicity of botulinum toxin type C (BoNT/C)	3	0	0.0554435	0	1	1	0.1035	0	-0.327644
1651	937	Pathway::PC7_8306	Toxicity of botulinum toxin type D (BoNT/D)	5	0	0.0924059	0	1	1	0.104	0	-0.32067
1652	937	Pathway::PC7_8307	Toxicity of botulinum toxin type E (BoNT/E)	3	0	0.0554435	0	1	1	0.0725	0	-0.267888
1653	937	Pathway::PC7_8309	Toxicity of botulinum toxin type G (BoNT/G)	3	0	0.0554435	0	1	1	0.091	0	-0.305515
1654	937	Pathway::PC7_8312	Trafficking of GluR2-containing AMPA receptors	16	0	0.295699	0	1	1	0.537	0	-0.770586
1655	937	Pathway::PC7_8313	Trafficking of dietary sterols	3	0	0.0554435	0	1	1	0.0575	0	-0.240433
1656	937	Pathway::PC7_8318	Transcription from mitochondrial promoters	4	0	0.0739247	0	1	1	0.0745	0	-0.272127
1657	937	Pathway::PC7_8321	Transcription-coupled NER (TC-NER)	45	0	0.831653	0	1	1	1.9655	0	-1.46325
1658	937	Pathway::PC7_8323	Transcriptional activation of mitochondrial biogenesis	45	0	0.831653	0	1	1	1.666	0	-1.34274
1659	937	Pathway::PC7_8326	Transcriptional regulation by small RNAs	101	0	1.8666	0	1	1	5.7735	0	-2.80644
1660	937	Pathway::PC7_8329	Transfer of LPS from LBP carrier to CD14	2	0	0.0369624	0	1	1	0.049	0	-0.226991
1661	937	Pathway::PC7_8330	Transferrin endocytosis and recycling	29	0	0.535954	0	1	1	0.4975	0	-0.712905
1662	937	Pathway::PC7_8332	Translation initiation complex formation	55	0	1.01647	0	1	1	2.09	0	-1.52311
1663	937	Pathway::PC7_8337	Translocation of GLUT4 to the plasma membrane	61	0	1.12735	0	1	1	1.6545	0	-1.32631
1664	937	Pathway::PC7_8342	Transport and synthesis of PAPS	6	0	0.110887	0	1	1	0.113	0	-0.341905
1665	937	Pathway::PC7_8343	Transport of Mature Transcript to Cytoplasm	54	0	0.997984	0	1	1	2.2815	0	-1.62334
1666	937	Pathway::PC7_8344	Transport of Mature mRNA Derived from an Intronless Transcript	35	0	0.646841	0	1	1	1.8915	0	-1.48212
1667	937	Pathway::PC7_8345	Transport of Mature mRNA derived from an Intron-Containing Transcript	50	0	0.924059	0	1	1	2.17	0	-1.59279
1668	937	Pathway::PC7_8346	Transport of Mature mRNAs Derived from Intronless Transcripts	36	0	0.665323	0	1	1	1.914	0	-1.48663
1669	937	Pathway::PC7_8347	Transport of Ribonucleoproteins into the Host Nucleus	29	0	0.535954	0	1	1	1.6955	0	-1.39521
1670	937	Pathway::PC7_8349	Transport of connexons to the plasma membrane	2	0	0.0369624	0	1	1	0.044	0	-0.214535
1671	937	Pathway::PC7_8350	Transport of fatty acids	8	0	0.147849	0	1	1	0.119	0	-0.352697
1672	937	Pathway::PC7_8351	Transport of gamma-carboxylated protein precursors from the endoplasmic reticulum to the Golgi apparatus	8	0	0.147849	0	1	1	0.2405	0	-0.496473
1673	937	Pathway::PC7_8353	Transport of glycerol from adipocytes to the liver by Aquaporins	2	0	0.0369624	0	1	1	0.0355	0	-0.191851
1674	937	Pathway::PC7_8355	Transport of nucleosides and free purine and pyrimidine bases across the plasma membrane	7	0	0.129368	0	1	1	0.126	0	-0.366608
1675	937	Pathway::PC7_8356	Transport of nucleotide sugars	9	0	0.166331	0	1	1	0.175	0	-0.41552
1676	937	Pathway::PC7_8357	Transport of organic anions	11	0	0.203293	0	1	1	0.227	0	-0.482356
1677	937	Pathway::PC7_8358	Transport of the SLBP Dependant Mature mRNA	33	0	0.609879	0	1	1	1.825	0	-1.45633
1678	937	Pathway::PC7_8359	Transport of the SLBP independent Mature mRNA	32	0	0.591398	0	1	1	1.8025	0	-1.45132
1679	937	Pathway::PC7_8360	Transport of vitamins, nucleosides, and related molecules	38	0	0.702285	0	1	1	0.703	0	-0.849525
1680	937	Pathway::PC7_8361	Transport to the Golgi and subsequent modification	36	0	0.665323	0	1	1	0.8235	0	-0.941313
1681	937	Pathway::PC7_8424	Triglyceride Biosynthesis	40	0	0.739247	0	1	1	0.766	0	-0.885538
1682	937	Pathway::PC7_8429	Tristetraprolin (TTP) destabilizes mRNA	17	0	0.31418	0	1	1	0.556	0	-0.758827
1683	937	Pathway::PC7_8444	Type I hemidesmosome assembly	9	0	0.166331	0	1	1	0.2545	0	-0.523072
1684	937	Pathway::PC7_8445	Type II Na+/Pi cotransporters	3	0	0.0554435	0	1	1	0.0415	0	-0.203037
1685	937	Pathway::PC7_8609	U12 Dependent Splicing	42	0	0.77621	0	1	1	1.2175	0	-1.1427
1686	937	Pathway::PC7_8621	Ubiquinol biosynthesis	7	0	0.129368	0	1	1	0.0855	0	-0.303831
1687	937	Pathway::PC7_8629	Unblocking of NMDA receptor, glutamate binding and activation	17	0	0.31418	0	1	1	0.488	0	-0.706686
1688	937	Pathway::PC7_8632	Unwinding of DNA	11	0	0.203293	0	1	1	0.405	0	-0.637993
1689	937	Pathway::PC7_8633	Uptake and actions of bacterial toxins	23	0	0.425067	0	1	1	0.885	0	-0.968631
1690	937	Pathway::PC7_8634	Uptake and function of anthrax toxins	13	0	0.240255	0	1	1	0.627	0	-0.819156
1691	937	Pathway::PC7_8635	Urea cycle	9	0	0.166331	0	1	1	0.1385	0	-0.380751
1692	937	Pathway::PC7_8639	Urokinase-type plasminogen activator (uPA) and uPAR-mediated signaling	42	0	0.77621	0	1	1	1.5165	0	-1.26873
1693	937	Pathway::PC7_8701	Vasopressin regulates renal water homeostasis via Aquaporins	43	0	0.794691	0	1	1	2.1295	0	-1.52079
1694	937	Pathway::PC7_8703	Vasopressin-like receptors	6	0	0.110887	0	1	1	0.154	0	-0.392067
1695	937	Pathway::PC7_8710	Viral Messenger RNA Synthesis	41	0	0.757728	0	1	1	2.2865	0	-1.59914
1696	937	Pathway::PC7_8711	Viral RNP Complexes in the Host Cell Nucleus	2	0	0.0369624	0	1	1	0.077	0	-0.286821
1697	937	Pathway::PC7_8715	Visual signal transduction: Cones	23	0	0.425067	0	1	1	0.434	0	-0.677262
1698	937	Pathway::PC7_8716	Visual signal transduction: Rods	24	0	0.443548	0	1	1	0.552	0	-0.755176
1699	937	Pathway::PC7_8720	Vitamin B1 (thiamin) metabolism	4	0	0.0739247	0	1	1	0.0595	0	-0.240988
1700	937	Pathway::PC7_8721	Vitamin B2 (riboflavin) metabolism	5	0	0.0924059	0	1	1	0.0745	0	-0.27396
1701	937	Pathway::PC7_8722	Vitamin B5 (pantothenate) metabolism	12	0	0.221774	0	1	1	0.219	0	-0.474476
1702	937	Pathway::PC7_8726	Vitamin D (calciferol) metabolism	7	0	0.129368	0	1	1	0.1405	0	-0.373164
1703	937	Pathway::PC7_8761	Vitamins	6	0	0.110887	0	1	1	0.121	0	-0.356254
1704	937	Pathway::PC7_8762	Vitamins B6 activation to pyridoxal phosphate	3	0	0.0554435	0	1	1	0.048	0	-0.219786
1705	937	Pathway::PC7_8763	Voltage gated Potassium channels	43	0	0.794691	0	1	1	0.577	0	-0.77727
1706	937	Pathway::PC7_8764	Vpr-mediated induction of apoptosis by mitochondrial outer membrane permeabilization	3	0	0.0554435	0	1	1	0.089	0	-0.299884
1707	937	Pathway::PC7_8765	Vpr-mediated nuclear import of PICs	31	0	0.572917	0	1	1	1.7435	0	-1.41152
1708	937	Pathway::PC7_8771	WNT ligand biogenesis and trafficking	26	0	0.480511	0	1	1	0.6675	0	-0.832463
1709	937	Pathway::PC7_8773	WNT mediated activation of DVL	8	0	0.147849	0	1	1	0.3025	0	-0.553215
1710	937	Pathway::PC7_8775	WNT5A-dependent internalization of FZD2, FZD5 and ROR2	13	0	0.240255	0	1	1	0.4845	0	-0.730611
1711	937	Pathway::PC7_8776	WNT5A-dependent internalization of FZD4	15	0	0.277218	0	1	1	0.665	0	-0.858672
1712	937	Pathway::PC7_8783	Wnt signaling network	28	0	0.517473	0	1	1	0.774	0	-0.889641
1713	937	Pathway::PC7_8798	YAP1- and WWTR1 (TAZ)-stimulated gene expression	29	0	0.535954	0	1	1	0.99	0	-1.00524
1714	937	Pathway::PC7_8833	Zinc efflux and compartmentalization by the SLC30 family	7	0	0.129368	0	1	1	0.1365	0	-0.371688
1715	937	Pathway::PC7_8834	Zinc influx into cells by the SLC39 gene family	10	0	0.184812	0	1	1	0.169	0	-0.413008
1716	937	Pathway::PC7_8856	Zinc transporters	17	0	0.31418	0	1	1	0.3055	0	-0.55302
1717	937	Pathway::PC7_966	A third proteolytic cleavage releases NICD	9	0	0.166331	0	1	1	0.3615	0	-0.605181
1718	937	Pathway::PC7_968	ABCA transporters in lipid homeostasis	17	0	0.31418	0	1	1	0.2855	0	-0.54345
1719	937	Pathway::PC7_983	ADP signalling through P2Y purinoceptor 1	25	0	0.46203	0	1	1	1.356	0	-1.20598
1720	937	Pathway::PC7_984	ADP signalling through P2Y purinoceptor 12	21	0	0.388105	0	1	1	1.1785	0	-1.12079
1721	937	Pathway::WP106_r74147	Alanine and aspartate metabolism	12	0	0.221774	0	1	1	0.2215	0	-0.48285
1722	937	Pathway::WP111_r82216	Electron Transport Chain	103	0	1.90356	0	1	1	1.56	0	-1.29622
1723	937	Pathway::WP117_r82985	GPCRs, Other	91	0	1.68179	0	1	1	1.663	0	-1.33514
1724	937	Pathway::WP129_r72054	Matrix Metalloproteinases	30	0	0.554435	0	1	1	0.576	0	-0.779358
1725	937	Pathway::WP12_r81176	Osteoclast Signaling	16	0	0.295699	0	1	1	0.48	0	-0.698223
1726	937	Pathway::WP134_r82700	Pentose Phosphate Pathway	7	0	0.129368	0	1	1	0.109	0	-0.329971
1727	937	Pathway::WP136_r80005	Phase I biotransformations, non P450	8	0	0.147849	0	1	1	0.083	0	-0.286188
1728	937	Pathway::WP1422_r79871	Sphingolipid Metabolism	20	0	0.369624	0	1	1	0.351	0	-0.601254
1729	937	Pathway::WP1425_r74390	BMP Signalling and Regulation	12	0	0.221774	0	1	1	0.301	0	-0.562446
1730	937	Pathway::WP143_r79783	Fatty Acid Beta Oxidation	34	0	0.62836	0	1	1	0.6895	0	-0.851241
1731	937	Pathway::WP1455_r68965	Serotonin Transporter Activity	11	0	0.203293	0	1	1	0.374	0	-0.619793
1732	937	Pathway::WP1531_r82221	Vitamin D Metabolism	10	0	0.184812	0	1	1	0.2575	0	-0.507747
1733	937	Pathway::WP1559_r84698	TFs Regulate miRNAs related to cardiac hypertrophy	8	0	0.147849	0	1	1	0.3925	0	-0.657422
1734	937	Pathway::WP1600_r70113	Nicotine Metabolism	6	0	0.110887	0	1	1	0.1565	0	-0.401404
1735	937	Pathway::WP1602_r78486	Nicotine Activity on Dopaminergic Neurons	21	0	0.388105	0	1	1	0.6745	0	-0.833702
1736	937	Pathway::WP1603_r78574	Nicotine Activity on Chromaffin Cells	4	0	0.0739247	0	1	1	0.0655	0	-0.250795
1737	937	Pathway::WP170_r71083	Nuclear Receptors	38	0	0.702285	0	1	1	0.824	0	-0.914977
1738	937	Pathway::WP1941_r73548	Peroxisomal beta-oxidation of tetracosanoyl-CoA	4	0	0.0739247	0	1	1	0.0845	0	-0.298083
1739	937	Pathway::WP197_r81059	Cholesterol Biosynthesis	15	0	0.277218	0	1	1	0.3105	0	-0.568706
1740	937	Pathway::WP1991_r82940	SRF and miRs in Smooth Muscle Differentiation and Proliferation	11	0	0.203293	0	1	1	0.353	0	-0.597199
1741	937	Pathway::WP1992_r78296	TarBasePathway	13	0	0.240255	0	1	1	0.269	0	-0.533077
1742	937	Pathway::WP1995_r69910	Effects of Nitric Oxide	8	0	0.147849	0	1	1	0.198	0	-0.460595
1743	937	Pathway::WP2007_r69751	Iron metabolism in placenta	12	0	0.221774	0	1	1	0.166	0	-0.411866
1744	937	Pathway::WP2012_r82900	miRs in Muscle Cell Differentiation	29	0	0.535954	0	1	1	1.199	0	-1.14299
1745	937	Pathway::WP2029_r82903	Cell Differentiation - Index	13	0	0.240255	0	1	1	0.351	0	-0.606618
1746	937	Pathway::WP2113_r70107	Type III interferon signaling	10	0	0.184812	0	1	1	0.2605	0	-0.527757
1747	937	Pathway::WP2253_r74520	Pilocytic astrocytoma	4	0	0.0739247	0	1	1	0.212	0	-0.477574
1748	937	Pathway::WP2267_r78595	Synaptic Vesicle Pathway	50	0	0.924059	0	1	1	1.187	0	-1.1302
1749	937	Pathway::WP2276_r63194	Glial Cell Differentiation	7	0	0.129368	0	1	1	0.0965	0	-0.317827
1750	937	Pathway::WP2291_r68922	Deregulation of Rab and Rab Effector Genes in Bladder Cancer	16	0	0.295699	0	1	1	0.1385	0	-0.389688
1751	937	Pathway::WP2333_r72015	Trans-sulfuration pathway	10	0	0.184812	0	1	1	0.2195	0	-0.482075
1752	937	Pathway::WP2338_r78504	miRNA Biogenesis	6	0	0.110887	0	1	1	0.13	0	-0.370522
1753	937	Pathway::WP2366_r73980	Butyrate-induced histone acetylation	2	0	0.0369624	0	1	1	0.077	0	-0.284851
1754	937	Pathway::WP237_r78497	Glucocorticoid & Mineralcorticoid Metabolism	8	0	0.147849	0	1	1	0.1815	0	-0.443399
1755	937	Pathway::WP241_r83818	One Carbon Metabolism	28	0	0.517473	0	1	1	0.4795	0	-0.70501
1756	937	Pathway::WP2436_r71387	Dopamine metabolism	13	0	0.240255	0	1	1	0.5055	0	-0.728134
1757	937	Pathway::WP247_r74422	Small Ligand GPCRs	19	0	0.351142	0	1	1	0.441	0	-0.680868
1758	937	Pathway::WP2485_r70025	NAD Biosynthesis II (from tryptophan)	8	0	0.147849	0	1	1	0.132	0	-0.361168
1759	937	Pathway::WP2491_r73891	Diclofenac Metabolic Pathway	4	0	0.0739247	0	1	1	0.106	0	-0.332284
1760	937	Pathway::WP24_r79999	Peptide GPCRs	73	0	1.34913	0	1	1	1.665	0	-1.31107
1761	937	Pathway::WP2525_r80205	Trans-sulfuration and one carbon metabolism	31	0	0.572917	0	1	1	0.571	0	-0.773489
1762	937	Pathway::WP2533_r84117	Glycerophospholipid Biosynthetic Pathway	21	0	0.388105	0	1	1	0.39	0	-0.646508
1763	937	Pathway::WP2542_r70621	Sulindac Metabolic Pathway	5	0	0.0924059	0	1	1	0.1015	0	-0.322266
1764	937	Pathway::WP2596_r72724	Gastric acid production	7	0	0.129368	0	1	1	0.1215	0	-0.358693
1765	937	Pathway::WP2597_r78485	Secretion of Hydrochloric Acid in Parietal Cells	5	0	0.0924059	0	1	1	0.096	0	-0.318615
1766	937	Pathway::WP2646_r74430	Lidocaine metabolism	2	0	0.0369624	0	1	1	0.0835	0	-0.290661
1767	937	Pathway::WP268_r70096	Notch Signaling Pathway	45	0	0.831653	0	1	1	1.417	0	-1.21368
1768	937	Pathway::WP272_r84876	Blood Clotting Cascade	22	0	0.406586	0	1	1	0.604	0	-0.790246
1769	937	Pathway::WP2805_r81654	RNA interference	5	0	0.0924059	0	1	1	0.077	0	-0.281031
1770	937	Pathway::WP2816_r76465	Felbamate Metabolism	2	0	0.0369624	0	1	1	0.0755	0	-0.281764
1771	937	Pathway::WP2849_r84764	Hematopoietic Stem Cell Differentiation	40	0	0.739247	0	1	1	1.0155	0	-1.0283
1772	937	Pathway::WP2854_r79970	Gene regulatory network modelling somitogenesis 	11	0	0.203293	0	1	1	0.3065	0	-0.56861
1773	937	Pathway::WP2874_r82709	Liver X Receptor Pathway	10	0	0.184812	0	1	1	0.3325	0	-0.598208
1774	937	Pathway::WP2879_r79602	Farnesoid X Receptor  Pathway	19	0	0.351142	0	1	1	0.572	0	-0.762453
1775	937	Pathway::WP2889_r79753	Oxytocin signaling	4	0	0.0739247	0	1	1	0.0915	0	-0.309987
1776	937	Pathway::WP2911_r83020	miRNA targets in ECM and membrane receptors	22	0	0.406586	0	1	1	0.6995	0	-0.849393
1777	937	Pathway::WP2916_r79908	Interactome of polycomb repressive complex 2 (PRC2) 	16	0	0.295699	0	1	1	0.293	0	-0.548694
1778	937	Pathway::WP2942_r84388	DDX1 as a regulatory component of the Drosha microprocessor	7	0	0.129368	0	1	1	0.257	0	-0.515082
1779	937	Pathway::WP2943_r83778	Hypoxia-mediated EMT and Stemness	2	0	0.0369624	0	1	1	0.038	0	-0.198749
1780	937	Pathway::WP311_r68921	Synthesis and Degradation of Ketone Bodies	5	0	0.0924059	0	1	1	0.0785	0	-0.280469
1781	937	Pathway::WP322_r79496	Osteoblast Signaling	14	0	0.258737	0	1	1	0.473	0	-0.706465
1782	937	Pathway::WP325_r71223	Triacylglyceride Synthesis	24	0	0.443548	0	1	1	0.363	0	-0.597389
1783	937	Pathway::WP3297_r83780	EV release from cardiac cells and their functional effects	7	0	0.129368	0	1	1	0.2065	0	-0.464241
1784	937	Pathway::WP3302_r81679	eIF5A regulation in response to inhibition of the nuclear export system	4	0	0.0739247	0	1	1	0.113	0	-0.35001
1785	937	Pathway::WP334_r79716	GPCRs, Class B Secretin-like	23	0	0.425067	0	1	1	0.366	0	-0.604118
1786	937	Pathway::WP3407_r81707	FTO Obesity Variant Mechanism	8	0	0.147849	0	1	1	0.1225	0	-0.354375
1787	937	Pathway::WP3408_r81714	Evolocumab Mechanism	2	0	0.0369624	0	1	1	0.0505	0	-0.230621
1788	937	Pathway::WP3529_r84285	Zinc homeostasis	36	0	0.665323	0	1	1	0.4845	0	-0.702425
1789	937	Pathway::WP357_r70641	Fatty Acid Biosynthesis	22	0	0.406586	0	1	1	0.3915	0	-0.627523
1790	937	Pathway::WP3584_r84776	Mecp2 and Associated Rett Syndrome	48	0	0.887097	0	1	1	1.217	0	-1.13097
1791	937	Pathway::WP3595_r84854	mir-124 predicted interactions with cell cycle and differentiation 	6	0	0.110887	0	1	1	0.1505	0	-0.390088
1792	937	Pathway::WP3596_r84855	miR-517 relationship with ARCN1 and USP1	5	0	0.0924059	0	1	1	0.1135	0	-0.339726
1793	937	Pathway::WP3599_r84770	Transcription factor regulation in adipogenesis	22	0	0.406586	0	1	1	0.902	0	-0.994036
1794	937	Pathway::WP3601_r84331	Composition of Lipid Particles	9	0	0.166331	0	1	1	0.321	0	-0.573801
1795	937	Pathway::WP368_r79271	Mitochondrial LC-Fatty Acid Beta-Oxidation	17	0	0.31418	0	1	1	0.385	0	-0.643659
1796	937	Pathway::WP383_r80200	Striated Muscle Contraction	38	0	0.702285	0	1	1	0.6355	0	-0.811258
1797	937	Pathway::WP391_r71373	Mitochondrial Gene Expression	19	0	0.351142	0	1	1	0.527	0	-0.754962
1798	937	Pathway::WP404_r68960	Nucleotide Metabolism	19	0	0.351142	0	1	1	0.3625	0	-0.604929
1799	937	Pathway::WP405_r73594	Eukaryotic Transcription Initiation	43	0	0.794691	0	1	1	1.5915	0	-1.30092
1800	937	Pathway::WP411_r79980	mRNA Processing	125	0	2.31015	0	1	1	2.1045	0	-1.46076
1801	937	Pathway::WP438_r80022	Non-homologous end joining	7	0	0.129368	0	1	1	0.246	0	-0.505865
1802	937	Pathway::WP455_r81793	GPCRs, Class A Rhodopsin-like	257	0	4.74966	0	1	1	5.128	0	-2.3155
1803	937	Pathway::WP466_r79981	DNA Replication	42	0	0.77621	0	1	1	1.869	0	-1.43819
1804	937	Pathway::WP47_r78542	Hedgehog Signaling Pathway	16	0	0.295699	0	1	1	0.34	0	-0.592403
1805	937	Pathway::WP496_r69016	Steroid Biosynthesis	10	0	0.184812	0	1	1	0.1725	0	-0.423712
1806	937	Pathway::WP500_r63201	Glycogen Metabolism	36	0	0.665323	0	1	1	1.08	0	-1.08238
1807	937	Pathway::WP501_r79715	GPCRs, Class C Metabotropic glutamate, pheromone	15	0	0.277218	0	1	1	0.2545	0	-0.502284
1808	937	Pathway::WP521_r63156	Amino acid conjugation of benzoic acid	4	0	0.0739247	0	1	1	0.057	0	-0.23927
1809	937	Pathway::WP531_r69021	Mismatch repair	9	0	0.166331	0	1	1	0.327	0	-0.584422
1810	937	Pathway::WP545_r82142	Complement Activation	22	0	0.406586	0	1	1	0.4305	0	-0.664142
1811	937	Pathway::WP554_r84372	ACE Inhibitor Pathway	17	0	0.31418	0	1	1	0.457	0	-0.6865
1812	937	Pathway::WP558_r79680	Complement and Coagulation Cascades	59	0	1.09039	0	1	1	1.381	0	-1.1847
1813	937	Pathway::WP58_r80015	Monoamine GPCRs	33	0	0.609879	0	1	1	0.896	0	-0.987551
1814	937	Pathway::WP623_r79961	Oxidative phosphorylation	60	0	1.10887	0	1	1	0.9065	0	-0.988627
1815	937	Pathway::WP688_r84769	Catalytic cycle of mammalian Flavin-containing MonoOxygenases (FMOs)	5	0	0.0924059	0	1	1	0.07	0	-0.272268
1816	937	Pathway::WP690_r72132	Polyol Pathway	4	0	0.0739247	0	1	1	0.0635	0	-0.252056
1817	937	Pathway::WP692_r69031	Sulfation Biotransformation Reaction	16	0	0.295699	0	1	1	0.261	0	-0.511
1818	937	Pathway::WP694_r67062	Arylamine metabolism	6	0	0.110887	0	1	1	0.1635	0	-0.404021
1819	937	Pathway::WP698_r79224	Glucuronidation	25	0	0.46203	0	1	1	0.436	0	-0.652929
1820	937	Pathway::WP704_r79563	Methylation Pathways	9	0	0.166331	0	1	1	0.128	0	-0.352822
1821	937	Pathway::WP733_r74441	Serotonin Receptor 2 and STAT3 Signaling	4	0	0.0739247	0	1	1	0.195	0	-0.438258
1822	937	Pathway::WP80_r68938	Nucleotide GPCRs	11	0	0.203293	0	1	1	0.28	0	-0.527645
